time,aceptados,rechazados_lleno,rechazados_tasa,ocupacion_buffer
2,1,0,0,1
52,36,0,0,8
102,71,0,0,14
152,98,0,0,1
205,112,0,0,1
255,148,0,0,9
306,150,0,28,0
356,150,0,53,0
406,150,0,87,0
456,150,0,116,0
509,150,0,141,0
560,150,0,170,0
610,150,0,256,0
669,150,0,281,0
719,150,0,302,0
769,150,0,320,0
820,150,0,344,0
871,150,0,372,0
921,150,0,401,0
974,150,0,432,0
1025,162,0,461,1
1081,184,0,461,1
1133,210,0,461,1
1185,235,0,461,1
1235,259,0,461,3
1285,286,0,461,1
1335,300,0,475,0
1385,300,0,510,0
1435,300,0,537,0
1487,300,0,567,0
1538,300,0,604,0
1589,300,0,627,0
1639,300,0,650,0
1690,300,0,685,0
1740,300,0,714,0
1791,300,0,746,0
1842,300,0,771,0
1892,300,0,805,0
1946,300,0,839,0
1999,300,0,877,0
2050,316,0,888,1
2100,345,0,888,6
2150,366,0,898,1
2201,387,0,903,1
2251,415,0,903,8
2301,444,0,907,3
2352,450,0,924,0
2402,450,0,957,0
2452,450,0,985,0
2502,450,0,1010,0
2554,450,0,1038,0
2605,450,0,1066,0
2657,450,0,1110,0
2707,450,0,1137,0
2757,450,0,1173,0
2807,450,0,1194,0
2857,450,0,1225,0
2908,450,0,1258,0
2959,450,0,1293,0
3009,454,0,1323,1
3070,470,0,1327,1
3120,495,0,1327,4
3177,525,0,1333,1
3229,545,0,1338,1
3284,571,0,1338,1
3335,597,0,1338,2
3386,600,0,1358,0
3442,600,0,1387,0
3493,600,0,1416,0
3543,600,0,1436,0
3594,600,0,1465,0
3644,600,0,1498,0
3694,600,0,1522,0
3744,600,0,1557,0
3795,600,0,1593,0
3845,600,0,1623,0
3895,600,0,1657,0
3947,600,0,1686,0
3998,600,0,1716,0
4049,614,0,1730,0
4104,632,0,1744,1
4155,663,0,1747,4
4205,688,0,1747,4
4257,702,0,1756,1
4307,719,0,1756,3
4357,744,0,1756,1
4407,750,0,1764,0
4459,750,0,1787,0
4512,750,0,1809,0
4563,750,0,1837,0
4617,750,0,1872,0
4667,750,0,1904,0
4717,750,0,1937,0
4771,750,0,1963,0
4821,750,0,1986,0
4873,750,0,2022,0
4924,750,0,2048,0
4975,750,0,2077,0
5026,756,0,2093,1
5076,772,0,2101,1
5130,793,0,2152,1
5180,818,0,2152,8
5230,844,0,2156,1
5280,857,0,2166,1
5330,881,0,2169,1
5380,900,0,2181,0
5432,900,0,2219,0
5483,900,0,2242,0
5534,900,0,2264,0
5586,900,0,2286,0
5636,900,0,2327,0
5686,900,0,2355,0
5738,900,0,2380,0
5789,900,0,2399,0
5839,900,0,2425,0
5891,900,0,2450,0
5941,900,0,2476,0
5991,900,0,2507,0
6044,910,0,2534,1
6094,925,0,2544,1
6144,945,0,2550,2
6195,964,0,2554,3
6247,995,0,2554,1
6297,1013,0,2574,2
6347,1039,0,2582,1
6397,1050,0,2596,0
6448,1050,0,2634,0
6498,1050,0,2663,0
6548,1050,0,2695,0
6600,1050,0,2731,0
6651,1050,0,2760,0
6701,1050,0,2789,0
6751,1050,0,2812,0
6802,1050,0,2842,0
6852,1050,0,2901,0
6902,1050,0,2950,0
6952,1050,0,2988,0
7002,1050,0,3009,0
7052,1062,0,3025,2
7106,1076,0,3043,1
7158,1098,0,3047,2
7208,1117,0,3049,1
7258,1149,0,3052,6
7308,1164,0,3068,1
7359,1189,0,3068,2
7411,1200,0,3091,0
7462,1200,0,3118,0
7513,1200,0,3152,0
7565,1200,0,3178,0
7615,1200,0,3201,0
7670,1200,0,3275,0
7720,1200,0,3308,0
7770,1200,0,3337,0
7820,1200,0,3369,0
7873,1200,0,3402,0
7926,1200,0,3430,0
7976,1200,0,3451,0
8026,1205,0,3477,0
8076,1218,0,3494,1
8126,1231,0,3511,1
8176,1254,0,3521,3
8226,1277,0,3528,5
8279,1305,0,3534,1
8331,1320,0,3548,0
8382,1350,0,3550,6
8432,1350,0,3576,0
8483,1350,0,3606,0
8534,1350,0,3642,0
8587,1350,0,3666,0
8637,1350,0,3702,0
8687,1350,0,3718,0
8737,1350,0,3747,0
8793,1350,0,3788,0
8847,1350,0,3815,0
8897,1350,0,3852,0
8948,1350,0,3889,0
9000,1350,0,3920,0
9050,1360,0,3936,1
9101,1375,0,3944,0
9153,1392,0,3961,1
9204,1413,0,3967,1
9254,1435,0,3968,5
9304,1462,0,3973,2
9357,1484,0,3979,1
9407,1500,0,3992,0
9458,1500,0,4019,0
9509,1500,0,4046,0
9560,1500,0,4074,0
9611,1500,0,4102,0
9663,1500,0,4127,0
9713,1500,0,4148,0
9765,1500,0,4177,0
9818,1500,0,4202,0
9868,1500,0,4241,0
9918,1500,0,4270,0
9970,1500,0,4295,0
10025,1505,0,4324,1
10078,1515,0,4357,0
10130,1531,0,4372,1
10180,1553,0,4382,1
10232,1568,0,4382,1
10282,1598,0,4382,4
10332,1620,0,4396,1
10383,1642,0,4400,1
10433,1650,0,4421,0
10486,1650,0,4457,0
10536,1650,0,4483,0
10586,1650,0,4506,0
10637,1650,0,4542,0
10687,1650,0,4567,0
10737,1650,0,4596,0
10787,1650,0,4621,0
10840,1650,0,4662,0
10892,1650,0,4689,0
10942,1650,0,4710,0
10992,1650,0,4784,0
11042,1658,0,4798,0
11092,1668,0,4815,1
11143,1686,0,4822,1
11196,1708,0,4827,2
11251,1722,0,4838,1
11302,1756,0,4840,2
11353,1777,0,4843,2
11404,1799,0,4853,1
11454,1800,0,4880,0
11505,1800,0,4895,0
11555,1800,0,4922,0
11605,1800,0,4948,0
11655,1800,0,4978,0
11708,1800,0,5012,0
11758,1800,0,5048,0
11808,1800,0,5082,0
11858,1800,0,5119,0
11912,1800,0,5145,0
11962,1800,0,5172,0
12021,1801,0,5195,1
12074,1815,0,5204,0
12126,1829,0,5216,0
12178,1850,0,5225,1
12228,1864,0,5237,0
12279,1888,0,5241,2
12331,1912,0,5241,2
12381,1941,0,5247,2
12434,1950,0,5264,0
12486,1950,0,5295,0
12536,1950,0,5324,0
12593,1950,0,5346,0
12644,1950,0,5380,0
12694,1950,0,5405,0
12746,1950,0,5435,0
12798,1950,0,5468,0
12849,1950,0,5499,0
12901,1950,0,5536,0
12953,1950,0,5559,0
13003,1950,0,5592,0
13053,1959,0,5616,0
13103,1972,0,5643,2
13153,1989,0,5656,2
13206,2009,0,5664,1
13256,2025,0,5693,3
13306,2048,0,5693,3
13356,2074,0,5695,2
13409,2099,0,5696,1
13459,2100,0,5724,0
13510,2100,0,5747,0
13560,2100,0,5773,0
13610,2100,0,5803,0
13663,2100,0,5836,0
13714,2100,0,5867,0
13766,2100,0,5897,0
13818,2100,0,5923,0
13868,2100,0,5951,0
13921,2100,0,5981,0
13972,2100,0,6007,0
14024,2101,0,6033,1
14074,2115,0,6046,1
14125,2128,0,6059,1
14180,2145,0,6068,1
14230,2164,0,6086,0
14280,2186,0,6096,0
14331,2209,0,6106,1
14384,2227,0,6107,1
14437,2250,0,6118,0
14487,2250,0,6144,0
14537,2250,0,6180,0
14588,2250,0,6213,0
14640,2250,0,6236,0
14692,2250,0,6268,0
14743,2250,0,6287,0
14794,2250,0,6311,0
14845,2250,0,6345,0
14898,2250,0,6377,0
14948,2250,0,6402,0
14998,2250,0,6438,0
15049,2259,0,6453,1
15099,2270,0,6479,1
15159,2284,0,6489,1
15209,2308,0,6489,5
15264,2324,0,6495,1
15317,2348,0,6509,1
15367,2370,0,6512,2
15418,2393,0,6522,3
15477,2400,0,6547,0
15529,2400,0,6568,0
15579,2400,0,6599,0
15629,2400,0,6621,0
15682,2400,0,6658,0
15737,2400,0,6696,0
15789,2400,0,6717,0
15839,2400,0,6741,0
15894,2400,0,6769,0
15944,2400,0,6808,0
15995,2400,0,6838,0
16046,2406,0,6866,1
16096,2418,0,6884,1
16146,2432,0,6896,2
16196,2444,0,6907,2
16247,2468,0,6911,1
16298,2490,0,6918,0
16348,2512,0,6928,1
16399,2531,0,6941,1
16451,2550,0,6957,0
16501,2550,0,6997,0
16551,2550,0,7027,0
16601,2550,0,7059,0
16652,2550,0,7090,0
16702,2550,0,7119,0
16756,2550,0,7140,0
16807,2550,0,7164,0
16857,2550,0,7187,0
16907,2550,0,7218,0
16963,2550,0,7244,0
17013,2550,0,7280,0
17063,2560,0,7297,1
17113,2572,0,7317,1
17164,2585,0,7330,1
17214,2601,0,7350,1
17271,2624,0,7366,1
17321,2647,0,7371,0
17372,2668,0,7429,1
17424,2691,0,7432,2
17480,2700,0,7457,0
17530,2700,0,7493,0
17584,2700,0,7529,0
17634,2700,0,7553,0
17684,2700,0,7586,0
17734,2700,0,7616,0
17784,2700,0,7645,0
17834,2700,0,7666,0
17886,2700,0,7694,0
17937,2700,0,7726,0
17987,2700,0,7756,0
18038,2702,0,7779,1
18088,2716,0,7794,2
18139,2730,0,7802,3
18189,2740,0,7817,0
18239,2755,0,7821,1
18292,2785,0,7823,2
18342,2803,0,7833,1
18392,2825,0,7833,4
18442,2845,0,7843,1
18492,2850,0,7868,0
18549,2850,0,7910,0
18602,2850,0,7931,0
18652,2850,0,7963,0
18703,2850,0,7984,0
18753,2850,0,8016,0
18807,2850,0,8049,0
18858,2850,0,8083,0
18908,2850,0,8114,0
18959,2850,0,8140,0
19010,2850,0,8168,0
19060,2858,0,8190,2
19110,2870,0,8205,0
19162,2884,0,8214,1
19212,2895,0,8228,2
19263,2915,0,8235,2
19314,2939,0,8239,2
19366,2960,0,8246,2
19418,2981,0,8246,1
19469,3000,0,8247,0
19519,3000,0,8267,0
19569,3000,0,8296,0
19622,3000,0,8332,0
19673,3000,0,8358,0
19726,3000,0,8379,0
19776,3000,0,8401,0
19826,3000,0,8434,0
19876,3000,0,8460,0
19929,3000,0,8493,0
19979,3000,0,8526,0
20032,3000,0,8555,0
20084,3013,0,8567,0
20136,3026,0,8588,1
20187,3039,0,8599,0
20237,3052,0,8615,1
20289,3075,0,8667,2
20340,3099,0,8669,1
20390,3114,0,8673,1
20444,3138,0,8679,1
20495,3150,0,8698,0
20545,3150,0,8716,0
20595,3150,0,8744,0
20647,3150,0,8776,0
20698,3150,0,8801,0
20748,3150,0,8834,0
20798,3150,0,8865,0
20850,3150,0,8896,0
20901,3150,0,8922,0
20952,3150,0,8953,0
21004,3150,0,8987,0
21057,3154,0,9013,1
21108,3170,0,9025,1
21158,3182,0,9043,1
21208,3193,0,9064,1
21260,3209,0,9079,1
21312,3232,0,9081,2
21364,3256,0,9094,1
21418,3274,0,9100,1
21470,3295,0,9101,1
21522,3300,0,9127,0
21573,3300,0,9154,0
21623,3300,0,9186,0
21675,3300,0,9217,0
21726,3300,0,9248,0
21778,3300,0,9282,0
21831,3300,0,9307,0
21882,3300,0,9338,0
21935,3300,0,9368,0
21985,3300,0,9401,0
22035,3300,0,9425,0
22088,3312,0,9438,1
22139,3326,0,9456,1
22191,3337,0,9469,1
22242,3351,0,9479,1
22292,3368,0,9487,2
22344,3399,0,9487,7
22398,3413,0,9504,1
22449,3434,0,9522,1
22499,3450,0,9528,0
22558,3450,0,9559,0
22608,3450,0,9593,0
22658,3450,0,9617,0
22709,3450,0,9646,0
22761,3450,0,9668,0
22811,3450,0,9686,0
22861,3450,0,9715,0
22911,3450,0,9739,0
22961,3450,0,9764,0
23011,3450,0,9790,0
23062,3455,0,9808,1
23112,3470,0,9818,3
23162,3483,0,9829,0
23213,3494,0,9844,1
23266,3510,0,9857,1
23317,3528,0,9860,1
23371,3555,0,9860,1
23421,3570,0,9869,2
23473,3594,0,9869,4
23525,3600,0,9891,0
23575,3600,0,9932,0
23626,3600,0,9980,0
23676,3600,0,9999,0
23727,3600,0,10021,0
23779,3600,0,10051,0
23833,3600,0,10075,0
23888,3600,0,10112,0
23942,3600,0,10137,0
23994,3600,0,10161,0
24045,3601,0,10182,0
24095,3614,0,10194,2
24147,3627,0,10204,1
24197,3638,0,10223,2
24247,3650,0,10235,1
24308,3666,0,10243,1
24358,3694,0,10244,1
24409,3714,0,10251,1
24463,3734,0,10268,1
24514,3750,0,10282,0
24566,3750,0,10305,0
24617,3750,0,10331,0
24669,3750,0,10368,0
24720,3750,0,10394,0
24771,3750,0,10427,0
24821,3750,0,10453,0
24872,3750,0,10487,0
24923,3750,0,10519,0
24973,3750,0,10551,0
25025,3750,0,10576,0
25076,3758,0,10606,1
25126,3770,0,10626,0
25176,3784,0,10642,0
25229,3797,0,10660,1
25281,3812,0,10680,2
25332,3826,0,10698,1
25382,3852,0,10699,3
25434,3871,0,10701,1
25484,3894,0,10705,2
25534,3900,0,10729,0
25584,3900,0,10804,0
25636,3900,0,10833,0
25688,3900,0,10862,0
25739,3900,0,10891,0
25789,3900,0,10922,0
25840,3900,0,10951,0
25895,3900,0,10979,0
25946,3900,0,10998,0
25997,3900,0,11020,0
26047,3901,0,11095,0
26098,3914,0,11120,1
26149,3927,0,11144,1
26204,3938,0,11160,1
26255,3952,0,11184,1
26305,3965,0,11208,0
26355,3986,0,11217,2
26405,4011,0,11217,1
26455,4029,0,11231,0
26506,4050,0,11236,0
26556,4050,0,11266,0
26607,4050,0,11290,0
26657,4050,0,11314,0
26710,4050,0,11344,0
26761,4050,0,11368,0
26811,4050,0,11400,0
26862,4050,0,11430,0
26917,4050,0,11469,0
26967,4050,0,11491,0
27017,4050,0,11523,0
27068,4055,0,11544,1
27122,4069,0,11555,1
27174,4081,0,11567,1
27225,4096,0,11591,1
27276,4107,0,11607,1
27330,4121,0,11614,1
27383,4146,0,11618,1
27435,4169,0,11618,4
27486,4191,0,11620,3
27536,4200,0,11638,0
27588,4200,0,11663,0
27638,4200,0,11692,0
27689,4200,0,11718,0
27742,4200,0,11753,0
27795,4200,0,11834,0
27845,4200,0,11859,0
27897,4200,0,11878,0
27947,4200,0,11901,0
27999,4200,0,11936,0
28050,4201,0,11957,1
28102,4212,0,11977,1
28152,4227,0,11993,1
28202,4237,0,12017,1
28252,4251,0,12039,1
28303,4263,0,12056,1
28353,4281,0,12059,3
28403,4300,0,12073,2
28453,4326,0,12080,0
28503,4346,0,12096,1
28553,4350,0,12127,0
28603,4350,0,12161,0
28654,4350,0,12234,0
28705,4350,0,12263,0
28756,4350,0,12306,0
28806,4350,0,12338,0
28857,4350,0,12371,0
28908,4350,0,12397,0
28960,4350,0,12418,0
29019,4350,0,12451,0
29069,4354,0,12477,0
29119,4366,0,12500,2
29169,4378,0,12518,1
29222,4394,0,12535,1
29274,4405,0,12551,0
29324,4418,0,12564,1
29376,4439,0,12581,1
29426,4459,0,12591,1
29480,4485,0,12595,1
29530,4500,0,12601,0
29580,4500,0,12633,0
29630,4500,0,12652,0
29682,4500,0,12672,0
29732,4500,0,12702,0
29783,4500,0,12733,0
29833,4500,0,12762,0
29884,4500,0,12796,0
29934,4500,0,12822,0
29984,4500,0,12844,0
30034,4500,0,12870,0
30084,4508,0,12898,2
30136,4522,0,12912,0
30186,4535,0,12925,2
30236,4546,0,12941,0
30286,4557,0,12960,0
30340,4571,0,12978,1
30390,4596,0,12989,1
30440,4614,0,12995,3
30491,4635,0,12995,1
30541,4650,0,13013,0
30592,4650,0,13034,0
30647,4650,0,13064,0
30698,4650,0,13089,0
30752,4650,0,13116,0
30802,4650,0,13136,0
30857,4650,0,13167,0
30907,4650,0,13191,0
30959,4650,0,13220,0
31009,4650,0,13251,0
31060,4652,0,13276,1
31110,4664,0,13300,1
31162,4677,0,13311,0
31220,4691,0,13326,1
31271,4703,0,13340,1
31324,4717,0,13352,1
31376,4737,0,13361,1
31426,4757,0,13367,1
31476,4778,0,13369,4
31527,4800,0,13371,0
31577,4800,0,13395,0
31629,4800,0,13419,0
31684,4800,0,13446,0
31736,4800,0,13473,0
31786,4800,0,13498,0
31836,4800,0,13524,0
31886,4800,0,13555,0
31936,4800,0,13586,0
31986,4800,0,13609,0
32037,4800,0,13635,0
32087,4805,0,13663,0
32138,4820,0,13668,1
32188,4831,0,13677,1
32239,4846,0,13700,0
32289,4857,0,13719,1
32341,4871,0,13738,1
32392,4891,0,13748,1
32445,4911,0,13750,1
32498,4928,0,13750,1
32551,4950,0,13755,0
32604,4950,0,13777,0
32655,4950,0,13799,0
32705,4950,0,13820,0
32756,4950,0,13845,0
32808,4950,0,13878,0
32859,4950,0,13910,0
32910,4950,0,13936,0
32961,4950,0,13962,0
33011,4950,0,13985,0
33062,4951,0,14007,0
33112,4964,0,14022,0
33163,4977,0,14037,0
33215,4989,0,14055,1
33266,5002,0,14077,1
33317,5015,0,14094,1
33370,5030,0,14109,1
33420,5047,0,14115,2
33472,5070,0,14117,2
33522,5085,0,14125,1
33572,5100,0,14129,0
33623,5100,0,14159,0
33673,5100,0,14188,0
33723,5100,0,14212,0
33774,5100,0,14244,0
33824,5100,0,14266,0
33884,5100,0,14288,0
33934,5100,0,14313,0
33985,5100,0,14345,0
34036,5100,0,14367,0
34086,5105,0,14384,1
34138,5116,0,14399,1
34189,5130,0,14411,1
34241,5146,0,14414,1
34294,5157,0,14441,1
34344,5172,0,14451,3
34394,5191,0,14462,4
34447,5211,0,14470,1
34498,5225,0,14479,1
34548,5243,0,14489,1
34598,5250,0,14508,0
34648,5250,0,14542,0
34702,5250,0,14574,0
34752,5250,0,14602,0
34804,5250,0,14638,0
34861,5250,0,14667,0
34917,5250,0,14689,0
34973,5250,0,14721,0
35025,5250,0,14743,0
35078,5253,0,14765,1
35128,5265,0,14771,0
35179,5278,0,14777,0
35229,5291,0,14788,1
35279,5304,0,14797,1
35329,5317,0,14815,0
35379,5332,0,14821,2
35433,5350,0,14837,1
35484,5371,0,14855,1
35535,5385,0,14864,1
35587,5400,0,14882,0
35637,5400,0,14909,0
35689,5400,0,14938,0
35739,5400,0,14965,0
35790,5400,0,14993,0
35840,5400,0,15070,0
35892,5400,0,15102,0
35942,5400,0,15132,0
35994,5400,0,15155,0
36044,5400,0,15194,0
36096,5405,0,15232,0
36147,5419,0,15247,2
36197,5432,0,15258,1
36247,5445,0,15277,1
36297,5456,0,15292,0
36351,5469,0,15304,1
36401,5491,0,15312,3
36459,5508,0,15330,1
36509,5527,0,15338,1
36559,5545,0,15353,2
36613,5550,0,15377,0
36665,5550,0,15403,0
36721,5550,0,15438,0
36771,5550,0,15467,0
36821,5550,0,15499,0
36873,5550,0,15531,0
36924,5550,0,15558,0
36974,5550,0,15588,0
37024,5550,0,15618,0
37074,5552,0,15649,1
37125,5560,0,15657,1
37176,5577,0,15672,1
37228,5590,0,15682,1
37278,5603,0,15696,1
37330,5616,0,15712,1
37384,5630,0,15735,1
37435,5650,0,15742,1
37485,5668,0,15751,1
37535,5685,0,15764,1
37585,5700,0,15780,0
37640,5700,0,15806,0
37690,5700,0,15839,0
37743,5700,0,15867,0
37793,5700,0,15899,0
37844,5700,0,15922,0
37894,5700,0,15947,0
37944,5700,0,15977,0
37995,5700,0,16006,0
38046,5700,0,16035,0
38098,5705,0,16066,0
38148,5717,0,16081,1
38203,5732,0,16103,1
38254,5746,0,16117,2
38305,5759,0,16130,2
38357,5769,0,16146,1
38410,5789,0,16156,1
38465,5806,0,16166,1
38515,5828,0,16167,3
38566,5846,0,16176,1
38618,5850,0,16196,0
38668,5850,0,16218,0
38719,5850,0,16254,0
38771,5850,0,16279,0
38821,5850,0,16307,0
38871,5850,0,16332,0
38924,5850,0,16351,0
38976,5850,0,16389,0
39026,5850,0,16412,0
39077,5852,0,16438,0
39128,5860,0,16463,0
39179,5875,0,16482,1
39234,5890,0,16499,1
39284,5904,0,16513,1
39334,5915,0,16518,2
39384,5928,0,16536,2
39434,5949,0,16551,2
39485,5962,0,16577,1
39541,5985,0,16583,1
39591,6000,0,16593,0
39642,6000,0,16627,0
39694,6000,0,16653,0
39745,6000,0,16682,0
39795,6000,0,16703,0
39848,6000,0,16725,0
39898,6000,0,16752,0
39948,6000,0,16771,0
40005,6000,0,16799,0
40056,6000,0,16833,0
40107,6005,0,16860,0
40157,6020,0,16874,1
40212,6033,0,16891,1
40262,6045,0,16907,2
40312,6059,0,16917,1
40364,6070,0,16943,1
40416,6090,0,16958,1
40468,6106,0,16974,1
40522,6125,0,16975,2
40575,6145,0,16978,1
40625,6150,0,17001,0
40679,6150,0,17030,0
40729,6150,0,17053,0
40780,6150,0,17081,0
40830,6150,0,17107,0
40880,6150,0,17128,0
40930,6150,0,17163,0
40982,6150,0,17189,0
41032,6150,0,17226,0
41088,6153,0,17249,1
41139,6163,0,17273,0
41189,6176,0,17278,0
41241,6191,0,17290,1
41292,6205,0,17307,1
41342,6215,0,17320,2
41392,6230,0,17336,2
41443,6250,0,17352,1
41494,6262,0,17370,0
41547,6285,0,17375,3
41597,6300,0,17392,0
41651,6300,0,17414,0
41703,6300,0,17446,0
41753,6300,0,17475,0
41806,6300,0,17494,0
41861,6300,0,17522,0
41911,6300,0,17538,0
41962,6300,0,17571,0
42012,6300,0,17594,0
42065,6301,0,17623,1
42117,6307,0,17652,1
42168,6320,0,17667,1
42218,6334,0,17680,1
42275,6348,0,17700,1
42327,6361,0,17718,1
42378,6374,0,17739,1
42429,6393,0,17754,1
42482,6408,0,17757,1
42536,6427,0,17771,1
42586,6447,0,17782,1
42636,6450,0,17802,0
42688,6450,0,17826,0
42739,6450,0,17854,0
42789,6450,0,17874,0
42842,6450,0,17903,0
42893,6450,0,17930,0
42943,6450,0,17955,0
42993,6450,0,17987,0
43043,6450,0,18015,0
43095,6453,0,18033,1
43145,6463,0,18044,1
43195,6478,0,18060,2
43245,6491,0,18075,0
43295,6505,0,18090,1
43346,6515,0,18111,3
43396,6530,0,18122,2
43448,6548,0,18141,1
43499,6564,0,18153,1
43550,6581,0,18156,4
43602,6600,0,18170,1
43653,6600,0,18199,0
43703,6600,0,18222,0
43753,6600,0,18253,0
43803,6600,0,18282,0
43855,6600,0,18319,0
43905,6600,0,18348,0
43955,6600,0,18384,0
44007,6600,0,18417,0
44058,6600,0,18447,0
44109,6606,0,18470,1
44160,6618,0,18498,2
44211,6630,0,18508,1
44263,6642,0,18525,1
44314,6657,0,18593,0
44364,6669,0,18613,1
44416,6687,0,18628,2
44466,6703,0,18645,0
44516,6717,0,18663,3
44569,6735,0,18670,1
44623,6750,0,18689,0
44673,6750,0,18708,0
44724,6750,0,18729,0
44774,6750,0,18750,0
44827,6750,0,18783,0
44878,6750,0,18805,0
44934,6750,0,18848,0
44985,6750,0,18879,0
45038,6750,0,18914,0
45089,6752,0,18941,0
45142,6760,0,18970,1
45192,6774,0,18986,0
45244,6791,0,18996,1
45297,6804,0,19014,1
45353,6814,0,19048,1
45405,6829,0,19064,1
45456,6850,0,19071,2
45510,6864,0,19085,0
45563,6881,0,19098,1
45614,6900,0,19113,0
45664,6900,0,19148,0
45715,6900,0,19177,0
45765,6900,0,19193,0
45815,6900,0,19222,0
45867,6900,0,19251,0
45920,6900,0,19277,0
45971,6900,0,19306,0
46022,6900,0,19330,0
46078,6901,0,19352,0
46128,6907,0,19371,0
46180,6922,0,19382,1
46230,6938,0,19402,1
46280,6948,0,19413,2
46330,6960,0,19424,0
46385,6972,0,19440,1
46439,6989,0,19454,1
46492,7008,0,19465,1
46545,7024,0,19478,1
46595,7046,0,19480,2
46648,7050,0,19507,0
46699,7050,0,19534,0
46749,7050,0,19561,0
46800,7050,0,19596,0
46850,7050,0,19626,0
46904,7050,0,19649,0
46955,7050,0,19681,0
47005,7050,0,19704,0
47055,7050,0,19728,0
47106,7054,0,19752,1
47157,7065,0,19773,2
47209,7077,0,19798,0
47259,7091,0,19821,0
47312,7106,0,19829,1
47362,7115,0,19850,1
47412,7130,0,19867,1
47466,7151,0,19882,1
47517,7164,0,19897,0
47570,7183,0,19906,1
47620,7200,0,19925,0
47671,7200,0,19961,0
47723,7200,0,19999,0
47780,7200,0,20025,0
47834,7200,0,20055,0
47884,7200,0,20086,0
47935,7200,0,20121,0
47985,7200,0,20205,0
48035,7200,0,20238,0
48085,7201,0,20264,0
48136,7208,0,20283,0
48187,7223,0,20297,0
48237,7237,0,20308,2
48287,7248,0,20329,1
48338,7261,0,20346,1
48390,7272,0,20362,1
48442,7288,0,20370,1
48492,7307,0,20375,1
48543,7322,0,20393,1
48593,7344,0,20408,1
48645,7350,0,20442,0
48697,7350,0,20472,0
48747,7350,0,20492,0
48797,7350,0,20515,0
48849,7350,0,20535,0
48899,7350,0,20557,0
48949,7350,0,20586,0
48999,7350,0,20607,0
49051,7350,0,20650,0
49101,7352,0,20672,0
49151,7361,0,20684,1
49203,7376,0,20707,1
49258,7391,0,20719,1
49308,7403,0,20742,3
49359,7414,0,20756,2
49409,7428,0,20773,0
49462,7445,0,20793,1
49513,7464,0,20804,0
49564,7479,0,20821,1
49615,7500,0,20835,0
49668,7500,0,20863,0
49718,7500,0,20898,0
49769,7500,0,20924,0
49825,7500,0,20962,0
49876,7500,0,20989,0
49928,7500,0,21017,0
49979,7500,0,21047,0
50031,7500,0,21074,0
50082,7501,0,21096,0
50132,7507,0,21112,1
50185,7521,0,21123,1
50235,7534,0,21139,1
50286,7547,0,21153,1
50336,7560,0,21166,0
50387,7571,0,21189,0
50437,7587,0,21204,2
50487,7603,0,21229,0
50543,7618,0,21241,1
50594,7642,0,21247,1
50644,7650,0,21261,0
50694,7650,0,21301,0
50744,7650,0,21333,0
50794,7650,0,21362,0
50844,7650,0,21385,0
50894,7650,0,21408,0
50944,7650,0,21430,0
50994,7650,0,21464,0
51048,7650,0,21498,0
51099,7652,0,21521,0
51150,7659,0,21543,0
51200,7675,0,21568,1
51250,7689,0,21594,1
51300,7699,0,21623,0
51353,7712,0,21637,0
51403,7724,0,21653,1
51454,7741,0,21671,0
51504,7759,0,21696,0
51559,7773,0,21707,1
51610,7796,0,21712,1
51660,7800,0,21737,0
51710,7800,0,21762,0
51763,7800,0,21794,0
51815,7800,0,21835,0
51865,7800,0,21861,0
51918,7800,0,21888,0
51972,7800,0,21918,0
52024,7800,0,21954,0
52074,7800,0,21979,0
52126,7806,0,22003,0
52179,7819,0,22014,1
52232,7831,0,22033,1
52282,7846,0,22050,1
52334,7856,0,22062,1
52386,7870,0,22075,1
52436,7884,0,22089,2
52489,7902,0,22098,1
52541,7917,0,22115,0
52592,7936,0,22128,1
52644,7950,0,22140,0
52697,7950,0,22159,0
52747,7950,0,22187,0
52800,7950,0,22217,0
52852,7950,0,22237,0
52906,7950,0,22271,0
52956,7950,0,22297,0
53008,7950,0,22326,0
53059,7950,0,22353,0
53109,7953,0,22377,0
53159,7960,0,22396,0
53209,7975,0,22397,2
53259,7989,0,22406,2
53310,8000,0,22430,1
53360,8013,0,22444,1
53410,8026,0,22461,2
53460,8041,0,22482,0
53514,8061,0,22500,1
53564,8072,0,22516,2
53614,8094,0,22520,1
53664,8100,0,22545,0
53715,8100,0,22579,0
53765,8100,0,22598,0
53816,8100,0,22630,0
53868,8100,0,22661,0
53918,8100,0,22691,0
53970,8100,0,22716,0
54021,8100,0,22741,0
54072,8100,0,22770,0
54122,8106,0,22800,0
54175,8114,0,22820,1
54225,8128,0,22884,1
54275,8141,0,22893,0
54325,8153,0,22911,0
54378,8165,0,22939,0
54436,8181,0,22952,1
54486,8199,0,22959,1
54537,8216,0,22972,1
54587,8233,0,22983,4
54638,8250,0,22994,1
54692,8250,0,23031,0
54744,8250,0,23069,0
54794,8250,0,23099,0
54846,8250,0,23129,0
54903,8250,0,23149,0
54965,8250,0,23176,0
55017,8250,0,23203,0
55068,8250,0,23236,0
55121,8256,0,23257,1
55173,8262,0,23278,1
55226,8278,0,23287,1
55277,8292,0,23296,1
55327,8303,0,23311,0
55378,8315,0,23330,0
55431,8330,0,23335,0
55481,8346,0,23342,1
55533,8364,0,23352,1
55583,8379,0,23370,1
55633,8399,0,23382,0
55684,8400,0,23408,0
55734,8400,0,23439,0
55784,8400,0,23461,0
55834,8400,0,23495,0
55885,8400,0,23526,0
55935,8400,0,23557,0
55986,8400,0,23583,0
56038,8400,0,23610,0
56089,8401,0,23629,0
56142,8407,0,23656,0
56199,8418,0,23671,1
56249,8433,0,23695,0
56299,8447,0,23706,0
56352,8461,0,23722,1
56402,8471,0,23741,1
56456,8487,0,23747,1
56511,8506,0,23755,1
56564,8519,0,23769,1
56615,8539,0,23774,3
56669,8550,0,23793,0
56720,8550,0,23824,0
56770,8550,0,23845,0
56820,8550,0,23883,0
56870,8550,0,23907,0
56920,8550,0,23945,0
56971,8550,0,23967,0
57027,8550,0,23989,0
57077,8550,0,24009,0
57129,8556,0,24027,0
57183,8563,0,24055,0
57235,8579,0,24076,1
57285,8592,0,24089,1
57336,8604,0,24108,1
57386,8617,0,24132,1
57436,8630,0,24153,0
57488,8648,0,24168,1
57543,8665,0,24186,1
57594,8678,0,24200,0
57646,8695,0,24201,1
57697,8700,0,24224,0
57748,8700,0,24252,0
57804,8700,0,24278,0
57858,8700,0,24302,0
57908,8700,0,24323,0
57958,8700,0,24360,0
58008,8700,0,24386,0
58062,8700,0,24413,0
58112,8703,0,24431,1
58164,8710,0,24459,0
58216,8723,0,24473,1
58267,8736,0,24494,0
58318,8752,0,24558,1
58368,8763,0,24576,2
58419,8774,0,24589,0
58469,8791,0,24606,0
58519,8807,0,24614,1
58570,8820,0,24625,1
58620,8837,0,24627,5
58671,8850,0,24648,0
58723,8850,0,24682,0
58775,8850,0,24714,0
58825,8850,0,24744,0
58875,8850,0,24768,0
58925,8850,0,24794,0
58976,8850,0,24832,0
59026,8850,0,24863,0
59077,8850,0,24886,0
59127,8856,0,24909,1
59177,8863,0,24937,2
59227,8871,0,24946,1
59278,8890,0,24969,1
59328,8902,0,24980,0
59379,8915,0,25002,0
59429,8928,0,25016,1
59480,8942,0,25028,3
59531,8960,0,25041,1
59581,8971,0,25071,1
59632,8986,0,25074,1
59682,9000,0,25086,0
59733,9000,0,25110,0
59783,9000,0,25135,0
59834,9000,0,25170,0
59885,9000,0,25201,0
59939,9000,0,25232,0
59990,9000,0,25262,0
60042,9000,0,25293,0
60095,9001,0,25321,0
60146,9007,0,25338,0
60198,9016,0,25355,1
60252,9032,0,25384,1
60306,9044,0,25401,1
60356,9058,0,25422,2
60406,9070,0,25432,1
60456,9082,0,25447,0
60507,9102,0,25455,1
60559,9118,0,25471,1
60613,9129,0,25484,1
60664,9148,0,25492,1
60717,9150,0,25508,0
60767,9150,0,25534,0
60818,9150,0,25561,0
60869,9150,0,25589,0
60919,9150,0,25616,0
60970,9150,0,25639,0
61020,9150,0,25666,0
61070,9150,0,25685,0
61120,9153,0,25706,1
61177,9161,0,25733,1
61227,9171,0,25754,1
61278,9189,0,25762,1
61328,9197,0,25770,1
61379,9215,0,25780,2
61432,9227,0,25801,1
61482,9240,0,25828,1
61532,9258,0,25836,1
61583,9271,0,25849,0
61634,9285,0,25869,0
61684,9300,0,25889,0
61735,9300,0,25916,0
61786,9300,0,25951,0
61836,9300,0,25982,0
61891,9300,0,26014,0
61946,9300,0,26039,0
61997,9300,0,26073,0
62047,9300,0,26097,0
62099,9301,0,26122,0
62150,9307,0,26144,0
62200,9316,0,26175,1
62252,9326,0,26183,1
62302,9341,0,26189,1
62352,9356,0,26210,1
62404,9369,0,26229,1
62454,9382,0,26247,1
62505,9398,0,26258,3
62555,9414,0,26305,1
62605,9428,0,26339,1
62655,9442,0,26345,3
62706,9450,0,26365,0
62759,9450,0,26395,0
62816,9450,0,26429,0
62866,9450,0,26455,0
62917,9450,0,26491,0
62968,9450,0,26515,0
63019,9450,0,26540,0
63073,9450,0,26576,0
63123,9453,0,26599,0
63173,9460,0,26616,0
63223,9469,0,26631,1
63275,9486,0,26654,1
63327,9496,0,26665,1
63377,9512,0,26682,0
63429,9524,0,26696,1
63483,9537,0,26706,1
63539,9559,0,26714,1
63589,9573,0,26720,1
63639,9583,0,26743,1
63690,9600,0,26758,0
63744,9600,0,26791,0
63795,9600,0,26821,0
63849,9600,0,26849,0
63899,9600,0,26876,0
63950,9600,0,26897,0
64003,9600,0,26928,0
64053,9600,0,26957,0
64108,9602,0,26989,1
64162,9609,0,27012,1
64212,9617,0,27034,0
64262,9630,0,27052,2
64315,9644,0,27072,1
64365,9659,0,27084,2
64417,9671,0,27098,1
64472,9684,0,27111,1
64523,9704,0,27121,2
64574,9719,0,27128,2
64625,9729,0,27142,0
64676,9750,0,27154,3
64727,9750,0,27189,0
64777,9750,0,27224,0
64828,9750,0,27249,0
64881,9750,0,27277,0
64936,9750,0,27302,0
64989,9750,0,27330,0
65040,9750,0,27361,0
65092,9751,0,27376,0
65144,9756,0,27395,1
65201,9764,0,27418,1
65253,9774,0,27439,1
65306,9791,0,27449,1
65356,9804,0,27457,1
65406,9818,0,27464,1
65456,9829,0,27482,1
65508,9845,0,27488,2
65558,9864,0,27502,1
65608,9878,0,27518,1
65663,9889,0,27542,1
65714,9900,0,27559,0
65765,9900,0,27580,0
65816,9900,0,27601,0
65867,9900,0,27630,0
65919,9900,0,27657,0
65970,9900,0,27677,0
66020,9900,0,27701,0
66070,9900,0,27729,0
66120,9903,0,27753,1
66170,9910,0,27770,0
66220,9917,0,27803,0
66271,9929,0,27817,1
66322,9944,0,27827,1
66372,9960,0,27838,2
66422,9971,0,27860,0
66475,9984,0,27872,1
66525,10000,0,27888,1
66576,10019,0,27901,1
66630,10030,0,27914,1
66681,10043,0,27921,1
66735,10050,0,27936,0
66792,10050,0,27964,0
66842,10050,0,27990,0
66893,10050,0,28027,0
66943,10050,0,28049,0
66994,10050,0,28078,0
67044,10050,0,28102,0
67095,10051,0,28133,0
67145,10055,0,28163,0
67197,10063,0,28184,0
67247,10072,0,28205,1
67297,10089,0,28217,1
67347,10099,0,28247,1
67399,10116,0,28257,1
67456,10127,0,28275,1
67510,10144,0,28291,1
67561,10164,0,28309,1
67612,10178,0,28326,1
67662,10188,0,28403,2
67715,10200,0,28411,0
67769,10200,0,28445,0
67822,10200,0,28464,0
67872,10200,0,28491,0
67924,10200,0,28518,0
67974,10200,0,28547,0
68025,10200,0,28574,0
68081,10200,0,28609,0
68140,10204,0,28640,1
68191,10212,0,28644,0
68241,10219,0,28658,0
68294,10237,0,28668,1
68346,10248,0,28688,0
68397,10265,0,28703,1
68450,10276,0,28730,0
68501,10289,0,28737,2
68553,10312,0,28753,0
68604,10325,0,28767,1
68654,10334,0,28782,0
68704,10350,0,28800,0
68754,10350,0,28824,0
68804,10350,0,28859,0
68854,10350,0,28892,0
68908,10350,0,28921,0
68958,10350,0,28955,0
69008,10350,0,28985,0
69059,10350,0,29020,0
69111,10351,0,29043,0
69161,10356,0,29068,0
69213,10367,0,29087,2
69264,10374,0,29118,1
69314,10392,0,29130,1
69365,10404,0,29139,1
69415,10418,0,29145,2
69466,10428,0,29162,1
69516,10444,0,29178,2
69566,10464,0,29184,1
69618,10477,0,29204,1
69668,10488,0,29225,1
69720,10500,0,29241,0
69772,10500,0,29265,0
69823,10500,0,29293,0
69873,10500,0,29332,0
69923,10500,0,29360,0
69973,10500,0,29400,0
70023,10500,0,29422,0
70073,10500,0,29449,0
70123,10502,0,29478,0
70173,10507,0,29501,1
70225,10517,0,29522,0
70275,10527,0,29540,2
70327,10544,0,29555,1
70377,10559,0,29566,2
70428,10571,0,29585,0
70478,10581,0,29590,1
70529,10599,0,29600,1
70579,10618,0,29613,1
70629,10629,0,29631,0
70680,10641,0,29647,1
70731,10650,0,29653,0
70781,10650,0,29683,0
70831,10650,0,29706,0
70881,10650,0,29738,0
70931,10650,0,29767,0
70981,10650,0,29796,0
71031,10650,0,29831,0
71083,10650,0,29857,0
71135,10653,0,29880,1
71187,10660,0,29913,1
71239,10669,0,29930,1
71289,10680,0,29950,1
71340,10696,0,29965,0
71392,10712,0,29985,0
71442,10725,0,29996,2
71492,10736,0,30007,1
71548,10755,0,30027,1
71599,10771,0,30045,1
71649,10782,0,30064,0
71699,10797,0,30071,1
71752,10800,0,30102,0
71804,10800,0,30126,0
71854,10800,0,30155,0
71906,10800,0,30179,0
71956,10800,0,30216,0
72011,10800,0,30243,0
72061,10800,0,30277,0
72112,10801,0,30306,0
72163,10806,0,30325,1
72214,10815,0,30345,1
72264,10823,0,30358,0
72315,10841,0,30368,0
72366,10854,0,30391,3
72422,10866,0,30407,1
72472,10878,0,30420,1
72522,10893,0,30436,1
72575,10915,0,30438,1
72625,10928,0,30452,1
72676,10938,0,30465,1
72731,10950,0,30478,0
72783,10950,0,30506,0
72837,10950,0,30533,0
72891,10950,0,30563,0
72942,10950,0,30596,0
72994,10950,0,30622,0
73046,10950,0,30645,0
73098,10951,0,30675,0
73150,10955,0,30705,0
73200,10963,0,30730,1
73254,10970,0,30765,1
73311,10986,0,30782,1
73362,11000,0,30798,1
73412,11014,0,30811,0
73462,11027,0,30828,1
73512,11041,0,30838,2
73562,11057,0,30855,1
73612,11073,0,30864,1
73663,11084,0,30883,0
73714,11099,0,30885,1
73765,11100,0,30913,0
73818,11100,0,30939,0
73869,11100,0,30973,0
73921,11100,0,31004,0
73971,11100,0,31047,0
74022,11100,0,31075,0
74073,11100,0,31105,0
74125,11102,0,31123,1
74176,11107,0,31141,1
74228,11117,0,31163,0
74279,11125,0,31176,1
74329,11144,0,31182,2
74381,11156,0,31206,1
74432,11169,0,31220,1
74482,11179,0,31244,0
74534,11197,0,31254,1
74584,11215,0,31259,1
74636,11229,0,31275,0
74686,11236,0,31285,1
74738,11250,0,31307,0
74788,11250,0,31334,0
74838,11250,0,31361,0
74889,11250,0,31395,0
74939,11250,0,31436,0
74989,11250,0,31466,0
75039,11250,0,31481,0
75090,11250,0,31515,0
75140,11253,0,31543,0
75190,11259,0,31567,1
75240,11267,0,31578,0
75290,11279,0,31598,1
75341,11296,0,31606,0
75391,11306,0,31623,0
75442,11322,0,31642,1
75492,11330,0,31663,0
75542,11349,0,31668,1
75594,11368,0,31678,2
75650,11380,0,31693,1
75700,11392,0,31716,1
75751,11400,0,31746,0
75801,11400,0,31770,0
75851,11400,0,31803,0
75902,11400,0,31827,0
75953,11400,0,31855,0
76006,11400,0,31890,0
76056,11400,0,31924,0
76106,11401,0,31946,0
76156,11405,0,31969,1
76206,11413,0,31983,1
76257,11419,0,32007,0
76308,11433,0,32019,0
76358,11449,0,32030,2
76409,11460,0,32047,1
76460,11476,0,32054,0
76512,11484,0,32067,1
76562,11505,0,32067,1
76613,11521,0,32083,1
76666,11534,0,32100,1
76716,11548,0,32115,2
76768,11550,0,32134,0
76819,11550,0,32156,0
76869,11550,0,32180,0
76919,11550,0,32212,0
76969,11550,0,32245,0
77019,11550,0,32279,0
77072,11550,0,32305,0
77123,11551,0,32328,0
77173,11556,0,32355,0
77225,11566,0,32368,1
77281,11574,0,32389,0
77331,11593,0,32403,3
77381,11603,0,32417,1
77432,11617,0,32432,1
77487,11630,0,32446,1
77538,11642,0,32464,1
77588,11663,0,32465,2
77638,11676,0,32477,1
77688,11685,0,32496,0
77738,11700,0,32515,0
77788,11700,0,32551,0
77839,11700,0,32576,0
77889,11700,0,32599,0
77940,11700,0,32630,0
77990,11700,0,32656,0
78044,11700,0,32692,0
78094,11700,0,32722,0
78148,11703,0,32762,0
78199,11708,0,32791,0
78251,11719,0,32819,1
78302,11732,0,32834,1
78352,11747,0,32858,1
78404,11758,0,32874,1
78455,11773,0,32895,1
78506,11782,0,32918,0
78556,11797,0,32942,4
78607,11819,0,32948,0
78658,11831,0,32960,0
78711,11841,0,32975,1
78761,11850,0,32991,0
78812,11850,0,33010,0
78862,11850,0,33036,0
78912,11850,0,33067,0
78963,11850,0,33092,0
79013,11850,0,33123,0
79065,11850,0,33152,0
79127,11851,0,33178,0
79179,11857,0,33197,1
79229,11866,0,33216,1
79279,11874,0,33236,0
79334,11888,0,33253,1
79385,11903,0,33263,1
79436,11918,0,33282,1
79489,11930,0,33354,1
79539,11942,0,33371,1
79589,11961,0,33379,3
79642,11976,0,33406,1
79692,11987,0,33422,2
79746,12000,0,33438,0
79799,12000,0,33471,0
79849,12000,0,33494,0
79899,12000,0,33528,0
79950,12000,0,33558,0
80003,12000,0,33582,0
80053,12000,0,33603,0
80105,12001,0,33625,1
80157,12005,0,33652,1
80208,12010,0,33668,0
80258,12019,0,33682,0
80314,12032,0,33692,1
80365,12049,0,33709,1
80416,12058,0,33715,2
80467,12076,0,33728,1
80521,12085,0,33755,1
80572,12099,0,33772,1
80622,12121,0,33778,1
80675,12133,0,33797,1
80727,12146,0,33801,2
80777,12150,0,33834,0
80830,12150,0,33865,0
80882,12150,0,33887,0
80933,12150,0,33916,0
80986,12150,0,33945,0
81036,12150,0,33972,0
81086,12150,0,34008,0
81138,12152,0,34045,0
81189,12157,0,34062,0
81239,12167,0,34082,1
81289,12174,0,34104,0
81339,12189,0,34116,1
81392,12203,0,34126,1
81445,12219,0,34144,2
81495,12230,0,34167,0
81545,12242,0,34176,0
81596,12257,0,34190,1
81649,12276,0,34203,1
81699,12286,0,34223,0
81753,12300,0,34237,0
81803,12300,0,34263,0
81855,12300,0,34292,0
81905,12300,0,34320,0
81957,12300,0,34348,0
82008,12300,0,34376,0
82063,12300,0,34401,0
82113,12301,0,34426,0
82164,12305,0,34449,0
82215,12311,0,34458,1
82265,12321,0,34473,1
82317,12332,0,34484,1
82367,12349,0,34500,1
82422,12357,0,34520,1
82475,12376,0,34524,1
82525,12385,0,34549,1
82576,12400,0,34566,2
82628,12422,0,34579,3
82680,12433,0,34596,1
82730,12443,0,34607,1
82783,12450,0,34631,0
82836,12450,0,34660,0
82889,12450,0,34690,0
82939,12450,0,34724,0
82989,12450,0,34755,0
83039,12450,0,34783,0
83090,12450,0,34814,0
83141,12452,0,34846,0
83192,12457,0,34870,0
83244,12467,0,34890,0
83294,12475,0,34916,1
83344,12489,0,34935,2
83394,12503,0,34947,1
83444,12513,0,34967,0
83494,12530,0,35026,0
83545,12539,0,35040,1
83596,12555,0,35048,1
83653,12574,0,35051,1
83703,12586,0,35068,0
83759,12600,0,35089,0
83809,12600,0,35119,0
83859,12600,0,35141,0
83913,12600,0,35173,0
83963,12600,0,35201,0
84016,12600,0,35228,0
84067,12600,0,35260,0
84118,12601,0,35291,0
84169,12605,0,35314,0
84222,12610,0,35330,1
84272,12621,0,35350,0
84325,12633,0,35367,1
84376,12650,0,35380,1
84431,12657,0,35398,1
84481,12677,0,35410,1
84531,12686,0,35430,2
84582,12698,0,35452,1
84635,12718,0,35466,1
84693,12735,0,35479,1
84743,12748,0,35491,3
84793,12750,0,35517,0
84844,12750,0,35539,0
84894,12750,0,35568,0
84945,12750,0,35593,0
84995,12750,0,35626,0
85045,12750,0,35656,0
85095,12750,0,35675,0
85145,12752,0,35696,0
85195,12757,0,35726,0
85245,12767,0,35744,2
85301,12775,0,35769,1
85351,12790,0,35784,1
85404,12805,0,35801,1
85454,12815,0,35818,1
85504,12831,0,35829,1
85554,12842,0,35845,1
85606,12855,0,35855,0
85656,12875,0,35869,2
85706,12887,0,35891,1
85756,12900,0,35906,1
85808,12900,0,35931,0
85858,12900,0,35956,0
85909,12900,0,35982,0
85959,12900,0,36009,0
86009,12900,0,36041,0
86059,12900,0,36068,0
86114,12901,0,36096,1
86164,12904,0,36117,0
86214,12908,0,36143,0
86264,12920,0,36161,2
86317,12929,0,36191,1
86370,12945,0,36198,1
86425,12956,0,36211,1
86475,12974,0,36223,4
86526,12983,0,36249,1
86576,12996,0,36266,1
86626,13013,0,36279,1
86676,13031,0,36294,2
86727,13041,0,36312,1
86778,13050,0,36338,0
86831,13050,0,36365,0
86881,13050,0,36397,0
86934,13050,0,36424,0
86985,13050,0,36451,0
87036,13050,0,36472,0
87086,13050,0,36549,0
87137,13052,0,36573,1
87189,13057,0,36597,1
87239,13062,0,36620,1
87294,13074,0,36633,0
87345,13088,0,36641,1
87398,13101,0,36650,0
87448,13112,0,36673,1
87498,13130,0,36680,1
87548,13138,0,36702,1
87598,13149,0,36716,1
87649,13168,0,36718,3
87699,13184,0,36731,1
87751,13197,0,36749,1
87801,13200,0,36777,0
87851,13200,0,36813,0
87901,13200,0,36850,0
87953,13200,0,36878,0
88003,13200,0,36907,0
88053,13200,0,36940,0
88103,13200,0,36967,0
88160,13204,0,36986,1
88210,13208,0,37006,0
88260,13217,0,37025,0
88311,13226,0,37037,0
88362,13242,0,37052,1
88412,13255,0,37065,0
88462,13263,0,37075,1
88513,13281,0,37081,0
88563,13291,0,37107,0
88618,13305,0,37121,1
88671,13327,0,37131,2
88721,13339,0,37145,1
88774,13350,0,37159,0
88828,13350,0,37182,0
88884,13350,0,37258,0
88936,13350,0,37291,0
88989,13350,0,37318,0
89042,13350,0,37343,0
89095,13350,0,37364,0
89145,13352,0,37386,1
89195,13357,0,37407,0
89245,13363,0,37436,2
89295,13374,0,37459,0
89346,13387,0,37473,3
89396,13401,0,37487,1
89450,13412,0,37512,1
89501,13428,0,37532,1
89553,13436,0,37545,2
89607,13450,0,37562,1
89657,13467,0,37625,1
89708,13487,0,37638,1
89759,13499,0,37651,1
89811,13500,0,37678,0
89862,13500,0,37694,0
89912,13500,0,37721,0
89962,13500,0,37746,0
90015,13500,0,37779,0
90065,13500,0,37806,0
90115,13500,0,37843,0
90168,13503,0,37875,0
90220,13508,0,37895,0
90274,13516,0,37915,1
90325,13528,0,37937,0
90376,13544,0,37946,1
90427,13555,0,37969,0
90479,13569,0,37979,1
90529,13582,0,37994,0
90579,13595,0,38009,1
90629,13607,0,38033,0
90684,13627,0,38041,1
90734,13641,0,38067,1
90784,13650,0,38081,0
90837,13650,0,38107,0
90887,13650,0,38135,0
90937,13650,0,38171,0
90987,13650,0,38191,0
91039,13650,0,38223,0
91091,13650,0,38260,0
91142,13651,0,38293,0
91194,13657,0,38325,1
91246,13662,0,38346,1
91296,13674,0,38372,2
91347,13685,0,38385,1
91398,13701,0,38398,1
91448,13711,0,38420,0
91498,13727,0,38430,1
91550,13733,0,38442,1
91600,13749,0,38451,1
91650,13763,0,38471,1
91705,13783,0,38478,1
91761,13796,0,38492,1
91813,13800,0,38520,0
91864,13800,0,38544,0
91915,13800,0,38573,0
91967,13800,0,38606,0
92017,13800,0,38646,0
92067,13800,0,38677,0
92117,13800,0,38712,0
92167,13803,0,38739,0
92217,13808,0,38767,0
92272,13815,0,38794,0
92327,13827,0,38813,1
92377,13844,0,38820,2
92427,13855,0,38837,0
92477,13864,0,38856,0
92528,13882,0,38863,0
92578,13893,0,38884,1
92630,13907,0,38906,0
92685,13924,0,38920,1
92735,13941,0,38922,1
92786,13950,0,38955,0
92837,13950,0,38989,0
92887,13950,0,39021,0
92938,13950,0,39046,0
92988,13950,0,39069,0
93039,13950,0,39094,0
93089,13950,0,39110,0
93140,13951,0,39132,0
93190,13956,0,39166,0
93242,13961,0,39189,1
93295,13972,0,39208,1
93346,13980,0,39225,1
93396,13999,0,39232,1
93447,14008,0,39248,1
93498,14024,0,39263,3
93548,14032,0,39325,0
93599,14048,0,39332,1
93649,14062,0,39348,0
93699,14076,0,39353,1
93750,14092,0,39359,1
93801,14100,0,39379,0
93851,14100,0,39413,0
93903,14100,0,39448,0
93953,14100,0,39474,0
94005,14100,0,39503,0
94057,14100,0,39543,0
94113,14100,0,39569,0
94164,14103,0,39594,0
94215,14108,0,39623,1
94265,14115,0,39640,0
94319,14126,0,39664,1
94373,14140,0,39686,1
94423,14155,0,39692,1
94478,14164,0,39704,1
94528,14181,0,39715,1
94587,14191,0,39734,1
94637,14208,0,39751,1
94695,14222,0,39766,1
94747,14241,0,39775,0
94797,14250,0,39796,0
94848,14250,0,39830,0
94901,14250,0,39861,0
94954,14250,0,39889,0
95008,14250,0,39922,0
95059,14250,0,39956,0
95109,14250,0,39989,0
95159,14253,0,40012,1
95211,14257,0,40038,0
95262,14265,0,40069,1
95315,14275,0,40091,0
95369,14287,0,40107,1
95419,14303,0,40115,1
95469,14313,0,40135,0
95519,14328,0,40150,1
95570,14336,0,40173,1
95620,14352,0,40182,1
95670,14365,0,40203,1
95723,14379,0,40217,1
95773,14399,0,40227,1
95825,14400,0,40255,0
95875,14400,0,40277,0
95925,14400,0,40306,0
95975,14400,0,40334,0
96029,14400,0,40363,0
96080,14400,0,40391,0
96131,14401,0,40433,0
96185,14405,0,40462,1
96237,14410,0,40477,1
96288,14418,0,40497,1
96338,14427,0,40518,1
96390,14443,0,40529,1
96448,14457,0,40539,1
96501,14469,0,40565,1
96553,14483,0,40583,1
96605,14495,0,40596,1
96657,14512,0,40609,0
96707,14524,0,40622,0
96760,14544,0,40681,1
96815,14550,0,40697,0
96867,14550,0,40724,0
96918,14550,0,40755,0
96970,14550,0,40781,0
97020,14550,0,40799,0
97070,14550,0,40821,0
97120,14550,0,40855,0
97171,14554,0,40890,1
97221,14558,0,40914,1
97273,14565,0,40937,0
97325,14576,0,40948,1
97377,14590,0,40961,1
97430,14604,0,40971,1
97480,14614,0,40986,1
97533,14631,0,40998,1
97583,14639,0,41018,1
97634,14655,0,41038,1
97684,14667,0,41050,1
97734,14684,0,41057,1
97785,14700,0,41068,0
97841,14700,0,41098,0
97892,14700,0,41124,0
97942,14700,0,41149,0
97996,14700,0,41174,0
98046,14700,0,41199,0
98099,14700,0,41232,0
98149,14701,0,41255,0
98199,14705,0,41283,0
98249,14711,0,41309,1
98301,14721,0,41322,1
98351,14730,0,41348,1
98401,14745,0,41366,1
98451,14758,0,41386,1
98501,14768,0,41414,1
98551,14782,0,41416,1
98602,14792,0,41427,1
98652,14810,0,41444,1
98703,14823,0,41468,1
98753,14841,0,41481,0
98803,14850,0,41503,0
98854,14850,0,41524,0
98905,14850,0,41565,0
98955,14850,0,41596,0
99005,14850,0,41627,0
99059,14850,0,41666,0
99111,14850,0,41693,0
99163,14853,0,41729,0
99214,14856,0,41748,1
99272,14864,0,41765,1
99323,14875,0,41788,0
99374,14885,0,41807,1
99430,14901,0,41825,1
99481,14914,0,41844,1
99536,14926,0,41857,1
99589,14938,0,41874,1
99640,14956,0,41885,2
99690,14968,0,41911,2
99743,14986,0,41924,1
99793,15000,0,41949,0
99848,15000,0,41984,0
99900,15000,0,42006,0
99950,15000,0,42020,0
100000,15000,0,42039,0
100050,15000,0,42073,0
100102,15000,0,42102,0
100153,15002,0,42127,1
100203,15005,0,42154,0
100253,15011,0,42182,1
100303,15020,0,42197,0
100355,15030,0,42215,0
100408,15046,0,42225,0
100459,15059,0,42238,2
100514,15069,0,42256,1
100575,15084,0,42267,1
100627,15099,0,42276,1
100680,15114,0,42280,1
100737,15129,0,42303,1
100787,15148,0,42306,1
100837,15150,0,42329,0
100889,15150,0,42363,0
100940,15150,0,42391,0
100990,15150,0,42413,0
101040,15150,0,42442,0
101094,15150,0,42472,0
101148,15151,0,42509,0
101198,15155,0,42528,0
101250,15160,0,42556,0
101300,15170,0,42575,0
101350,15180,0,42587,2
101404,15193,0,42605,1
101457,15207,0,42613,1
101512,15218,0,42638,0
101562,15232,0,42647,1
101614,15244,0,42718,1
101664,15261,0,42721,1
101716,15274,0,42731,0
101770,15288,0,42740,1
101824,15300,0,42754,0
101874,15300,0,42779,0
101925,15300,0,42804,0
101975,15300,0,42839,0
102025,15300,0,42867,0
102076,15300,0,42898,0
102126,15300,0,42917,0
102176,15304,0,42941,0
102231,15309,0,42963,1
102281,15316,0,42992,1
102333,15325,0,43012,0
102383,15335,0,43032,2
102435,15351,0,43042,0
102489,15364,0,43051,0
102543,15375,0,43067,1
102595,15388,0,43082,0
102645,15404,0,43099,2
102697,15418,0,43126,1
102748,15431,0,43142,1
102799,15447,0,43157,1
102850,15450,0,43181,0
102902,15450,0,43200,0
102952,15450,0,43224,0
103004,15450,0,43247,0
103054,15450,0,43268,0
103104,15450,0,43298,0
103158,15452,0,43318,0
103208,15455,0,43339,0
103262,15461,0,43353,1
103312,15471,0,43365,1
103364,15481,0,43390,1
103414,15494,0,43406,1
103464,15508,0,43415,2
103518,15518,0,43432,0
103568,15533,0,43446,1
103618,15546,0,43455,2
103669,15562,0,43471,3
103722,15575,0,43491,1
103775,15587,0,43501,1
103826,15600,0,43510,0
103882,15600,0,43542,0
103933,15600,0,43577,0
103983,15600,0,43607,0
104034,15600,0,43631,0
104084,15600,0,43656,0
104135,15601,0,43687,0
104185,15604,0,43713,0
104235,15609,0,43738,1
104286,15615,0,43752,1
104338,15625,0,43772,0
104390,15636,0,43792,1
104440,15652,0,43804,1
104493,15665,0,43814,1
104543,15674,0,43831,1
104594,15686,0,43855,1
104645,15703,0,43863,1
104695,15717,0,43883,1
104746,15729,0,43896,0
104796,15745,0,43900,3
104847,15750,0,43921,0
104897,15750,0,43949,0
104948,15750,0,43981,0
104998,15750,0,44013,0
105049,15750,0,44040,0
105100,15750,0,44062,0
105150,15751,0,44084,0
105201,15755,0,44114,0
105251,15760,0,44134,0
105303,15770,0,44155,1
105353,15780,0,44177,3
105407,15788,0,44200,1
105457,15805,0,44209,2
105508,15816,0,44231,0
105559,15829,0,44251,2
105610,15840,0,44273,1
105660,15857,0,44285,2
105712,15870,0,44307,1
105763,15882,0,44331,1
105813,15899,0,44339,1
105865,15900,0,44365,0
105919,15900,0,44395,0
105969,15900,0,44424,0
106023,15900,0,44455,0
106075,15900,0,44480,0
106125,15900,0,44507,0
106175,15904,0,44526,1
106226,15907,0,44557,1
106279,15914,0,44577,1
106330,15923,0,44596,1
106380,15933,0,44618,1
106430,15946,0,44632,0
106482,15962,0,44637,3
106532,15971,0,44654,1
106584,15984,0,44667,1
106634,15999,0,44679,3
106686,16013,0,44703,0
106738,16028,0,44717,2
106788,16037,0,44727,2
106838,16050,0,44743,0
106888,16050,0,44774,0
106941,16050,0,44796,0
106992,16050,0,44822,0
107043,16050,0,44854,0
107099,16050,0,44878,0
107151,16051,0,44905,0
107205,16055,0,44934,0
107255,16060,0,44960,0
107308,16069,0,44976,1
107361,16079,0,44994,1
107412,16089,0,45006,1
107471,16107,0,45025,1
107526,16118,0,45047,1
107576,16133,0,45062,1
107626,16145,0,45077,1
107677,16162,0,45098,0
107729,16173,0,45117,1
107785,16185,0,45141,1
107838,16200,0,45155,0
107891,16200,0,45186,0
107943,16200,0,45216,0
107994,16200,0,45251,0
108048,16200,0,45273,0
108098,16200,0,45309,0
108148,16201,0,45341,0
108198,16205,0,45356,1
108254,16210,0,45379,1
108312,16219,0,45403,1
108363,16230,0,45426,2
108415,16239,0,45445,1
108465,16256,0,45451,1
108515,16267,0,45475,1
108565,16279,0,45486,1
108616,16290,0,45505,0
108666,16309,0,45514,1
108720,16320,0,45535,1
108773,16332,0,45554,0
108825,16349,0,45566,1
108876,16350,0,45591,0
108926,16350,0,45612,0
108984,16350,0,45644,0
109035,16350,0,45666,0
109085,16350,0,45693,0
109137,16351,0,45720,0
109191,16354,0,45746,0
109241,16358,0,45769,1
109291,16365,0,45798,0
109341,16375,0,45813,1
109399,16384,0,45834,1
109450,16401,0,45843,1
109500,16415,0,45868,2
109551,16423,0,45893,0
109601,16436,0,45903,1
109651,16451,0,45919,1
109701,16467,0,45932,2
109751,16479,0,45952,1
109801,16489,0,45963,1
109852,16500,0,45983,0
109905,16500,0,46012,0
109955,16500,0,46033,0
110007,16500,0,46059,0
110058,16500,0,46080,0
110108,16500,0,46113,0
110162,16501,0,46139,0
110213,16505,0,46163,0
110265,16510,0,46199,0
110318,16518,0,46212,0
110370,16530,0,46227,1
110427,16540,0,46247,1
110477,16557,0,46247,1
110528,16568,0,46263,1
110579,16583,0,46273,1
110630,16595,0,46288,1
110681,16612,0,46302,1
110731,16622,0,46316,1
110781,16632,0,46345,0
110831,16650,0,46354,1
110884,16650,0,46378,0
110935,16650,0,46406,0
110986,16650,0,46435,0
111036,16650,0,46466,0
111086,16650,0,46487,0
111138,16651,0,46518,0
111190,16654,0,46544,0
111248,16658,0,46564,1
111302,16666,0,46583,0
111356,16676,0,46601,1
111406,16684,0,46627,1
111457,16699,0,46644,1
111511,16714,0,46656,1
111562,16726,0,46673,1
111613,16738,0,46690,1
111663,16755,0,46702,1
111713,16769,0,46720,1
111763,16780,0,46740,1
111813,16793,0,46754,2
111867,16800,0,46771,0
111918,16800,0,46801,0
111968,16800,0,46826,0
112019,16800,0,46852,0
112070,16800,0,46890,0
112121,16800,0,46920,0
112171,16802,0,46946,1
112221,16805,0,46971,0
112282,16811,0,46989,1
112333,16821,0,47003,1
112384,16831,0,47025,0
112434,16841,0,47050,1
112484,16858,0,47063,0
112536,16869,0,47073,1
112590,16884,0,47091,1
112640,16895,0,47106,0
112691,16913,0,47118,0
112743,16924,0,47183,1
112794,16934,0,47203,0
112844,16950,0,47220,0
112894,16950,0,47238,0
112944,16950,0,47262,0
112994,16950,0,47288,0
113045,16950,0,47329,0
113095,16950,0,47355,0
113146,16951,0,47383,0
113197,16954,0,47400,0
113250,16958,0,47427,1
113300,16966,0,47438,2
113351,16975,0,47458,0
113402,16983,0,47479,0
113454,16997,0,47499,1
113504,17011,0,47510,1
113556,17021,0,47533,1
113606,17036,0,47552,0
113657,17050,0,47562,1
113707,17068,0,47568,3
113757,17079,0,47595,0
113807,17087,0,47608,2
113858,17100,0,47628,0
113908,17100,0,47653,0
113960,17100,0,47678,0
114010,17100,0,47717,0
114060,17100,0,47750,0
114114,17100,0,47776,0
114164,17101,0,47803,0
114214,17105,0,47821,0
114264,17110,0,47843,1
114314,17117,0,47868,0
114366,17126,0,47896,1
114416,17138,0,47914,3
114472,17149,0,47933,1
114524,17166,0,47947,1
114575,17179,0,47971,1
114626,17191,0,47983,1
114677,17208,0,47998,1
114729,17221,0,48016,1
114779,17232,0,48028,1
114829,17245,0,48050,1
114879,17250,0,48073,0
114931,17250,0,48094,0
114983,17250,0,48121,0
115034,17250,0,48143,0
115085,17250,0,48171,0
115141,17250,0,48198,0
115197,17254,0,48220,1
115247,17257,0,48251,0
115297,17264,0,48291,0
115347,17273,0,48309,0
115400,17283,0,48329,1
115450,17292,0,48349,1
115501,17308,0,48359,0
115552,17320,0,48374,0
115602,17335,0,48383,2
115653,17347,0,48402,1
115703,17364,0,48415,0
115757,17377,0,48420,1
115807,17386,0,48438,1
115857,17400,0,48462,0
115908,17400,0,48494,0
115960,17400,0,48519,0
116013,17400,0,48539,0
116063,17400,0,48571,0
116115,17400,0,48602,0
116167,17401,0,48629,0
116219,17405,0,48651,0
116272,17410,0,48673,0
116322,17418,0,48683,0
116373,17427,0,48701,1
116423,17437,0,48718,2
116473,17449,0,48732,1
116523,17465,0,48739,3
116574,17476,0,48760,1
116624,17488,0,48771,2
116675,17505,0,48781,0
116726,17518,0,48805,1
116777,17531,0,48814,0
116827,17543,0,48835,1
116877,17550,0,48858,0
116930,17550,0,48890,0
116980,17550,0,48918,0
117030,17550,0,48942,0
117080,17550,0,48964,0
117132,17550,0,48993,0
117183,17553,0,49018,2
117234,17556,0,49041,0
117290,17561,0,49069,1
117340,17572,0,49088,1
117391,17582,0,49105,0
117441,17590,0,49122,0
117491,17605,0,49137,2
117541,17619,0,49154,0
117591,17631,0,49223,1
117641,17644,0,49241,0
117691,17659,0,49254,1
117742,17670,0,49276,1
117794,17682,0,49296,0
117844,17698,0,49309,2
117894,17700,0,49333,0
117946,17700,0,49362,0
117997,17700,0,49392,0
118048,17700,0,49423,0
118100,17700,0,49444,0
118151,17701,0,49482,0
118201,17704,0,49510,0
118251,17707,0,49537,0
118305,17714,0,49565,0
118355,17723,0,49582,0
118408,17733,0,49595,0
118458,17742,0,49617,0
118508,17758,0,49624,0
118563,17771,0,49641,1
118613,17785,0,49661,0
118663,17798,0,49678,1
118713,17816,0,49687,1
118763,17828,0,49704,3
118813,17837,0,49727,1
118867,17850,0,49739,0
118923,17850,0,49763,0
118973,17850,0,49791,0
119026,17850,0,49816,0
119078,17850,0,49847,0
119128,17850,0,49886,0
119179,17851,0,49915,0
119229,17856,0,49944,1
119280,17860,0,49961,0
119333,17869,0,49972,1
119394,17878,0,49989,1
119444,17890,0,50003,1
119496,17905,0,50018,1
119549,17920,0,50034,1
119599,17932,0,50050,1
119649,17944,0,50076,0
119699,17961,0,50086,2
119749,17972,0,50109,1
119802,17983,0,50125,1
119852,18000,0,50139,0
119903,18000,0,50172,0
119956,18000,0,50207,0
120006,18000,0,50245,0
120058,18000,0,50270,0
120108,18000,0,50289,0
120160,18001,0,50314,0
120210,18004,0,50328,0
120262,18007,0,50346,0
120312,18015,0,50379,1
120365,18025,0,50398,1
120417,18033,0,50419,0
120468,18044,0,50435,2
120519,18060,0,50443,1
120574,18072,0,50460,1
120624,18086,0,50476,0
120674,18100,0,50493,1
120725,18116,0,50508,0
120776,18127,0,50525,1
120827,18139,0,50539,1
120878,18150,0,50553,0
120928,18150,0,50579,0
120978,18150,0,50614,0
121029,18150,0,50649,0
121079,18150,0,50674,0
121130,18150,0,50710,0
121181,18151,0,50740,0
121232,18155,0,50765,0
121283,18160,0,50791,0
121333,18168,0,50819,1
121383,18176,0,50840,1
121434,18186,0,50854,1
121484,18196,0,50864,1
121535,18214,0,50868,1
121586,18223,0,50882,0
121639,18241,0,50892,1
121689,18257,0,50902,3
121740,18269,0,50910,1
121790,18281,0,50932,0
121846,18292,0,50940,1
121898,18300,0,50957,0
121950,18300,0,50988,0
122000,18300,0,51010,0
122050,18300,0,51036,0
122100,18300,0,51074,0
122153,18301,0,51096,1
122206,18304,0,51123,1
122261,18307,0,51146,1
122312,18315,0,51166,2
122362,18324,0,51181,1
122412,18329,0,51203,1
122463,18342,0,51216,1
122515,18356,0,51229,1
122568,18371,0,51240,1
122618,18385,0,51255,3
122668,18397,0,51262,0
122718,18415,0,51270,2
122770,18424,0,51283,1
122821,18436,0,51300,1
122873,18450,0,51313,0
122925,18450,0,51342,0
122975,18450,0,51365,0
123025,18450,0,51398,0
123077,18450,0,51420,0
123127,18450,0,51452,0
123177,18451,0,51487,0
123228,18455,0,51515,0
123278,18459,0,51546,0
123328,18466,0,51567,1
123378,18475,0,51583,0
123428,18483,0,51603,0
123480,18495,0,51612,1
123533,18512,0,51631,1
123584,18522,0,51644,0
123640,18539,0,51657,1
123690,18554,0,51678,2
123742,18569,0,51687,1
123792,18581,0,51705,1
123842,18591,0,51719,2
123894,18600,0,51736,0
123947,18600,0,51763,0
123997,18600,0,51794,0
124047,18600,0,51830,0
124097,18600,0,51855,0
124147,18600,0,51884,0
124202,18603,0,51911,0
124255,18606,0,51935,0
124306,18610,0,51963,0
124357,18622,0,51973,1
124409,18628,0,51987,1
124462,18641,0,52009,0
124515,18655,0,52025,1
124567,18670,0,52035,1
124617,18682,0,52057,2
124667,18697,0,52073,2
124717,18712,0,52080,2
124767,18723,0,52100,1
124818,18735,0,52114,0
124868,18748,0,52131,1
124918,18750,0,52160,0
124968,18750,0,52186,0
125018,18750,0,52218,0
125070,18750,0,52257,0
125121,18750,0,52288,0
125172,18751,0,52316,0
125222,18754,0,52338,0
125276,18757,0,52359,1
125327,18766,0,52379,1
125377,18775,0,52402,1
125427,18782,0,52421,1
125481,18793,0,52436,1
125532,18810,0,52443,2
125583,18821,0,52457,0
125633,18836,0,52478,2
125686,18850,0,52499,1
125736,18868,0,52515,2
125788,18876,0,52539,1
125840,18890,0,52569,1
125890,18900,0,52588,0
125941,18900,0,52616,0
125991,18900,0,52640,0
126041,18900,0,52663,0
126091,18900,0,52687,0
126141,18900,0,52728,0
126193,18901,0,52750,0
126245,18906,0,52783,1
126295,18910,0,52808,0
126347,18919,0,52831,1
126398,18927,0,52849,1
126448,18936,0,52867,1
126504,18949,0,52879,1
126555,18966,0,52891,1
126606,18979,0,52907,1
126663,18993,0,52922,1
126717,19008,0,52935,1
126767,19022,0,52944,0
126817,19034,0,52963,3
126868,19045,0,52978,1
126919,19050,0,52996,0
126972,19050,0,53028,0
127022,19050,0,53059,0
127072,19050,0,53094,0
127127,19050,0,53129,0
127178,19051,0,53155,0
127230,19055,0,53174,0
127282,19056,0,53196,0
127336,19067,0,53216,0
127386,19075,0,53230,0
127437,19084,0,53253,0
127489,19095,0,53269,0
127542,19111,0,53295,1
127592,19124,0,53307,1
127644,19137,0,53332,1
127694,19151,0,53343,1
127745,19167,0,53365,1
127797,19179,0,53387,1
127847,19190,0,53407,0
127907,19200,0,53437,0
127957,19200,0,53467,0
128011,19200,0,53508,0
128061,19200,0,53540,0
128112,19200,0,53559,0
128166,19201,0,53589,0
128217,19204,0,53619,0
128268,19206,0,53640,0
128318,19212,0,53669,1
128368,19223,0,53694,1
128419,19229,0,53723,1
128474,19242,0,53730,1
128525,19256,0,53791,1
128576,19271,0,53810,0
128626,19282,0,53822,1
128677,19297,0,53834,1
128729,19312,0,53856,1
128780,19323,0,53874,1
128831,19335,0,53879,1
128885,19348,0,53894,1
128936,19350,0,53923,0
128986,19350,0,53949,0
129036,19350,0,53973,0
129086,19350,0,54005,0
129136,19350,0,54034,0
129186,19351,0,54060,0
129238,19355,0,54086,0
129289,19358,0,54118,2
129339,19368,0,54136,1
129392,19376,0,54150,1
129442,19384,0,54171,0
129501,19396,0,54180,1
129551,19414,0,54201,1
129606,19425,0,54214,1
129656,19439,0,54219,1
129707,19454,0,54246,1
129757,19470,0,54255,1
129807,19479,0,54282,0
129858,19492,0,54288,1
129909,19500,0,54313,0
129959,19500,0,54347,0
130009,19500,0,54369,0
130061,19500,0,54402,0
130113,19500,0,54431,0
130163,19501,0,54457,0
130215,19504,0,54480,1
130265,19506,0,54514,0
130315,19511,0,54543,0
130365,19522,0,54556,1
130415,19527,0,54581,0
130465,19538,0,54600,1
130516,19550,0,54621,1
130567,19568,0,54631,1
130625,19580,0,54648,1
130675,19594,0,54656,1
130726,19610,0,54685,2
130776,19622,0,54703,0
130826,19634,0,54717,1
130878,19646,0,54738,1
130929,19650,0,54770,0
130979,19650,0,54799,0
131029,19650,0,54826,0
131080,19650,0,54858,0
131130,19650,0,54884,0
131180,19651,0,54910,0
131231,19655,0,54924,1
131281,19656,0,54950,0
131331,19666,0,54973,2
131381,19674,0,54996,0
131431,19680,0,55028,0
131482,19692,0,55086,0
131535,19704,0,55106,0
131586,19721,0,55117,0
131636,19734,0,55138,2
131688,19749,0,55148,0
131739,19763,0,55159,2
131789,19774,0,55169,1
131841,19786,0,55178,1
131891,19799,0,55190,2
131945,19800,0,55210,0
132000,19800,0,55238,0
132054,19800,0,55257,0
132104,19800,0,55297,0
132156,19800,0,55331,0
132207,19802,0,55355,0
132260,19806,0,55375,0
132310,19810,0,55396,0
132360,19819,0,55418,0
132410,19827,0,55430,0
132464,19837,0,55452,0
132515,19847,0,55463,1
132565,19865,0,55470,1
132617,19879,0,55489,2
132667,19890,0,55500,2
132718,19903,0,55515,1
132771,19921,0,55518,0
132822,19930,0,55532,1
132874,19943,0,55543,0
132924,19950,0,55566,0
132974,19950,0,55598,0
133026,19950,0,55626,0
133076,19950,0,55648,0
133131,19950,0,55677,0
133181,19951,0,55702,0
133236,19955,0,55724,1
133286,19956,0,55749,0
133337,19966,0,55770,0
133387,19975,0,55783,1
133440,19983,0,55805,1
133492,19994,0,55822,1
133543,20005,0,55831,1
133593,20021,0,55841,0
133646,20032,0,55848,1
133698,20049,0,55856,1
133748,20061,0,55870,3
133799,20074,0,55890,0
133852,20087,0,55908,1
133903,20099,0,55919,2
133954,20100,0,55950,0
134006,20100,0,55981,0
134056,20100,0,56010,0
134112,20100,0,56035,0
134162,20100,0,56064,0
134212,20102,0,56093,0
134262,20106,0,56116,0
134314,20109,0,56145,1
134367,20121,0,56157,1
134421,20128,0,56180,1
134472,20138,0,56194,1
134525,20148,0,56212,1
134577,20168,0,56226,1
134627,20179,0,56242,0
134677,20193,0,56254,2
134727,20204,0,56277,1
134778,20221,0,56291,0
134828,20229,0,56313,1
134879,20243,0,56331,0
134932,20250,0,56360,0
134982,20250,0,56381,0
135032,20250,0,56409,0
135082,20250,0,56436,0
135135,20250,0,56467,0
135188,20251,0,56497,0
135240,20255,0,56520,1
135294,20257,0,56542,0
135344,20265,0,56559,1
135395,20275,0,56577,0
135449,20284,0,56592,1
135499,20294,0,56609,0
135551,20306,0,56628,1
135606,20323,0,56637,1
135659,20335,0,56646,1
135709,20350,0,56657,2
135761,20365,0,56673,1
135811,20375,0,56692,1
135861,20389,0,56703,1
135911,20400,0,56714,1
135963,20400,0,56753,0
136014,20400,0,56782,0
136066,20400,0,56819,0
136116,20400,0,56852,0
136169,20401,0,56877,1
136219,20403,0,56907,1
136270,20406,0,56928,0
136326,20410,0,56951,1
136380,20423,0,56961,1
136430,20430,0,56979,0
136483,20441,0,57001,1
136534,20450,0,57028,1
136584,20465,0,57030,1
136636,20478,0,57055,1
136687,20494,0,57071,1
136738,20504,0,57094,1
136789,20523,0,57107,2
136839,20532,0,57128,1
136890,20545,0,57146,1
136943,20550,0,57219,0
136998,20550,0,57242,0
137049,20550,0,57274,0
137103,20550,0,57310,0
137155,20550,0,57334,0
137205,20551,0,57361,0
137255,20555,0,57390,0
137312,20558,0,57410,1
137363,20570,0,57422,1
137415,20577,0,57436,1
137466,20586,0,57502,0
137517,20596,0,57515,1
137569,20609,0,57534,1
137620,20625,0,57548,0
137673,20638,0,57562,0
137723,20651,0,57566,1
137773,20667,0,57581,1
137823,20676,0,57594,1
137873,20691,0,57606,1
137923,20700,0,57623,0
137974,20700,0,57648,0
138025,20700,0,57679,0
138075,20700,0,57706,0
138125,20700,0,57729,0
138175,20701,0,57762,0
138226,20703,0,57791,0
138276,20706,0,57866,0
138327,20709,0,57883,0
138381,20722,0,57903,0
138431,20730,0,57923,1
138481,20738,0,57940,1
138532,20748,0,57960,1
138582,20763,0,57984,0
138634,20777,0,58005,1
138684,20793,0,58022,1
138735,20803,0,58048,0
138791,20820,0,58060,1
138847,20830,0,58075,1
138901,20847,0,58084,1
138951,20850,0,58102,0
139002,20850,0,58136,0
139058,20850,0,58166,0
139108,20850,0,58191,0
139159,20850,0,58226,0
139210,20851,0,58251,0
139261,20855,0,58323,0
139312,20857,0,58353,0
139363,20869,0,58379,3
139420,20877,0,58394,1
139471,20886,0,58418,0
139521,20896,0,58430,0
139571,20909,0,58437,1
139621,20925,0,58441,1
139671,20936,0,58457,1
139722,20950,0,58470,2
139772,20961,0,58486,1
139823,20976,0,58493,2
139874,20989,0,58508,1
139928,21000,0,58523,0
139982,21000,0,58558,0
140033,21000,0,58591,0
140084,21000,0,58618,0
140136,21000,0,58648,0
140190,21001,0,58673,0
140240,21004,0,58694,0
140290,21006,0,58721,0
140340,21011,0,58750,1
140391,21022,0,58763,0
140443,21032,0,58780,1
140497,21040,0,58806,1
140547,21053,0,58830,2
140597,21066,0,58842,2
140653,21081,0,58858,1
140703,21095,0,58873,0
140753,21105,0,58897,1
140803,21121,0,58915,0
140855,21131,0,58927,1
140908,21145,0,58943,1
140960,21150,0,58966,0
141013,21150,0,58992,0
141063,21150,0,59027,0
141117,21150,0,59046,0
141167,21150,0,59067,0
141217,21151,0,59094,0
141267,21156,0,59116,1
141320,21158,0,59145,1
141373,21169,0,59158,2
141424,21177,0,59165,1
141476,21186,0,59194,0
141528,21197,0,59217,1
141578,21210,0,59227,2
141631,21226,0,59243,1
141681,21237,0,59264,0
141733,21253,0,59281,1
141788,21262,0,59294,1
141839,21279,0,59301,2
141889,21292,0,59321,1
141941,21300,0,59339,0
141992,21300,0,59372,0
142042,21300,0,59408,0
142093,21300,0,59436,0
142146,21300,0,59469,0
142197,21301,0,59499,0
142247,21305,0,59534,0
142297,21307,0,59566,0
142347,21311,0,59584,0
142401,21322,0,59594,0
142453,21332,0,59615,1
142508,21342,0,59631,1
142559,21354,0,59648,1
142610,21369,0,59660,0
142660,21381,0,59675,0
142710,21395,0,59730,0
142765,21408,0,59765,1
142818,21422,0,59780,1
142870,21437,0,59791,0
142922,21448,0,59811,1
142972,21450,0,59835,0
143022,21450,0,59868,0
143073,21450,0,59902,0
143123,21450,0,59920,0
143173,21450,0,59947,0
143230,21452,0,59973,1
143283,21456,0,59997,0
143340,21459,0,60029,0
143391,21472,0,60042,0
143441,21480,0,60064,0
143491,21487,0,60086,0
143541,21498,0,60100,0
143593,21511,0,60108,1
143649,21527,0,60120,1
143699,21543,0,60136,2
143749,21554,0,60150,1
143804,21566,0,60160,1
143854,21580,0,60173,0
143907,21594,0,60181,0
143964,21600,0,60205,0
144014,21600,0,60230,0
144064,21600,0,60254,0
144116,21600,0,60284,0
144168,21600,0,60307,0
144223,21601,0,60337,0
144273,21606,0,60359,0
144328,21609,0,60387,0
144378,21617,0,60406,1
144430,21627,0,60416,1
144480,21636,0,60435,0
144530,21647,0,60451,1
144582,21657,0,60473,0
144633,21673,0,60481,1
144686,21687,0,60482,1
144736,21702,0,60499,2
144788,21711,0,60516,0
144840,21728,0,60528,1
144892,21741,0,60544,1
144943,21750,0,60571,0
144993,21750,0,60587,0
145044,21750,0,60621,0
145095,21750,0,60647,0
145145,21750,0,60669,0
145195,21751,0,60703,0
145246,21754,0,60724,0
145297,21757,0,60753,1
145347,21759,0,60776,0
145399,21772,0,60798,0
145452,21781,0,60817,0
145504,21790,0,60832,1
145554,21801,0,60854,1
145606,21813,0,60872,1
145658,21827,0,60890,1
145709,21845,0,60899,2
145760,21855,0,60931,0
145810,21867,0,60952,1
145860,21882,0,60968,1
145910,21894,0,60984,0
145964,21900,0,61008,0
146014,21900,0,61028,0
146066,21900,0,61057,0
146117,21900,0,61078,0
146167,21900,0,61108,0
146217,21901,0,61140,0
146267,21905,0,61162,0
146317,21907,0,61189,0
146367,21913,0,61226,0
146417,21923,0,61246,1
146467,21934,0,61269,1
146517,21942,0,61294,0
146567,21954,0,61316,0
146619,21965,0,61336,1
146670,21981,0,61343,1
146721,21997,0,61349,0
146771,22007,0,61369,0
146824,22020,0,61386,1
146876,22036,0,61401,1
146926,22047,0,61420,0
146977,22050,0,61449,0
147027,22050,0,61484,0
147080,22050,0,61509,0
147130,22050,0,61537,0
147184,22050,0,61568,0
147240,22052,0,61594,1
147291,22056,0,61613,0
147341,22059,0,61638,0
147392,22071,0,61644,3
147442,22078,0,61669,1
147495,22087,0,61687,0
147549,22099,0,61699,1
147599,22111,0,61718,1
147650,22125,0,61783,1
147700,22139,0,61796,0
147750,22153,0,61806,0
147800,22163,0,61827,1
147850,22179,0,61846,0
147901,22191,0,61864,0
147952,22200,0,61879,0
148002,22200,0,61949,0
148052,22200,0,61981,0
148102,22200,0,62007,0
148153,22200,0,62026,0
148208,22201,0,62064,0
148266,22205,0,62086,0
148318,22207,0,62115,0
148369,22212,0,62137,1
148425,22224,0,62151,1
148478,22235,0,62164,0
148530,22246,0,62183,1
148580,22257,0,62205,1
148633,22267,0,62219,1
148683,22282,0,62229,1
148733,22298,0,62240,0
148784,22310,0,62252,1
148834,22322,0,62274,1
148884,22337,0,62288,1
148935,22348,0,62304,1
148990,22350,0,62336,0
149042,22350,0,62372,0
149092,22350,0,62398,0
149142,22350,0,62428,0
149192,22351,0,62455,0
149245,22352,0,62483,1
149298,22356,0,62507,0
149350,22359,0,62534,0
149401,22371,0,62551,2
149452,22379,0,62573,1
149502,22388,0,62591,0
149552,22400,0,62605,1
149602,22410,0,62623,1
149652,22424,0,62640,0
149702,22439,0,62647,1
149753,22453,0,62668,0
149803,22464,0,62684,1
149853,22479,0,62702,2
149903,22492,0,62721,1
149955,22500,0,62740,0
150007,22500,0,62761,0
150057,22500,0,62792,0
150110,22500,0,62814,0
150160,22500,0,62844,0
150211,22501,0,62872,0
150261,22505,0,62891,1
150311,22507,0,62907,0
150361,22510,0,62926,0
150413,22520,0,62931,1
150463,22531,0,62944,0
150513,22540,0,62966,0
150565,22550,0,62987,0
150616,22564,0,63007,1
150670,22576,0,63025,0
150721,22591,0,63039,1
150771,22607,0,63051,1
150821,22617,0,63062,0
150871,22633,0,63074,0
150926,22645,0,63086,1
150976,22650,0,63109,0
151026,22650,0,63138,0
151079,22650,0,63163,0
151131,22650,0,63191,0
151181,22650,0,63214,0
151231,22651,0,63240,0
151281,22656,0,63256,0
151331,22657,0,63277,0
151381,22663,0,63301,0
151436,22675,0,63323,1
151486,22685,0,63342,0
151538,22696,0,63364,1
151588,22707,0,63383,0
151638,22716,0,63405,0
151688,22733,0,63414,3
151745,22749,0,63428,1
151795,22761,0,63445,0
151845,22773,0,63459,1
151900,22787,0,63474,1
151953,22800,0,63496,0
152005,22800,0,63528,0
152059,22800,0,63563,0
152114,22800,0,63594,0
152169,22800,0,63620,0
152219,22801,0,63649,0
152272,22805,0,63666,0
152322,22807,0,63699,0
152373,22812,0,63726,1
152425,22823,0,63740,1
152476,22833,0,63759,1
152529,22843,0,63776,0
152579,22855,0,63796,3
152629,22865,0,63810,0
152679,22877,0,63819,1
152729,22894,0,63836,1
152781,22908,0,63849,0
152835,22919,0,63873,1
152889,22935,0,63897,0
152940,22948,0,63913,0
152994,22950,0,63940,0
153048,22950,0,63962,0
153098,22950,0,63994,0
153148,22950,0,64032,0
153199,22951,0,64059,0
153250,22951,0,64090,0
153300,22956,0,64118,0
153351,22959,0,64142,0
153401,22967,0,64172,3
153451,22976,0,64189,0
153501,22987,0,64207,0
153555,22998,0,64228,1
153606,23009,0,64241,0
153656,23020,0,64251,1
153706,23035,0,64261,3
153757,23052,0,64274,1
153811,23064,0,64288,1
153866,23078,0,64306,1
153916,23094,0,64330,3
153969,23100,0,64353,0
154019,23100,0,64379,0
154071,23100,0,64408,0
154121,23100,0,64435,0
154173,23100,0,64468,0
154226,23101,0,64494,0
154276,23105,0,64515,0
154327,23107,0,64551,0
154377,23111,0,64568,1
154429,23120,0,64583,1
154485,23134,0,64592,1
154537,23144,0,64615,1
154587,23157,0,64634,3
154637,23165,0,64662,0
154692,23180,0,64682,1
154744,23196,0,64695,1
154795,23211,0,64713,0
154846,23223,0,64728,1
154900,23236,0,64743,0
154950,23250,0,64753,0
155001,23250,0,64786,0
155055,23250,0,64866,0
155106,23250,0,64899,0
155157,23250,0,64925,0
155209,23251,0,64950,0
155264,23253,0,64968,0
155314,23257,0,64990,1
155366,23260,0,65024,1
155419,23267,0,65046,0
155471,23280,0,65066,1
155526,23291,0,65081,1
155577,23302,0,65096,2
155627,23314,0,65110,1
155678,23326,0,65127,2
155733,23341,0,65136,1
155783,23358,0,65150,1
155833,23368,0,65168,1
155884,23385,0,65185,1
155936,23396,0,65200,1
155986,23400,0,65222,0
156038,23400,0,65258,0
156089,23400,0,65286,0
156139,23400,0,65309,0
156189,23400,0,65342,0
156239,23401,0,65375,0
156289,23406,0,65395,0
156344,23408,0,65412,1
156397,23413,0,65435,0
156447,23425,0,65453,1
156500,23437,0,65470,1
156552,23446,0,65493,1
156603,23457,0,65513,0
156653,23467,0,65529,1
156704,23481,0,65550,1
156759,23499,0,65556,1
156811,23513,0,65569,1
156863,23527,0,65579,1
156914,23538,0,65595,1
156964,23550,0,65603,0
157016,23550,0,65633,0
157067,23550,0,65659,0
157117,23550,0,65681,0
157167,23550,0,65711,0
157217,23551,0,65742,0
157269,23554,0,65762,1
157320,23557,0,65782,0
157371,23560,0,65824,0
157422,23567,0,65843,0
157478,23580,0,65859,1
157528,23592,0,65882,2
157578,23599,0,65895,1
157630,23614,0,65912,1
157681,23624,0,65928,1
157732,23640,0,65949,1
157782,23657,0,65959,0
157832,23667,0,65984,2
157884,23680,0,65990,1
157934,23694,0,66002,1
157984,23700,0,66017,0
158034,23700,0,66042,0
158084,23700,0,66064,0
158134,23700,0,66098,0
158184,23700,0,66121,0
158236,23701,0,66149,0
158286,23706,0,66179,1
158339,23707,0,66209,0
158391,23712,0,66237,1
158443,23722,0,66249,1
158497,23735,0,66265,1
158548,23744,0,66283,0
158599,23753,0,66299,1
158650,23766,0,66313,0
158700,23780,0,66331,0
158755,23793,0,66344,1
158805,23811,0,66351,0
158855,23820,0,66365,0
158905,23836,0,66378,1
158955,23850,0,66386,1
159006,23850,0,66408,0
159056,23850,0,66442,0
159110,23850,0,66473,0
159161,23850,0,66499,0
159211,23851,0,66523,0
159261,23851,0,66558,0
159311,23856,0,66580,0
159361,23859,0,66611,0
159414,23864,0,66644,0
159465,23876,0,66660,0
159517,23888,0,66674,1
159567,23897,0,66698,1
159617,23906,0,66706,1
159668,23917,0,66728,0
159718,23933,0,66747,1
159770,23951,0,66752,3
159821,23964,0,66762,1
159871,23975,0,66778,1
159921,23988,0,66787,2
159973,24000,0,66811,0
160023,24000,0,66837,0
160073,24000,0,66862,0
160125,24000,0,66888,0
160175,24000,0,66913,0
160226,24001,0,66942,0
160278,24005,0,66966,1
160330,24007,0,66988,0
160382,24011,0,67002,1
160436,24019,0,67024,1
160486,24031,0,67038,0
160536,24043,0,67048,1
160586,24050,0,67079,1
160636,24063,0,67092,2
160687,24075,0,67117,0
160739,24087,0,67125,1
160790,24104,0,67191,0
160840,24119,0,67205,1
160890,24129,0,67216,1
160941,24145,0,67225,3
160992,24150,0,67247,0
161042,24150,0,67274,0
161093,24150,0,67297,0
161144,24150,0,67335,0
161196,24150,0,67359,0
161247,24151,0,67376,0
161302,24156,0,67400,0
161355,24158,0,67424,1
161407,24164,0,67456,1
161457,24174,0,67478,0
161508,24187,0,67496,0
161560,24195,0,67511,0
161610,24203,0,67520,0
161662,24217,0,67541,0
161713,24231,0,67549,1
161766,24245,0,67562,1
161817,24260,0,67583,1
161867,24272,0,67592,1
161918,24286,0,67599,0
161970,24300,0,67613,0
162022,24300,0,67647,0
162074,24300,0,67679,0
162124,24300,0,67704,0
162174,24300,0,67731,0
162225,24301,0,67759,0
162279,24303,0,67782,1
162330,24307,0,67807,0
162382,24310,0,67837,0
162433,24317,0,67861,2
162485,24330,0,67882,0
162539,24340,0,67896,1
162589,24351,0,67903,2
162640,24363,0,67920,1
162694,24376,0,67930,2
162745,24388,0,67942,2
162795,24404,0,67969,0
162846,24416,0,67989,1
162897,24429,0,68008,1
162953,24444,0,68014,1
163003,24450,0,68039,0
163053,24450,0,68068,0
163104,24450,0,68098,0
163155,24450,0,68131,0
163206,24451,0,68167,1
163256,24451,0,68203,0
163306,24456,0,68230,0
163357,24458,0,68265,1
163407,24463,0,68292,0
163460,24471,0,68302,1
163512,24487,0,68315,1
163562,24495,0,68327,0
163613,24503,0,68346,1
163663,24517,0,68350,0
163715,24531,0,68366,1
163765,24544,0,68391,0
163817,24559,0,68395,1
163867,24571,0,68410,1
163920,24586,0,68425,0
163970,24600,0,68440,0
164022,24600,0,68460,0
164072,24600,0,68485,0
164122,24600,0,68510,0
164172,24600,0,68533,0
164222,24601,0,68559,0
164272,24602,0,68591,1
164322,24607,0,68612,0
164373,24610,0,68628,0
164424,24615,0,68640,0
164477,24628,0,68654,1
164528,24638,0,68668,0
164579,24647,0,68691,0
164629,24657,0,68701,0
164679,24669,0,68723,1
164731,24683,0,68739,0
164781,24700,0,68757,0
164831,24713,0,68779,1
164883,24724,0,68793,0
164933,24737,0,68806,0
164984,24750,0,68826,0
165036,24750,0,68859,0
165086,24750,0,68894,0
165136,24750,0,68920,0
165187,24750,0,68958,0
165237,24751,0,68978,0
165287,24753,0,69004,1
165338,24757,0,69031,0
165388,24761,0,69055,0
165439,24767,0,69085,1
165489,24780,0,69100,1
165539,24789,0,69124,0
165589,24798,0,69147,1
165639,24809,0,69158,0
165689,24822,0,69173,2
165743,24835,0,69182,1
165793,24852,0,69192,0
165843,24865,0,69206,0
165895,24876,0,69218,1
165945,24890,0,69233,1
165998,24900,0,69251,0
166048,24900,0,69275,0
166099,24900,0,69299,0
166149,24900,0,69330,0
166201,24900,0,69402,0
166252,24901,0,69433,0
166302,24906,0,69460,1
166352,24907,0,69487,0
166409,24913,0,69513,1
166460,24919,0,69533,0
166510,24934,0,69551,1
166561,24944,0,69565,1
166611,24952,0,69578,0
166663,24963,0,69595,1
166714,24979,0,69601,0
166771,24991,0,69607,1
166821,25010,0,69614,1
166871,25019,0,69636,0
166921,25035,0,69652,1
166973,25047,0,69662,1
167023,25050,0,69687,0
167075,25050,0,69717,0
167126,25050,0,69743,0
167176,25050,0,69768,0
167226,25051,0,69794,0
167276,25052,0,69822,0
167326,25057,0,69849,0
167376,25060,0,69871,0
167426,25065,0,69889,1
167478,25074,0,69904,1
167532,25088,0,69915,1
167582,25096,0,69923,1
167636,25107,0,69941,1
167686,25118,0,69955,1
167738,25134,0,69966,1
167789,25147,0,69984,2
167841,25164,0,69989,1
167893,25175,0,70012,1
167945,25188,0,70019,1
167996,25200,0,70042,0
168046,25200,0,70079,0
168099,25200,0,70099,0
168152,25200,0,70120,0
168202,25200,0,70163,0
168253,25201,0,70195,0
168305,25206,0,70216,1
168356,25207,0,70251,0
168416,25213,0,70269,1
168466,25221,0,70288,2
168516,25234,0,70298,0
168567,25243,0,70315,1
168624,25253,0,70327,1
168676,25265,0,70350,1
168726,25280,0,70358,0
168776,25291,0,70375,0
168826,25309,0,70383,1
168877,25319,0,70395,1
168927,25335,0,70413,1
168978,25346,0,70423,1
169028,25350,0,70444,0
169082,25350,0,70477,0
169136,25350,0,70510,0
169186,25350,0,70545,0
169238,25351,0,70587,0
169289,25353,0,70611,0
169340,25357,0,70636,0
169392,25361,0,70654,1
169447,25366,0,70681,1
169498,25377,0,70702,1
169551,25390,0,70718,0
169601,25397,0,70737,0
169651,25410,0,70757,0
169701,25421,0,70769,1
169754,25435,0,70797,1
169804,25454,0,70821,4
169855,25465,0,70842,0
169905,25476,0,70855,0
169955,25491,0,70868,1
170005,25500,0,70891,0
170056,25500,0,70925,0
170107,25500,0,70954,0
170159,25500,0,70982,0
170214,25500,0,71011,0
170267,25501,0,71038,0
170318,25506,0,71061,0
170371,25509,0,71090,1
170421,25513,0,71111,1
170473,25522,0,71140,1
170526,25535,0,71153,1
170576,25545,0,71178,1
170629,25555,0,71231,1
170684,25565,0,71253,1
170737,25582,0,71266,1
170787,25595,0,71282,3
170838,25611,0,71289,1
170892,25620,0,71301,1
170942,25637,0,71313,0
170992,25650,0,71346,0
171042,25650,0,71454,0
171092,25650,0,71483,0
171144,25650,0,71509,0
171195,25650,0,71536,0
171245,25651,0,71576,0
171297,25653,0,71592,0
171350,25657,0,71617,0
171400,25661,0,71634,0
171452,25667,0,71657,1
171504,25679,0,71678,0
171554,25691,0,71698,0
171604,25699,0,71725,1
171656,25710,0,71741,0
171707,25722,0,71755,1
171759,25736,0,71770,1
171809,25753,0,71780,2
171869,25767,0,71835,1
171919,25779,0,71858,1
171971,25793,0,71876,0
172025,25800,0,71908,0
172075,25800,0,71937,0
172127,25800,0,71957,0
172177,25800,0,71991,0
172227,25801,0,72012,0
172277,25801,0,72037,0
172330,25806,0,72063,0
172382,25809,0,72092,0
172434,25814,0,72119,1
172486,25824,0,72132,1
172536,25835,0,72146,0
172586,25846,0,72170,1
172636,25855,0,72179,3
172687,25866,0,72190,1
172741,25882,0,72201,1
172791,25893,0,72227,2
172842,25910,0,72241,0
172893,25920,0,72257,1
172943,25935,0,72262,1
172993,25950,0,72279,2
173045,25950,0,72308,0
173099,25950,0,72335,0
173152,25950,0,72361,0
173202,25950,0,72394,0
173252,25951,0,72421,0
173303,25954,0,72448,1
173354,25957,0,72479,0
173408,25962,0,72509,1
173462,25969,0,72523,1
173514,25980,0,72539,0
173565,25992,0,72557,1
173615,25998,0,72570,1
173669,26011,0,72585,0
173719,26027,0,72606,1
173769,26037,0,72616,1
173819,26052,0,72622,3
173873,26067,0,72640,1
173924,26077,0,72654,1
173976,26094,0,72662,1
174027,26100,0,72686,0
174080,26100,0,72704,0
174130,26100,0,72722,0
174180,26100,0,72759,0
174230,26101,0,72792,0
174282,26101,0,72823,0
174333,26106,0,72845,0
174383,26109,0,72868,0
174439,26113,0,72890,0
174490,26124,0,72905,1
174540,26137,0,72927,1
174591,26146,0,72943,0
174641,26154,0,72956,1
174694,26166,0,72979,0
174744,26181,0,72988,0
174795,26191,0,73005,1
174845,26210,0,73005,4
174895,26220,0,73026,1
174945,26233,0,73037,0
174996,26250,0,73055,2
175046,26250,0,73086,0
175096,26250,0,73116,0
175149,26250,0,73142,0
175205,26250,0,73175,0
175258,26251,0,73200,0
175308,26255,0,73228,1
175358,26257,0,73251,0
175408,26262,0,73274,1
175458,26267,0,73309,0
175508,26278,0,73323,1
175558,26290,0,73340,1
175608,26297,0,73360,1
175658,26308,0,73378,1
175710,26321,0,73393,3
175760,26335,0,73402,1
175810,26345,0,73474,0
175862,26363,0,73486,1
175912,26372,0,73500,1
175962,26389,0,73517,2
176012,26400,0,73533,0
176066,26400,0,73560,0
176120,26400,0,73585,0
176172,26400,0,73605,0
176222,26401,0,73628,1
176273,26401,0,73657,0
176324,26406,0,73676,0
176376,26409,0,73708,1
176427,26413,0,73727,1
176479,26420,0,73745,1
176530,26432,0,73759,1
176580,26444,0,73767,1
176630,26450,0,73793,1
176680,26462,0,73811,1
176730,26476,0,73814,3
176782,26487,0,73825,1
176834,26501,0,73845,1
176884,26518,0,73854,1
176936,26530,0,73871,1
176987,26545,0,73884,1
177038,26550,0,73901,0
177088,26550,0,73932,0
177140,26550,0,73976,0
177197,26550,0,74007,0
177248,26551,0,74027,0
177304,26553,0,74054,1
177355,26557,0,74080,0
177406,26561,0,74109,0
177463,26567,0,74124,0
177514,26580,0,74136,2
177564,26589,0,74159,1
177614,26597,0,74190,0
177667,26609,0,74201,1
177717,26619,0,74217,1
177769,26635,0,74235,0
177823,26647,0,74252,1
177874,26665,0,74261,1
177925,26674,0,74288,1
177975,26693,0,74301,2
178026,26700,0,74325,0
178076,26700,0,74347,0
178129,26700,0,74373,0
178179,26700,0,74404,0
178230,26701,0,74423,0
178282,26701,0,74442,0
178332,26706,0,74463,0
178385,26709,0,74487,0
178436,26713,0,74515,1
178486,26719,0,74543,0
178541,26733,0,74565,0
178591,26746,0,74577,1
178642,26750,0,74603,0
178693,26763,0,74618,1
178744,26780,0,74628,1
178795,26789,0,74651,0
178847,26806,0,74710,2
178897,26820,0,74720,1
178951,26833,0,74736,1
179002,26850,0,74750,1
179053,26850,0,74788,0
179104,26850,0,74810,0
179155,26850,0,74841,0
179209,26850,0,74864,0
179260,26851,0,74893,0
179310,26852,0,74917,0
179363,26857,0,74941,0
179414,26862,0,74969,0
179464,26867,0,74996,1
179515,26879,0,75014,1
179566,26888,0,75028,0
179616,26897,0,75044,0
179667,26909,0,75067,1
179721,26918,0,75083,1
179771,26935,0,75102,0
179825,26945,0,75121,1
179876,26965,0,75132,1
179927,26974,0,75152,1
179977,26993,0,75162,2
180027,27000,0,75189,0
180077,27000,0,75215,0
180130,27000,0,75243,0
180181,27000,0,75275,0
180237,27001,0,75300,0
180287,27001,0,75334,0
180337,27006,0,75351,0
180389,27009,0,75385,0
180439,27013,0,75398,1
180491,27019,0,75421,0
180541,27033,0,75427,0
180591,27044,0,75436,1
180641,27050,0,75458,1
180692,27062,0,75474,1
180742,27079,0,75489,4
180792,27088,0,75513,2
180851,27099,0,75527,1
180905,27120,0,75536,0
180955,27133,0,75550,1
181005,27148,0,75565,1
181055,27150,0,75592,0
181105,27150,0,75625,0
181155,27150,0,75650,0
181206,27150,0,75680,0
181258,27151,0,75711,0
181308,27152,0,75740,0
181361,27157,0,75768,0
181412,27161,0,75785,0
181466,27167,0,75808,1
181516,27178,0,75824,2
181567,27188,0,75845,0
181618,27197,0,75869,0
181668,27206,0,75886,1
181718,27217,0,75903,1
181768,27234,0,75912,2
181819,27244,0,75925,1
181869,27254,0,75932,3
181919,27271,0,75944,0
181969,27289,0,75952,4
182019,27300,0,75968,0
182071,27300,0,75995,0
182122,27300,0,76031,0
182173,27300,0,76061,0
182229,27301,0,76097,1
182280,27301,0,76119,0
182331,27306,0,76140,1
182381,27308,0,76168,1
182433,27312,0,76193,0
182485,27319,0,76215,0
182538,27332,0,76236,1
182589,27343,0,76250,0
182639,27348,0,76271,0
182689,27361,0,76288,0
182739,27375,0,76306,1
182790,27386,0,76316,0
182840,27397,0,76330,1
182890,27413,0,76339,3
182943,27425,0,76357,0
182994,27444,0,76368,1
183048,27450,0,76384,0
183098,27450,0,76416,0
183150,27450,0,76450,0
183205,27450,0,76477,0
183258,27451,0,76507,0
183309,27452,0,76527,0
183361,27457,0,76550,0
183416,27461,0,76577,0
183466,27467,0,76594,1
183519,27477,0,76624,1
183569,27488,0,76636,1
183620,27497,0,76653,0
183670,27506,0,76676,1
183723,27517,0,76694,1
183775,27531,0,76707,0
183826,27544,0,76727,0
183882,27552,0,76739,1
183932,27574,0,76746,1
183982,27587,0,76765,1
184036,27600,0,76783,0
184087,27600,0,76812,0
184139,27600,0,76848,0
184189,27600,0,76874,0
184240,27601,0,76893,0
184290,27601,0,76922,0
184341,27606,0,76952,0
184391,27609,0,76973,0
184441,27613,0,76990,1
184491,27619,0,77008,0
184542,27632,0,77023,1
184592,27643,0,77040,1
184644,27648,0,77066,0
184694,27661,0,77075,0
184748,27673,0,77089,1
184800,27688,0,77103,1
184852,27698,0,77128,0
184902,27715,0,77144,4
184957,27728,0,77155,1
185007,27747,0,77162,1
185057,27750,0,77189,0
185107,27750,0,77229,0
185160,27750,0,77256,0
185210,27750,0,77291,0
185260,27751,0,77318,0
185310,27752,0,77343,0
185362,27756,0,77375,0
185417,27761,0,77396,1
185467,27767,0,77415,1
185517,27774,0,77423,1
185570,27788,0,77452,1
185620,27797,0,77466,0
185675,27803,0,77486,1
185725,27817,0,77494,1
185776,27831,0,77506,1
185831,27845,0,77515,1
185882,27851,0,77535,0
185933,27873,0,77546,0
185985,27887,0,77562,1
186037,27900,0,77581,0
186087,27900,0,77607,0
186138,27900,0,77639,0
186190,27900,0,77665,0
186242,27901,0,77702,0
186293,27901,0,77724,0
186344,27906,0,77754,0
186398,27910,0,77790,1
186452,27914,0,77816,1
186503,27920,0,77832,1
186553,27934,0,77854,2
186603,27946,0,77867,1
186653,27949,0,77886,1
186703,27960,0,77905,2
186753,27976,0,77915,2
186803,27987,0,77935,1
186853,27998,0,77950,1
186903,28013,0,77959,5
186953,28027,0,77980,1
187007,28043,0,77982,1
187058,28050,0,78001,0
187111,28050,0,78027,0
187161,28050,0,78058,0
187211,28050,0,78088,0
187261,28051,0,78107,0
187311,28052,0,78142,0
187361,28056,0,78165,0
187411,28060,0,78180,0
187467,28066,0,78195,0
187520,28074,0,78205,1
187572,28087,0,78221,0
187622,28097,0,78238,0
187673,28102,0,78265,0
187725,28116,0,78278,0
187776,28129,0,78287,1
187826,28144,0,78302,3
187879,28150,0,78319,0
187929,28169,0,78334,2
187979,28181,0,78354,1
188030,28200,0,78362,1
188083,28200,0,78393,0
188134,28200,0,78418,0
188185,28200,0,78452,0
188235,28200,0,78484,0
188288,28201,0,78513,0
188338,28206,0,78537,0
188390,28208,0,78563,1
188442,28212,0,78582,0
188492,28219,0,78604,0
188546,28231,0,78621,1
188597,28242,0,78646,1
188649,28248,0,78667,0
188703,28257,0,78687,1
188756,28272,0,78709,0
188807,28288,0,78725,1
188858,28298,0,78747,1
188910,28306,0,78761,1
188960,28327,0,78775,0
189013,28344,0,78789,1
189063,28350,0,78817,0
189113,28350,0,78842,0
189163,28350,0,78881,0
189213,28350,0,78909,0
189263,28351,0,78937,0
189315,28353,0,78968,0
189366,28357,0,78999,1
189420,28361,0,79016,1
189471,28366,0,79041,0
189521,28372,0,79076,0
189571,28385,0,79086,1
189626,28397,0,79100,1
189677,28402,0,79131,0
189735,28417,0,79142,1
189785,28431,0,79157,0
189842,28445,0,79167,1
189894,28453,0,79187,1
189945,28473,0,79194,3
189997,28487,0,79202,1
190049,28500,0,79224,0
190099,28500,0,79252,0
190151,28500,0,79284,0
190203,28500,0,79311,0
190253,28501,0,79339,0
190303,28501,0,79361,0
190357,28506,0,79371,0
190407,28509,0,79404,1
190460,28514,0,79428,1
190511,28522,0,79452,2
190562,28533,0,79465,1
190615,28544,0,79480,0
190665,28549,0,79507,0
190716,28559,0,79523,1
190769,28575,0,79532,1
190820,28591,0,79546,0
190873,28599,0,79568,1
190923,28609,0,79579,2
190975,28623,0,79579,1
191025,28647,0,79579,1
191078,28650,0,79597,0
191128,28650,0,79630,0
191182,28650,0,79676,0
191232,28650,0,79703,0
191282,28651,0,79733,0
191332,28653,0,79757,0
191382,28657,0,79776,0
191434,28661,0,79798,0
191491,28667,0,79866,1
191543,28678,0,79880,1
191593,28691,0,79891,0
191644,28698,0,79921,1
191698,28705,0,79938,0
191748,28720,0,79943,2
191800,28735,0,79955,1
191850,28746,0,79977,1
191900,28752,0,79994,1
191951,28768,0,80004,2
192001,28784,0,80017,4
192054,28800,0,80031,0
192104,28800,0,80047,0
192155,28800,0,80070,0
192207,28800,0,80094,0
192257,28801,0,80123,0
192309,28801,0,80152,0
192359,28806,0,80222,0
192412,28809,0,80244,1
192462,28814,0,80271,1
192513,28822,0,80293,1
192564,28833,0,80316,1
192616,28844,0,80329,0
192666,28849,0,80357,0
192716,28858,0,80375,0
192766,28874,0,80383,1
192816,28889,0,80395,0
192866,28898,0,80407,1
192918,28905,0,80430,1
192968,28920,0,80452,0
193018,28940,0,80462,2
193068,28950,0,80475,0
193119,28950,0,80501,0
193170,28950,0,80521,0
193222,28950,0,80546,0
193274,28951,0,80571,0
193324,28953,0,80601,0
193377,28957,0,80626,0
193429,28961,0,80652,0
193482,28966,0,80677,0
193533,28974,0,80696,1
193583,28987,0,80714,2
193633,28997,0,80729,0
193684,29002,0,80750,0
193735,29012,0,80774,0
193786,29028,0,80792,1
193837,29042,0,80809,0
193887,29050,0,80825,1
193937,29061,0,80846,1
193989,29075,0,80851,1
194045,29097,0,80855,1
194095,29100,0,80888,0
194146,29100,0,80912,0
194198,29100,0,80936,0
194248,29100,0,80965,0
194298,29101,0,80988,0
194349,29105,0,81011,0
194400,29108,0,81045,0
194460,29114,0,81068,1
194510,29120,0,81083,1
194560,29132,0,81105,1
194613,29143,0,81122,1
194663,29149,0,81151,0
194713,29158,0,81167,0
194764,29173,0,81187,1
194819,29188,0,81211,1
194869,29198,0,81226,0
194919,29205,0,81240,1
194972,29220,0,81263,3
195022,29238,0,81281,1
195072,29250,0,81293,0
195126,29250,0,81328,0
195178,29250,0,81354,0
195231,29250,0,81385,0
195281,29251,0,81405,0
195331,29253,0,81423,0
195381,29257,0,81449,1
195431,29261,0,81470,0
195483,29266,0,81494,0
195533,29273,0,81524,0
195583,29285,0,81540,1
195633,29297,0,81560,1
195686,29301,0,81575,1
195737,29312,0,81590,0
195787,29327,0,81604,1
195839,29342,0,81619,1
195890,29350,0,81640,1
195940,29361,0,81662,0
195991,29375,0,81674,1
196046,29397,0,81677,1
196096,29400,0,81701,0
196147,29400,0,81723,0
196199,29400,0,81752,0
196250,29401,0,81786,1
196300,29401,0,81814,0
196352,29405,0,81841,0
196403,29408,0,81864,0
196453,29413,0,81884,0
196503,29417,0,81910,1
196558,29430,0,81921,1
196610,29442,0,81936,0
196665,29449,0,81961,1
196715,29458,0,81984,1
196765,29472,0,81996,2
196815,29485,0,82001,1
196865,29496,0,82027,0
196916,29503,0,82054,0
196968,29516,0,82075,1
197018,29536,0,82094,2
197068,29550,0,82111,0
197119,29550,0,82139,0
197170,29550,0,82161,0
197227,29550,0,82183,0
197280,29551,0,82214,0
197330,29553,0,82243,0
197380,29556,0,82281,0
197432,29561,0,82301,0
197483,29566,0,82331,0
197535,29573,0,82356,0
197586,29585,0,82367,2
197636,29597,0,82383,0
197686,29600,0,82414,0
197736,29610,0,82435,1
197786,29626,0,82453,0
197841,29642,0,82462,1
197891,29648,0,82482,0
197944,29659,0,82537,1
197997,29675,0,82551,1
198047,29696,0,82558,2
198098,29700,0,82589,0
198150,29700,0,82613,0
198201,29700,0,82640,0
198251,29700,0,82667,0
198303,29701,0,82705,0
198357,29706,0,82718,1
198410,29708,0,82749,0
198461,29713,0,82772,0
198515,29719,0,82793,1
198565,29727,0,82815,0
198617,29743,0,82830,1
198667,29749,0,82851,0
198721,29758,0,82878,0
198772,29773,0,82891,2
198823,29782,0,82901,2
198874,29797,0,82906,0
198925,29804,0,82930,0
198979,29820,0,82941,1
199029,29833,0,82953,2
199084,29850,0,82970,0
199135,29850,0,82994,0
199186,29850,0,83022,0
199237,29850,0,83052,0
199288,29851,0,83128,0
199338,29853,0,83157,0
199388,29856,0,83182,0
199438,29861,0,83204,0
199489,29866,0,83230,0
199539,29873,0,83251,0
199589,29884,0,83270,1
199640,29897,0,83283,0
199693,29901,0,83309,1
199744,29910,0,83324,0
199795,29927,0,83336,1
199845,29937,0,83354,1
199895,29949,0,83373,1
199947,29960,0,83400,1
200004,29975,0,83418,1
200054,29997,0,83441,0
200104,30000,0,83461,0
200154,30000,0,83483,0
200204,30000,0,83514,0
200255,30001,0,83538,1
200308,30001,0,83576,0
200358,30006,0,83590,1
200410,30008,0,83616,0
200460,30012,0,83645,1
200510,30016,0,83676,0
200562,30026,0,83689,0
200612,30041,0,83695,1
200664,30048,0,83724,0
200714,30055,0,83737,0
200768,30069,0,83753,1
200819,30080,0,83766,1
200872,30096,0,83779,0
200923,30104,0,83800,1
200973,30117,0,83805,1
201023,30130,0,83818,2
201075,30150,0,83828,0
201129,30150,0,83859,0
201182,30150,0,83886,0
201233,30150,0,83914,0
201283,30151,0,83943,0
201342,30153,0,83967,1
201394,30157,0,83985,1
201444,30161,0,84015,0
201495,30166,0,84036,0
201545,30173,0,84058,0
201595,30182,0,84068,2
201646,30197,0,84079,0
201697,30201,0,84109,1
201747,30210,0,84136,1
201800,30226,0,84139,1
201852,30237,0,84163,1
201902,30250,0,84183,1
201953,30258,0,84206,0
202008,30274,0,84223,0
202058,30295,0,84228,4
202112,30300,0,84252,0
202162,30300,0,84281,0
202212,30300,0,84308,0
202262,30301,0,84340,0
202313,30301,0,84362,0
202372,30306,0,84396,1
202429,30309,0,84423,1
202479,30314,0,84441,0
202530,30321,0,84464,1
202580,30327,0,84484,0
202631,30344,0,84488,2
202682,30349,0,84515,0
202733,30358,0,84528,0
202784,30371,0,84552,1
202835,30383,0,84567,1
202885,30397,0,84575,0
202936,30405,0,84598,0
202987,30420,0,84624,0
203038,30430,0,84653,0
203088,30450,0,84663,0
203138,30450,0,84685,0
203188,30450,0,84714,0
203239,30450,0,84741,0
203289,30451,0,84771,0
203340,30452,0,84792,0
203394,30456,0,84814,0
203444,30461,0,84833,0
203494,30466,0,84852,0
203547,30473,0,84879,0
203597,30481,0,84895,1
203647,30497,0,84953,0
203699,30501,0,84981,1
203749,30510,0,85003,1
203801,30526,0,85015,1
203852,30536,0,85029,1
203905,30550,0,85048,0
203955,30558,0,85067,0
204006,30574,0,85086,0
204057,30585,0,85112,1
204112,30600,0,85125,0
204164,30600,0,85198,0
204214,30600,0,85231,0
204265,30601,0,85251,0
204316,30601,0,85270,0
204366,30605,0,85292,0
204418,30608,0,85317,0
204470,30612,0,85337,1
204523,30617,0,85364,1
204577,30627,0,85378,1
204631,30642,0,85391,1
204682,30649,0,85414,0
204732,30658,0,85427,0
204785,30669,0,85446,1
204835,30682,0,85455,1
204897,30696,0,85462,1
204948,30706,0,85489,1
205000,30720,0,85501,1
205051,30733,0,85522,0
205102,30750,0,85530,0
205153,30750,0,85566,0
205209,30750,0,85592,0
205260,30751,0,85611,1
205311,30751,0,85652,0
205364,30754,0,85672,1
205415,30758,0,85691,0
205465,30761,0,85720,0
205519,30766,0,85803,0
205569,30776,0,85867,0
205619,30787,0,85888,0
205677,30799,0,85905,1
205727,30807,0,85925,1
205778,30817,0,85940,0
205828,30830,0,85954,1
205881,30842,0,86013,1
205931,30854,0,86020,1
205984,30867,0,86048,1
206035,30879,0,86066,0
206085,30897,0,86083,6
206136,30900,0,86120,0
206187,30900,0,86143,0
206239,30900,0,86174,0
206290,30901,0,86196,0
206341,30902,0,86225,0
206391,30906,0,86253,0
206441,30910,0,86277,0
206494,30916,0,86301,0
206544,30923,0,86324,1
206594,30929,0,86338,1
206653,30944,0,86356,1
206707,30951,0,86374,0
206757,30960,0,86393,0
206808,30974,0,86402,1
206864,30986,0,86415,1
206914,30999,0,86428,1
206965,31009,0,86443,1
207015,31024,0,86461,2
207067,31036,0,86473,1
207120,31050,0,86485,0
207170,31050,0,86508,0
207222,31050,0,86527,0
207274,31051,0,86550,0
207329,31052,0,86574,1
207381,31056,0,86603,0
207431,31058,0,86632,0
207486,31064,0,86652,0
207536,31070,0,86680,1
207586,31077,0,86710,1
207636,31090,0,86729,2
207687,31099,0,86747,0
207739,31108,0,86768,0
207789,31119,0,86795,1
207841,31132,0,86807,1
207893,31145,0,86820,0
207950,31155,0,86843,0
208000,31170,0,86858,1
208054,31183,0,86877,1
208108,31200,0,86891,0
208164,31200,0,86918,0
208217,31200,0,86943,0
208268,31201,0,86969,1
208320,31201,0,86999,0
208370,31205,0,87023,1
208422,31208,0,87050,0
208473,31211,0,87073,0
208523,31216,0,87099,0
208574,31226,0,87128,0
208624,31237,0,87144,2
208675,31248,0,87159,0
208728,31255,0,87180,1
208778,31262,0,87185,2
208828,31280,0,87206,1
208883,31290,0,87222,1
208933,31304,0,87240,1
208989,31312,0,87257,1
209040,31329,0,87268,0
209090,31346,0,87281,2
209141,31350,0,87309,0
209192,31350,0,87341,0
209245,31350,0,87366,0
209298,31351,0,87397,0
209349,31352,0,87420,0
209399,31356,0,87441,0
209452,31361,0,87467,0
209502,31366,0,87488,0
209552,31373,0,87515,1
209604,31380,0,87538,1
209655,31394,0,87556,1
209707,31401,0,87583,1
209757,31410,0,87600,1
209810,31424,0,87609,2
209864,31436,0,87629,1
209917,31448,0,87651,1
209968,31458,0,87665,0
210020,31474,0,87680,1
210071,31486,0,87695,0
210125,31500,0,87715,0
210175,31500,0,87745,0
210225,31500,0,87765,0
210275,31501,0,87791,0
210327,31501,0,87822,0
210380,31506,0,87848,1
210430,31508,0,87886,0
210480,31513,0,87908,2
210532,31518,0,87931,1
210585,31526,0,87959,0
210641,31538,0,87972,1
210691,31549,0,87984,0
210742,31557,0,87998,1
210792,31566,0,88018,3
210842,31581,0,88029,1
210892,31595,0,88052,2
210944,31602,0,88072,1
210996,31613,0,88082,1
211048,31630,0,88093,1
211102,31647,0,88106,1
211156,31650,0,88134,0
211206,31650,0,88160,0
211257,31650,0,88185,0
211309,31651,0,88209,0
211362,31653,0,88235,0
211413,31658,0,88265,0
211465,31661,0,88292,0
211515,31666,0,88307,0
211565,31675,0,88326,1
211616,31683,0,88342,1
211667,31697,0,88353,1
211719,31701,0,88386,0
211769,31710,0,88418,0
211820,31724,0,88437,0
211871,31737,0,88446,1
211922,31748,0,88475,0
211974,31758,0,88484,0
212024,31772,0,88498,0
212075,31787,0,88522,1
212133,31800,0,88548,0
212185,31800,0,88569,0
212235,31800,0,88591,0
212285,31801,0,88612,0
212335,31802,0,88641,1
212385,31806,0,88666,1
212435,31808,0,88688,0
212491,31815,0,88720,1
212542,31820,0,88744,0
212592,31827,0,88758,0
212642,31837,0,88773,0
212692,31849,0,88803,0
212742,31857,0,88820,1
212794,31866,0,88834,1
212844,31881,0,88850,1
212896,31895,0,88866,2
212948,31902,0,88883,1
212998,31913,0,88899,1
213054,31930,0,88925,1
213104,31947,0,88935,2
213154,31950,0,88954,0
213209,31950,0,88984,0
213261,31950,0,89015,0
213311,31951,0,89038,0
213361,31952,0,89061,0
213415,31958,0,89077,1
213469,31961,0,89157,0
213521,31966,0,89194,0
213571,31975,0,89217,1
213622,31982,0,89237,1
213672,31997,0,89249,0
213723,32002,0,89271,1
213775,32010,0,89291,0
213826,32024,0,89309,0
213876,32038,0,89325,3
213933,32049,0,89348,1
213984,32060,0,89363,0
214036,32075,0,89378,1
214086,32089,0,89392,1
214137,32100,0,89406,0
214188,32100,0,89423,0
214240,32100,0,89456,0
214290,32101,0,89484,0
214341,32102,0,89512,0
214391,32106,0,89537,0
214442,32109,0,89564,1
214492,32115,0,89595,1
214542,32120,0,89620,1
214592,32127,0,89643,1
214642,32137,0,89660,0
214694,32149,0,89675,0
214744,32155,0,89696,1
214794,32165,0,89721,1
214851,32179,0,89743,1
214901,32195,0,89755,1
214953,32203,0,89773,1
215003,32213,0,89793,0
215053,32229,0,89806,0
215106,32244,0,89827,1
215156,32250,0,89856,0
215207,32250,0,89888,0
215264,32250,0,89922,0
215316,32251,0,89939,0
215366,32252,0,89963,0
215417,32257,0,89993,0
215470,32261,0,90010,0
215522,32266,0,90022,0
215572,32276,0,90039,1
215625,32282,0,90060,1
215677,32295,0,90074,1
215731,32303,0,90090,1
215782,32311,0,90104,0
215833,32326,0,90169,1
215884,32338,0,90183,1
215935,32349,0,90202,1
215985,32359,0,90226,1
216036,32372,0,90237,2
216086,32389,0,90250,1
216141,32400,0,90277,0
216191,32400,0,90323,0
216246,32400,0,90349,0
216297,32401,0,90381,0
216347,32402,0,90407,0
216398,32406,0,90431,0
216450,32409,0,90506,0
216501,32415,0,90526,0
216552,32421,0,90558,0
216603,32428,0,90579,0
216655,32438,0,90606,0
216706,32450,0,90627,1
216756,32458,0,90648,0
216806,32468,0,90663,1
216856,32481,0,90678,1
216908,32496,0,90687,1
216958,32505,0,90698,1
217008,32513,0,90723,0
217061,32530,0,90737,1
217112,32544,0,90742,1
217166,32550,0,90759,0
217216,32550,0,90787,0
217267,32550,0,90823,0
217318,32551,0,90859,0
217368,32552,0,90884,0
217418,32557,0,90910,0
217473,32561,0,90931,0
217525,32566,0,90951,0
217575,32575,0,90971,1
217629,32582,0,90996,1
217679,32595,0,91007,2
217729,32602,0,91028,1
217779,32610,0,91047,0
217831,32624,0,91059,0
217883,32636,0,91077,1
217933,32648,0,91100,0
217984,32658,0,91118,1
218034,32666,0,91132,1
218084,32685,0,91145,1
218134,32700,0,91174,0
218184,32700,0,91200,0
218234,32700,0,91230,0
218285,32701,0,91257,0
218335,32701,0,91281,0
218388,32704,0,91313,0
218438,32708,0,91335,0
218490,32714,0,91364,1
218545,32717,0,91394,1
218595,32727,0,91407,1
218645,32737,0,91432,2
218700,32749,0,91450,0
218750,32755,0,91470,1
218800,32764,0,91494,2
218851,32778,0,91517,0
218901,32793,0,91534,2
218952,32802,0,91556,1
219002,32810,0,91625,0
219052,32823,0,91648,1
219102,32842,0,91656,3
219152,32850,0,91671,0
219207,32850,0,91702,0
219258,32850,0,91730,0
219309,32851,0,91769,0
219360,32852,0,91801,0
219410,32857,0,91812,1
219462,32860,0,91843,1
219514,32866,0,91862,1
219565,32872,0,91886,1
219616,32880,0,91908,0
219667,32890,0,91928,0
219717,32900,0,91945,0
219772,32910,0,91974,1
219823,32922,0,91992,1
219873,32932,0,92022,0
219924,32946,0,92033,0
219974,32957,0,92050,1
220027,32965,0,92065,1
220079,32981,0,92080,1
220134,32998,0,92096,1
220188,33000,0,92118,0
220240,33000,0,92152,0
220290,33001,0,92177,0
220341,33002,0,92196,0
220393,33004,0,92231,1
220444,33008,0,92254,0
220495,33014,0,92288,1
220547,33017,0,92315,1
220599,33027,0,92336,1
220651,33037,0,92356,1
220701,33049,0,92386,0
220751,33055,0,92413,1
220801,33064,0,92436,3
220851,33078,0,92449,0
220901,33089,0,92465,1
220952,33100,0,92477,1
221003,33110,0,92499,1
221059,33121,0,92514,1
221109,33140,0,92514,2
221159,33150,0,92529,0
221210,33150,0,92558,0
221261,33150,0,92579,0
221317,33151,0,92615,0
221367,33152,0,92641,0
221419,33157,0,92673,0
221469,33161,0,92700,0
221522,33166,0,92725,0
221574,33173,0,92753,1
221629,33181,0,92779,1
221685,33193,0,92795,1
221736,33202,0,92817,1
221790,33211,0,92838,0
221843,33225,0,92856,1
221895,33238,0,92874,0
221947,33249,0,92882,0
221998,33259,0,92900,0
222049,33269,0,92923,2
222099,33284,0,92939,1
222153,33300,0,92950,1
222203,33300,0,92970,0
222254,33300,0,92990,0
222307,33301,0,93012,0
222357,33302,0,93034,0
222408,33306,0,93059,0
222460,33309,0,93078,0
222512,33315,0,93101,0
222562,33321,0,93120,3
222613,33329,0,93139,0
222664,33338,0,93155,1
222715,33350,0,93172,0
222765,33357,0,93190,1
222815,33367,0,93203,1
222867,33381,0,93217,2
222917,33393,0,93246,1
222972,33403,0,93261,1
223026,33414,0,93278,1
223077,33426,0,93293,0
223127,33444,0,93323,1
223177,33450,0,93339,0
223227,33450,0,93372,0
223282,33451,0,93402,1
223336,33451,0,93430,0
223386,33453,0,93455,0
223437,33458,0,93484,0
223487,33462,0,93507,1
223537,33466,0,93539,0
223587,33476,0,93566,2
223637,33482,0,93579,1
223695,33493,0,93600,1
223745,33502,0,93611,1
223797,33511,0,93638,0
223847,33526,0,93648,1
223899,33537,0,93665,1
223951,33549,0,93675,0
224001,33559,0,93687,0
224051,33567,0,93713,1
224102,33582,0,93735,1
224153,33599,0,93745,0
224203,33600,0,93781,0
224253,33600,0,93814,0
224305,33601,0,93848,0
224362,33602,0,93877,0
224412,33607,0,93896,1
224463,33610,0,93925,1
224517,33615,0,93961,0
224567,33621,0,93979,1
224618,33629,0,93999,0
224668,33639,0,94018,2
224718,33650,0,94033,1
224769,33657,0,94103,0
224822,33667,0,94124,1
224873,33682,0,94139,1
224923,33692,0,94168,1
224974,33703,0,94188,1
225024,33713,0,94210,1
225074,33725,0,94232,0
225125,33738,0,94239,1
225178,33750,0,94250,0
225232,33750,0,94271,0
225284,33751,0,94298,1
225335,33751,0,94326,0
225386,33753,0,94343,1
225439,33758,0,94366,0
225491,33762,0,94393,1
225545,33766,0,94417,0
225597,33775,0,94438,1
225655,33783,0,94452,0
225708,33795,0,94464,1
225758,33805,0,94487,0
225809,33813,0,94498,1
225863,33829,0,94505,1
225913,33841,0,94524,0
225964,33851,0,94542,1
226015,33861,0,94555,1
226065,33872,0,94573,1
226115,33884,0,94644,0
226165,33900,0,94654,0
226215,33900,0,94678,0
226265,33900,0,94705,0
226315,33901,0,94733,0
226367,33902,0,94762,0
226417,33907,0,94789,0
226471,33911,0,94815,1
226522,33915,0,94845,0
226576,33921,0,94874,1
226626,33929,0,94889,0
226677,33939,0,94908,1
226727,33950,0,94925,1
226777,33958,0,94942,0
226827,33968,0,94959,1
226877,33982,0,94978,0
226928,33993,0,94997,1
226978,34003,0,95020,0
227031,34012,0,95041,1
227082,34026,0,95055,1
227133,34040,0,95075,0
227183,34050,0,95093,0
227233,34050,0,95120,0
227284,34050,0,95147,0
227334,34051,0,95170,0
227385,34053,0,95195,1
227436,34058,0,95217,0
227487,34061,0,95249,0
227537,34066,0,95266,0
227587,34074,0,95294,0
227638,34082,0,95311,1
227689,34092,0,95332,0
227739,34101,0,95357,0
227790,34108,0,95384,0
227843,34121,0,95393,1
227893,34135,0,95409,1
227943,34146,0,95429,0
227993,34156,0,95447,1
228044,34164,0,95466,0
228095,34178,0,95482,1
228157,34194,0,95495,1
228208,34200,0,95520,0
228258,34200,0,95541,0
228308,34201,0,95570,0
228371,34202,0,95607,0
228421,34207,0,95628,1
228471,34210,0,95659,1
228521,34215,0,95678,0
228571,34220,0,95710,1
228621,34229,0,95727,0
228672,34238,0,95750,1
228726,34249,0,95771,1
228776,34258,0,95784,1
228826,34267,0,95805,1
228876,34280,0,95817,1
228926,34292,0,95834,1
228976,34303,0,95846,1
229026,34311,0,95873,0
229079,34318,0,95884,1
229131,34337,0,95891,1
229186,34350,0,95900,0
229239,34350,0,95927,0
229289,34351,0,95953,1
229344,34352,0,95980,1
229394,34353,0,96021,0
229447,34358,0,96041,0
229497,34362,0,96074,0
229551,34367,0,96091,1
229601,34375,0,96109,0
229651,34383,0,96129,0
229702,34393,0,96146,0
229753,34402,0,96170,0
229803,34409,0,96190,0
229853,34424,0,96200,3
229903,34436,0,96221,0
229953,34447,0,96236,0
230005,34459,0,96248,1
230058,34465,0,96275,0
230112,34482,0,96282,1
230163,34494,0,96302,0
230215,34500,0,96327,0
230265,34500,0,96352,0
230318,34501,0,96381,0
230368,34502,0,96413,0
230418,34506,0,96435,1
230470,34509,0,96452,1
230526,34515,0,96481,1
230577,34520,0,96511,0
230627,34529,0,96531,0
230678,34538,0,96550,1
230728,34549,0,96578,3
230779,34558,0,96599,1
230830,34563,0,96613,1
230883,34581,0,96620,1
230935,34592,0,96644,1
230985,34603,0,96659,3
231037,34612,0,96683,1
231088,34619,0,96704,1
231138,34638,0,96706,2
231193,34650,0,96725,1
231243,34650,0,96759,0
231293,34651,0,96777,0
231343,34651,0,96814,0
231399,34653,0,96832,0
231449,34658,0,96854,0
231505,34662,0,96880,0
231555,34667,0,96894,0
231615,34676,0,96906,1
231665,34684,0,96915,1
231718,34695,0,96931,1
231768,34705,0,96946,0
231818,34711,0,96970,1
231869,34726,0,96994,0
231921,34739,0,97013,0
231972,34748,0,97033,1
232023,34761,0,97043,1
232074,34767,0,97058,0
232124,34783,0,97069,2
232175,34795,0,97097,1
232229,34800,0,97124,0
232279,34800,0,97151,0
232329,34801,0,97189,0
232379,34802,0,97216,0
232429,34807,0,97239,0
232480,34811,0,97262,1
232532,34814,0,97296,1
232582,34820,0,97321,0
232634,34829,0,97347,0
232684,34839,0,97372,2
232734,34850,0,97400,1
232785,34858,0,97413,1
232835,34864,0,97439,2
232886,34881,0,97454,1
232936,34890,0,97473,1
232987,34900,0,97487,1
233042,34912,0,97502,1
233092,34919,0,97528,1
233148,34938,0,97534,1
233199,34950,0,97549,0
233252,34950,0,97572,0
233302,34951,0,97595,0
233352,34952,0,97629,1
233402,34954,0,97658,1
233455,34958,0,97682,0
233506,34962,0,97707,0
233556,34967,0,97736,0
233612,34975,0,97757,0
233667,34984,0,97786,1
233717,34994,0,97801,0
233768,35005,0,97813,1
233819,35011,0,97828,0
233870,35026,0,97846,0
233920,35039,0,97864,1
233970,35047,0,97881,0
234020,35060,0,97901,0
234070,35067,0,97925,1
234120,35078,0,97940,1
234170,35094,0,97945,0
234220,35100,0,97966,0
234270,35100,0,97991,0
234323,35101,0,98009,0
234373,35102,0,98042,0
234424,35106,0,98065,1
234476,35109,0,98095,1
234526,35113,0,98118,0
234582,35119,0,98140,0
234633,35129,0,98165,0
234684,35137,0,98185,1
234735,35149,0,98213,1
234785,35157,0,98227,0
234838,35163,0,98252,1
234888,35181,0,98264,2
234939,35190,0,98277,1
234989,35201,0,98294,2
235039,35211,0,98312,0
235090,35217,0,98336,0
235141,35233,0,98342,1
235192,35249,0,98353,2
235243,35250,0,98379,0
235294,35250,0,98406,0
235346,35251,0,98428,0
235398,35253,0,98458,0
235450,35258,0,98483,0
235504,35262,0,98508,0
235555,35267,0,98538,0
235607,35274,0,98564,1
235663,35283,0,98584,1
235721,35294,0,98597,0
235771,35303,0,98617,1
235822,35311,0,98630,1
235878,35326,0,98649,1
235932,35338,0,98665,1
235986,35349,0,98684,0
236037,35361,0,98693,0
236087,35367,0,98719,0
236138,35381,0,98727,1
236189,35397,0,98741,0
236239,35400,0,98764,0
236290,35400,0,98803,0
236340,35401,0,98833,0
236390,35402,0,98864,0
236441,35407,0,98884,0
236491,35411,0,98910,1
236541,35414,0,98939,0
236591,35420,0,98963,0
236644,35429,0,99035,0
236694,35438,0,99056,1
236744,35451,0,99065,1
236801,35457,0,99076,1
236851,35468,0,99089,1
236905,35484,0,99098,1
236956,35493,0,99110,1
237006,35505,0,99133,1
237056,35514,0,99156,1
237106,35520,0,99177,2
237157,35537,0,99192,1
237207,35550,0,99208,0
237257,35550,0,99240,0
237307,35551,0,99259,0
237357,35552,0,99298,0
237407,35554,0,99319,1
237457,35558,0,99341,0
237507,35562,0,99368,0
237558,35567,0,99389,0
237613,35574,0,99411,1
237667,35583,0,99433,1
237720,35594,0,99449,0
237771,35603,0,99465,1
237822,35610,0,99493,0
237872,35624,0,99500,2
237925,35637,0,99510,0
237978,35648,0,99521,1
238029,35660,0,99537,2
238079,35666,0,99563,0
238130,35675,0,99581,2
238180,35694,0,99585,2
238232,35700,0,99611,0
238283,35700,0,99638,0
238333,35701,0,99658,0
238384,35702,0,99679,0
238434,35707,0,99690,0
238487,35710,0,99715,0
238540,35713,0,99741,0
238590,35719,0,99761,0
238645,35729,0,99779,0
238696,35738,0,99798,1
238747,35749,0,99817,1
238797,35756,0,99843,0
238851,35765,0,99864,1
238902,35781,0,99879,1
238952,35792,0,99893,2
239004,35802,0,99908,2
239055,35812,0,99915,0
239105,35819,0,99935,1
239162,35835,0,99950,1
239212,35850,0,99964,0
239265,35850,0,99986,0
239317,35851,0,100004,0
239367,35852,0,100031,0
239418,35855,0,100058,0
239469,35858,0,100081,0
239519,35863,0,100103,1
239574,35868,0,100119,0
239624,35876,0,100129,2
239674,35883,0,100154,0
239728,35895,0,100182,1
239787,35905,0,100193,1
239837,35912,0,100216,0
239891,35926,0,100227,1
239943,35938,0,100244,1
239993,35949,0,100258,2
240044,35961,0,100273,0
240094,35967,0,100293,0
240144,35978,0,100310,1
240194,35996,0,100315,1
240246,36000,0,100328,0
240296,36000,0,100351,0
240347,36001,0,100387,0
240399,36003,0,100412,1
240450,36008,0,100434,0
240502,36012,0,100457,1
240552,36015,0,100491,0
240602,36021,0,100529,0
240653,36029,0,100551,0
240713,36041,0,100568,1
240764,36052,0,100586,0
240816,36058,0,100609,1
240866,36071,0,100634,3
240916,36085,0,100645,1
240966,36093,0,100653,1
241016,36102,0,100665,0
241068,36114,0,100679,0
241118,36122,0,100695,1
241170,36136,0,100713,1
241220,36150,0,100725,1
241274,36150,0,100754,0
241324,36151,0,100783,0
241374,36152,0,100811,0
241424,36155,0,100835,1
241478,36158,0,100854,0
241529,36163,0,100878,0
241579,36168,0,100913,0
241632,36177,0,100943,0
241682,36183,0,100977,0
241732,36196,0,100999,0
241783,36204,0,101018,1
241833,36211,0,101043,1
241886,36224,0,101061,1
241936,36237,0,101134,0
241986,36247,0,101155,0
242037,36257,0,101170,1
242088,36267,0,101189,1
242139,36274,0,101209,1
242189,36292,0,101219,1
242240,36300,0,101226,0
242290,36300,0,101254,0
242340,36301,0,101273,0
242396,36302,0,101307,0
242450,36308,0,101331,1
242500,36311,0,101357,0
242552,36315,0,101378,1
242603,36321,0,101408,1
242653,36329,0,101428,0
242705,36338,0,101451,1
242756,36349,0,101459,1
242806,36356,0,101474,0
242858,36365,0,101501,0
242909,36379,0,101514,1
242962,36392,0,101526,1
243012,36402,0,101550,1
243063,36412,0,101566,2
243113,36418,0,101587,1
243164,36432,0,101598,1
243214,36448,0,101612,1
243265,36450,0,101643,0
243317,36451,0,101677,0
243367,36452,0,101704,0
243419,36454,0,101737,0
243470,36458,0,101755,0
243521,36463,0,101789,1
243571,36468,0,101799,1
243621,36474,0,101830,0
243671,36482,0,101855,0
243721,36491,0,101879,1
243771,36502,0,101893,0
243821,36508,0,101919,1
243871,36518,0,101937,0
243921,36533,0,101953,1
243972,36544,0,101970,1
244028,36553,0,101991,1
244082,36566,0,102011,0
244136,36573,0,102034,0
244187,36590,0,102048,1
244239,36600,0,102062,0
244289,36600,0,102093,0
244339,36601,0,102123,0
244389,36602,0,102155,0
244440,36607,0,102180,0
244493,36610,0,102207,1
244543,36613,0,102226,0
244594,36619,0,102240,0
244645,36629,0,102258,1
244698,36635,0,102285,1
244752,36648,0,102298,1
244805,36656,0,102313,0
244856,36665,0,102339,0
244911,36679,0,102358,1
244962,36691,0,102367,1
245014,36701,0,102391,1
245064,36710,0,102404,1
245115,36718,0,102426,0
245171,36732,0,102448,1
245223,36749,0,102457,1
245275,36750,0,102492,0
245326,36751,0,102513,0
245376,36752,0,102546,0
245427,36754,0,102570,0
245481,36758,0,102597,0
245531,36763,0,102622,0
245584,36768,0,102654,0
245635,36775,0,102671,1
245687,36784,0,102694,1
245737,36793,0,102715,0
245788,36803,0,102739,0
245842,36811,0,102759,1
245893,36825,0,102780,3
245946,36837,0,102800,0
245996,36847,0,102819,0
246046,36857,0,102888,2
246096,36867,0,102908,0
246146,36875,0,102926,1
246197,36894,0,102936,2
246247,36900,0,102950,0
246303,36900,0,102981,0
246353,36901,0,103018,0
246404,36903,0,103044,1
246455,36908,0,103059,0
246510,36912,0,103080,1
246562,36916,0,103111,1
246613,36921,0,103128,0
246663,36930,0,103153,1
246715,36938,0,103176,1
246765,36950,0,103193,1
246817,36957,0,103214,1
246870,36967,0,103239,1
246925,36980,0,103245,1
246975,36994,0,103269,1
247025,37002,0,103286,0
247076,37013,0,103307,1
247126,37019,0,103340,1
247176,37032,0,103349,1
247227,37049,0,103362,1
247280,37050,0,103391,0
247330,37051,0,103416,0
247385,37052,0,103455,0
247435,37055,0,103488,1
247487,37058,0,103512,0
247540,37063,0,103539,0
247592,37068,0,103563,0
247643,37076,0,103580,1
247693,37084,0,103599,0
247750,37094,0,103627,1
247801,37106,0,103649,1
247851,37113,0,103674,0
247902,37126,0,103690,3
247955,37138,0,103709,1
248005,37149,0,103728,2
248056,37157,0,103744,1
248106,37167,0,103771,0
248159,37177,0,103793,0
248213,37195,0,103809,1
248265,37200,0,103831,0
248318,37201,0,103866,0
248368,37202,0,103896,0
248421,37204,0,103924,0
248471,37208,0,103956,0
248522,37212,0,103976,0
248572,37217,0,103993,0
248623,37222,0,104017,0
248673,37232,0,104037,1
248723,37240,0,104062,0
248775,37251,0,104087,0
248826,37258,0,104102,1
248877,37267,0,104115,0
248929,37280,0,104132,1
248981,37293,0,104151,0
249031,37302,0,104174,0
249082,37313,0,104187,2
249132,37320,0,104214,1
249182,37334,0,104231,2
249233,37350,0,104236,1
249290,37350,0,104261,0
249342,37351,0,104280,0
249392,37352,0,104304,0
249443,37357,0,104327,1
249494,37359,0,104360,0
249544,37363,0,104378,0
249598,37368,0,104410,0
249649,37378,0,104436,1
249699,37384,0,104452,0
249751,37393,0,104474,0
249802,37403,0,104493,0
249852,37413,0,104515,1
249903,37425,0,104544,2
249954,37437,0,104566,0
250006,37448,0,104582,1
250056,37456,0,104597,0
250107,37467,0,104613,0
250162,37475,0,104630,1
250213,37494,0,104643,0
250263,37500,0,104660,0
250313,37501,0,104689,0
250363,37502,0,104714,1
250415,37503,0,104748,0
250465,37508,0,104772,0
250515,37512,0,104799,1
250566,37516,0,104824,1
250617,37522,0,104852,1
250667,37529,0,104868,0
250719,37538,0,104891,1
250771,37550,0,104920,0
250827,37557,0,104946,1
250877,37567,0,104969,0
250928,37579,0,104993,0
250979,37593,0,105008,0
251030,37602,0,105046,0
251080,37611,0,105058,0
251130,37619,0,105127,1
251180,37632,0,105155,0
251230,37648,0,105173,1
251284,37650,0,105201,0
251338,37651,0,105231,0
251388,37652,0,105258,0
251440,37656,0,105281,1
251490,37659,0,105302,1
251541,37663,0,105328,0
251593,37668,0,105350,0
251644,37675,0,105368,0
251697,37684,0,105383,1
251754,37694,0,105401,1
251810,37704,0,105416,1
251860,37714,0,105442,0
251911,37726,0,105461,1
251961,37739,0,105480,2
252015,37749,0,105501,1
252065,37758,0,105523,1
252115,37767,0,105542,0
252166,37775,0,105561,1
252220,37796,0,105576,1
252271,37800,0,105604,0
252322,37801,0,105628,0
252372,37802,0,105665,0
252423,37804,0,105702,0
252473,37808,0,105730,0
252523,37812,0,105758,0
252575,37817,0,105775,1
252631,37822,0,105796,0
252682,37832,0,105809,1
252732,37840,0,105831,0
252783,37851,0,105848,1
252839,37859,0,105871,1
252892,37869,0,105903,1
252947,37884,0,105915,1
253000,37896,0,105931,1
253050,37906,0,105955,1
253105,37916,0,105976,1
253156,37924,0,105995,0
253207,37942,0,106005,1
253258,37950,0,106035,0
253309,37950,0,106059,0
253361,37951,0,106089,0
253411,37953,0,106114,0
253463,37958,0,106138,1
253515,37961,0,106166,1
253567,37965,0,106182,1
253617,37971,0,106208,1
253668,37979,0,106237,0
253720,37987,0,106256,1
253770,37996,0,106273,1
253822,38006,0,106294,0
253872,38016,0,106305,0
253924,38029,0,106332,0
253977,38041,0,106348,1
254027,38052,0,106368,1
254082,38061,0,106385,0
254132,38069,0,106416,1
254182,38081,0,106437,1
254234,38098,0,106447,1
254284,38100,0,106476,0
254335,38101,0,106510,0
254386,38102,0,106535,0
254437,38104,0,106565,0
254487,38108,0,106597,0
254537,38113,0,106618,0
254590,38118,0,106642,0
254640,38125,0,106668,1
254690,38133,0,106688,1
254741,38141,0,106724,0
254794,38153,0,106742,1
254845,38160,0,106776,1
254897,38169,0,106795,0
254947,38183,0,106819,0
254999,38195,0,106833,0
255050,38205,0,106855,1
255103,38213,0,106873,1
255160,38223,0,106896,1
255212,38241,0,106912,0
255262,38250,0,106925,0
255312,38251,0,106956,1
255362,38251,0,106987,0
255415,38253,0,107017,1
255472,38258,0,107034,1
255525,38262,0,107063,0
255575,38265,0,107086,0
255625,38272,0,107121,1
255677,38279,0,107142,0
255728,38288,0,107160,1
255779,38298,0,107176,1
255829,38306,0,107203,0
255881,38317,0,107233,1
255931,38329,0,107244,0
255982,38341,0,107257,1
256034,38352,0,107278,0
256085,38361,0,107288,1
256137,38369,0,107317,1
256188,38381,0,107330,1
256238,38398,0,107344,0
256291,38400,0,107371,0
256341,38401,0,107405,0
256392,38402,0,107428,0
256442,38405,0,107450,0
256492,38409,0,107468,1
256548,38413,0,107485,0
256599,38418,0,107509,0
256651,38425,0,107526,0
256702,38433,0,107547,0
256753,38441,0,107557,1
256803,38453,0,107578,0
256856,38461,0,107608,1
256910,38471,0,107619,1
256961,38485,0,107634,1
257012,38497,0,107654,0
257062,38506,0,107676,0
257112,38517,0,107688,2
257167,38523,0,107718,1
257217,38540,0,107722,2
257267,38550,0,107748,0
257323,38551,0,107775,0
257373,38552,0,107800,0
257423,38553,0,107822,1
257474,38557,0,107853,0
257527,38562,0,107878,0
257579,38565,0,107904,0
257629,38571,0,107933,0
257684,38579,0,107949,0
257734,38589,0,107966,1
257784,38600,0,107975,2
257834,38607,0,108003,0
257884,38617,0,108020,0
257934,38629,0,108038,0
257986,38642,0,108060,1
258036,38652,0,108081,1
258087,38660,0,108098,1
258141,38669,0,108116,1
258191,38680,0,108136,2
258242,38699,0,108158,1
258293,38700,0,108189,0
258343,38701,0,108221,0
258393,38702,0,108241,0
258443,38705,0,108266,0
258493,38708,0,108290,0
258545,38713,0,108309,0
258595,38718,0,108341,0
258646,38723,0,108357,1
258698,38733,0,108373,1
258750,38740,0,108397,0
258801,38753,0,108411,0
258854,38760,0,108430,0
258904,38770,0,108492,1
258955,38784,0,108507,1
259009,38796,0,108518,1
259061,38806,0,108533,1
259111,38814,0,108550,1
259162,38822,0,108572,1
259213,38835,0,108586,2
259264,38850,0,108600,0
259314,38850,0,108621,0
259366,38851,0,108659,0
259416,38852,0,108684,0
259470,38857,0,108701,0
259520,38861,0,108721,1
259571,38865,0,108741,1
259625,38870,0,108757,1
259675,38878,0,108770,1
259731,38886,0,108785,1
259782,38896,0,108799,1
259833,38907,0,108824,1
259883,38917,0,108842,1
259934,38929,0,108853,2
259984,38941,0,108872,1
260035,38951,0,108878,1
260088,38959,0,108891,1
260140,38968,0,108911,1
260190,38977,0,108931,1
260241,38997,0,108936,1
260296,39000,0,108961,0
260346,39001,0,108995,0
260396,39002,0,109031,0
260446,39005,0,109058,0
260497,39008,0,109092,0
260548,39013,0,109106,0
260603,39018,0,109123,0
260653,39025,0,109150,2
260709,39033,0,109167,1
260759,39041,0,109185,0
260811,39053,0,109207,0
260864,39061,0,109230,1
260915,39072,0,109257,1
260968,39085,0,109278,1
261021,39098,0,109292,1
261071,39107,0,109311,1
261121,39114,0,109329,0
261173,39123,0,109358,0
261224,39136,0,109374,1
261275,39150,0,109382,0
261325,39151,0,109416,0
261379,39152,0,109435,0
261430,39153,0,109469,0
261481,39157,0,109490,0
261533,39162,0,109517,0
261588,39166,0,109540,1
261641,39172,0,109556,0
261691,39180,0,109571,0
261744,39189,0,109586,1
261798,39199,0,109612,1
261850,39208,0,109640,0
261900,39217,0,109661,0
261952,39231,0,109663,1
262002,39244,0,109680,1
262053,39253,0,109695,1
262103,39261,0,109718,2
262158,39269,0,109738,0
262208,39281,0,109750,2
262259,39300,0,109758,1
262312,39300,0,109787,0
262362,39301,0,109809,0
262412,39302,0,109836,0
262462,39306,0,109864,0
262512,39309,0,109888,0
262567,39313,0,109911,0
262617,39319,0,109931,0
262669,39325,0,109951,1
262719,39334,0,109968,1
262771,39342,0,109982,1
262821,39354,0,110003,0
262873,39362,0,110025,0
262923,39372,0,110040,2
262974,39385,0,110064,1
263028,39398,0,110087,1
263079,39408,0,110112,0
263131,39415,0,110133,1
263182,39424,0,110153,1
263236,39439,0,110166,1
263287,39450,0,110182,0
263339,39451,0,110207,0
263391,39452,0,110241,0
263441,39454,0,110269,1
263493,39458,0,110288,0
263543,39463,0,110315,0
263597,39466,0,110338,0
263648,39472,0,110360,0
263700,39481,0,110376,0
263750,39490,0,110390,1
263800,39500,0,110411,3
263851,39507,0,110426,0
263902,39517,0,110442,0
263953,39531,0,110460,1
264005,39544,0,110476,1
264057,39554,0,110491,1
264110,39563,0,110513,1
264161,39570,0,110540,1
264211,39581,0,110564,1
264262,39598,0,110580,1
264320,39601,0,110605,1
264370,39601,0,110634,0
264421,39602,0,110664,0
264471,39607,0,110686,0
264526,39611,0,110717,1
264576,39615,0,110740,1
264627,39620,0,110766,1
264677,39627,0,110788,2
264727,39635,0,110811,0
264777,39643,0,110826,2
264827,39655,0,110842,1
264877,39662,0,110854,0
264927,39671,0,110875,1
264979,39685,0,110894,1
265032,39698,0,110911,1
265082,39708,0,110924,1
265133,39715,0,110950,1
265184,39724,0,110966,1
265236,39737,0,110969,1
265286,39750,0,110986,0
265336,39751,0,111017,0
265386,39752,0,111054,0
265437,39753,0,111079,0
265487,39758,0,111104,1
265540,39763,0,111121,1
265591,39766,0,111191,1
265641,39772,0,111208,1
265691,39779,0,111223,0
265741,39787,0,111251,0
265793,39795,0,111276,1
265844,39807,0,111296,1
265902,39817,0,111313,1
265953,39830,0,111332,1
266003,39841,0,111362,0
266054,39850,0,111389,1
266105,39860,0,111404,1
266156,39868,0,111418,1
266206,39877,0,111438,0
266256,39895,0,111454,1
266308,39900,0,111472,0
266360,39901,0,111491,0
266412,39902,0,111511,0
266462,39906,0,111530,0
266512,39909,0,111562,0
266565,39913,0,111587,0
266615,39918,0,111613,0
266667,39924,0,111644,1
266720,39934,0,111657,1
266779,39942,0,111681,1
266830,39955,0,111702,0
266880,39962,0,111726,1
266933,39971,0,111740,1
266986,39987,0,111750,1
267039,39998,0,111772,0
267090,40008,0,111792,1
267141,40016,0,111809,0
267194,40025,0,111825,1
267246,40038,0,111838,1
267296,40050,0,111852,0
267349,40051,0,111870,0
267400,40052,0,111904,0
267452,40055,0,111932,1
267502,40058,0,111952,0
267552,40063,0,111976,0
267605,40067,0,111995,1
267655,40072,0,112019,0
267707,40081,0,112038,0
267758,40089,0,112045,1
267810,40098,0,112060,1
267860,40109,0,112070,0
267911,40117,0,112083,0
267963,40131,0,112094,1
268015,40143,0,112112,1
268066,40153,0,112135,2
268116,40163,0,112154,2
268167,40169,0,112180,0
268217,40180,0,112201,1
268267,40196,0,112221,1
268317,40200,0,112249,0
268367,40201,0,112276,0
268417,40202,0,112309,0
268468,40206,0,112335,0
268519,40209,0,112363,0
268570,40213,0,112385,0
268620,40219,0,112403,0
268672,40224,0,112424,0
268722,40234,0,112452,1
268773,40241,0,112478,0
268826,40253,0,112499,1
268878,40261,0,112518,0
268928,40270,0,112540,0
268981,40284,0,112553,0
269031,40297,0,112563,1
269081,40306,0,112582,0
269131,40314,0,112600,1
269185,40323,0,112614,1
269236,40336,0,112629,0
269291,40350,0,112638,0
269341,40351,0,112667,0
269391,40352,0,112693,0
269441,40353,0,112712,0
269493,40358,0,112740,0
269543,40362,0,112770,2
269597,40366,0,112798,1
269647,40372,0,112825,0
269698,40379,0,112843,1
269750,40388,0,112864,1
269800,40396,0,112927,2
269850,40407,0,112947,0
269901,40414,0,112971,1
269951,40423,0,112983,1
270002,40440,0,113041,1
270053,40449,0,113067,0
270103,40459,0,113081,0
270154,40467,0,113103,0
270204,40476,0,113122,1
270259,40491,0,113140,1
270310,40500,0,113153,0
270363,40501,0,113189,0
270413,40502,0,113221,0
270463,40505,0,113251,0
270519,40509,0,113267,0
270570,40513,0,113293,0
270620,40518,0,113321,1
270670,40523,0,113347,0
270720,40533,0,113363,2
270772,40540,0,113381,1
270823,40551,0,113396,1
270876,40560,0,113413,1
270927,40570,0,113479,1
270977,40583,0,113488,1
271028,40595,0,113507,0
271080,40603,0,113519,0
271130,40614,0,113545,1
271180,40620,0,113572,0
271234,40635,0,113584,1
271290,40650,0,113605,0
271341,40651,0,113635,0
271392,40652,0,113657,0
271446,40653,0,113684,0
271496,40658,0,113709,0
271547,40662,0,113739,1
271597,40666,0,113761,1
271647,40672,0,113783,1
271698,40678,0,113814,1
271748,40687,0,113823,0
271800,40695,0,113837,1
271852,40707,0,113859,1
271904,40714,0,113879,0
271954,40724,0,113894,2
272005,40740,0,113908,1
272056,40749,0,113924,0
272108,40759,0,113946,0
272165,40768,0,113972,1
272218,40778,0,114000,1
272268,40795,0,114014,2
272320,40800,0,114038,0
272370,40801,0,114073,0
272425,40802,0,114107,0
272477,40807,0,114131,0
272531,40809,0,114156,0
272582,40815,0,114175,1
272635,40819,0,114199,1
272685,40825,0,114217,1
272737,40835,0,114236,2
272787,40843,0,114261,2
272839,40853,0,114274,1
272889,40861,0,114288,2
272940,40870,0,114315,0
272990,40885,0,114327,0
273041,40898,0,114347,1
273101,40905,0,114357,1
273151,40917,0,114372,1
273204,40924,0,114392,0
273256,40940,0,114413,0
273306,40950,0,114435,0
273358,40951,0,114473,0
273412,40952,0,114500,0
273462,40955,0,114513,1
273512,40959,0,114534,0
273562,40963,0,114563,0
273612,40967,0,114593,0
273662,40972,0,114616,0
273714,40979,0,114644,0
273764,40989,0,114665,1
273814,40997,0,114689,0
273865,41007,0,114702,0
273915,41015,0,114726,1
273965,41027,0,114744,1
274016,41042,0,114756,1
274068,41050,0,114775,0
274121,41061,0,114792,1
274172,41069,0,114806,0
274223,41079,0,114831,1
274273,41094,0,114834,2
274327,41101,0,114861,1
274378,41101,0,114899,0
274434,41102,0,114922,0
274484,41107,0,114941,0
274534,41109,0,114961,0
274585,41115,0,114989,1
274635,41118,0,115015,0
274692,41125,0,115041,1
274743,41135,0,115065,0
274796,41144,0,115087,1
274847,41154,0,115111,1
274897,41163,0,115138,1
274947,41171,0,115161,0
274997,41187,0,115171,1
275049,41198,0,115188,0
275099,41204,0,115206,0
275150,41216,0,115217,1
275203,41224,0,115238,0
275254,41237,0,115260,1
275306,41250,0,115280,0
275356,41251,0,115307,0
275406,41252,0,115334,0
275463,41254,0,115360,1
275513,41259,0,115381,0
275564,41263,0,115419,0
275619,41267,0,115443,0
275670,41272,0,115459,0
275720,41280,0,115483,0
275771,41289,0,115500,0
275822,41298,0,115516,1
275873,41309,0,115545,0
275923,41317,0,115563,1
275975,41327,0,115582,1
276032,41343,0,115584,0
276085,41353,0,115597,0
276135,41364,0,115615,1
276186,41370,0,115637,1
276237,41381,0,115657,1
276287,41398,0,115665,1
276337,41401,0,115689,0
276387,41401,0,115714,0
276438,41402,0,115736,0
276489,41407,0,115759,0
276542,41410,0,115793,1
276592,41415,0,115821,0
276642,41419,0,115843,1
276693,41425,0,115871,1
276743,41434,0,115895,0
276794,41443,0,115914,0
276845,41453,0,115929,0
276903,41460,0,115943,1
276955,41472,0,115956,1
277007,41486,0,115966,0
277057,41498,0,115989,0
277108,41505,0,116012,1
277158,41517,0,116033,1
277208,41524,0,116053,0
277260,41537,0,116071,1
277312,41550,0,116094,0
277363,41551,0,116116,0
277413,41552,0,116138,0
277465,41553,0,116165,0
277516,41559,0,116184,0
277567,41563,0,116210,0
277618,41567,0,116232,0
277668,41572,0,116260,0
277726,41580,0,116279,1
277776,41589,0,116293,1
277826,41599,0,116305,1
277877,41609,0,116332,1
277928,41617,0,116350,0
277978,41627,0,116366,1
278030,41642,0,116387,1
278081,41652,0,116402,1
278135,41662,0,116417,1
278186,41670,0,116435,1
278238,41681,0,116459,1
278288,41696,0,116467,3
278338,41701,0,116490,0
278388,41701,0,116524,0
278440,41702,0,116544,0
278490,41707,0,116566,1
278540,41709,0,116587,0
278590,41715,0,116610,2
278640,41718,0,116631,0
278692,41724,0,116645,0
278744,41733,0,116669,1
278795,41742,0,116691,1
278846,41753,0,116715,0
278900,41759,0,116738,0
278950,41771,0,116766,0
279000,41783,0,116790,1
279050,41795,0,116810,1
279100,41804,0,116822,1
279150,41815,0,116839,0
279203,41823,0,116858,1
279253,41834,0,116874,1
279305,41850,0,116881,1
279363,41851,0,116906,0
279413,41852,0,116947,0
279464,41853,0,116975,0
279514,41859,0,116996,1
279564,41863,0,117018,0
279617,41867,0,117041,0
279668,41872,0,117065,0
279718,41879,0,117083,0
279768,41886,0,117104,0
279819,41896,0,117126,1
279869,41907,0,117141,0
279922,41914,0,117161,1
279973,41924,0,117177,1
280024,41939,0,117188,1
280074,41949,0,117198,0
280124,41958,0,117223,1
280174,41967,0,117262,0
280224,41977,0,117272,1
280275,41991,0,117287,1
280325,42000,0,117309,0
280381,42001,0,117327,0
280433,42002,0,117351,0
280483,42004,0,117376,0
280533,42009,0,117398,0
280592,42014,0,117421,1
280642,42018,0,117442,1
280693,42024,0,117472,0
280743,42032,0,117484,0
280793,42040,0,117503,0
280845,42053,0,117524,1
280898,42059,0,117537,0
280948,42070,0,117552,0
280999,42081,0,117568,1
281049,42095,0,117584,2
281102,42104,0,117616,1
281152,42115,0,117631,1
281202,42122,0,117658,0
281252,42133,0,117676,0
281303,42148,0,117694,0
281355,42151,0,117722,0
281407,42151,0,117740,0
281460,42153,0,117763,0
281510,42158,0,117785,1
281562,42162,0,117794,1
281612,42166,0,117825,1
281662,42171,0,117839,1
281713,42179,0,117852,1
281763,42184,0,117870,1
281817,42195,0,117887,0
281872,42207,0,117901,1
281922,42214,0,117925,1
281972,42223,0,117944,0
282022,42238,0,117956,0
282073,42249,0,117968,0
282125,42257,0,118003,0
282181,42268,0,118018,1
282233,42277,0,118032,0
282283,42291,0,118048,1
282333,42300,0,118075,0
282385,42301,0,118103,0
282438,42302,0,118123,0
282488,42304,0,118143,0
282538,42309,0,118158,0
282588,42313,0,118183,0
282638,42317,0,118215,0
282690,42323,0,118242,0
282743,42332,0,118262,1
282793,42340,0,118277,0
282848,42352,0,118292,1
282898,42359,0,118309,0
282953,42370,0,118324,0
283003,42382,0,118339,3
283053,42394,0,118355,0
283105,42404,0,118373,0
283155,42415,0,118390,3
283205,42421,0,118414,1
283258,42433,0,118437,1
283309,42447,0,118452,1
283359,42451,0,118478,0
283411,42451,0,118508,0
283461,42453,0,118549,0
283514,42458,0,118572,1
283564,42461,0,118595,1
283614,42466,0,118618,0
283664,42471,0,118644,1
283714,42478,0,118662,1
283764,42484,0,118687,2
283814,42493,0,118707,1
283864,42504,0,118722,1
283916,42511,0,118744,1
283967,42522,0,118753,1
284017,42536,0,118771,3
284068,42547,0,118784,0
284119,42556,0,118809,0
284169,42567,0,118819,0
284220,42574,0,118830,1
284272,42586,0,118840,1
284323,42600,0,118856,0
284374,42601,0,118886,0
284424,42602,0,118918,0
284475,42603,0,118954,0
284525,42609,0,118984,0
284575,42613,0,119004,1
284627,42617,0,119028,0
284677,42622,0,119048,0
284728,42629,0,119076,0
284779,42638,0,119092,1
284830,42647,0,119110,1
284880,42658,0,119130,1
284937,42664,0,119163,0
284987,42677,0,119174,1
285037,42691,0,119189,2
285087,42702,0,119217,1
285137,42709,0,119247,1
285191,42718,0,119258,0
285241,42728,0,119278,0
285292,42743,0,119297,1
285342,42751,0,119321,0
285392,42751,0,119347,0
285443,42752,0,119376,0
285494,42754,0,119407,0
285545,42759,0,119428,0
285597,42764,0,119453,1
285648,42768,0,119472,1
285699,42773,0,119496,0
285750,42782,0,119518,1
285800,42790,0,119537,0
285852,42799,0,119543,1
285902,42809,0,119552,0
285954,42820,0,119575,1
286004,42828,0,119591,1
286054,42843,0,119608,1
286105,42854,0,119628,0
286155,42863,0,119645,1
286206,42870,0,119669,0
286257,42880,0,119691,1
286314,42894,0,119698,1
286364,42901,0,119714,0
286414,42902,0,119740,1
286466,42903,0,119762,0
286516,42907,0,119786,0
286566,42911,0,119807,1
286617,42916,0,119828,1
286667,42921,0,119863,0
286717,42926,0,119881,0
286767,42933,0,119946,1
286817,42942,0,119960,0
286867,42953,0,119975,0
286918,42960,0,120003,0
286970,42972,0,120016,1
287020,42983,0,120023,1
287070,42997,0,120038,1
287120,43006,0,120054,0
287170,43017,0,120067,0
287220,43023,0,120085,1
287270,43034,0,120111,1
287320,43045,0,120120,1
287373,43051,0,120156,0
287423,43052,0,120189,0
287473,43053,0,120221,0
287524,43058,0,120245,0
287577,43062,0,120272,0
287628,43067,0,120295,0
287679,43072,0,120329,0
287729,43079,0,120347,1
287779,43086,0,120374,0
287831,43095,0,120396,0
287881,43104,0,120415,0
287931,43114,0,120440,1
287986,43124,0,120452,0
288036,43138,0,120470,0
288088,43152,0,120482,1
288139,43158,0,120498,1
288189,43167,0,120518,0
288241,43177,0,120540,0
288291,43189,0,120553,0
288341,43201,0,120571,1
288392,43201,0,120600,0
288443,43202,0,120626,0
288496,43204,0,120653,0
288546,43209,0,120677,0
288599,43214,0,120693,1
288649,43217,0,120707,0
288699,43223,0,120724,0
288749,43231,0,120745,0
288799,43240,0,120758,2
288849,43247,0,120785,1
288899,43257,0,120795,1
288955,43266,0,120819,1
289005,43277,0,120830,0
289055,43292,0,120849,0
289105,43303,0,120868,0
289156,43311,0,120880,0
289210,43320,0,120894,0
289261,43331,0,120919,1
289312,43343,0,120931,0
289367,43351,0,120945,0
289421,43352,0,120965,1
289471,43353,0,120987,0
289524,43357,0,121001,0
289577,43362,0,121021,0
289629,43367,0,121044,0
289683,43372,0,121065,0
289736,43379,0,121089,0
289786,43386,0,121109,0
289836,43396,0,121130,1
289888,43404,0,121147,0
289939,43411,0,121153,1
289991,43425,0,121169,1
290041,43436,0,121182,1
290095,43451,0,121187,1
290146,43459,0,121208,1
290196,43468,0,121234,1
290247,43477,0,121262,0
290297,43489,0,121280,0
290347,43501,0,121298,1
290397,43501,0,121330,0
290448,43502,0,121363,0
290498,43505,0,121392,1
290550,43509,0,121427,0
290600,43514,0,121448,1
290651,43517,0,121474,0
290701,43523,0,121497,0
290753,43531,0,121514,0
290807,43540,0,121535,1
290860,43548,0,121551,1
290911,43557,0,121568,0
290966,43568,0,121579,1
291017,43579,0,121595,0
291068,43594,0,121611,0
291119,43605,0,121630,1
291170,43614,0,121648,1
291221,43622,0,121661,1
291274,43633,0,121681,1
291326,43645,0,121707,1
291376,43651,0,121724,0
291428,43652,0,121798,0
291480,43653,0,121821,0
291533,43659,0,121839,1
291588,43663,0,121869,1
291639,43667,0,121900,0
291692,43672,0,121929,0
291743,43680,0,121942,0
291794,43686,0,121969,0
291844,43696,0,121989,0
291894,43705,0,122003,1
291946,43711,0,122019,1
291996,43726,0,122032,1
292048,43736,0,122044,1
292100,43752,0,122058,2
292150,43759,0,122081,0
292204,43768,0,122099,1
292258,43778,0,122111,1
292308,43791,0,122128,1
292360,43801,0,122144,0
292410,43801,0,122166,0
292460,43803,0,122189,1
292512,43806,0,122216,0
292563,43809,0,122238,0
292615,43815,0,122271,0
292666,43819,0,122295,1
292716,43823,0,122320,0
292766,43832,0,122343,0
292816,43840,0,122362,0
292866,43848,0,122379,1
292918,43859,0,122400,1
292968,43868,0,122416,2
293018,43878,0,122431,1
293069,43894,0,122452,1
293119,43905,0,122464,1
293169,43913,0,122482,1
293219,43921,0,122502,1
293269,43931,0,122528,1
293321,43943,0,122540,1
293373,43951,0,122563,0
293423,43951,0,122589,0
293473,43953,0,122608,0
293526,43957,0,122639,0
293580,43961,0,122668,1
293634,43966,0,122697,1
293685,43972,0,122715,0
293735,43976,0,122739,1
293786,43983,0,122751,0
293836,43994,0,122766,0
293889,44004,0,122786,1
293939,44010,0,122804,0
293992,44024,0,122816,1
294043,44035,0,122839,0
294095,44049,0,122862,1
294145,44058,0,122880,1
294196,44067,0,122905,0
294249,44076,0,122928,1
294299,44087,0,122942,1
294362,44101,0,122957,1
294412,44101,0,122987,0
294462,44102,0,123010,0
294514,44105,0,123039,0
294564,44109,0,123071,0
294614,44115,0,123093,0
294664,44118,0,123118,0
294714,44123,0,123134,0
294767,44132,0,123158,0
294817,44140,0,123179,1
294867,44148,0,123201,1
294918,44159,0,123222,1
294968,44165,0,123249,0
295022,44178,0,123274,1
295072,44194,0,123283,2
295122,44204,0,123297,1
295173,44213,0,123313,1
295224,44222,0,123333,1
295275,44231,0,123356,0
295331,44244,0,123366,1
295381,44251,0,123385,0
295431,44252,0,123412,1
295482,44253,0,123444,0
295532,44257,0,123474,0
295583,44261,0,123506,1
295633,44265,0,123536,0
295685,44272,0,123558,0
295735,44276,0,123570,0
295789,44283,0,123585,1
295840,44295,0,123606,1
295892,44303,0,123622,1
295944,44310,0,123651,0
295996,44324,0,123673,1
296047,44333,0,123690,1
296097,44349,0,123703,2
296150,44359,0,123727,1
296203,44367,0,123743,0
296255,44376,0,123752,0
296305,44388,0,123776,1
296355,44400,0,123790,0
296405,44401,0,123816,0
296456,44402,0,123844,0
296507,44405,0,123871,1
296557,44409,0,123899,0
296607,44414,0,123926,1
296659,44418,0,123948,1
296710,44423,0,123965,0
296760,44431,0,123978,1
296811,44437,0,123998,0
296866,44447,0,124017,0
296918,44458,0,124030,0
296968,44465,0,124056,1
297021,44477,0,124087,0
297071,44491,0,124098,1
297121,44504,0,124121,1
297174,44511,0,124147,1
297226,44521,0,124166,1
297280,44531,0,124184,0
297330,44543,0,124200,0
297384,44551,0,124221,0
297434,44552,0,124245,1
297484,44553,0,124271,0
297539,44558,0,124292,1
297591,44563,0,124316,1
297643,44567,0,124336,1
297696,44572,0,124359,0
297750,44577,0,124380,1
297800,44586,0,124394,1
297850,44596,0,124416,0
297902,44604,0,124436,1
297956,44612,0,124458,1
298009,44627,0,124475,0
298059,44636,0,124489,2
298109,44651,0,124506,0
298159,44659,0,124523,0
298209,44667,0,124544,0
298259,44676,0,124556,0
298309,44688,0,124566,2
298361,44699,0,124589,1
298411,44701,0,124609,0
298463,44702,0,124646,0
298513,44705,0,124671,0
298563,44709,0,124687,0
298617,44715,0,124712,1
298667,44718,0,124740,0
298717,44723,0,124764,0
298767,44731,0,124779,1
298817,44738,0,124811,1
298868,44747,0,124836,0
298918,44758,0,124853,1
298968,44764,0,124886,1
299018,44777,0,124904,0
299071,44789,0,124923,1
299121,44801,0,124952,0
299171,44810,0,124964,0
299223,44818,0,124985,1
299278,44830,0,125003,1
299328,44842,0,125022,0
299379,44851,0,125039,0
299429,44851,0,125057,0
299481,44853,0,125084,0
299531,44857,0,125107,0
299581,44859,0,125129,0
299634,44865,0,125143,0
299684,44872,0,125171,3
299734,44874,0,125193,0
299789,44882,0,125215,0
299842,44894,0,125230,1
299893,44902,0,125253,1
299943,44910,0,125282,0
299995,44920,0,125304,1
300045,44931,0,125317,1
300095,44947,0,125331,1
300145,44956,0,125347,1
300196,44965,0,125369,0
300247,44973,0,125393,1
300299,44983,0,125414,1
300350,44996,0,125424,0
300403,45001,0,125452,0
300453,45002,0,125479,0
300503,45003,0,125492,0
300554,45009,0,125518,0
300605,45013,0,125539,0
300659,45017,0,125567,0
300709,45022,0,125627,0
300760,45027,0,125651,1
300811,45037,0,125672,0
300867,45047,0,125695,1
300917,45057,0,125714,1
300968,45064,0,125730,1
301018,45077,0,125748,1
301071,45088,0,125759,1
301122,45101,0,125773,0
301174,45110,0,125801,1
301226,45118,0,125825,0
301276,45129,0,125850,0
301326,45140,0,125870,2
301376,45151,0,125886,0
301426,45151,0,125919,0
301483,45153,0,125942,1
301539,45157,0,125963,0
301593,45161,0,125982,1
301643,45166,0,126003,1
301693,45172,0,126024,0
301744,45175,0,126044,1
301794,45183,0,126061,0
301844,45194,0,126079,1
301900,45202,0,126098,1
301952,45211,0,126121,1
302004,45222,0,126134,1
302054,45232,0,126159,0
302104,45248,0,126175,1
302154,45258,0,126194,1
302204,45267,0,126206,1
302255,45273,0,126218,1
302306,45283,0,126241,1
302356,45296,0,126261,1
302407,45301,0,126281,0
302458,45302,0,126314,0
302508,45303,0,126345,0
302560,45309,0,126378,0
302615,45313,0,126393,0
302670,45318,0,126410,0
302721,45323,0,126437,1
302771,45331,0,126457,3
302822,45337,0,126484,0
302873,45348,0,126500,1
302925,45356,0,126523,1
302976,45366,0,126541,1
303026,45377,0,126559,0
303076,45386,0,126574,1
303130,45402,0,126586,1
303180,45410,0,126599,0
303232,45419,0,126614,1
303283,45429,0,126629,0
303333,45442,0,126649,1
303383,45451,0,126669,0
303434,45451,0,126698,0
303484,45452,0,126724,0
303536,45457,0,126746,0
303586,45460,0,126772,1
303636,45465,0,126789,0
303686,45470,0,126805,2
303736,45474,0,126832,0
303788,45482,0,126850,0
303838,45493,0,126869,2
303889,45500,0,126880,1
303940,45510,0,126890,0
303990,45517,0,126913,0
304040,45528,0,126935,1
304091,45543,0,126950,1
304142,45554,0,126966,0
304194,45563,0,126997,1
304245,45570,0,127014,0
304296,45581,0,127030,0
304346,45594,0,127042,0
304396,45601,0,127051,0
304449,45602,0,127082,0
304499,45603,0,127115,0
304551,45608,0,127143,1
304601,45611,0,127170,1
304651,45617,0,127186,1
304703,45622,0,127212,0
304754,45626,0,127240,0
304804,45635,0,127256,2
304859,45646,0,127268,1
304910,45653,0,127282,1
304960,45661,0,127300,1
305010,45672,0,127315,2
305060,45683,0,127330,1
305110,45698,0,127341,1
305160,45708,0,127362,1
305214,45717,0,127375,1
305265,45725,0,127391,1
305317,45735,0,127429,1
305367,45745,0,127442,0
305417,45751,0,127467,0
305469,45752,0,127495,0
305521,45755,0,127517,1
305572,45759,0,127556,0
305622,45763,0,127569,0
305673,45768,0,127595,0
305725,45772,0,127616,0
305775,45778,0,127638,1
305825,45787,0,127650,0
305875,45797,0,127666,1
305925,45805,0,127692,1
305977,45814,0,127717,1
306028,45827,0,127735,0
306078,45835,0,127761,1
306130,45852,0,127769,1
306180,45860,0,127792,1
306235,45868,0,127811,0
306285,45879,0,127832,0
306337,45890,0,127847,1
306387,45900,0,127867,0
306437,45901,0,127896,0
306491,45903,0,127970,1
306541,45907,0,127999,0
306592,45910,0,128034,1
306644,45915,0,128058,0
306695,45918,0,128082,0
306746,45924,0,128098,1
306796,45933,0,128116,1
306847,45943,0,128127,1
306898,45951,0,128152,0
306948,45960,0,128163,0
306999,45968,0,128191,0
307050,45980,0,128212,2
307101,45991,0,128220,1
307152,46005,0,128236,1
307202,46014,0,128257,1
307252,46022,0,128285,0
307304,46031,0,128298,1
307354,46045,0,128315,0
307405,46051,0,128342,0
307456,46052,0,128379,0
307506,46053,0,128408,0
307556,46059,0,128432,0
307606,46060,0,128467,0
307656,46067,0,128485,1
307707,46072,0,128509,1
307759,46076,0,128537,0
307809,46085,0,128558,1
307860,46095,0,128564,1
307910,46102,0,128585,0
307961,46110,0,128603,0
308011,46121,0,128620,1
308064,46132,0,128684,1
308114,46144,0,128702,1
308165,46158,0,128714,0
308217,46167,0,128738,1
308267,46173,0,128768,0
308317,46184,0,128785,0
308367,46195,0,128807,0
308418,46201,0,128825,0
308468,46202,0,128855,0
308519,46204,0,128887,1
308571,46209,0,128906,0
308623,46213,0,128938,0
308673,46218,0,128966,1
308723,46222,0,128992,0
308775,46227,0,129014,1
308825,46237,0,129032,1
308879,46247,0,129053,1
308932,46255,0,129077,0
308983,46264,0,129098,0
309034,46277,0,129120,0
309084,46285,0,129147,1
309134,46298,0,129163,1
309184,46310,0,129180,1
309236,46318,0,129194,1
309286,46329,0,129214,1
309336,46337,0,129233,1
309387,46349,0,129256,0
309437,46351,0,129293,0
309487,46352,0,129324,0
309537,46356,0,129353,0
309587,46359,0,129383,0
309638,46365,0,129400,0
309688,46368,0,129426,0
309738,46372,0,129451,0
309788,46378,0,129475,1
309838,46388,0,129499,1
309890,46399,0,129522,1
309942,46406,0,129533,1
309992,46416,0,129545,1
310042,46427,0,129577,0
310092,46437,0,129597,1
310144,46449,0,129616,1
310194,46461,0,129624,1
310245,46469,0,129650,1
310296,46479,0,129668,0
310349,46492,0,129685,1
310399,46501,0,129701,0
310450,46502,0,129722,0
310501,46503,0,129747,0
310555,46507,0,129758,1
310608,46510,0,129788,0
310658,46516,0,129810,1
310708,46520,0,129835,1
310760,46525,0,129855,1
310811,46534,0,129869,1
310861,46545,0,129883,1
310912,46552,0,129909,0
310962,46560,0,129931,0
311015,46570,0,129950,1
311067,46581,0,129973,1
311117,46591,0,129990,1
311167,46605,0,130006,2
311217,46616,0,130023,1
311268,46623,0,130050,0
311320,46633,0,130071,1
311374,46646,0,130082,1
311425,46651,0,130109,0
311475,46652,0,130140,0
311526,46653,0,130169,0
311576,46659,0,130194,0
311628,46663,0,130212,0
311678,46668,0,130237,1
311728,46672,0,130251,0
311778,46677,0,130269,1
311828,46687,0,130293,0
311880,46696,0,130311,0
311931,46705,0,130333,0
311982,46713,0,130355,0
312032,46725,0,130362,1
312082,46734,0,130381,0
312133,46747,0,130392,1
312184,46759,0,130409,0
312239,46768,0,130430,1
312289,46778,0,130445,1
312339,46787,0,130464,1
312389,46798,0,130485,1
312442,46801,0,130511,0
312494,46802,0,130532,0
312544,46804,0,130571,0
312595,46809,0,130591,0
312645,46815,0,130612,1
312695,46818,0,130686,0
312745,46822,0,130716,0
312797,46830,0,130729,1
312847,46839,0,130749,0
312897,46849,0,130774,1
312948,46857,0,130787,1
312999,46866,0,130811,0
313049,46877,0,130821,0
313102,46886,0,130844,1
313152,46900,0,130865,1
313202,46911,0,130879,1
313255,46920,0,130897,1
313308,46931,0,130905,1
313358,46944,0,130929,2
313408,46951,0,130954,0
313458,46952,0,130992,0
313512,46953,0,131019,0
313562,46957,0,131044,0
313613,46960,0,131067,0
313664,46967,0,131074,1
313715,46969,0,131105,0
313765,46976,0,131131,1
313817,46983,0,131158,0
313869,46995,0,131169,1
313921,47003,0,131191,0
313972,47010,0,131212,0
314027,47021,0,131236,1
314077,47032,0,131250,1
314127,47043,0,131262,2
314179,47057,0,131281,1
314230,47067,0,131296,0
314280,47074,0,131318,0
314337,47085,0,131328,1
314387,47097,0,131346,0
314437,47101,0,131362,0
314488,47102,0,131391,0
314543,47104,0,131423,0
314593,47109,0,131441,0
314643,47113,0,131474,0
314701,47119,0,131493,1
314752,47124,0,131525,1
314807,47131,0,131557,1
314858,47140,0,131578,1
314908,47151,0,131598,0
314959,47159,0,131618,1
315009,47167,0,131636,0
315060,47178,0,131655,1
315110,47188,0,131679,0
315160,47201,0,131695,1
315210,47212,0,131712,1
315262,47220,0,131780,0
315312,47231,0,131796,1
315362,47241,0,131821,2
315413,47251,0,131834,0
315463,47252,0,131863,0
315514,47253,0,131890,0
315564,47257,0,131921,0
315614,47261,0,131951,1
315664,47267,0,131972,2
315717,47270,0,132001,1
315768,47276,0,132023,0
315818,47282,0,132047,0
315869,47294,0,132055,2
315920,47303,0,132074,0
315970,47310,0,132103,0
316020,47319,0,132122,1
316072,47330,0,132139,0
316123,47340,0,132159,0
316177,47354,0,132172,1
316227,47367,0,132185,4
316282,47374,0,132200,1
316332,47384,0,132219,1
316382,47396,0,132232,0
316433,47401,0,132252,0
316485,47402,0,132284,0
316536,47404,0,132305,0
316586,47409,0,132324,0
316636,47413,0,132349,0
316687,47418,0,132374,0
316737,47422,0,132388,0
316788,47427,0,132413,0
316838,47437,0,132431,0
316888,47447,0,132458,0
316938,47454,0,132468,0
316990,47463,0,132492,1
317041,47472,0,132512,1
317091,47484,0,132529,0
317141,47496,0,132546,2
317191,47508,0,132568,1
317242,47517,0,132592,0
317292,47526,0,132613,0
317346,47535,0,132634,1
317396,47547,0,132647,0
317446,47551,0,132669,0
317501,47553,0,132693,1
317551,47555,0,132711,1
317601,47560,0,132728,1
317651,47564,0,132754,1
317705,47569,0,132785,1
317755,47574,0,132807,1
317805,47579,0,132829,1
317857,47588,0,132854,1
317907,47600,0,132872,1
317957,47608,0,132897,1
318008,47617,0,132921,1
318066,47627,0,132952,0
318117,47638,0,132967,0
318169,47651,0,132980,1
318219,47662,0,132999,0
318271,47671,0,133017,1
318321,47682,0,133032,2
318375,47692,0,133056,1
318427,47701,0,133073,0
318478,47702,0,133103,0
318528,47703,0,133125,0
318582,47709,0,133148,1
318633,47712,0,133170,1
318683,47718,0,133189,1
318734,47721,0,133211,1
318788,47727,0,133227,1
318838,47737,0,133247,2
318889,47747,0,133270,0
318941,47755,0,133296,1
318991,47763,0,133309,1
319043,47772,0,133323,0
319095,47783,0,133330,1
319145,47796,0,133347,1
319197,47809,0,133358,1
319247,47817,0,133379,0
319302,47826,0,133403,0
319354,47835,0,133423,0
319405,47848,0,133443,1
319455,47852,0,133466,0
319506,47853,0,133497,0
319557,47855,0,133516,0
319608,47860,0,133547,0
319658,47865,0,133568,0
319708,47869,0,133584,1
319760,47874,0,133617,1
319812,47880,0,133635,0
319863,47890,0,133649,1
319913,47901,0,133671,1
319964,47908,0,133698,0
320015,47917,0,133730,0
320066,47926,0,133748,1
320121,47938,0,133775,1
320171,47951,0,133789,0
320225,47962,0,133800,0
320280,47972,0,133813,0
320339,47983,0,133825,0
320392,47995,0,133840,1
320442,48001,0,133864,0
320492,48002,0,133892,0
320543,48003,0,133920,0
320594,48009,0,133945,0
320645,48013,0,133960,0
320695,48018,0,133984,0
320745,48022,0,134006,0
320798,48028,0,134037,1
320848,48037,0,134055,0
320898,48048,0,134073,0
320949,48055,0,134097,0
320999,48064,0,134115,1
321049,48073,0,134129,0
321100,48083,0,134154,1
321150,48094,0,134169,2
321200,48109,0,134180,1
321250,48117,0,134208,0
321302,48126,0,134229,0
321353,48135,0,134247,1
321403,48147,0,134283,0
321453,48151,0,134301,0
321503,48153,0,134322,1
321553,48154,0,134353,0
321604,48160,0,134370,1
321654,48164,0,134391,1
321704,48168,0,134411,0
321757,48173,0,134432,1
321807,48178,0,134449,0
321861,48188,0,134470,1
321915,48199,0,134484,1
321965,48208,0,134502,0
322015,48216,0,134509,1
322065,48223,0,134530,0
322117,48235,0,134538,1
322168,48249,0,134547,2
322223,48262,0,134554,1
322273,48271,0,134578,1
322324,48281,0,134599,1
322377,48291,0,134618,1
322427,48299,0,134639,0
322480,48302,0,134666,0
322534,48303,0,134695,0
322585,48308,0,134718,0
322635,48312,0,134741,2
322686,48318,0,134759,0
322739,48321,0,134790,1
322793,48326,0,134825,0
322843,48334,0,134841,0
322895,48348,0,134854,1
322945,48355,0,134873,1
322995,48363,0,134894,2
323045,48371,0,134908,1
323096,48382,0,134925,0
323149,48390,0,134951,1
323207,48407,0,134955,1
323258,48418,0,134973,1
323308,48426,0,134991,0
323359,48435,0,135017,0
323412,48448,0,135029,1
323463,48452,0,135054,1
323514,48453,0,135087,0
323564,48455,0,135111,0
323614,48460,0,135132,0
323666,48465,0,135156,0
323716,48469,0,135182,0
323766,48474,0,135195,0
323816,48479,0,135220,1
323866,48489,0,135244,1
323917,48499,0,135261,1
323967,48508,0,135276,0
324017,48517,0,135335,1
324067,48523,0,135374,0
324118,48535,0,135382,1
324168,48548,0,135405,1
324218,48561,0,135429,1
324269,48570,0,135455,1
324321,48579,0,135476,0
324371,48588,0,135500,2
324424,48599,0,135534,0
324475,48602,0,135568,0
324526,48603,0,135603,0
324576,48607,0,135626,0
324627,48610,0,135654,0
324678,48616,0,135674,0
324730,48620,0,135690,0
324780,48625,0,135710,0
324830,48633,0,135731,1
324880,48641,0,135743,0
324930,48649,0,135770,0
324986,48660,0,135794,0
325036,48669,0,135805,0
325090,48678,0,135837,2
325140,48689,0,135849,1
325191,48703,0,135861,1
325242,48715,0,135877,3
325293,48723,0,135895,1
325344,48733,0,135909,0
325396,48744,0,135923,0
325447,48751,0,135951,0
325497,48752,0,135973,0
325547,48753,0,135994,0
325597,48759,0,136015,0
325649,48762,0,136039,1
325699,48768,0,136053,0
325749,48771,0,136086,0
325799,48777,0,136106,1
325850,48785,0,136125,2
325901,48798,0,136151,0
325951,48805,0,136178,0
326001,48812,0,136195,1
326051,48821,0,136215,2
326105,48830,0,136224,1
326157,48841,0,136243,1
326208,48857,0,136262,1
326258,48867,0,136279,0
326308,48874,0,136298,1
326358,48885,0,136316,0
326408,48897,0,136328,1
326459,48901,0,136356,0
326509,48903,0,136377,1
326559,48904,0,136401,0
326609,48909,0,136431,0
326661,48913,0,136453,0
326712,48918,0,136473,0
326765,48921,0,136504,0
326815,48928,0,136526,0
326867,48938,0,136536,1
326920,48948,0,136555,0
326970,48958,0,136570,0
327021,48965,0,136594,0
327072,48974,0,136619,1
327122,48984,0,136635,1
327172,48995,0,136647,0
327223,49009,0,136654,0
327274,49018,0,136674,1
327324,49029,0,136691,1
327376,49037,0,136709,1
327428,49049,0,136729,0
327478,49052,0,136752,0
327532,49053,0,136785,0
327584,49057,0,136861,1
327635,49060,0,136885,0
327685,49067,0,136915,1
327735,49070,0,136934,0
327786,49075,0,136943,0
327837,49082,0,136965,0
327887,49092,0,136985,1
327938,49102,0,137000,1
327990,49111,0,137021,1
328040,49119,0,137042,0
328094,49125,0,137058,0
328144,49139,0,137071,0
328194,49151,0,137088,1
328244,49162,0,137109,0
328295,49173,0,137130,1
328348,49183,0,137149,0
328401,49194,0,137165,1
328452,49201,0,137188,0
328505,49202,0,137227,0
328559,49204,0,137250,1
328615,49210,0,137284,1
328666,49214,0,137304,2
328716,49218,0,137326,0
328766,49221,0,137346,0
328816,49228,0,137370,0
328867,49237,0,137384,1
328917,49248,0,137401,0
328970,49256,0,137428,1
329020,49265,0,137446,0
329070,49273,0,137464,0
329120,49283,0,137476,0
329175,49293,0,137484,1
329226,49309,0,137505,0
329279,49319,0,137525,1
329332,49330,0,137554,1
329385,49339,0,137586,1
329435,49349,0,137608,0
329485,49352,0,137635,0
329536,49353,0,137664,0
329587,49357,0,137692,0
329641,49361,0,137711,1
329693,49368,0,137737,1
329749,49371,0,137766,1
329799,49376,0,137786,0
329849,49383,0,137805,0
329900,49393,0,137826,1
329952,49403,0,137838,1
330008,49412,0,137859,1
330059,49421,0,137870,0
330111,49429,0,137887,1
330162,49440,0,137908,1
330216,49455,0,137920,1
330267,49467,0,137943,0
330319,49477,0,137957,2
330376,49486,0,137977,0
330429,49499,0,137990,0
330484,49502,0,138008,0
330535,49503,0,138046,0
330585,49507,0,138071,1
330635,49510,0,138107,0
330689,49516,0,138123,1
330741,49520,0,138148,0
330793,49526,0,138174,1
330849,49533,0,138200,0
330899,49542,0,138219,0
330952,49552,0,138246,1
331002,49561,0,138263,0
331054,49570,0,138293,1
331105,49578,0,138326,1
331155,49589,0,138346,0
331206,49602,0,138360,1
331257,49615,0,138375,2
331309,49623,0,138403,0
331360,49635,0,138463,1
331413,49644,0,138488,1
331463,49651,0,138501,0
331514,49653,0,138540,1
331564,49654,0,138578,0
331615,49659,0,138607,0
331668,49663,0,138627,1
331720,49668,0,138661,0
331770,49671,0,138690,0
331823,49678,0,138709,1
331876,49689,0,138728,1
331943,49699,0,138745,1
331996,49711,0,138748,1
332046,49719,0,138769,1
332096,49725,0,138791,0
332146,49738,0,138809,0
332197,49749,0,138829,1
332247,49762,0,138841,0
332298,49773,0,138862,1
332348,49783,0,138885,0
332398,49791,0,138902,1
332448,49800,0,138921,1
332499,49802,0,138936,0
332549,49803,0,138956,0
332603,49809,0,138972,1
332653,49811,0,139000,0
332704,49818,0,139025,0
332754,49821,0,139042,1
332806,49826,0,139070,0
332859,49834,0,139088,0
332911,49844,0,139102,0
332963,49853,0,139114,1
333013,49862,0,139137,1
333068,49871,0,139163,1
333118,49881,0,139179,1
333169,49891,0,139185,0
333219,49905,0,139199,1
333269,49917,0,139218,0
333320,49926,0,139237,0
333371,49936,0,139255,1
333423,49947,0,139272,1
333474,49951,0,139310,0
333526,49953,0,139337,0
333578,49956,0,139366,1
333628,49960,0,139379,0
333678,49965,0,139406,0
333728,49968,0,139441,0
333778,49971,0,139461,0
333828,49979,0,139489,0
333878,49988,0,139513,2
333928,49997,0,139537,0
333978,50005,0,139556,1
334028,50015,0,139568,0
334080,50023,0,139584,1
334130,50033,0,139598,0
334180,50042,0,139616,0
334232,50059,0,139626,0
334284,50068,0,139645,1
334334,50078,0,139661,1
334385,50086,0,139683,0
334436,50098,0,139701,0
334487,50102,0,139722,0
334537,50103,0,139750,0
334590,50107,0,139785,1
334641,50110,0,139803,0
334696,50116,0,139819,1
334746,50120,0,139846,1
334797,50126,0,139862,2
334849,50131,0,139887,1
334902,50141,0,139907,1
334952,50149,0,139925,1
335005,50161,0,139946,0
335055,50169,0,139969,0
335106,50177,0,139988,1
335156,50188,0,140014,1
335207,50200,0,140032,1
335257,50213,0,140040,1
335308,50223,0,140065,0
335360,50234,0,140086,0
335410,50243,0,140103,1
335460,50251,0,140115,1
335512,50252,0,140150,0
335568,50254,0,140187,1
335618,50259,0,140205,0
335668,50262,0,140229,0
335721,50268,0,140258,0
335771,50271,0,140285,0
335824,50277,0,140325,0
335879,50286,0,140360,1
335931,50298,0,140375,1
335981,50305,0,140392,0
336032,50315,0,140410,1
336084,50323,0,140429,1
336134,50334,0,140446,1
336189,50342,0,140477,0
336242,50358,0,140494,1
336294,50369,0,140506,0
336349,50383,0,140525,1
336399,50389,0,140547,2
336451,50399,0,140570,0
336501,50402,0,140594,0
336557,50403,0,140620,0
336609,50408,0,140648,0
336660,50412,0,140667,1
336714,50418,0,140676,1
336766,50421,0,140702,1
336816,50427,0,140730,1
336867,50434,0,140762,0
336919,50444,0,140790,0
336970,50453,0,140802,0
337020,50463,0,140815,2
337078,50471,0,140844,1
337128,50481,0,140857,0
337185,50492,0,140925,0
337235,50506,0,140937,0
337288,50518,0,140953,1
337339,50529,0,140975,1
337391,50537,0,140990,1
337441,50549,0,141001,2
337493,50552,0,141025,0
337543,50553,0,141064,0
337594,50557,0,141089,1
337644,50560,0,141112,0
337696,50565,0,141130,0
337752,50570,0,141156,1
337802,50576,0,141194,0
337852,50581,0,141213,1
337902,50591,0,141235,2
337952,50598,0,141263,0
338002,50609,0,141271,1
338054,50619,0,141288,0
338106,50626,0,141311,1
338157,50637,0,141325,0
338207,50645,0,141358,0
338259,50663,0,141369,1
338309,50672,0,141389,0
338360,50684,0,141404,1
338410,50692,0,141479,4
338460,50700,0,141503,0
338510,50702,0,141527,0
338560,50703,0,141552,0
338613,50708,0,141570,0
338664,50712,0,141601,0
338719,50718,0,141620,1
338771,50721,0,141638,0
338823,50727,0,141664,0
338873,50734,0,141684,0
338926,50745,0,141705,1
338978,50753,0,141728,0
339028,50763,0,141743,0
339078,50770,0,141769,0
339130,50781,0,141788,0
339185,50792,0,141807,0
339235,50803,0,141814,1
339288,50817,0,141822,0
339338,50828,0,141838,1
339389,50836,0,141856,0
339440,50846,0,141869,1
339491,50852,0,141895,0
339545,50853,0,141917,0
339596,50857,0,141941,0
339647,50860,0,141965,0
339699,50866,0,141995,1
339750,50869,0,142026,0
339802,50876,0,142042,1
339854,50881,0,142061,1
339906,50890,0,142088,1
339957,50900,0,142102,1
340007,50910,0,142123,1
340057,50919,0,142152,1
340109,50925,0,142176,0
340162,50938,0,142199,1
340213,50946,0,142224,1
340264,50963,0,142233,1
340314,50972,0,142257,0
340365,50984,0,142280,0
340415,50991,0,142294,1
340466,51001,0,142308,0
340517,51002,0,142331,0
340567,51003,0,142355,0
340617,51009,0,142385,1
340670,51012,0,142405,0
340721,51018,0,142437,1
340777,51020,0,142474,0
340828,51028,0,142497,1
340880,51035,0,142516,1
340930,51046,0,142540,0
340981,51053,0,142563,0
341031,51064,0,142577,1
341086,51071,0,142597,1
341136,51081,0,142616,2
341190,51092,0,142632,0
341240,51104,0,142650,1
341290,51118,0,142668,1
341340,51128,0,142683,0
341392,51136,0,142710,0
341442,51146,0,142732,1
341493,51152,0,142750,0
341543,51153,0,142776,0
341596,51157,0,142816,1
341646,51160,0,142837,0
341696,51165,0,142859,0
341746,51169,0,142886,1
341798,51175,0,142915,1
341849,51180,0,142945,0
341904,51189,0,142965,0
341954,51198,0,142981,0
342008,51208,0,143004,1
342063,51218,0,143030,1
342113,51226,0,143048,1
342164,51237,0,143062,1
342215,51245,0,143087,0
342265,51263,0,143103,1
342321,51273,0,143123,1
342372,51285,0,143140,1
342423,51293,0,143159,1
342474,51301,0,143176,0
342525,51303,0,143197,1
342577,51305,0,143218,1
342630,51310,0,143233,1
342680,51312,0,143254,0
342737,51318,0,143271,0
342788,51321,0,143286,0
342845,51329,0,143299,1
342898,51339,0,143315,0
342948,51348,0,143337,0
343000,51356,0,143349,1
343050,51366,0,143368,1
343100,51374,0,143393,2
343150,51385,0,143411,3
343200,51393,0,143427,0
343253,51407,0,143434,1
343303,51419,0,143448,0
343353,51431,0,143462,1
343403,51437,0,143479,0
343454,51446,0,143494,1
343506,51452,0,143513,0
343558,51453,0,143550,0
343608,51457,0,143577,0
343661,51460,0,143606,0
343713,51467,0,143634,1
343766,51470,0,143667,1
343817,51476,0,143687,0
343869,51482,0,143710,0
343919,51491,0,143729,0
343969,51501,0,143744,0
344021,51509,0,143761,1
344072,51520,0,143775,1
344124,51527,0,143786,0
344184,51538,0,143790,1
344234,51550,0,143804,1
344286,51565,0,143815,1
344340,51576,0,143829,1
344390,51586,0,143845,0
344441,51595,0,143862,1
344491,51601,0,143889,0
344541,51603,0,143920,0
344591,51606,0,143943,0
344641,51610,0,143959,0
344692,51613,0,143987,1
344742,51618,0,144006,0
344797,51622,0,144024,1
344849,51629,0,144045,1
344900,51637,0,144061,1
344958,51649,0,144074,1
345009,51658,0,144098,1
345061,51667,0,144120,0
345113,51675,0,144145,0
345165,51684,0,144173,1
345217,51694,0,144188,0
345267,51710,0,144195,1
345317,51721,0,144214,2
345367,51732,0,144225,1
345421,51739,0,144252,0
345474,51751,0,144273,0
345525,51752,0,144295,0
345575,51753,0,144320,0
345625,51759,0,144344,1
345675,51762,0,144371,0
345726,51768,0,144394,0
345776,51770,0,144421,0
345827,51777,0,144441,0
345877,51782,0,144462,0
345927,51793,0,144481,1
345978,51803,0,144493,1
346029,51810,0,144505,1
346082,51820,0,144525,0
346144,51828,0,144545,1
346197,51842,0,144560,0
346251,51852,0,144583,1
346301,51869,0,144593,1
346351,51879,0,144612,1
346404,51887,0,144640,0
346455,51895,0,144658,0
346506,51902,0,144685,0
346556,51903,0,144717,0
346606,51907,0,144737,0
346656,51910,0,144757,0
346707,51915,0,144849,0
346757,51918,0,144869,0
346808,51924,0,144891,0
346864,51932,0,144923,1
346915,51939,0,144936,0
346968,51950,0,144949,1
347018,51958,0,144976,0
347068,51969,0,144991,1
347124,51977,0,145017,1
347174,51985,0,145037,1
347224,51996,0,145050,1
347275,52011,0,145067,3
347326,52022,0,145085,0
347378,52033,0,145095,1
347441,52041,0,145112,1
347493,52051,0,145127,0
347546,52053,0,145149,0
347597,52056,0,145170,0
347647,52060,0,145195,0
347698,52063,0,145233,0
347750,52068,0,145264,0
347801,52072,0,145298,1
347852,52079,0,145316,1
347904,52085,0,145348,1
347954,52098,0,145353,1
348007,52106,0,145380,1
348058,52117,0,145398,0
348110,52124,0,145424,1
348161,52132,0,145449,1
348213,52144,0,145462,1
348266,52154,0,145484,1
348316,52169,0,145497,0
348366,52181,0,145511,1
348416,52188,0,145530,1
348468,52198,0,145546,0
348518,52202,0,145559,0
348570,52203,0,145583,0
348620,52208,0,145607,1
348670,52211,0,145630,0
348720,52215,0,145650,0
348776,52220,0,145670,1
348826,52227,0,145705,1
348876,52232,0,145731,0
348928,52243,0,145758,3
348980,52252,0,145823,1
349031,52259,0,145841,0
349082,52270,0,145853,0
349132,52277,0,145865,0
349183,52285,0,145885,0
349234,52299,0,145902,1
349284,52312,0,145916,2
349334,52323,0,145943,1
349385,52334,0,145961,1
349436,52340,0,145983,0
349489,52351,0,146009,0
349539,52353,0,146038,1
349591,52355,0,146067,1
349644,52360,0,146086,1
349694,52363,0,146106,1
349744,52368,0,146132,0
349794,52371,0,146154,0
349844,52378,0,146176,0
349897,52384,0,146203,1
349947,52394,0,146216,1
349997,52403,0,146231,0
350053,52414,0,146260,1
350107,52423,0,146280,1
350159,52431,0,146309,0
350209,52443,0,146384,0
350259,52451,0,146402,0
350309,52469,0,146417,0
350359,52479,0,146433,0
350410,52487,0,146462,0
350460,52495,0,146489,0
350512,52502,0,146520,0
350563,52503,0,146542,0
350617,52507,0,146567,0
350667,52510,0,146586,0
350718,52515,0,146601,0
350769,52519,0,146627,0
350820,52525,0,146651,0
350872,52532,0,146676,1
350922,52537,0,146701,0
350973,52551,0,146727,1
351027,52559,0,146753,1
351078,52569,0,146776,0
351128,52577,0,146807,0
351178,52585,0,146828,1
351232,52596,0,146889,1
351283,52610,0,146906,0
351334,52623,0,146919,2
351388,52633,0,146938,1
351438,52640,0,146975,0
351488,52651,0,147003,0
351538,52653,0,147026,1
351589,52654,0,147056,1
351641,52659,0,147087,0
351692,52662,0,147114,0
351742,52668,0,147135,0
351792,52671,0,147165,1
351842,52677,0,147187,0
351894,52683,0,147216,1
351944,52693,0,147231,1
351994,52703,0,147257,0
352044,52712,0,147269,1
352095,52720,0,147290,0
352146,52727,0,147306,0
352200,52738,0,147323,1
352253,52750,0,147340,1
352303,52763,0,147348,1
352355,52776,0,147370,1
352408,52787,0,147386,0
352462,52795,0,147412,1
352514,52802,0,147431,0
352565,52803,0,147468,0
352616,52807,0,147490,0
352666,52810,0,147517,0
352716,52814,0,147543,0
352767,52819,0,147570,0
352817,52824,0,147595,2
352867,52831,0,147617,1
352918,52836,0,147646,0
352968,52848,0,147659,2
353018,52856,0,147685,0
353072,52867,0,147706,1
353122,52874,0,147732,0
353172,52884,0,147750,2
353222,52894,0,147773,0
353272,52903,0,147787,0
353324,52920,0,147798,1
353376,52932,0,147808,1
353429,52938,0,147840,1
353479,52950,0,147862,1
353532,52952,0,147890,0
353586,52953,0,147910,0
353641,52959,0,147926,0
353691,52962,0,147950,0
353743,52968,0,147969,0
353799,52971,0,147985,0
353852,52977,0,148004,0
353902,52984,0,148023,1
353955,52994,0,148043,1
354005,53003,0,148057,0
354061,53014,0,148076,1
354113,53022,0,148092,1
354167,53031,0,148122,1
354218,53042,0,148133,1
354268,53053,0,148154,1
354318,53068,0,148173,2
354368,53079,0,148190,1
354418,53087,0,148208,0
354468,53096,0,148222,1
354518,53102,0,148248,0
354568,53103,0,148279,0
354618,53107,0,148290,1
354668,53110,0,148311,0
354718,53114,0,148335,0
354771,53119,0,148352,0
354821,53123,0,148385,1
354871,53131,0,148419,0
354921,53137,0,148447,0
354971,53147,0,148473,1
355023,53157,0,148497,1
355073,53167,0,148517,1
355124,53174,0,148545,0
355176,53184,0,148567,0
355226,53194,0,148583,0
355276,53203,0,148604,1
355331,53218,0,148611,1
355381,53232,0,148623,1
355436,53238,0,148638,1
355500,53250,0,148653,1
355550,53253,0,148686,0
355600,53255,0,148716,0
355654,53260,0,148746,1
355705,53263,0,148773,0
355756,53268,0,148794,0
355808,53271,0,148812,0
355858,53278,0,148830,0
355909,53285,0,148850,1
355959,53294,0,148869,0
356009,53303,0,148886,0
356060,53313,0,148901,0
356110,53320,0,148919,0
356160,53330,0,148929,1
356210,53339,0,148945,0
356260,53349,0,148965,0
356312,53363,0,148975,1
356363,53375,0,148988,0
356413,53387,0,149004,0
356463,53395,0,149026,2
356518,53402,0,149052,0
356568,53403,0,149125,0
356619,53407,0,149158,1
356670,53410,0,149191,0
356721,53414,0,149216,0
356771,53419,0,149238,0
356821,53422,0,149265,0
356873,53431,0,149290,0
356924,53437,0,149297,2
356975,53447,0,149310,1
357025,53457,0,149325,1
357076,53467,0,149340,1
357126,53474,0,149368,0
357178,53483,0,149379,1
357229,53494,0,149400,0
357279,53503,0,149419,0
357330,53517,0,149434,0
357382,53531,0,149449,1
357433,53537,0,149465,0
357488,53548,0,149484,1
357539,53552,0,149514,0
357590,53553,0,149542,0
357640,53559,0,149565,1
357690,53561,0,149590,0
357743,53567,0,149614,1
357800,53571,0,149641,1
357852,53577,0,149655,0
357902,53583,0,149672,0
357953,53592,0,149699,1
358003,53603,0,149710,0
358053,53612,0,149728,1
358104,53620,0,149748,0
358156,53628,0,149776,2
358211,53638,0,149801,1
358261,53649,0,149817,0
358313,53663,0,149835,1
358368,53676,0,149853,1
358421,53687,0,149878,0
358471,53696,0,149942,1
358521,53702,0,149957,0
358571,53703,0,149986,0
358621,53707,0,150007,1
358671,53710,0,150044,0
358723,53714,0,150070,0
358773,53719,0,150087,0
358826,53722,0,150116,0
358876,53731,0,150137,0
358927,53737,0,150169,1
358977,53746,0,150184,1
359027,53757,0,150194,2
359077,53766,0,150212,0
359130,53771,0,150231,1
359181,53783,0,150241,1
359231,53794,0,150261,1
359282,53802,0,150277,2
359332,53818,0,150303,1
359382,53829,0,150321,0
359432,53837,0,150343,0
359482,53846,0,150359,0
359535,53852,0,150377,0
359585,53853,0,150410,0
359635,53858,0,150430,1
359685,53860,0,150461,0
359735,53865,0,150483,0
359786,53869,0,150497,0
359838,53874,0,150529,0
359888,53882,0,150552,1
359945,53889,0,150584,1
359995,53900,0,150593,2
360047,53910,0,150626,0
360097,53920,0,150648,0
360147,53923,0,150674,1
360199,53936,0,150683,1
360249,53948,0,150697,1
360299,53956,0,150712,1
360353,53972,0,150724,1
360405,53983,0,150739,1
360456,53991,0,150749,1
360507,53999,0,150777,0
360563,54003,0,150798,0
360613,54006,0,150827,0
360663,54010,0,150854,0
360714,54014,0,150880,1
360764,54018,0,150913,0
360816,54021,0,150934,0
360866,54029,0,150952,0
360917,54035,0,150970,1
360967,54043,0,150994,1
361017,54053,0,151015,0
361071,54064,0,151031,1
361125,54070,0,151046,0
361175,54081,0,151063,2
361225,54091,0,151081,2
361275,54099,0,151097,0
361326,54116,0,151107,2
361376,54129,0,151126,1
361426,54137,0,151143,0
361476,54144,0,151172,0
361529,54152,0,151193,1
361579,54153,0,151217,0
361632,54157,0,151243,1
361685,54160,0,151262,0
361735,54165,0,151296,0
361786,54169,0,151323,0
361836,54174,0,151351,0
361893,54182,0,151378,1
361944,54188,0,151404,0
361995,54199,0,151436,2
362045,54210,0,151460,2
362099,54220,0,151477,1
362149,54224,0,151493,2
362199,54235,0,151513,0
362249,54247,0,151535,0
362299,54256,0,151554,1
362353,54271,0,151561,1
362404,54282,0,151581,1
362456,54291,0,151602,1
362506,54299,0,151620,0
362557,54303,0,151653,1
362607,54304,0,151687,0
362658,54310,0,151710,1
362708,54313,0,151742,1
362760,54318,0,151765,0
362811,54321,0,151784,0
362864,54328,0,151806,1
362916,54334,0,151817,0
362967,54342,0,151836,1
363019,54353,0,151861,0
363069,54363,0,151878,0
363119,54370,0,151952,0
363171,54379,0,151970,0
363221,54388,0,151998,0
363271,54399,0,152021,0
363321,54413,0,152041,1
363372,54427,0,152047,2
363426,54435,0,152066,1
363478,54444,0,152083,0
363529,54451,0,152103,1
363579,54453,0,152123,0
363629,54456,0,152154,0
363679,54460,0,152183,0
363729,54464,0,152212,0
363779,54469,0,152232,1
363829,54472,0,152250,0
363879,54480,0,152271,0
363930,54486,0,152296,1
363981,54495,0,152312,0
364031,54504,0,152329,1
364081,54516,0,152347,1
364134,54521,0,152366,1
364184,54532,0,152379,1
364234,54542,0,152397,0
364288,54551,0,152417,1
364340,54567,0,152426,1
364391,54581,0,152446,1
364441,54587,0,152466,0
364493,54596,0,152482,1
364543,54602,0,152503,0
364593,54603,0,152528,0
364647,54608,0,152544,1
364698,54611,0,152557,1
364749,54615,0,152582,0
364799,54620,0,152611,1
364849,54626,0,152634,2
364899,54632,0,152655,1
364950,54639,0,152681,0
365001,54648,0,152697,1
365051,54659,0,152717,3
365102,54669,0,152731,1
365153,54672,0,152766,0
365204,54685,0,152784,1
365255,54697,0,152804,0
365305,54705,0,152820,1
365358,54721,0,152831,1
365408,54731,0,152845,0
365458,54739,0,152864,0
365508,54749,0,152882,0
365560,54753,0,152898,1
365610,54754,0,152924,0
365663,54760,0,152950,1
365713,54762,0,152983,0
365763,54768,0,153005,1
365813,54771,0,153027,0
365866,54778,0,153044,1
365922,54784,0,153067,1
365972,54794,0,153090,1
366022,54803,0,153112,1
366076,54814,0,153127,1
366126,54820,0,153161,0
366176,54829,0,153183,1
366226,54838,0,153203,1
366284,54850,0,153221,1
366335,54865,0,153235,1
366386,54879,0,153248,1
366436,54886,0,153276,1
366488,54895,0,153294,1
366538,54902,0,153315,1
366588,54903,0,153346,0
366638,54907,0,153363,1
366688,54910,0,153391,0
366738,54914,0,153411,0
366788,54919,0,153433,0
366839,54924,0,153458,1
366889,54931,0,153480,1
366941,54938,0,153500,1
366992,54946,0,153526,0
367042,54955,0,153589,1
367093,54967,0,153600,0
367143,54971,0,153626,1
367194,54984,0,153639,1
367244,54992,0,153663,1
367296,55003,0,153688,1
367350,55018,0,153688,1
367407,55031,0,153710,0
367461,55039,0,153723,1
367516,55049,0,153736,1
367567,55053,0,153758,0
367617,55054,0,153791,0
367668,55060,0,153819,0
367718,55063,0,153841,1
367769,55068,0,153862,0
367819,55071,0,153888,0
367870,55078,0,153911,1
367920,55083,0,153939,0
367970,55091,0,153955,1
368023,55101,0,153973,1
368075,55113,0,153986,0
368125,55120,0,154001,0
368175,55128,0,154028,1
368232,55137,0,154043,1
368286,55150,0,154054,1
368336,55161,0,154067,1
368386,55177,0,154079,1
368441,55185,0,154096,1
368493,55194,0,154118,1
368545,55202,0,154141,0
368597,55203,0,154170,0
368647,55207,0,154188,0
368697,55210,0,154213,0
368747,55215,0,154236,1
368798,55219,0,154260,0
368849,55224,0,154281,0
368899,55231,0,154305,0
368949,55238,0,154320,0
369003,55246,0,154339,0
369053,55257,0,154366,1
369104,55268,0,154372,1
369154,55271,0,154397,1
369205,55285,0,154424,1
369255,55296,0,154450,3
369305,55303,0,154465,2
369355,55319,0,154481,0
369409,55331,0,154490,0
369459,55338,0,154515,0
369509,55348,0,154533,0
369560,55353,0,154553,1
369611,55354,0,154578,1
369661,55358,0,154606,0
369712,55362,0,154635,0
369762,55367,0,154660,1
369814,55370,0,154677,0
369864,55377,0,154698,0
369916,55382,0,154724,0
369966,55390,0,154743,0
370020,55399,0,154765,1
370071,55412,0,154785,2
370126,55420,0,154808,0
370176,55428,0,154832,2
370226,55436,0,154909,0
370279,55449,0,154920,0
370331,55458,0,154938,1
370381,55472,0,154945,1
370431,55483,0,154965,0
370482,55493,0,154978,1
370532,55500,0,155011,0
370583,55503,0,155035,0
370634,55506,0,155067,0
370685,55510,0,155086,0
370736,55514,0,155111,0
370787,55519,0,155141,0
370839,55522,0,155169,0
370893,55531,0,155187,1
370943,55536,0,155211,0
370993,55546,0,155233,1
371046,55554,0,155249,0
371097,55566,0,155262,1
371148,55570,0,155279,0
371198,55584,0,155298,1
371248,55589,0,155322,0
371299,55601,0,155332,0
371352,55615,0,155349,1
371402,55626,0,155363,0
371452,55636,0,155385,0
371504,55646,0,155404,1
371554,55652,0,155432,0
371604,55653,0,155470,0
371654,55658,0,155495,1
371704,55660,0,155523,0
371757,55666,0,155543,1
371807,55670,0,155568,1
371858,55676,0,155591,1
371908,55682,0,155613,0
371959,55688,0,155640,0
372010,55696,0,155666,0
372060,55707,0,155679,2
372110,55717,0,155695,0
372161,55721,0,155710,1
372212,55735,0,155723,0
372266,55745,0,155741,0
372320,55754,0,155762,1
372370,55770,0,155779,1
372425,55780,0,155794,1
372475,55790,0,155806,1
372530,55800,0,155831,1
372580,55803,0,155859,0
372630,55806,0,155882,1
372680,55810,0,155914,0
372730,55814,0,155944,1
372781,55818,0,155966,0
372832,55822,0,155990,1
372882,55829,0,156014,0
372932,55833,0,156091,0
372984,55842,0,156107,1
373034,55852,0,156115,2
373087,55864,0,156123,1
373137,55870,0,156147,0
373188,55879,0,156166,0
373238,55886,0,156184,0
373289,55899,0,156201,0
373340,55908,0,156216,1
373390,55923,0,156232,2
373441,55934,0,156242,2
373492,55943,0,156259,0
373548,55952,0,156277,1
373598,55953,0,156311,0
373648,55957,0,156337,1
373700,55960,0,156355,0
373750,55964,0,156387,0
373800,55969,0,156403,0
373850,55973,0,156434,1
373901,55981,0,156462,0
373951,55986,0,156480,0
374003,55996,0,156500,0
374057,56005,0,156521,1
374107,56016,0,156535,1
374158,56020,0,156554,0
374212,56035,0,156562,1
374263,56042,0,156583,1
374313,56052,0,156605,0
374365,56067,0,156626,0
374420,56078,0,156654,1
374471,56089,0,156665,0
374521,56099,0,156682,1
374573,56103,0,156717,0
374624,56104,0,156743,0
374679,56110,0,156819,1
374730,56113,0,156844,0
374781,56118,0,156868,0
374831,56121,0,156902,0
374881,56129,0,156922,1
374936,56133,0,156947,1
374986,56142,0,156964,0
375040,56151,0,156981,1
375090,56165,0,156997,1
375140,56170,0,157023,0
375191,56178,0,157049,2
375243,56187,0,157064,1
375295,56199,0,157072,0
375347,56209,0,157096,1
375397,56224,0,157118,3
375447,56233,0,157130,2
375497,56243,0,157155,0
375548,56252,0,157171,1
375598,56253,0,157201,0
375648,56256,0,157232,0
375698,56260,0,157262,0
375749,56264,0,157290,0
375799,56269,0,157313,0
375849,56272,0,157331,0
375900,56281,0,157344,0
375955,56286,0,157364,1
376008,56296,0,157391,0
376058,56305,0,157418,0
376115,56316,0,157433,1
376165,56320,0,157457,0
376215,56334,0,157468,0
376265,56341,0,157495,1
376322,56353,0,157522,1
376377,56369,0,157532,1
376430,56379,0,157552,1
376480,56390,0,157568,1
376531,56399,0,157593,0
376582,56403,0,157620,0
376634,56406,0,157645,1
376684,56410,0,157665,0
376736,56414,0,157686,1
376786,56419,0,157705,0
376839,56422,0,157730,0
376891,56430,0,157757,0
376941,56432,0,157780,0
376991,56441,0,157797,1
377043,56451,0,157813,1
377095,56464,0,157824,1
377145,56470,0,157859,0
377195,56478,0,157876,1
377245,56487,0,157896,1
377298,56500,0,157908,1
377348,56509,0,157935,1
377398,56522,0,157940,1
377448,56531,0,157957,1
377500,56543,0,157980,0
377556,56552,0,158001,1
377606,56553,0,158037,0
377656,56557,0,158059,0
377706,56560,0,158086,0
377756,56565,0,158120,1
377806,56569,0,158148,0
377857,56573,0,158168,1
377907,56581,0,158189,0
377957,56586,0,158217,1
378007,56596,0,158238,1
378058,56604,0,158270,1
378110,56615,0,158281,0
378160,56620,0,158304,0
378213,56632,0,158326,1
378263,56640,0,158354,0
378315,56652,0,158366,0
378365,56665,0,158377,1
378416,56677,0,158395,1
378471,56687,0,158410,1
378521,56695,0,158435,1
378572,56703,0,158462,0
378622,56704,0,158501,1
378673,56709,0,158530,1
378725,56713,0,158563,1
378779,56716,0,158588,1
378831,56721,0,158610,0
378884,56727,0,158629,0
378937,56732,0,158649,0
378989,56740,0,158673,0
379041,56750,0,158701,0
379091,56761,0,158732,1
379141,56770,0,158746,0
379192,56777,0,158770,2
379243,56786,0,158787,0
379296,56799,0,158795,1
379347,56808,0,158816,1
379397,56821,0,158837,0
379447,56830,0,158855,0
379498,56843,0,158867,1
379549,56851,0,158886,0
379600,56853,0,158916,0
379652,56856,0,158946,0
379702,56860,0,158963,0
379752,56864,0,158988,0
379804,56869,0,159024,0
379855,56872,0,159047,0
379907,56881,0,159068,0
379959,56885,0,159082,1
380014,56895,0,159102,1
380065,56905,0,159127,0
380115,56915,0,159146,0
380165,56920,0,159166,0
380216,56931,0,159228,0
380266,56939,0,159259,0
380317,56952,0,159264,1
380367,56965,0,159281,2
380418,56977,0,159291,1
380468,56986,0,159314,0
380520,56994,0,159343,0
380570,57003,0,159370,0
380620,57003,0,159405,0
380672,57008,0,159426,1
380722,57012,0,159453,0
380773,57015,0,159481,0
380824,57020,0,159500,0
380876,57027,0,159520,1
380926,57032,0,159538,0
380978,57040,0,159558,1
381028,57046,0,159579,0
381078,57057,0,159601,0
381130,57068,0,159623,1
381180,57071,0,159648,0
381231,57086,0,159662,0
381281,57093,0,159691,2
381332,57103,0,159719,1
381383,57118,0,159730,0
381437,57129,0,159750,1
381488,57140,0,159777,2
381539,57150,0,159795,0
381590,57153,0,159823,0
381642,57156,0,159860,1
381692,57160,0,159883,0
381742,57164,0,159903,1
381792,57169,0,159927,0
381842,57171,0,159956,0
381892,57177,0,159975,0
381946,57182,0,159996,0
382000,57191,0,160010,1
382052,57202,0,160043,0
382103,57212,0,160057,0
382155,57220,0,160075,0
382205,57226,0,160084,1
382256,57239,0,160103,0
382308,57251,0,160119,0
382358,57260,0,160143,0
382408,57273,0,160154,0
382458,57282,0,160171,0
382508,57293,0,160181,1
382561,57302,0,160199,1
382612,57303,0,160225,0
382663,57306,0,160257,0
382717,57311,0,160277,1
382767,57315,0,160305,0
382820,57319,0,160320,0
382872,57325,0,160350,1
382927,57332,0,160372,1
382982,57336,0,160405,1
383040,57347,0,160469,1
383090,57359,0,160494,0
383144,57368,0,160507,0
383197,57372,0,160534,1
383247,57387,0,160541,1
383298,57397,0,160563,1
383348,57406,0,160592,1
383403,57421,0,160611,0
383453,57432,0,160625,3
383503,57441,0,160649,0
383553,57451,0,160671,0
383607,57453,0,160704,0
383657,57456,0,160731,0
383707,57460,0,160759,0
383757,57464,0,160785,0
383808,57469,0,160807,0
383858,57472,0,160822,0
383908,57479,0,160837,0
383958,57483,0,160861,0
384008,57493,0,160884,2
384060,57500,0,160902,1
384112,57513,0,160920,0
384166,57520,0,160940,0
384217,57528,0,160968,1
384268,57539,0,160984,0
384318,57551,0,161001,0
384369,57562,0,161016,1
384420,57576,0,161032,1
384470,57583,0,161040,1
384522,57594,0,161045,1
384576,57603,0,161066,1
384628,57604,0,161090,1
384678,57608,0,161107,1
384730,57613,0,161131,1
384780,57615,0,161161,0
384830,57620,0,161184,0
384880,57626,0,161202,1
384933,57632,0,161227,1
384986,57636,0,161254,1
385041,57647,0,161265,1
385091,57659,0,161291,2
385143,57668,0,161311,0
385193,57671,0,161343,0
385244,57686,0,161357,1
385295,57695,0,161374,1
385345,57705,0,161394,0
385395,57718,0,161400,2
385451,57729,0,161412,1
385501,57740,0,161430,0
385551,57751,0,161450,1
385601,57753,0,161480,0
385651,57756,0,161505,0
385702,57760,0,161529,0
385752,57764,0,161550,0
385805,57769,0,161575,0
385856,57772,0,161600,0
385906,57779,0,161621,0
385956,57783,0,161642,1
386006,57790,0,161660,1
386060,57799,0,161691,1
386112,57813,0,161709,1
386162,57819,0,161730,0
386212,57826,0,161745,1
386262,57839,0,161760,0
386318,57851,0,161785,0
386371,57861,0,161814,1
386422,57874,0,161828,1
386475,57883,0,161848,1
386526,57894,0,161860,0
386576,57903,0,161884,1
386627,57903,0,161922,0
386681,57908,0,161957,1
386731,57913,0,161980,2
386781,57915,0,162013,0
386834,57920,0,162035,0
386888,57925,0,162063,1
386941,57932,0,162084,0
386991,57936,0,162111,1
387044,57947,0,162126,1
387098,57958,0,162152,1
387148,57968,0,162161,0
387200,57972,0,162232,1
387250,57983,0,162244,2
387300,57995,0,162258,1
387356,58006,0,162278,1
387408,58021,0,162292,1
387460,58030,0,162307,0
387512,58040,0,162328,0
387564,58051,0,162338,0
387615,58053,0,162366,0
387665,58056,0,162392,0
387717,58060,0,162412,0
387768,58065,0,162436,1
387820,58069,0,162462,0
387870,58073,0,162490,1
387920,58080,0,162510,0
387970,58084,0,162536,0
388020,58094,0,162557,1
388070,58102,0,162583,1
388120,58113,0,162603,0
388171,58120,0,162626,0
388222,58125,0,162644,1
388272,58139,0,162658,0
388322,58152,0,162674,1
388372,58161,0,162696,1
388424,58174,0,162716,1
388476,58183,0,162738,1
388527,58194,0,162757,1
388579,58203,0,162768,1
388629,58203,0,162798,0
388680,58207,0,162873,1
388732,58212,0,162893,1
388782,58215,0,162929,0
388833,58220,0,162951,0
388884,58224,0,162978,0
388934,58231,0,162999,0
388984,58235,0,163021,0
389037,58246,0,163042,0
389088,58256,0,163055,1
389138,58266,0,163079,0
389188,58271,0,163093,1
389242,58280,0,163119,0
389293,58293,0,163136,1
389344,58304,0,163154,1
389394,58315,0,163166,0
389444,58328,0,163192,0
389496,58339,0,163208,0
389547,58346,0,163235,0
389597,58353,0,163251,0
389647,58355,0,163274,0
389701,58359,0,163301,0
389752,58364,0,163323,0
389802,58366,0,163349,1
389852,58372,0,163375,1
389902,58377,0,163406,0
389952,58382,0,163425,0
390002,58388,0,163437,2
390058,58398,0,163457,0
390108,58410,0,163469,1
390163,58419,0,163486,1
390218,58424,0,163500,1
390268,58439,0,163513,2
390320,58450,0,163525,1
390370,58459,0,163544,1
390420,58473,0,163563,1
390470,58482,0,163586,1
390520,58491,0,163594,1
390572,58501,0,163614,0
390624,58503,0,163642,0
390675,58506,0,163672,0
390729,58511,0,163702,1
390779,58515,0,163729,0
390833,58520,0,163749,1
390884,58524,0,163771,0
390935,58531,0,163798,0
390985,58535,0,163827,0
391035,58546,0,163846,0
391085,58554,0,163862,1
391136,58565,0,163873,1
391186,58570,0,163892,0
391236,58579,0,163908,0
391287,58591,0,163927,1
391338,58602,0,163948,0
391388,58612,0,163963,0
391443,58627,0,163974,1
391493,58637,0,163995,1
391543,58645,0,164014,0
391599,58653,0,164036,0
391653,58656,0,164063,1
391703,58659,0,164096,0
391758,58664,0,164125,0
391815,58667,0,164149,1
391865,58672,0,164172,0
391916,58679,0,164182,1
391967,58683,0,164203,0
392018,58690,0,164219,0
392069,58698,0,164245,0
392120,58711,0,164259,1
392170,58719,0,164277,0
392220,58724,0,164304,0
392272,58736,0,164323,1
392323,58748,0,164333,1
392373,58760,0,164347,2
392423,58770,0,164362,1
392474,58781,0,164374,1
392525,58791,0,164383,1
392577,58801,0,164393,1
392627,58803,0,164421,0
392677,58806,0,164444,0
392728,58810,0,164466,0
392779,58815,0,164499,0
392831,58819,0,164528,0
392888,58824,0,164558,1
392938,58831,0,164573,0
392991,58835,0,164586,1
393042,58846,0,164614,0
393092,58855,0,164640,1
393147,58865,0,164651,1
393197,58871,0,164672,0
393248,58881,0,164690,1
393299,58893,0,164707,1
393350,58903,0,164717,1
393401,58913,0,164734,0
393451,58928,0,164760,2
393503,58939,0,164772,1
393558,58947,0,164791,1
393609,58953,0,164814,0
393660,58956,0,164844,0
393712,58960,0,164872,0
393762,58964,0,164898,0
393812,58966,0,164931,1
393863,58972,0,164958,1
393919,58979,0,164981,1
393971,58983,0,165005,0
394026,58991,0,165024,1
394077,59000,0,165047,1
394129,59010,0,165058,0
394187,59020,0,165074,0
394238,59029,0,165085,1
394289,59040,0,165105,0
394339,59049,0,165126,1
394389,59062,0,165150,0
394440,59076,0,165164,1
394491,59085,0,165174,1
394541,59093,0,165192,1
394591,59103,0,165220,0
394642,59105,0,165246,1
394692,59107,0,165279,0
394743,59113,0,165305,0
394794,59115,0,165334,0
394844,59121,0,165357,1
394895,59124,0,165390,0
394948,59132,0,165408,1
394998,59135,0,165437,0
395048,59146,0,165461,0
395098,59155,0,165482,0
395150,59165,0,165506,1
395201,59171,0,165523,0
395251,59180,0,165532,0
395301,59193,0,165562,0
395353,59203,0,165575,1
395410,59214,0,165592,1
395461,59229,0,165609,1
395511,59239,0,165629,0
395563,59247,0,165644,1
395613,59253,0,165665,0
395663,59256,0,165694,0
395713,59260,0,165715,0
395766,59264,0,165744,0
395820,59267,0,165764,1
395871,59272,0,165785,0
395923,59278,0,165807,0
395977,59283,0,165820,0
396028,59292,0,165841,1
396086,59300,0,165868,1
396136,59311,0,165885,1
396187,59320,0,165954,0
396237,59325,0,165981,0
396287,59340,0,165990,2
396338,59348,0,166018,1
396392,59362,0,166031,0
396444,59376,0,166043,3
396495,59383,0,166069,0
396545,59394,0,166078,1
396603,59403,0,166109,0
396655,59405,0,166138,0
396706,59409,0,166169,0
396756,59414,0,166191,0
396809,59415,0,166220,0
396860,59421,0,166237,0
396911,59425,0,166274,0
396962,59433,0,166281,1
397016,59438,0,166302,1
397066,59448,0,166318,0
397116,59458,0,166335,1
397171,59468,0,166358,1
397221,59472,0,166378,0
397273,59485,0,166395,1
397323,59497,0,166407,0
397374,59507,0,166427,2
397426,59519,0,166445,1
397476,59530,0,166462,0
397526,59540,0,166474,1
397577,59550,0,166489,0
397630,59553,0,166520,0
397681,59556,0,166548,0
397731,59560,0,166574,0
397785,59565,0,166594,1
397836,59568,0,166622,1
397887,59573,0,166643,0
397940,59581,0,166668,1
397991,59583,0,166691,0
398045,59594,0,166760,1
398095,59601,0,166785,0
398149,59614,0,166806,0
398199,59621,0,166829,0
398251,59627,0,166853,0
398305,59641,0,166859,1
398355,59653,0,166877,2
398406,59663,0,166897,0
398456,59677,0,166911,1
398507,59684,0,166931,0
398558,59696,0,166960,1
398610,59703,0,166980,0
398662,59706,0,167053,0
398714,59710,0,167073,1
398765,59714,0,167100,0
398815,59716,0,167134,0
398866,59721,0,167150,0
398916,59726,0,167171,1
398967,59733,0,167183,0
399017,59737,0,167258,0
399067,59748,0,167268,1
399120,59756,0,167285,1
399171,59768,0,167311,1
399221,59772,0,167339,1
399271,59782,0,167360,0
399321,59796,0,167384,1
399372,59805,0,167403,1
399422,59815,0,167426,0
399472,59830,0,167450,0
399522,59839,0,167463,1
399573,59848,0,167484,1
399628,59853,0,167509,0
399678,59856,0,167531,0
399730,59860,0,167552,0
399781,59864,0,167571,0
399835,59867,0,167589,0
399887,59873,0,167609,0
399937,59880,0,167644,0
399990,59883,0,167670,0
400042,59893,0,167691,1
400092,59901,0,167705,1
400142,59912,0,167722,0
400192,59920,0,167746,0
400245,59926,0,167768,1
400297,59939,0,167782,1
400348,59949,0,167804,1
400400,59963,0,167820,1
400450,59976,0,167885,2
400505,59982,0,167908,1
400556,59995,0,167915,1
400609,60003,0,167933,0
400659,60006,0,167964,1
400709,60009,0,167988,1
400764,60014,0,168005,0
400814,60015,0,168044,0
400866,60021,0,168073,0
400918,60026,0,168092,1
400968,60032,0,168108,0
401020,60037,0,168130,0
401070,60048,0,168150,0
401120,60056,0,168169,3
401170,60067,0,168183,1
401222,60072,0,168210,1
401275,60081,0,168231,1
401328,60096,0,168239,1
401378,60105,0,168256,1
401429,60117,0,168277,0
401479,60130,0,168294,0
401529,60138,0,168320,1
401584,60150,0,168339,0
401636,60153,0,168358,0
401687,60156,0,168391,0
401737,60161,0,168459,0
401787,60164,0,168482,0
401840,60168,0,168508,1
401890,60173,0,168533,0
401942,60180,0,168547,1
401993,60183,0,168580,0
402043,60192,0,168604,0
402093,60201,0,168619,1
402143,60212,0,168636,0
402194,60220,0,168653,0
402244,60225,0,168681,0
402297,60236,0,168705,1
402347,60248,0,168718,0
402397,60261,0,168745,1
402451,60270,0,168770,1
402508,60281,0,168780,0
402562,60296,0,168796,1
402612,60302,0,168820,0
402662,60306,0,168846,0
402714,60309,0,168876,0
402764,60314,0,168899,0
402814,60315,0,168923,0
402865,60321,0,168936,0
402917,60325,0,168960,1
402967,60332,0,168978,0
403020,60337,0,169005,0
403072,60348,0,169024,0
403123,60354,0,169044,1
403174,60368,0,169056,2
403224,60372,0,169075,1
403275,60380,0,169092,1
403329,60395,0,169112,1
403380,60406,0,169126,1
403432,60417,0,169143,1
403485,60430,0,169158,2
403535,60439,0,169175,1
403587,60450,0,169178,0
403637,60453,0,169210,0
403687,60456,0,169231,0
403740,60461,0,169251,1
403791,60464,0,169272,0
403841,60468,0,169292,1
403892,60473,0,169324,1
403942,60479,0,169350,0
403992,60483,0,169378,0
404043,60490,0,169399,1
404093,60499,0,169418,0
404143,60512,0,169438,1
404193,60520,0,169452,0
404248,60523,0,169482,1
404300,60535,0,169494,1
404352,60549,0,169499,1
404402,60563,0,169518,2
404452,60570,0,169537,1
404503,60581,0,169554,0
404553,60593,0,169565,1
404606,60601,0,169578,1
404657,60605,0,169600,1
404707,60607,0,169626,0
404758,60613,0,169645,1
404808,60615,0,169663,0
404859,60621,0,169683,1
404909,60624,0,169705,0
404965,60632,0,169731,1
405019,60637,0,169797,0
405071,60647,0,169813,1
405122,60653,0,169834,0
405173,60665,0,169847,0
405223,60671,0,169870,0
405276,60679,0,169890,0
405330,60694,0,169899,0
405382,60705,0,169914,1
405432,60716,0,169929,0
405483,60729,0,169939,2
405533,60738,0,169963,3
405583,60750,0,169967,1
405635,60753,0,169997,0
405687,60756,0,170032,0
405737,60760,0,170051,0
405787,60764,0,170082,0
405838,60766,0,170099,1
405888,60772,0,170126,0
405941,60778,0,170145,1
405995,60783,0,170172,0
406046,60790,0,170192,1
406097,60799,0,170212,0
406147,60812,0,170229,1
406197,60820,0,170241,0
406251,60823,0,170270,1
406301,60835,0,170283,1
406351,60848,0,170295,0
406401,60860,0,170303,2
406452,60869,0,170322,1
406505,60881,0,170337,0
406559,60892,0,170356,0
406614,60902,0,170374,1
406664,60906,0,170406,1
406717,60908,0,170432,0
406767,60914,0,170450,1
406819,60915,0,170470,0
406869,60921,0,170491,0
406921,60924,0,170514,0
406974,60933,0,170541,1
407026,60937,0,170568,0
407077,60947,0,170591,0
407127,60954,0,170609,1
407178,60965,0,170628,0
407230,60972,0,170651,1
407280,60980,0,170667,2
407330,60994,0,170682,1
407380,61003,0,170694,0
407434,61016,0,170701,1
407486,61028,0,170709,1
407536,61038,0,170728,4
407587,61048,0,170749,1
407637,61053,0,170781,0
407687,61056,0,170812,0
407738,61060,0,170826,0
407794,61064,0,170845,0
407844,61068,0,170873,1
407898,61073,0,170891,0
407948,61080,0,170901,3
408001,61083,0,170932,0
408053,61091,0,170959,0
408103,61100,0,170982,1
408154,61112,0,170998,1
408204,61121,0,171014,1
408255,61123,0,171042,0
408305,61135,0,171058,0
408355,61148,0,171083,0
408405,61159,0,171104,0
408455,61168,0,171128,0
408507,61181,0,171151,0
408558,61192,0,171170,1
408609,61201,0,171203,1
408661,61205,0,171235,0
408712,61207,0,171265,1
408763,61213,0,171293,0
408814,61215,0,171323,0
408864,61221,0,171344,1
408914,61224,0,171371,0
408965,61231,0,171389,0
409016,61236,0,171412,1
409066,61245,0,171432,1
409116,61251,0,171454,0
409166,61263,0,171478,1
409217,61271,0,171499,0
409269,61274,0,171518,0
409320,61289,0,171537,1
409375,61302,0,171546,1
409426,61315,0,171560,3
409477,61325,0,171582,2
409527,61333,0,171609,1
409578,61346,0,171623,0
409632,61353,0,171644,0
409682,61356,0,171670,0
409732,61359,0,171690,0
409782,61364,0,171720,0
409832,61365,0,171739,0
409882,61371,0,171760,0
409934,61374,0,171773,0
409984,61383,0,171788,0
410034,61388,0,171864,1
410084,61398,0,171881,1
410134,61404,0,171907,0
410185,61415,0,171924,0
410235,61422,0,171944,1
410288,61430,0,171965,0
410338,61444,0,171981,1
410389,61453,0,171993,0
410441,61467,0,172049,1
410491,61478,0,172065,1
410542,61485,0,172080,1
410592,61500,0,172091,0
410642,61503,0,172120,0
410692,61506,0,172145,0
410744,61510,0,172175,0
410801,61515,0,172200,1
410852,61518,0,172233,2
410904,61523,0,172253,0
410955,61528,0,172284,1
411005,61533,0,172308,0
411059,61541,0,172331,1
411109,61550,0,172354,0
411162,61562,0,172371,0
411212,61570,0,172393,0
411262,61574,0,172424,0
411313,61585,0,172451,0
411365,61600,0,172467,1
411415,61609,0,172488,2
411466,61620,0,172505,1
411516,61631,0,172520,0
411568,61642,0,172540,0
411619,61652,0,172555,0
411669,61656,0,172577,0
411719,61657,0,172652,0
411769,61664,0,172670,1
411819,61665,0,172695,0
411869,61670,0,172719,0
411920,61674,0,172803,0
411970,61681,0,172815,0
412020,61686,0,172836,1
412071,61694,0,172857,1
412125,61701,0,172882,0
412175,61715,0,172895,1
412225,61721,0,172911,0
412276,61724,0,172938,0
412326,61737,0,172956,1
412376,61751,0,172979,0
412431,61761,0,173007,1
412485,61772,0,173024,1
412537,61784,0,173046,1
412587,61797,0,173062,1
412638,61803,0,173089,0
412689,61806,0,173110,0
412740,61810,0,173131,1
412791,61814,0,173156,0
412843,61816,0,173188,1
412895,61822,0,173213,0
412945,61825,0,173234,1
412995,61833,0,173257,0
413048,61839,0,173278,1
413099,61849,0,173297,0
413150,61856,0,173322,1
413201,61867,0,173339,1
413251,61872,0,173367,0
413303,61884,0,173386,1
413353,61897,0,173403,1
413407,61905,0,173466,1
413465,61919,0,173476,1
413515,61931,0,173497,0
413568,61941,0,173514,1
413624,61951,0,173534,1
413676,61956,0,173558,0
413734,61958,0,173584,1
413784,61964,0,173602,0
413835,61965,0,173678,0
413885,61971,0,173713,0
413937,61974,0,173735,0
413987,61983,0,173746,0
414037,61987,0,173767,0
414089,61998,0,173791,1
414139,62003,0,173819,2
414189,62015,0,173830,0
414240,62022,0,173862,1
414291,62027,0,173880,1
414344,62043,0,173888,1
414394,62053,0,173901,0
414451,62065,0,173928,1
414501,62077,0,173948,2
414551,62087,0,173964,1
414603,62100,0,173982,0
414653,62103,0,174018,0
414703,62106,0,174047,0
414753,62111,0,174081,0
414804,62114,0,174106,0
414854,62116,0,174126,0
414907,62123,0,174140,1
414957,62126,0,174170,1
415007,62133,0,174193,0
415057,62140,0,174220,0
415107,62149,0,174246,0
415157,62158,0,174262,2
415209,62168,0,174280,1
415259,62172,0,174302,0
415311,62182,0,174316,1
415362,62199,0,174331,1
415416,62205,0,174349,1
415468,62219,0,174357,1
415519,62231,0,174373,0
415569,62240,0,174404,0
415620,62250,0,174417,0
415670,62256,0,174427,1
415722,62257,0,174462,0
415772,62263,0,174489,1
415824,62265,0,174509,0
415876,62271,0,174536,1
415926,62274,0,174562,0
415976,62279,0,174631,0
416026,62287,0,174647,2
416076,62294,0,174664,1
416126,62301,0,174682,0
416176,62312,0,174705,0
416230,62321,0,174719,1
416280,62325,0,174747,1
416332,62336,0,174754,1
416383,62351,0,174758,1
416433,62360,0,174774,1
416483,62371,0,174795,1
416533,62382,0,174813,1
416584,62392,0,174842,1
416634,62402,0,174851,1
416685,62406,0,174872,0
416736,62408,0,174906,1
416789,62414,0,174942,0
416839,62415,0,174970,0
416890,62422,0,174997,1
416940,62424,0,175023,0
416992,62432,0,175041,1
417043,62438,0,175070,1
417096,62448,0,175087,1
417147,62453,0,175117,0
417197,62466,0,175136,1
417247,62472,0,175155,1
417303,62478,0,175183,1
417355,62494,0,175195,2
417405,62504,0,175220,0
417455,62515,0,175236,2
417505,62527,0,175242,1
417555,62537,0,175262,1
417605,62549,0,175272,1
417659,62553,0,175294,0
417714,62556,0,175323,0
417764,62562,0,175351,1
417816,62565,0,175372,0
417869,62570,0,175401,1
417925,62574,0,175429,0
417975,62579,0,175453,1
418025,62584,0,175473,1
418076,62593,0,175489,1
418126,62601,0,175518,0
418176,62610,0,175534,1
418226,62620,0,175559,1
418276,62624,0,175583,0
418326,62634,0,175596,1
418377,62649,0,175608,0
418427,62658,0,175634,0
418478,62670,0,175703,0
418532,62681,0,175718,0
418582,62691,0,175746,0
418632,62701,0,175763,1
418684,62706,0,175791,0
418735,62707,0,175818,0
418790,62714,0,175834,0
418841,62715,0,175860,0
418895,62722,0,175880,0
418945,62724,0,175903,0
419000,62733,0,175933,0
419053,62739,0,175961,1
419110,62749,0,175979,0
419161,62756,0,175997,1
419212,62767,0,176004,1
419262,62772,0,176029,0
419312,62781,0,176045,1
419363,62794,0,176068,2
419415,62804,0,176086,0
419467,62817,0,176093,0
419517,62829,0,176102,2
419567,62838,0,176119,1
419617,62850,0,176141,1
419667,62854,0,176172,0
419717,62856,0,176197,0
419767,62862,0,176219,0
419823,62865,0,176245,0
419873,62870,0,176260,0
419923,62873,0,176290,1
419974,62877,0,176322,1
420026,62884,0,176341,1
420076,62893,0,176361,1
420126,62901,0,176382,1
420179,62908,0,176400,1
420233,62921,0,176416,1
420284,62925,0,176431,1
420335,62935,0,176447,0
420385,62949,0,176463,0
420435,62957,0,176484,1
420487,62970,0,176499,0
420538,62981,0,176517,0
420590,62992,0,176535,0
420645,63003,0,176551,1
420697,63006,0,176575,0
420747,63009,0,176595,1
420797,63014,0,176620,0
420851,63015,0,176645,0
420902,63022,0,176668,0
420952,63024,0,176687,0
421004,63033,0,176701,1
421055,63039,0,176725,1
421105,63049,0,176748,2
421157,63054,0,176774,1
421208,63066,0,176784,0
421258,63072,0,176811,0
421308,63078,0,176836,0
421360,63091,0,176851,0
421411,63104,0,176862,0
421461,63114,0,176880,1
421516,63127,0,176900,1
421566,63137,0,176915,1
421618,63146,0,176927,1
421671,63154,0,176943,0
421722,63156,0,177016,0
421772,63162,0,177047,0
421823,63165,0,177087,0
421874,63170,0,177112,1
421924,63173,0,177131,1
421974,63176,0,177165,0
422026,63184,0,177179,1
422076,63192,0,177200,1
422126,63201,0,177222,1
422177,63207,0,177246,0
422228,63220,0,177261,1
422278,63224,0,177293,0
422330,63234,0,177312,1
422380,63248,0,177339,3
422433,63256,0,177412,0
422485,63270,0,177428,1
422538,63281,0,177452,0
422597,63292,0,177467,1
422647,63303,0,177481,1
422698,63306,0,177511,0
422749,63309,0,177541,0
422799,63314,0,177554,0
422849,63315,0,177589,0
422899,63322,0,177604,0
422950,63324,0,177633,0
423000,63331,0,177656,1
423052,63338,0,177674,0
423102,63346,0,177690,0
423152,63352,0,177711,1
423203,63363,0,177717,0
423253,63371,0,177736,0
423304,63377,0,177760,1
423354,63390,0,177776,0
423405,63403,0,177786,1
423461,63413,0,177813,1
423513,63423,0,177827,1
423568,63436,0,177841,2
423620,63446,0,177865,1
423674,63455,0,177886,1
423724,63456,0,177917,0
423776,63462,0,177940,0
423828,63465,0,177969,0
423880,63470,0,177992,1
423930,63474,0,178020,0
423983,63477,0,178052,1
424034,63485,0,178070,0
424084,63494,0,178085,1
424136,63501,0,178116,0
424186,63509,0,178146,1
424237,63521,0,178161,1
424291,63525,0,178180,1
424342,63536,0,178238,1
424394,63551,0,178250,1
424445,63558,0,178278,1
424498,63571,0,178295,0
424550,63581,0,178316,0
424600,63592,0,178332,1
424652,63603,0,178355,1
424702,63606,0,178394,0
424753,63610,0,178422,1
424804,63614,0,178444,0
424854,63615,0,178525,0
424904,63622,0,178548,0
424954,63624,0,178571,0
425004,63631,0,178596,0
425056,63638,0,178615,0
425106,63647,0,178630,0
425156,63652,0,178657,1
425206,63663,0,178674,1
425259,63671,0,178698,0
425310,63677,0,178716,0
425361,63691,0,178738,0
425411,63703,0,178757,0
425461,63712,0,178779,1
425511,63722,0,178796,1
425570,63733,0,178817,1
425620,63745,0,178828,1
425670,63754,0,178856,1
425721,63756,0,178887,0
425772,63761,0,178918,0
425822,63765,0,178943,1
425875,63769,0,178968,1
425929,63773,0,178994,1
425980,63776,0,179022,0
426032,63785,0,179037,1
426082,63793,0,179055,2
426133,63801,0,179074,1
426186,63808,0,179088,1
426237,63820,0,179105,1
426287,63824,0,179131,0
426337,63833,0,179155,2
426388,63845,0,179165,1
426438,63857,0,179177,1
426489,63868,0,179197,1
426541,63881,0,179204,0
426592,63890,0,179229,0
426651,63902,0,179253,1
426701,63906,0,179275,0
426752,63909,0,179302,0
426802,63914,0,179327,0
426852,63915,0,179363,0
426903,63922,0,179392,1
426953,63924,0,179412,0
427003,63931,0,179429,2
427057,63938,0,179453,0
427108,63946,0,179471,1
427159,63953,0,179480,1
427210,63963,0,179504,1
427261,63971,0,179531,0
427311,63977,0,179547,0
427364,63989,0,179556,1
427414,64003,0,179565,0
427465,64013,0,179586,2
427517,64022,0,179610,0
427568,64032,0,179624,0
427618,64043,0,179640,1
427668,64053,0,179660,0
427718,64056,0,179691,0
427768,64060,0,179717,0
427818,64064,0,179744,0
427868,64067,0,179774,2
427920,64072,0,179797,0
427971,64075,0,179828,0
428025,64083,0,179861,1
428081,64089,0,179885,1
428132,64100,0,179897,0
428182,64107,0,179921,1
428232,64118,0,179934,1
428285,64123,0,179949,1
428337,64130,0,179972,0
428387,64144,0,179977,1
428439,64157,0,179989,1
428492,64167,0,180017,0
428544,64179,0,180028,1
428596,64190,0,180045,0
428646,64201,0,180065,2
428701,64206,0,180083,0
428751,64208,0,180101,1
428801,64213,0,180129,0
428853,64215,0,180157,0
428905,64222,0,180177,1
428957,64225,0,180208,1
429011,64232,0,180223,1
429064,64238,0,180251,0
429115,64246,0,180269,0
429165,64252,0,180299,1
429215,64263,0,180320,2
429271,64271,0,180341,0
429321,64278,0,180357,1
429371,64288,0,180370,0
429421,64303,0,180383,0
429474,64314,0,180403,1
429525,64323,0,180419,0
429576,64335,0,180432,1
429627,64345,0,180454,1
429677,64353,0,180475,0
429727,64356,0,180502,0
429780,64362,0,180523,1
429831,64365,0,180545,0
429881,64369,0,180574,0
429935,64373,0,180595,1
429985,64376,0,180625,0
430038,64385,0,180649,0
430089,64391,0,180669,1
430139,64401,0,180700,1
430189,64408,0,180732,1
430241,64419,0,180757,0
430291,64424,0,180781,1
430342,64430,0,180798,0
430394,64445,0,180814,1
430444,64457,0,180825,1
430495,64467,0,180840,0
430545,64477,0,180864,1
430595,64488,0,180882,1
430648,64499,0,180897,1
430700,64506,0,180917,0
430752,64508,0,180938,1
430807,64514,0,180976,1
430857,64515,0,181002,0
430907,64521,0,181031,0
430957,64524,0,181050,0
431007,64531,0,181073,1
431058,64538,0,181093,1
431109,64545,0,181121,0
431160,64551,0,181150,0
431211,64560,0,181159,0
431261,64571,0,181173,0
431312,64575,0,181192,0
431363,64586,0,181198,0
431413,64602,0,181223,2
431464,64610,0,181245,1
431514,64621,0,181270,0
431565,64632,0,181332,1
431618,64643,0,181354,1
431670,64653,0,181376,0
431720,64656,0,181405,0
431770,64660,0,181436,0
431820,64664,0,181458,0
431871,64666,0,181490,1
431921,64672,0,181515,0
431972,64675,0,181542,0
432022,64682,0,181561,0
432072,64688,0,181581,0
432122,64698,0,181602,1
432172,64702,0,181626,0
432223,64713,0,181639,1
432275,64722,0,181657,1
432325,64727,0,181685,0
432377,64740,0,181692,1
432428,64754,0,181707,1
432479,64765,0,181729,1
432529,64774,0,181744,1
432579,64783,0,181771,0
432630,64794,0,181786,1
432683,64803,0,181800,0
432733,64806,0,181827,0
432784,64812,0,181849,1
432834,64815,0,181871,0
432888,64819,0,181897,0
432939,64823,0,181920,0
432990,64826,0,181943,0
433040,64835,0,181964,0
433090,64841,0,181985,2
433142,64851,0,181997,0
433193,64857,0,182010,1
433247,64868,0,182034,1
433298,64875,0,182052,1
433349,64881,0,182077,1
433403,64896,0,182092,1
433455,64908,0,182103,1
433507,64918,0,182125,1
433558,64928,0,182140,0
433610,64941,0,182147,0
433660,64952,0,182166,2
433712,64956,0,182195,0
433762,64960,0,182228,0
433812,64963,0,182259,0
433866,64965,0,182284,0
433918,64972,0,182302,0
433971,64975,0,182330,0
434021,64982,0,182351,0
434076,64988,0,182374,0
434126,64998,0,182396,1
434177,65002,0,182422,0
434227,65013,0,182444,0
434279,65022,0,182471,0
434329,65027,0,182495,0
434380,65039,0,182517,0
434435,65054,0,182534,1
434486,65067,0,182548,0
434536,65074,0,182567,0
434586,65084,0,182594,0
434642,65096,0,182611,1
434692,65104,0,182623,0
434745,65107,0,182642,1
434797,65112,0,182665,0
434847,65115,0,182694,0
434902,65121,0,182726,1
434960,65124,0,182748,0
435012,65130,0,182767,1
435070,65138,0,182784,1
435124,65147,0,182798,1
435174,65152,0,182832,0
435224,65161,0,182852,0
435275,65171,0,182873,0
435326,65176,0,182899,1
435376,65188,0,182918,1
435426,65203,0,182937,0
435482,65213,0,182958,1
435534,65224,0,182983,1
435588,65234,0,183006,1
435641,65245,0,183030,0
435693,65254,0,183041,0
435743,65256,0,183070,0
435795,65262,0,183094,0
435849,65265,0,183115,0
435901,65270,0,183131,0
435951,65274,0,183142,1
436001,65277,0,183171,1
436052,65285,0,183189,0
436103,65293,0,183204,2
436154,65301,0,183219,0
436205,65308,0,183246,1
436255,65319,0,183259,0
436306,65325,0,183283,1
436356,65331,0,183306,0
436409,65345,0,183317,1
436460,65358,0,183325,1
436512,65368,0,183341,1
436564,65378,0,183362,1
436614,65391,0,183380,1
436664,65399,0,183396,0
436715,65406,0,183420,0
436768,65410,0,183440,1
436818,65413,0,183465,0
436869,65415,0,183481,0
436921,65422,0,183505,0
436973,65425,0,183530,0
437024,65431,0,183554,1
437075,65438,0,183579,1
437125,65446,0,183598,1
437176,65452,0,183621,0
437227,65461,0,183640,0
437278,65472,0,183669,1
437329,65476,0,183694,0
437379,65486,0,183713,0
437431,65503,0,183726,0
437481,65512,0,183751,0
437532,65523,0,183774,0
437582,65532,0,183792,1
437636,65544,0,183808,1
437688,65553,0,183823,0
437742,65556,0,183841,0
437798,65562,0,183853,1
437848,65565,0,183879,0
437900,65570,0,183901,0
437950,65573,0,183924,1
438003,65577,0,183957,1
438059,65586,0,183968,1
438110,65593,0,183980,1
438163,65601,0,184011,0
438213,65609,0,184033,1
438263,65620,0,184051,1
438313,65625,0,184080,0
438363,65632,0,184103,1
438414,65646,0,184121,1
438465,65659,0,184131,1
438516,65670,0,184150,2
438566,65678,0,184173,1
438617,65692,0,184178,2
438668,65700,0,184195,0
438719,65706,0,184216,0
438770,65709,0,184243,0
438820,65713,0,184261,0
438875,65715,0,184283,0
438925,65722,0,184313,0
438976,65725,0,184337,0
439030,65732,0,184363,1
439080,65738,0,184389,0
439131,65748,0,184408,1
439181,65752,0,184432,0
439231,65761,0,184445,0
439281,65772,0,184465,1
439332,65777,0,184498,1
439384,65786,0,184513,0
439435,65800,0,184518,2
439486,65812,0,184532,0
439536,65823,0,184555,0
439588,65832,0,184581,1
439642,65844,0,184593,1
439694,65854,0,184618,1
439745,65856,0,184655,0
439800,65862,0,184680,1
439852,65865,0,184715,0
439902,65870,0,184739,0
439953,65873,0,184770,1
440004,65876,0,184798,0
440054,65885,0,184811,0
440105,65891,0,184842,0
440157,65901,0,184863,1
440207,65906,0,184893,0
440257,65919,0,184910,2
440310,65925,0,184942,0
440361,65931,0,184971,0
440412,65943,0,184978,1
440467,65958,0,184987,1
440519,65968,0,185002,1
440569,65978,0,185022,1
440620,65990,0,185039,1
440671,65999,0,185052,1
440723,66006,0,185080,0
440775,66010,0,185104,1
440826,66014,0,185131,0
440878,66015,0,185160,0
440929,66022,0,185185,0
440981,66025,0,185207,0
441031,66032,0,185233,1
441083,66038,0,185258,0
441135,66047,0,185277,1
441185,66052,0,185307,0
441236,66062,0,185335,1
441286,66072,0,185351,0
441336,66077,0,185376,0
441389,66086,0,185404,1
441444,66101,0,185418,1
441494,66114,0,185485,1
441544,66124,0,185508,0
441598,66134,0,185530,1
441649,66145,0,185557,1
441700,66154,0,185576,0
441750,66156,0,185600,0
441800,66161,0,185626,0
441850,66165,0,185655,0
441900,66170,0,185691,2
441950,66172,0,185709,0
442003,66176,0,185724,0
442057,66185,0,185736,0
442107,66191,0,185761,0
442159,66200,0,185778,0
442209,66206,0,185796,0
442259,66218,0,185817,2
442312,66225,0,185836,0
442362,66230,0,185861,1
442413,66243,0,185884,1
442464,66257,0,185890,1
442514,66267,0,185953,0
442564,66276,0,185970,1
442615,66288,0,185985,2
442669,66298,0,185998,0
442722,66306,0,186019,0
442773,66309,0,186031,1
442823,66313,0,186057,0
442873,66315,0,186088,0
442924,66322,0,186111,1
442974,66325,0,186132,0
443026,66328,0,186156,0
443079,66338,0,186178,1
443130,66345,0,186193,1
443185,66352,0,186211,0
443235,66361,0,186236,0
443286,66372,0,186260,1
443336,66376,0,186283,1
443387,66384,0,186306,0
443438,66398,0,186324,0
443489,66412,0,186344,1
443539,66422,0,186379,0
443589,66431,0,186402,0
443639,66443,0,186413,1
443689,66453,0,186430,1
443741,66456,0,186454,0
443791,66461,0,186479,1
443841,66464,0,186511,0
443891,66465,0,186536,0
443942,66472,0,186558,0
443994,66476,0,186588,0
444044,66483,0,186615,0
444096,66488,0,186636,0
444147,66498,0,186661,1
444198,66503,0,186691,1
444249,66515,0,186710,1
444299,66523,0,186731,1
444349,66527,0,186756,0
444399,66536,0,186779,1
444449,66551,0,186802,1
444500,66565,0,186816,1
444552,66574,0,186831,1
444603,66584,0,186859,1
444653,66594,0,186889,1
444707,66604,0,186912,0
444758,66606,0,186936,0
444809,66613,0,186960,1
444859,66615,0,186984,0
444911,66619,0,187003,1
444961,66624,0,187033,1
445011,66627,0,187060,0
445062,66636,0,187084,1
445114,66642,0,187110,1
445165,66651,0,187126,0
445217,66657,0,187149,0
445270,66669,0,187173,1
445322,66675,0,187192,0
445373,66681,0,187218,2
445424,66694,0,187241,1
445474,66707,0,187246,3
445527,66718,0,187260,1
445577,66729,0,187285,0
445628,66741,0,187295,1
445678,66750,0,187320,1
445731,66756,0,187339,0
445782,66760,0,187360,0
445832,66764,0,187374,1
445882,66765,0,187403,0
445934,66772,0,187417,0
445984,66775,0,187443,0
446034,66779,0,187469,0
446088,66788,0,187485,1
446138,66796,0,187504,1
446190,66802,0,187522,0
446244,66813,0,187543,1
446294,66822,0,187614,0
446344,66827,0,187643,1
446394,66835,0,187667,1
446447,66848,0,187677,1
446498,66861,0,187687,0
446551,66873,0,187701,1
446601,66882,0,187719,1
446651,66893,0,187730,0
446704,66904,0,187742,1
446754,66906,0,187769,0
446804,66911,0,187792,0
446854,66915,0,187812,1
446912,66916,0,187841,1
446965,66924,0,187860,1
447016,66927,0,187885,0
447066,66936,0,187906,0
447117,66942,0,187925,1
447167,66951,0,187941,2
447217,66957,0,187968,0
447267,66968,0,187983,1
447319,66975,0,188010,1
447369,66979,0,188045,0
447420,66991,0,188054,1
447470,67004,0,188065,1
447520,67017,0,188076,1
447570,67026,0,188094,0
447621,67037,0,188114,1
447671,67046,0,188130,0
447721,67055,0,188156,1
447772,67057,0,188185,0
447822,67063,0,188213,0
447874,67065,0,188244,0
447924,67071,0,188265,3
447975,67075,0,188297,0
448028,67078,0,188322,0
448079,67087,0,188349,1
448129,67093,0,188372,0
448184,67102,0,188397,0
448236,67110,0,188418,0
448287,67121,0,188437,0
448337,67126,0,188454,1
448387,67132,0,188484,1
448439,67146,0,188494,1
448490,67157,0,188510,0
448544,67172,0,188531,1
448595,67181,0,188552,1
448645,67193,0,188579,0
448695,67201,0,188597,0
448745,67206,0,188625,0
448796,67209,0,188688,1
448846,67214,0,188721,0
448897,67215,0,188740,0
448949,67222,0,188762,0
449000,67226,0,188789,0
449052,67233,0,188811,0
449102,67238,0,188839,0
449152,67247,0,188853,1
449210,67253,0,188875,1
449261,67265,0,188896,0
449311,67274,0,188912,0
449361,67277,0,188930,0
449411,67287,0,188951,0
449462,67301,0,188959,1
449513,67315,0,188965,2
449563,67325,0,188975,0
449613,67334,0,188990,0
449664,67344,0,189015,0
449714,67354,0,189077,0
449766,67356,0,189104,0
449816,67363,0,189126,1
449867,67365,0,189147,0
449917,67366,0,189192,0
449968,67374,0,189206,1
450018,67377,0,189237,0
450069,67386,0,189257,1
450121,67390,0,189284,1
450172,67401,0,189298,0
450222,67407,0,189315,3
450273,67418,0,189329,1
450325,67424,0,189348,0
450376,67431,0,189363,1
450429,67439,0,189381,1
450480,67454,0,189397,0
450532,67468,0,189416,1
450584,67478,0,189441,1
450634,67490,0,189456,1
450689,67497,0,189486,1
450745,67506,0,189502,0
450797,67508,0,189525,0
450847,67514,0,189549,0
450897,67515,0,189567,0
450949,67522,0,189579,0
451001,67526,0,189605,1
451051,67533,0,189632,3
451101,67538,0,189654,0
451153,67546,0,189672,1
451203,67552,0,189697,0
451254,67564,0,189711,1
451304,67572,0,189722,0
451354,67577,0,189746,0
451406,67585,0,189778,0
451456,67597,0,189792,1
451507,67609,0,189811,1
451557,67622,0,189829,0
451610,67632,0,189849,1
451660,67644,0,189853,0
451710,67653,0,189915,1
451762,67656,0,189940,0
451819,67662,0,189959,0
451870,67665,0,189986,0
451924,67666,0,190019,1
451976,67674,0,190027,1
452026,67677,0,190100,0
452077,67686,0,190121,0
452129,67692,0,190135,1
452180,67700,0,190159,1
452230,67708,0,190185,1
452284,67719,0,190245,1
452334,67725,0,190271,0
452384,67731,0,190299,0
452435,67740,0,190310,1
452489,67755,0,190324,1
452539,67768,0,190340,2
452590,67778,0,190365,1
452642,67789,0,190389,1
452692,67798,0,190411,2
452743,67806,0,190434,0
452793,67808,0,190469,0
452846,67814,0,190495,0
452899,67815,0,190519,0
452949,67821,0,190547,0
453002,67826,0,190572,1
453054,67832,0,190598,1
453104,67838,0,190626,0
453155,67846,0,190665,1
453205,67852,0,190683,0
453256,67863,0,190701,1
453308,67872,0,190721,0
453358,67877,0,190744,0
453408,67883,0,190766,1
453458,67898,0,190777,2
453509,67909,0,190796,0
453559,67922,0,190819,0
453609,67931,0,190827,2
453661,67944,0,190851,1
453713,67953,0,190876,1
453765,67956,0,190902,0
453818,67962,0,190926,0
453871,67965,0,190951,0
453922,67965,0,190970,0
453972,67973,0,190987,1
454023,67977,0,191007,0
454073,67985,0,191026,1
454123,67990,0,191050,1
454177,67998,0,191071,0
454229,68005,0,191095,1
454280,68018,0,191105,0
454330,68025,0,191126,1
454383,68031,0,191199,0
454433,68039,0,191214,0
454493,68055,0,191225,1
454544,68069,0,191237,1
454594,68078,0,191252,0
454644,68089,0,191263,1
454695,68098,0,191285,0
454746,68106,0,191297,0
454799,68108,0,191323,0
454849,68114,0,191342,0
454899,68115,0,191370,0
454950,68121,0,191393,0
455001,68125,0,191420,0
455051,68130,0,191439,0
455102,68138,0,191463,0
455154,68144,0,191484,1
455208,68152,0,191507,0
455258,68163,0,191523,1
455310,68172,0,191545,0
455360,68177,0,191569,0
455412,68183,0,191586,1
455469,68199,0,191600,1
455519,68211,0,191618,0
455572,68223,0,191643,1
455624,68235,0,191664,0
455678,68245,0,191684,1
455729,68254,0,191701,0
455779,68256,0,191722,0
455829,68262,0,191749,0
455880,68265,0,191767,0
455931,68266,0,191795,0
455981,68275,0,191818,1
456031,68277,0,191836,0
456081,68286,0,191851,1
456132,68292,0,191869,1
456183,68298,0,191887,0
456233,68304,0,191898,1
456285,68318,0,191913,2
456335,68325,0,191938,0
456392,68331,0,191951,1
456445,68341,0,191965,1
456496,68355,0,191974,1
456546,68369,0,191990,1
456596,68378,0,192007,1
456646,68389,0,192025,0
456696,68397,0,192041,1
456746,68406,0,192059,0
456796,68408,0,192074,1
456847,68414,0,192108,1
456900,68415,0,192135,0
456950,68421,0,192150,0
457000,68425,0,192167,0
457051,68429,0,192195,0
457102,68438,0,192222,0
457155,68444,0,192238,1
457205,68452,0,192262,1
457256,68460,0,192282,1
457306,68472,0,192302,1
457358,68477,0,192325,0
457409,68482,0,192347,1
457459,68494,0,192352,1
457509,68506,0,192373,0
457559,68522,0,192394,0
457609,68529,0,192417,0
457659,68542,0,192436,2
457709,68549,0,192453,0
457759,68556,0,192473,0
457809,68559,0,192498,1
457860,68564,0,192530,0
457911,68565,0,192562,0
457961,68572,0,192583,0
458013,68576,0,192611,0
458063,68581,0,192628,1
458114,68588,0,192643,0
458169,68597,0,192678,1
458219,68602,0,192700,0
458270,68612,0,192709,1
458320,68623,0,192722,0
458370,68627,0,192741,0
458420,68633,0,192759,1
458474,68649,0,192784,1
458525,68661,0,192798,0
458575,68673,0,192819,0
458625,68684,0,192833,1
458676,68694,0,192890,0
458729,68704,0,192911,1
458780,68706,0,192934,0
458831,68712,0,192948,0
458884,68715,0,192965,0
458935,68716,0,192994,1
458990,68725,0,193014,1
459040,68728,0,193040,0
459098,68737,0,193056,1
459148,68743,0,193080,0
459199,68750,0,193106,0
459252,68755,0,193123,1
459304,68771,0,193132,2
459359,68777,0,193161,1
459409,68781,0,193182,0
459462,68794,0,193198,1
459512,68805,0,193202,1
459562,68822,0,193209,1
459616,68829,0,193229,1
459669,68842,0,193240,1
459720,68850,0,193251,1
459773,68856,0,193275,0
459824,68861,0,193303,1
459874,68864,0,193326,0
459925,68865,0,193352,0
459975,68872,0,193377,0
460027,68877,0,193395,0
460079,68883,0,193411,1
460129,68889,0,193431,1
460179,68898,0,193454,1
460229,68902,0,193475,0
460279,68913,0,193498,0
460332,68924,0,193519,0
460382,68928,0,193533,1
460432,68934,0,193553,1
460484,68951,0,193565,1
460535,68962,0,193587,0
460585,68974,0,193601,0
460643,68985,0,193613,1
460696,68995,0,193635,1
460747,69006,0,193656,0
460797,69007,0,193689,0
460852,69014,0,193709,0
460906,69015,0,193736,0
460956,69021,0,193754,1
461006,69025,0,193786,0
461056,69029,0,193802,0
461108,69038,0,193814,1
461158,69043,0,193843,0
461216,69051,0,193863,1
461267,69060,0,193882,0
461318,69072,0,193903,0
461369,69077,0,193936,0
461422,69082,0,193968,1
461472,69095,0,193973,1
461522,69111,0,193985,3
461575,69123,0,194003,1
461630,69131,0,194013,1
461681,69143,0,194026,1
461731,69152,0,194039,2
461785,69156,0,194063,0
461840,69162,0,194091,0
461894,69165,0,194113,0
461944,69168,0,194139,1
461995,69175,0,194155,1
462046,69178,0,194180,1
462096,69186,0,194197,1
462146,69192,0,194224,0
462196,69199,0,194243,0
462246,69203,0,194267,0
462296,69215,0,194286,0
462346,69225,0,194299,0
462401,69231,0,194327,0
462453,69238,0,194341,1
462508,69254,0,194402,0
462558,69269,0,194419,1
462608,69278,0,194442,1
462658,69289,0,194465,1
462711,69297,0,194476,1
462761,69306,0,194486,0
462814,69309,0,194511,1
462865,69314,0,194533,0
462917,69315,0,194563,0
462967,69322,0,194586,0
463018,69326,0,194611,1
463068,69331,0,194641,1
463118,69338,0,194664,0
463172,69346,0,194729,1
463222,69352,0,194753,1
463275,69361,0,194773,1
463326,69372,0,194783,1
463376,69377,0,194802,0
463426,69382,0,194829,0
463482,69396,0,194843,1
463534,69409,0,194859,1
463584,69424,0,194875,1
463636,69433,0,194892,1
463686,69443,0,194914,0
463736,69451,0,194936,1
463790,69456,0,194954,0
463840,69462,0,194971,0
463890,69465,0,195000,0
463940,69466,0,195024,1
463990,69474,0,195038,0
464040,69477,0,195059,0
464091,69483,0,195087,1
464142,69491,0,195110,1
464192,69498,0,195129,0
464243,69503,0,195160,0
464302,69514,0,195178,1
464352,69525,0,195198,0
464403,69531,0,195224,0
464453,69537,0,195247,0
464503,69554,0,195262,1
464553,69566,0,195278,2
464609,69577,0,195296,1
464659,69588,0,195310,1
464712,69597,0,195319,1
464769,69606,0,195335,0
464820,69609,0,195358,0
464872,69614,0,195381,0
464923,69615,0,195399,0
464974,69622,0,195421,0
465027,69626,0,195448,1
465078,69632,0,195471,1
465128,69638,0,195497,0
465180,69647,0,195519,1
465230,69652,0,195537,0
465282,69661,0,195559,0
465334,69672,0,195574,0
465384,69677,0,195597,0
465438,69683,0,195622,1
465488,69697,0,195631,1
465538,69709,0,195646,0
465588,69724,0,195660,0
465638,69733,0,195682,1
465690,69743,0,195704,0
465746,69751,0,195716,1
465798,69757,0,195737,1
465848,69762,0,195765,0
465902,69765,0,195791,0
465952,69767,0,195814,0
466003,69775,0,195837,0
466054,69779,0,195870,1
466108,69786,0,195886,0
466160,69793,0,195902,0
466210,69799,0,195916,0
466261,69803,0,195945,0
466311,69817,0,195962,2
466361,69826,0,195978,0
466412,69831,0,196002,0
466467,69838,0,196024,1
466517,69854,0,196028,0
466567,69869,0,196044,1
466617,69877,0,196063,0
466667,69888,0,196080,1
466717,69897,0,196102,0
466768,69906,0,196117,0
466819,69909,0,196145,0
466869,69914,0,196168,0
466919,69915,0,196191,0
466969,69922,0,196210,3
467021,69925,0,196224,0
467072,69930,0,196244,1
467122,69937,0,196265,1
467173,69945,0,196284,1
467223,69950,0,196308,0
467273,69955,0,196344,0
467323,69970,0,196350,1
467374,69977,0,196372,0
467426,69982,0,196389,0
467476,69990,0,196410,1
467529,70007,0,196420,1
467579,70021,0,196434,1
467629,70030,0,196448,0
467680,70041,0,196459,0
467730,70049,0,196476,0
467782,70056,0,196496,0
467832,70060,0,196518,0
467882,70064,0,196533,0
467934,70065,0,196557,0
467986,70072,0,196585,0
468036,70077,0,196614,0
468086,70082,0,196636,1
468136,70089,0,196654,1
468188,70097,0,196673,0
468241,70102,0,196687,0
468295,70109,0,196713,1
468345,70122,0,196731,0
468396,70129,0,196750,1
468447,70134,0,196774,0
468501,70147,0,196792,1
468551,70161,0,196817,2
468602,70174,0,196832,0
468654,70184,0,196851,0
468711,70193,0,196871,1
468761,70205,0,196886,0
468811,70208,0,196904,0
468861,70213,0,196933,1
468912,70215,0,196965,0
468962,70219,0,196983,2
469012,70225,0,197017,0
469065,70229,0,197040,0
469115,70236,0,197065,1
469168,70243,0,197075,0
469219,70250,0,197096,1
469270,70255,0,197112,1
469323,70267,0,197132,1
469374,70277,0,197143,1
469426,70282,0,197168,1
469476,70289,0,197197,0
469528,70306,0,197256,0
469578,70318,0,197273,1
469632,70330,0,197292,1
469683,70340,0,197312,1
469733,70349,0,197330,0
469786,70356,0,197348,0
469837,70360,0,197381,0
469888,70364,0,197410,0
469938,70365,0,197437,0
469990,70372,0,197458,0
470040,70377,0,197485,0
470093,70382,0,197503,0
470146,70390,0,197527,1
470196,70398,0,197540,0
470249,70402,0,197560,1
470299,70409,0,197582,0
470349,70424,0,197598,2
470399,70428,0,197617,0
470449,70434,0,197645,0
470499,70445,0,197656,2
470549,70459,0,197664,0
470599,70474,0,197668,1
470649,70483,0,197678,0
470699,70492,0,197692,0
470749,70501,0,197707,1
470800,70506,0,197721,0
470853,70512,0,197749,0
470903,70515,0,197778,0
470954,70517,0,197807,0
471005,70525,0,197823,1
471055,70529,0,197845,1
471106,70533,0,197867,1
471162,70541,0,197895,1
471213,70549,0,197910,1
471269,70554,0,197927,1
471319,70566,0,197941,1
471370,70576,0,197962,1
471421,70581,0,197984,0
471472,70587,0,198013,0
471522,70602,0,198028,1
471572,70612,0,198039,1
471624,70628,0,198053,1
471674,70635,0,198075,0
471724,70647,0,198085,2
471774,70656,0,198104,2
471825,70659,0,198133,0
471875,70664,0,198163,0
471929,70665,0,198191,0
471980,70671,0,198209,1
472031,70675,0,198227,0
472081,70681,0,198249,0
472133,70688,0,198277,0
472185,70695,0,198297,0
472239,70700,0,198321,0
472289,70705,0,198340,0
472339,70718,0,198365,0
472390,70727,0,198427,0
472442,70732,0,198444,0
472494,70742,0,198456,0
472544,70759,0,198465,1
472594,70771,0,198484,0
472645,70781,0,198505,1
472695,70792,0,198517,1
472745,70800,0,198530,1
472795,70806,0,198549,0
472847,70812,0,198562,1
472897,70815,0,198588,1
472947,70816,0,198611,1
472998,70824,0,198642,1
473052,70827,0,198672,1
473102,70832,0,198694,0
473155,70840,0,198711,0
473207,70848,0,198726,0
473257,70851,0,198749,0
473310,70862,0,198770,1
473362,70875,0,198792,1
473412,70881,0,198816,1
473462,70886,0,198832,0
473513,70895,0,198849,1
473563,70910,0,198863,1
473613,70925,0,198874,1
473663,70934,0,198885,0
473715,70943,0,198901,1
473767,70953,0,198915,1
473821,70959,0,198948,1
473871,70964,0,198979,1
473921,70965,0,199007,0
473971,70968,0,199029,1
474021,70975,0,199060,0
474071,70979,0,199080,0
474122,70985,0,199101,0
474172,70992,0,199120,1
474222,70999,0,199139,1
474273,71004,0,199170,1
474324,71017,0,199178,1
474374,71026,0,199193,1
474426,71031,0,199210,0
474476,71037,0,199235,1
474526,71050,0,199242,2
474580,71064,0,199261,1
474630,71078,0,199275,0
474680,71086,0,199298,1
474731,71097,0,199318,1
474782,71106,0,199341,0
474832,71110,0,199362,1
474886,71114,0,199382,0
474938,71115,0,199406,0
474989,71122,0,199425,0
475040,71125,0,199459,0
475090,71132,0,199482,2
475142,71137,0,199513,1
475194,71147,0,199537,0
475245,71150,0,199556,0
475296,71156,0,199578,1
475346,71168,0,199607,0
475396,71178,0,199624,0
475450,71183,0,199640,1
475502,71192,0,199662,0
475552,71209,0,199678,0
475603,71220,0,199696,1
475653,71231,0,199712,1
475705,71242,0,199735,1
475757,71251,0,199749,0
475807,71257,0,199765,0
475857,71262,0,199794,0
475912,71265,0,199810,0
475962,71267,0,199832,0
476012,71275,0,199859,0
476062,71279,0,199884,0
476114,71283,0,199908,1
476164,71290,0,199942,0
476217,71298,0,199968,0
476269,71303,0,199980,0
476320,71315,0,200004,2
476371,71325,0,200023,1
476421,71331,0,200048,0
476472,71336,0,200064,0
476525,71346,0,200135,1
476575,71361,0,200154,0
476625,71377,0,200175,2
476675,71385,0,200188,0
476729,71395,0,200205,1
476781,71404,0,200223,0
476831,71409,0,200247,0
476881,71414,0,200270,0
476931,71415,0,200304,0
476981,71420,0,200325,0
477033,71425,0,200341,0
477087,71430,0,200362,1
477140,71436,0,200379,0
477192,71447,0,200395,1
477245,71450,0,200424,0
477296,71456,0,200446,1
477354,71469,0,200463,1
477405,71479,0,200480,1
477456,71484,0,200504,1
477508,71492,0,200523,0
477559,71509,0,200540,0
477609,71520,0,200550,2
477660,71532,0,200559,1
477710,71542,0,200573,0
477760,71551,0,200589,0
477810,71557,0,200611,0
477861,71562,0,200638,0
477911,71565,0,200666,0
477961,71567,0,200746,0
478012,71575,0,200764,1
478062,71577,0,200785,1
478112,71582,0,200817,0
478164,71590,0,200837,0
478214,71598,0,200854,0
478267,71602,0,200877,1
478318,71612,0,200890,1
478368,71622,0,200905,0
478418,71631,0,200916,1
478469,71636,0,200942,0
478521,71645,0,200971,0
478574,71661,0,200981,1
478625,71674,0,200996,1
478675,71685,0,201017,0
478728,71694,0,201035,1
478779,71704,0,201064,0
478831,71709,0,201091,0
478881,71714,0,201112,0
478937,71715,0,201135,0
478987,71718,0,201160,1
479049,71726,0,201178,1
479100,71732,0,201215,0
479150,71738,0,201231,1
479201,71748,0,201245,1
479254,71750,0,201272,0
479305,71759,0,201288,2
479355,71769,0,201295,1
479408,71778,0,201314,0
479458,71783,0,201337,1
479508,71792,0,201350,0
479560,71805,0,201357,1
479610,71819,0,201376,1
479662,71831,0,201387,1
479715,71842,0,201401,0
479767,71852,0,201419,0
479818,71858,0,201450,0
479873,71863,0,201468,1
479923,71865,0,201495,0
479975,71867,0,201518,0
480026,71875,0,201534,0
480080,71879,0,201560,0
480132,71885,0,201582,1
480187,71893,0,201611,1
480240,71899,0,201629,0
480291,71904,0,201650,0
480342,71914,0,201670,1
480394,71927,0,201690,0
480449,71932,0,201716,0
480499,71939,0,201729,1
480557,71950,0,201747,1
480608,71967,0,201755,1
480658,71980,0,201764,1
480709,71991,0,201789,0
480759,71998,0,201810,1
480812,72007,0,201836,0
480862,72012,0,201868,1
480917,72015,0,201890,0
480967,72017,0,201906,1
481019,72025,0,201927,0
481069,72029,0,201947,1
481120,72032,0,201984,0
481173,72041,0,202009,1
481223,72048,0,202035,0
481273,72052,0,202104,0
481323,72062,0,202127,0
481375,72072,0,202156,0
481426,72081,0,202178,0
481476,72086,0,202211,0
481526,72095,0,202240,1
481578,72110,0,202261,2
481628,72122,0,202277,1
481678,72135,0,202287,3
481728,72143,0,202306,0
481778,72153,0,202322,0
481829,72158,0,202346,0
481879,72164,0,202374,2
481933,72165,0,202403,0
481986,72167,0,202427,0
482036,72175,0,202449,0
482086,72179,0,202471,0
482137,72186,0,202491,1
482190,72193,0,202506,1
482241,72199,0,202533,0
482291,72204,0,202562,0
482343,72214,0,202575,1
482393,72227,0,202591,1
482443,72232,0,202623,0
482493,72238,0,202648,1
482545,72248,0,202658,0
482596,72262,0,202662,1
482653,72278,0,202675,1
482704,72289,0,202689,1
482756,72297,0,202698,0
482807,72307,0,202707,1
482857,72310,0,202730,0
482908,72315,0,202804,0
482958,72316,0,202833,0
483008,72321,0,202863,1
483058,72326,0,202895,1
483109,72332,0,202907,0
483159,72338,0,202921,1
483211,72348,0,202941,0
483261,72351,0,202969,1
483311,72355,0,202999,0
483365,72369,0,203018,1
483425,72379,0,203029,1
483476,72386,0,203058,1
483527,72393,0,203081,0
483577,72407,0,203107,0
483628,72422,0,203118,1
483682,72432,0,203143,1
483733,72444,0,203160,1
483786,72453,0,203196,1
483840,72459,0,203214,1
483890,72464,0,203239,0
483940,72465,0,203258,0
483990,72467,0,203279,0
484042,72475,0,203300,0
484094,72479,0,203328,0
484146,72486,0,203348,0
484197,72494,0,203365,1
484250,72500,0,203392,0
484303,72505,0,203415,0
484358,72518,0,203426,1
484412,72527,0,203436,0
484462,72533,0,203459,1
484514,72542,0,203479,1
484565,72551,0,203506,1
484615,72564,0,203521,1
484665,72579,0,203526,0
484719,72591,0,203544,1
484770,72598,0,203563,0
484820,72608,0,203577,0
484870,72612,0,203604,0
484920,72615,0,203630,0
484971,72616,0,203658,0
485023,72624,0,203677,1
485074,72629,0,203705,1
485127,72633,0,203725,1
485178,72641,0,203748,1
485230,72648,0,203766,0
485280,72653,0,203793,2
485331,72663,0,203821,2
485381,72672,0,203840,1
485431,72680,0,203854,2
485482,72686,0,203879,0
485532,72694,0,203904,1
485582,72707,0,203926,2
485634,72722,0,203947,1
485684,72733,0,203970,1
485737,72744,0,203987,1
485790,72751,0,204013,1
485840,72759,0,204041,1
485890,72764,0,204065,0
485942,72765,0,204095,0
485992,72767,0,204119,0
486046,72775,0,204136,0
486100,72780,0,204150,1
486150,72786,0,204170,0
486202,72794,0,204186,0
486253,72800,0,204200,1
486303,72805,0,204216,0
486354,72817,0,204232,1
486404,72825,0,204254,0
486455,72832,0,204272,0
486505,72840,0,204294,1
486555,72849,0,204307,0
486605,72860,0,204327,1
486655,72876,0,204338,2
486705,72886,0,204362,1
486756,72897,0,204383,1
486806,72906,0,204401,0
486856,72910,0,204430,0
486908,72914,0,204462,0
486959,72916,0,204482,1
487009,72919,0,204509,1
487059,72925,0,204535,0
487110,72932,0,204568,0
487160,72936,0,204592,0
487210,72944,0,204612,0
487260,72950,0,204636,0
487310,72955,0,204660,0
487366,72968,0,204672,1
487416,72977,0,204686,0
487468,72982,0,204708,0
487519,72992,0,204723,1
487569,73000,0,204744,0
487625,73015,0,204760,1
487675,73031,0,204778,1
487726,73041,0,204804,1
487778,73049,0,204830,1
487828,73058,0,204853,0
487888,73063,0,204878,1
487939,73065,0,204908,0
487989,73067,0,204930,0
488040,73075,0,204955,0
488091,73079,0,204974,0
488143,73085,0,205045,1
488194,73092,0,205065,0
488244,73099,0,205094,0
488295,73104,0,205118,0
488349,73112,0,205136,1
488400,73125,0,205149,0
488450,73131,0,205169,0
488502,73138,0,205186,0
488552,73148,0,205206,0
488602,73159,0,205230,0
488652,73174,0,205244,1
488704,73185,0,205262,1
488758,73197,0,205282,1
488813,73206,0,205300,1
488865,73211,0,205330,1
488918,73215,0,205344,1
488968,73216,0,205412,0
489024,73220,0,205426,1
489076,73228,0,205442,1
489127,73232,0,205472,0
489178,73238,0,205484,1
489228,73248,0,205498,0
489280,73252,0,205522,1
489332,73258,0,205547,0
489383,73271,0,205559,0
489435,73279,0,205581,1
489486,73286,0,205599,0
489546,73294,0,205609,1
489596,73307,0,205633,0
489646,73323,0,205651,2
489696,73334,0,205673,0
489747,73345,0,205695,1
489797,73351,0,205719,1
489853,73360,0,205732,1
489906,73364,0,205753,0
489956,73365,0,205782,0
490009,73367,0,205807,0
490061,73375,0,205828,0
490113,73381,0,205846,1
490164,73387,0,205873,1
490217,73395,0,205890,1
490267,73400,0,205913,0
490318,73405,0,205939,0
490368,73418,0,205953,2
490422,73426,0,205975,1
490473,73432,0,206005,0
490527,73441,0,206017,1
490577,73452,0,206037,1
490629,73464,0,206056,1
490682,73481,0,206071,0
490732,73491,0,206085,1
490783,73499,0,206099,1
490834,73508,0,206124,1
490884,73512,0,206142,0
490934,73515,0,206171,0
490987,73516,0,206200,0
491041,73524,0,206236,0
491092,73529,0,206261,0
491143,73534,0,206280,0
491197,73541,0,206299,0
491250,73549,0,206313,0
491305,73555,0,206340,1
491355,73562,0,206369,1
491405,73575,0,206382,1
491457,73581,0,206403,0
491507,73589,0,206424,1
491560,73599,0,206444,0
491610,73609,0,206469,0
491660,73626,0,206479,1
491710,73635,0,206504,1
491761,73647,0,206566,0
491811,73654,0,206592,1
491861,73660,0,206625,0
491911,73664,0,206652,0
491961,73665,0,206677,0
492011,73667,0,206700,0
492061,73675,0,206723,0
492118,73680,0,206744,1
492171,73687,0,206761,1
492224,73697,0,206779,1
492276,73701,0,206802,1
492326,73705,0,206827,0
492376,73717,0,206847,1
492426,73727,0,206864,2
492479,73733,0,206882,1
492530,73741,0,206893,1
492581,73752,0,206907,1
492631,73764,0,206925,1
492682,73781,0,206934,0
492735,73791,0,206947,1
492786,73800,0,206970,1
492837,73808,0,206994,1
492887,73812,0,207014,0
492938,73815,0,207041,0
492988,73816,0,207067,0
493038,73820,0,207079,1
493088,73828,0,207147,0
493139,73833,0,207167,1
493189,73839,0,207188,1
493241,73848,0,207200,0
493291,73852,0,207217,0
493341,73859,0,207234,0
493392,73872,0,207257,1
493444,73879,0,207279,1
493497,73885,0,207305,1
493549,73894,0,207323,1
493599,73906,0,207341,1
493650,73919,0,207361,0
493703,73934,0,207376,1
493755,73942,0,207396,1
493806,73952,0,207408,1
493856,73960,0,207426,1
493907,73964,0,207447,0
493958,73965,0,207467,0
494010,73967,0,207493,0
494062,73975,0,207520,0
494118,73979,0,207544,0
494173,73987,0,207562,1
494223,73995,0,207581,1
494274,74000,0,207604,0
494330,74005,0,207633,0
494382,74017,0,207654,0
494434,74027,0,207666,1
494490,74033,0,207733,1
494540,74042,0,207750,0
494592,74053,0,207766,1
494644,74068,0,207772,2
494695,74083,0,207781,1
494745,74091,0,207831,0
494795,74100,0,207912,1
494846,74109,0,207930,1
494899,74114,0,207958,1
494949,74115,0,207984,0
495002,74117,0,208011,0
495052,74124,0,208027,2
495104,74129,0,208049,0
495155,74134,0,208071,1
495205,74141,0,208086,0
495260,74150,0,208111,1
495310,74155,0,208135,1
495361,74162,0,208203,1
495412,74175,0,208214,0
495462,74181,0,208229,0
495513,74189,0,208259,1
495566,74198,0,208282,1
495617,74208,0,208302,1
495669,74223,0,208327,1
495723,74236,0,208346,1
495774,74248,0,208357,1
495826,74254,0,208379,1
495878,74261,0,208399,0
495929,74265,0,208423,0
495982,74266,0,208453,0
496034,74269,0,208470,0
496085,74277,0,208486,1
496136,74282,0,208510,1
496186,74287,0,208536,0
496237,74298,0,208563,0
496288,74301,0,208581,0
496340,74306,0,208610,1
496390,74319,0,208621,1
496440,74327,0,208642,0
496493,74333,0,208658,1
496544,74342,0,208683,0
496597,74354,0,208705,1
496647,74368,0,208721,2
496697,74383,0,208728,2
496747,74390,0,208753,1
496798,74400,0,208775,1
496850,74409,0,208794,1
496905,74414,0,208813,1
496955,74415,0,208837,0
497005,74417,0,208866,0
497056,74421,0,208887,0
497106,74429,0,208901,0
497157,74434,0,208931,1
497209,74441,0,208944,0
497260,74449,0,208975,0
497310,74454,0,208990,0
497361,74461,0,209021,0
497414,74475,0,209038,0
497465,74481,0,209057,0
497515,74489,0,209075,1
497569,74498,0,209091,1
497621,74508,0,209115,1
497672,74522,0,209127,0
497722,74535,0,209134,0
497772,74546,0,209142,1
497823,74553,0,209161,0
497874,74560,0,209179,0
497924,74565,0,209200,0
497974,74566,0,209219,0
498024,74567,0,209244,0
498077,74575,0,209264,0
498130,74580,0,209285,0
498180,74587,0,209313,1
498234,74596,0,209322,1
498286,74601,0,209338,1
498338,74605,0,209359,0
498388,74618,0,209375,1
498439,74627,0,209412,0
498491,74632,0,209444,0
498544,74642,0,209459,0
498595,74653,0,209475,1
498647,74665,0,209492,1
498701,74680,0,209506,1
498753,74691,0,209526,1
498808,74700,0,209550,1
498859,74708,0,209568,1
498911,74714,0,209589,0
498961,74715,0,209614,0
499011,74717,0,209633,0
499063,74722,0,209664,1
499115,74729,0,209680,0
499174,74735,0,209699,1
499227,74744,0,209719,1
499277,74750,0,209748,0
499329,74755,0,209770,0
499380,74764,0,209786,0
499430,74776,0,209806,1
499484,74782,0,209825,0
499534,74790,0,209849,0
499589,74801,0,209867,1
499640,74813,0,209884,1
499690,74825,0,209894,1
499740,74838,0,209904,1
499790,74848,0,209929,0
499840,74856,0,209946,1
499892,74862,0,209961,0
499943,74865,0,209985,0
499993,74866,0,210009,0
500044,74870,0,210035,1
500095,74877,0,210058,1
500148,74882,0,210085,0
500200,74889,0,210110,1
500250,74899,0,210124,1
500304,74903,0,210159,1
500355,74908,0,210226,1
500406,74922,0,210255,1
500457,74930,0,210283,0
500507,74934,0,210357,1
500560,74943,0,210380,1
500610,74954,0,210392,1
500660,74969,0,210455,3
500710,74981,0,210472,2
500761,74992,0,210487,1
500813,75000,0,210514,1
500864,75008,0,210534,1
500915,75014,0,210554,0
500965,75015,0,210596,0
501016,75017,0,210619,0
501066,75022,0,210647,1
501116,75029,0,210677,0
501170,75034,0,210694,0
501225,75043,0,210714,1
501275,75050,0,210733,0
501325,75055,0,210753,1
501375,75064,0,210771,1
501428,75075,0,210790,0
501479,75082,0,210809,0
501529,75090,0,210834,0
501579,75098,0,210859,0
501629,75109,0,210876,1
501679,75122,0,210883,0
501729,75135,0,210890,0
501782,75147,0,210897,1
501837,75154,0,210913,1
501887,75161,0,210930,0
501937,75165,0,210949,0
501987,75166,0,210973,0
502039,75169,0,210999,0
502093,75176,0,211027,1
502143,75182,0,211089,0
502193,75187,0,211109,0
502244,75198,0,211131,2
502294,75201,0,211197,0
502346,75205,0,211223,0
502396,75219,0,211244,1
502448,75227,0,211266,0
502499,75232,0,211284,0
502550,75242,0,211307,0
502601,75252,0,211329,0
502651,75263,0,211343,1
502704,75277,0,211358,1
502754,75290,0,211371,1
502808,75299,0,211393,0
502859,75307,0,211410,0
502912,75314,0,211429,1
502967,75315,0,211449,0
503018,75317,0,211476,0
503076,75322,0,211497,1
503126,75329,0,211525,0
503178,75334,0,211545,0
503231,75344,0,211579,1
503282,75350,0,211598,1
503332,75355,0,211621,0
503382,75364,0,211629,1
503432,75375,0,211644,0
503484,75382,0,211661,0
503536,75390,0,211681,0
503589,75399,0,211701,1
503640,75410,0,211727,0
503691,75424,0,211734,1
503743,75437,0,211754,0
503799,75449,0,211769,1
503850,75456,0,211797,0
503900,75461,0,211826,0
503952,75465,0,211855,0
504003,75466,0,211888,0
504053,75471,0,211898,1
504106,75477,0,211927,1
504158,75483,0,211958,1
504209,75489,0,211983,1
504264,75499,0,211996,0
504315,75503,0,212023,1
504365,75510,0,212047,1
504416,75522,0,212059,1
504467,75528,0,212083,0
504518,75536,0,212104,1
504569,75544,0,212126,1
504621,75555,0,212137,1
504671,75567,0,212157,1
504721,75581,0,212173,1
504771,75591,0,212190,1
504822,75600,0,212212,1
504872,75608,0,212232,0
504923,75614,0,212249,0
504974,75615,0,212272,0
505024,75617,0,212297,0
505079,75622,0,212325,1
505132,75629,0,212344,0
505182,75635,0,212361,1
505232,75643,0,212379,1
505282,75649,0,212402,0
505332,75655,0,212424,1
505385,75662,0,212444,1
505435,75675,0,212505,0
505486,75682,0,212514,1
505537,75690,0,212528,0
505588,75697,0,212539,1
505642,75708,0,212547,1
505692,75722,0,212569,2
505743,75737,0,212590,1
505793,75748,0,212610,3
505843,75754,0,212637,1
505893,75761,0,212653,0
505944,75765,0,212679,0
505994,75766,0,212708,0
506048,75768,0,212735,1
506098,75776,0,212755,0
506150,75782,0,212786,0
506201,75787,0,212805,0
506251,75797,0,212823,1
506302,75802,0,212855,1
506352,75806,0,212878,1
506403,75818,0,212897,2
506454,75827,0,212923,0
506504,75832,0,212948,0
506555,75842,0,212962,0
506607,75852,0,212985,1
506658,75864,0,212997,1
506713,75876,0,213017,1
506764,75890,0,213028,0
506814,75899,0,213042,0
506865,75907,0,213062,0
506915,75912,0,213079,1
506966,75915,0,213106,0
507016,75917,0,213129,0
507067,75921,0,213146,1
507117,75929,0,213167,2
507167,75934,0,213189,1
507217,75939,0,213220,1
507268,75949,0,213239,0
507321,75953,0,213263,0
507371,75960,0,213285,1
507425,75972,0,213305,1
507475,75979,0,213315,0
507526,75986,0,213341,2
507576,75996,0,213354,3
507627,76004,0,213379,1
507677,76017,0,213389,0
507728,76033,0,213407,1
507779,76041,0,213427,0
507829,76050,0,213445,0
507880,76058,0,213461,0
507931,76064,0,213494,0
507982,76065,0,213524,0
508032,76067,0,213550,0
508082,76073,0,213577,2
508136,76079,0,213603,0
508186,76085,0,213631,0
508237,76092,0,213664,0
508288,76099,0,213683,0
508338,76105,0,213705,0
508389,76113,0,213726,1
508439,76124,0,213746,0
508490,76130,0,213766,1
508540,76138,0,213781,1
508593,76147,0,213802,1
508643,76157,0,213824,1
508694,76170,0,213845,0
508745,76186,0,213856,1
508798,76194,0,213868,1
508851,76205,0,213889,1
508902,76211,0,213909,0
508957,76215,0,213941,0
509008,76216,0,213973,0
509060,76219,0,214001,0
509110,76227,0,214026,0
509160,76232,0,214056,0
509210,76237,0,214078,0
509262,76248,0,214092,1
509312,76252,0,214119,0
509364,76256,0,214147,0
509417,76270,0,214163,1
509469,76277,0,214181,0
509523,76284,0,214208,0
509573,76293,0,214233,1
509627,76303,0,214251,0
509677,76317,0,214267,2
509732,76331,0,214275,1
509783,76342,0,214289,0
509833,76351,0,214312,1
509884,76358,0,214334,0
509938,76364,0,214352,0
509989,76366,0,214383,1
510039,76367,0,214412,0
510096,76374,0,214427,1
510147,76381,0,214449,0
510200,76386,0,214476,1
510254,76396,0,214489,1
510305,76401,0,214511,1
510357,76406,0,214538,1
510412,76419,0,214554,1
510464,76427,0,214574,0
510515,76434,0,214597,1
510565,76442,0,214623,0
510616,76453,0,214641,1
510666,76464,0,214655,1
510720,76476,0,214676,1
510770,76490,0,214687,0
510826,76499,0,214711,0
510876,76508,0,214722,0
510926,76514,0,214749,1
510978,76515,0,214772,0
511028,76517,0,214799,0
511082,76522,0,214815,1
511133,76529,0,214836,0
511183,76534,0,214860,0
511238,76540,0,214875,1
511288,76549,0,214889,0
511338,76555,0,214905,0
511388,76561,0,214928,0
511438,76574,0,214938,2
511492,76580,0,214956,1
511544,76588,0,214975,1
511594,76596,0,214999,0
511645,76607,0,215019,1
511695,76619,0,215033,0
511745,76631,0,215044,1
511795,76643,0,215054,0
511846,76651,0,215081,1
511896,76659,0,215107,0
511946,76664,0,215123,0
511996,76666,0,215135,0
512046,76667,0,215163,0
512096,76674,0,215186,1
512147,76681,0,215201,0
512197,76685,0,215222,0
512247,76694,0,215250,2
512297,76700,0,215275,0
512347,76705,0,215298,0
512398,76713,0,215314,0
512448,76725,0,215325,1
512501,76731,0,215349,1
512551,76739,0,215369,0
512601,76747,0,215379,1
512651,76757,0,215399,1
512702,76771,0,215410,1
512757,76784,0,215416,1
512807,76794,0,215439,1
512857,76804,0,215451,2
512907,76811,0,215474,0
512957,76815,0,215499,0
513007,76816,0,215530,0
513057,76818,0,215558,1
513107,76826,0,215575,1
513157,76831,0,215602,0
513207,76837,0,215620,0
513259,76846,0,215651,0
513311,76851,0,215669,1
513363,76856,0,215693,1
513413,76868,0,215709,1
513463,76876,0,215731,0
513513,76883,0,215759,1
513564,76892,0,215782,1
513621,76899,0,215800,1
513673,76912,0,215812,1
513725,76924,0,215827,1
513778,76941,0,215851,1
513828,76949,0,215881,0
513881,76958,0,215893,0
513932,76964,0,215913,1
513984,76965,0,215941,0
514036,76967,0,215961,0
514086,76972,0,215985,1
514138,76979,0,216009,0
514190,76985,0,216035,1
514240,76989,0,216056,0
514290,76999,0,216072,0
514343,77005,0,216097,0
514394,77012,0,216117,1
514446,77023,0,216140,1
514496,77030,0,216157,0
514550,77038,0,216173,1
514603,77046,0,216194,0
514654,77057,0,216205,0
514704,77070,0,216224,0
514755,77083,0,216236,0
514805,77093,0,216250,0
514856,77101,0,216261,1
514908,77111,0,216277,0
514959,77115,0,216300,0
515010,77116,0,216332,0
515060,77118,0,216361,1
515110,77126,0,216375,0
515162,77132,0,216401,1
515213,77137,0,216426,0
515263,77147,0,216450,1
515315,77151,0,216472,0
515367,77156,0,216495,0
515418,77168,0,216509,0
515472,77177,0,216528,1
515522,77183,0,216558,0
515572,77192,0,216586,0
515623,77199,0,216604,0
515676,77212,0,216621,1
515726,77224,0,216631,1
515776,77240,0,216639,2
515828,77248,0,216658,1
515880,77257,0,216672,1
515930,77262,0,216699,0
515987,77265,0,216722,0
516037,77267,0,216744,0
516087,77272,0,216764,1
516137,77279,0,216786,1
516190,77283,0,216811,0
516241,77289,0,216835,0
516292,77299,0,216854,0
516342,77305,0,216871,1
516392,77311,0,216898,1
516448,77323,0,216913,1
516499,77330,0,216935,0
516551,77337,0,216955,0
516601,77346,0,216969,2
516653,77357,0,216991,1
516706,77369,0,217007,1
516760,77381,0,217015,1
516813,77394,0,217040,1
516864,77403,0,217056,0
516914,77411,0,217077,0
516964,77415,0,217102,0
517018,77416,0,217119,0
517069,77418,0,217160,0
517119,77427,0,217174,1
517171,77433,0,217195,0
517221,77437,0,217219,0
517271,77448,0,217233,0
517325,77453,0,217254,1
517375,77457,0,217282,0
517427,77469,0,217305,1
517478,77478,0,217324,1
517529,77484,0,217345,1
517584,77493,0,217380,1
517641,77503,0,217405,1
517691,77517,0,217422,2
517742,77525,0,217445,1
517793,77542,0,217457,0
517843,77549,0,217477,0
517893,77558,0,217496,0
517948,77564,0,217516,1
517998,77566,0,217541,0
518048,77567,0,217608,0
518100,77573,0,217628,0
518161,77581,0,217646,0
518211,77586,0,217665,1
518261,77594,0,217686,1
518311,77600,0,217700,0
518361,77605,0,217727,0
518411,77614,0,217740,1
518461,77625,0,217761,1
518512,77631,0,217780,1
518562,77639,0,217796,2
518614,77648,0,217819,1
518665,77658,0,217846,1
518715,77671,0,217860,1
518765,77683,0,217880,1
518817,77694,0,217908,1
518867,77702,0,217924,1
518917,77711,0,217939,0
518967,77715,0,217963,0
519017,77716,0,218041,0
519068,77718,0,218066,1
519120,77726,0,218089,1
519171,77731,0,218107,0
519222,77737,0,218129,0
519275,77747,0,218146,1
519332,77753,0,218165,1
519383,77759,0,218176,2
519436,77770,0,218191,1
519486,77779,0,218219,0
519536,77784,0,218237,0
519586,77793,0,218268,0
519636,77802,0,218283,1
519686,77812,0,218305,1
519744,77825,0,218311,1
519794,77843,0,218316,2
519845,77849,0,218331,0
519895,77858,0,218351,0
519949,77864,0,218369,1
519999,77866,0,218395,0
520049,77867,0,218423,0
520105,77873,0,218447,1
520155,77881,0,218473,2
520205,77885,0,218494,0
520255,77892,0,218511,0
520307,77899,0,218536,0
520361,77905,0,218562,0
520411,77913,0,218576,1
520462,77925,0,218591,1
520512,77930,0,218613,0
520562,77938,0,218632,1
520613,77947,0,218653,1
520666,77957,0,218673,1
520717,77970,0,218694,0
520768,77983,0,218712,3
520819,77994,0,218726,1
520872,78003,0,218752,1
520922,78011,0,218767,0
520973,78015,0,218840,0
521024,78017,0,218871,1
521076,78018,0,218902,0
521128,78027,0,218914,0
521179,78032,0,218936,1
521229,78037,0,218959,0
521283,78047,0,218982,1
521334,78053,0,219003,1
521387,78059,0,219030,0
521439,78069,0,219049,1
521490,78079,0,219068,0
521542,78085,0,219088,0
521592,78093,0,219112,1
521643,78102,0,219134,0
521695,78113,0,219150,1
521746,78125,0,219169,0
521798,78142,0,219176,1
521848,78149,0,219199,1
521899,78158,0,219215,1
521952,78164,0,219241,1
522002,78166,0,219270,0
522053,78167,0,219289,0
522104,78172,0,219312,0
522161,78180,0,219333,1
522212,78185,0,219365,0
522264,78192,0,219377,1
522314,78200,0,219398,0
522365,78205,0,219420,0
522418,78215,0,219442,0
522469,78226,0,219449,1
522519,78230,0,219481,0
522570,78239,0,219506,1
522621,78248,0,219521,1
522673,78258,0,219533,1
522723,78271,0,219551,1
522774,78283,0,219567,2
522824,78294,0,219584,1
522874,78303,0,219605,2
522924,78311,0,219625,0
522974,78315,0,219645,0
523026,78316,0,219681,0
523078,78319,0,219700,1
523128,78327,0,219717,1
523179,78332,0,219735,1
523230,78337,0,219754,0
523281,78346,0,219770,0
523331,78352,0,219788,1
523383,78358,0,219813,1
523434,78368,0,219838,2
523484,78378,0,219868,0
523535,78384,0,219897,0
523586,78392,0,219920,1
523636,78400,0,219938,1
523689,78409,0,219966,1
523742,78424,0,219979,0
523794,78437,0,219995,2
523844,78448,0,220014,1
523896,78456,0,220031,1
523946,78463,0,220063,1
523996,78465,0,220083,0
524046,78467,0,220116,0
524097,78471,0,220136,0
524147,78478,0,220151,0
524203,78484,0,220173,1
524253,78489,0,220199,0
524303,78498,0,220215,0
524353,78505,0,220234,1
524404,78511,0,220257,1
524455,78522,0,220269,1
524505,78530,0,220285,1
524555,78537,0,220307,0
524605,78542,0,220334,0
524655,78555,0,220350,2
524706,78563,0,220373,1
524756,78577,0,220387,1
524806,78589,0,220401,1
524857,78599,0,220415,0
524907,78608,0,220451,0
524957,78614,0,220478,1
525007,78616,0,220509,0
525059,78617,0,220532,0
525109,78623,0,220551,1
525163,78629,0,220562,1
525215,78635,0,220587,0
525267,78641,0,220614,1
525320,78650,0,220630,0
525370,78655,0,220664,0
525421,78665,0,220682,0
525472,78674,0,220696,1
525522,78680,0,220711,0
525572,78688,0,220727,1
525622,78696,0,220750,0
525672,78707,0,220764,1
525727,78721,0,220790,1
525778,78731,0,220809,1
525828,78744,0,220818,0
525878,78752,0,220829,1
525928,78761,0,220842,0
525981,78765,0,220876,0
526031,78766,0,220895,0
526084,78769,0,220919,0
526135,78776,0,220939,1
526185,78782,0,220966,1
526235,78787,0,220989,0
526291,78797,0,221008,1
526342,78803,0,221024,1
526393,78809,0,221047,1
526447,78819,0,221069,1
526497,78829,0,221091,0
526547,78834,0,221114,0
526597,78842,0,221183,1
526647,78851,0,221199,0
526699,78860,0,221216,1
526749,78874,0,221235,0
526799,78887,0,221254,1
526851,78898,0,221268,1
526902,78906,0,221301,1
526953,78913,0,221323,0
527003,78916,0,221357,0
527055,78917,0,221384,0
527105,78922,0,221400,1
527156,78927,0,221425,0
527206,78934,0,221451,1
527256,78939,0,221474,0
527308,78948,0,221496,0
527359,78955,0,221511,0
527409,78961,0,221522,1
527459,78973,0,221542,2
527509,78980,0,221560,0
527560,78986,0,221577,1
527612,78992,0,221601,0
527662,79005,0,221611,1
527712,79014,0,221628,2
527762,79027,0,221646,0
527816,79041,0,221670,1
527866,79050,0,221690,1
527918,79059,0,221709,0
527968,79065,0,221739,1
528018,79066,0,221764,0
528069,79067,0,221794,0
528123,79073,0,221823,0
528173,79081,0,221835,0
528223,79086,0,221865,1
528273,79091,0,221886,1
528323,79100,0,221910,0
528375,79105,0,221938,0
528425,79115,0,221952,0
528477,79125,0,221985,1
528528,79131,0,222013,1
528578,79138,0,222027,0
528629,79146,0,222054,1
528685,79158,0,222073,1
528736,79170,0,222091,1
528788,79183,0,222109,1
528839,79195,0,222132,1
528890,79202,0,222151,1
528940,79212,0,222172,0
528991,79215,0,222186,0
529042,79217,0,222204,0
529097,79220,0,222228,1
529147,79227,0,222253,1
529197,79233,0,222297,1
529249,79239,0,222319,0
529301,79247,0,222338,0
529352,79253,0,222366,0
529402,79259,0,222393,1
529453,79270,0,222416,2
529504,79279,0,222445,0
529554,79285,0,222475,0
529604,79292,0,222494,1
529654,79303,0,222512,2
529704,79311,0,222532,2
529754,79325,0,222550,1
529805,79337,0,222578,0
529856,79348,0,222584,1
529909,79357,0,222607,1
529961,79364,0,222636,1
530012,79366,0,222667,0
530066,79367,0,222691,0
530117,79372,0,222708,1
530167,79379,0,222733,1
530217,79385,0,222750,1
530268,79390,0,222777,0
530320,79400,0,222800,1
530370,79405,0,222824,0
530420,79413,0,222844,1
530474,79423,0,222861,0
530526,79430,0,222877,0
530577,79438,0,222905,1
530629,79444,0,222929,1
530679,79457,0,222943,1
530730,79466,0,222970,1
530780,79480,0,222982,1
530832,79491,0,222998,1
530883,79501,0,223019,0
530933,79511,0,223031,1
530983,79515,0,223046,0
531033,79516,0,223073,0
531085,79519,0,223094,1
531137,79525,0,223116,1
531188,79532,0,223142,1
531238,79537,0,223163,1
531288,79545,0,223189,1
531339,79551,0,223214,0
531389,79556,0,223237,0
531442,79566,0,223248,1
531492,79577,0,223264,0
531542,79583,0,223295,0
531596,79590,0,223318,0
531646,79600,0,223339,1
531700,79609,0,223365,1
531750,79619,0,223383,1
531803,79636,0,223400,0
531853,79646,0,223409,0
531903,79655,0,223438,0
531953,79662,0,223454,0
532006,79666,0,223478,1
532056,79667,0,223514,0
532108,79671,0,223540,0
532158,79677,0,223563,0
532208,79683,0,223587,0
532258,79689,0,223613,0
532311,79698,0,223641,1
532363,79704,0,223674,1
532413,79711,0,223697,2
532463,79721,0,223712,1
532513,79730,0,223725,0
532563,79736,0,223788,1
532614,79742,0,223805,0
532664,79753,0,223825,0
532718,79762,0,223838,1
532768,79775,0,223865,1
532819,79788,0,223880,1
532871,79800,0,223889,1
532921,79809,0,223907,2
532971,79815,0,223931,1
533021,79816,0,223962,0
533071,79817,0,223981,0
533123,79823,0,224005,1
533176,79829,0,224033,1
533227,79835,0,224055,0
533277,79842,0,224077,2
533331,79851,0,224090,1
533384,79855,0,224109,0
533444,79864,0,224124,1
533502,79877,0,224143,1
533553,79884,0,224166,0
533604,79891,0,224189,1
533655,79901,0,224209,0
533705,79909,0,224230,0
533757,79922,0,224252,2
533809,79936,0,224267,0
533859,79947,0,224288,0
533912,79955,0,224314,0
533965,79963,0,224343,0
534017,79966,0,224367,0
534067,79967,0,224392,0
534120,79972,0,224406,1
534170,79978,0,224422,0
534222,79985,0,224440,0
534273,79990,0,224468,0
534327,80000,0,224494,1
534377,80005,0,224512,0
534431,80013,0,224529,1
534483,80024,0,224552,1
534535,80031,0,224579,1
534588,80038,0,224602,0
534638,80046,0,224624,2
534690,80057,0,224645,0
534741,80068,0,224668,0
534791,80081,0,224685,1
534844,80091,0,224697,1
534894,80102,0,224708,1
534945,80112,0,224724,1
534999,80115,0,224753,0
535052,80116,0,224776,0
535102,80120,0,224806,1
535153,80125,0,224839,0
535203,80132,0,224861,1
535254,80138,0,224886,1
535307,80146,0,224901,0
535357,80152,0,224920,1
535409,80158,0,224948,1
535464,80170,0,224965,0
535514,80180,0,224975,1
535565,80185,0,224995,1
535616,80192,0,225021,1
535668,80203,0,225034,0
535722,80212,0,225050,1
535773,80225,0,225062,2
535827,80238,0,225075,0
535877,80250,0,225089,1
535927,80258,0,225112,3
535978,80265,0,225129,0
536029,80266,0,225164,0
536080,80267,0,225189,0
536136,80274,0,225213,1
536189,80281,0,225238,1
536240,80286,0,225251,0
536290,80294,0,225276,1
536340,80301,0,225286,0
536393,80305,0,225302,0
536444,80313,0,225331,0
536494,80325,0,225352,1
536544,80332,0,225376,1
536602,80339,0,225400,1
536652,80350,0,225417,1
536702,80358,0,225431,0
536752,80368,0,225453,0
536804,80383,0,225462,1
536855,80394,0,225485,1
536905,80404,0,225499,3
536955,80412,0,225522,0
537006,80415,0,225550,0
537061,80416,0,225579,0
537111,80421,0,225599,0
537162,80427,0,225619,1
537213,80434,0,225647,1
537263,80439,0,225676,0
537313,80447,0,225702,1
537364,80453,0,225722,1
537415,80459,0,225748,1
537465,80469,0,225763,2
537516,80479,0,225784,1
537569,80485,0,225809,1
537619,80492,0,225840,0
537669,80503,0,225867,0
537719,80511,0,225886,1
537770,80523,0,225903,1
537822,80538,0,225911,1
537872,80549,0,225932,0
537925,80555,0,225955,0
537975,80565,0,225978,1
538028,80566,0,226006,0
538078,80567,0,226023,0
538134,80573,0,226049,1
538184,80580,0,226065,1
538234,80585,0,226094,0
538288,80593,0,226115,1
538338,80600,0,226140,0
538388,80605,0,226161,0
538438,80612,0,226179,0
538489,80622,0,226202,1
538545,80631,0,226220,1
538595,80638,0,226238,0
538645,80646,0,226256,2
538696,80657,0,226277,1
538746,80668,0,226291,0
538797,80679,0,226309,2
538847,80691,0,226330,1
538897,80701,0,226348,0
538949,80711,0,226358,1
538999,80715,0,226383,0
539050,80716,0,226426,0
539101,80719,0,226505,0
539152,80725,0,226525,0
539203,80731,0,226547,0
539253,80737,0,226562,0
539304,80745,0,226578,0
539354,80751,0,226594,0
539405,80757,0,226615,1
539457,80766,0,226632,1
539513,80777,0,226643,1
539565,80784,0,226664,0
539616,80792,0,226688,1
539666,80802,0,226703,0
539718,80810,0,226727,1
539773,80822,0,226741,1
539824,80838,0,226762,1
539875,80849,0,226779,1
539926,80855,0,226807,0
539976,80864,0,226833,0
540035,80866,0,226862,0
540085,80868,0,226882,1
540136,80873,0,226907,1
540186,80880,0,226975,0
540237,80885,0,226993,0
540288,80893,0,227007,1
540340,80901,0,227029,1
540391,80905,0,227049,0
540442,80913,0,227078,1
540493,80922,0,227098,1
540544,80930,0,227116,0
540594,80938,0,227144,1
540644,80943,0,227161,1
540694,80956,0,227181,0
540745,80966,0,227202,1
540796,80978,0,227217,1
540847,80990,0,227224,1
540899,81001,0,227238,0
540953,81009,0,227257,1
541005,81015,0,227291,0
541055,81016,0,227320,0
541106,81019,0,227339,0
541156,81025,0,227354,0
541208,81032,0,227378,1
541259,81037,0,227397,1
541310,81045,0,227423,0
541361,81051,0,227442,0
541411,81057,0,227469,0
541462,81067,0,227492,1
541512,81076,0,227510,0
541562,81084,0,227533,0
541614,81090,0,227564,1
541670,81098,0,227581,1
541720,81110,0,227597,0
541773,81120,0,227616,1
541824,81134,0,227631,1
541891,81147,0,227651,1
541941,81155,0,227676,0
541992,81165,0,227702,0
542042,81166,0,227722,0
542093,81169,0,227748,0
542145,81174,0,227768,1
542195,81181,0,227784,2
542245,81186,0,227815,1
542295,81193,0,227837,1
542345,81201,0,227871,1
542397,81206,0,227885,1
542448,81213,0,227908,1
542500,81222,0,227936,1
542552,81232,0,227954,1
542603,81238,0,227976,0
542655,81246,0,227996,1
542710,81258,0,228010,1
542761,81269,0,228028,1
542812,81280,0,228041,1
542865,81294,0,228052,1
542915,81302,0,228070,0
542966,81312,0,228088,2
543017,81316,0,228125,0
543069,81316,0,228156,0
543119,81319,0,228174,0
543170,81327,0,228186,1
543220,81334,0,228221,0
543273,81339,0,228251,1
543323,81346,0,228270,1
543376,81352,0,228294,1
543427,81359,0,228313,1
543482,81370,0,228332,1
543532,81380,0,228346,0
543582,81385,0,228372,0
543634,81392,0,228388,0
543685,81402,0,228411,1
543735,81413,0,228431,0
543790,81423,0,228448,1
543840,81438,0,228462,1
543891,81447,0,228483,1
543944,81455,0,228502,0
543994,81465,0,228533,0
544046,81466,0,228556,0
544099,81469,0,228580,0
544150,81474,0,228607,0
544200,81481,0,228632,0
544254,81486,0,228663,0
544307,81495,0,228683,2
544358,81501,0,228706,0
544409,81506,0,228741,0
544460,81515,0,228753,1
544510,81525,0,228772,3
544560,81534,0,228794,3
544611,81538,0,228812,0
544664,81547,0,228831,1
544714,81559,0,228838,2
544767,81567,0,228860,1
544818,81580,0,228883,0
544869,81594,0,228894,1
544920,81602,0,228912,1
544971,81613,0,228930,1
545024,81616,0,228962,0
545074,81616,0,228986,0
545124,81619,0,229013,0
545176,81627,0,229038,0
545230,81635,0,229063,1
545282,81640,0,229090,1
545333,81648,0,229110,1
545383,81654,0,229141,2
545433,81659,0,229208,0
545484,81671,0,229224,2
545538,81680,0,229242,1
545588,81686,0,229259,1
545638,81692,0,229284,0
545688,81701,0,229301,1
545740,81714,0,229316,1
545790,81723,0,229341,1
545840,81738,0,229355,1
545892,81746,0,229369,0
545942,81755,0,229401,0
545993,81765,0,229413,0
546046,81766,0,229444,0
546096,81768,0,229468,1
546147,81773,0,229493,1
546197,81780,0,229514,1
546253,81786,0,229543,0
546305,81793,0,229565,1
546355,81801,0,229583,0
546407,81806,0,229602,1
546458,81814,0,229627,0
546508,81822,0,229644,1
546558,81831,0,229669,1
546610,81838,0,229697,1
546661,81845,0,229716,2
546716,81857,0,229736,1
546767,81867,0,229749,1
546818,81880,0,229772,0
546869,81893,0,229780,0
546920,81901,0,229801,0
546971,81912,0,229819,2
547021,81915,0,229841,0
547071,81916,0,229871,0
547124,81919,0,229899,0
547175,81927,0,229916,0
547225,81934,0,229949,0
547275,81938,0,229967,0
547326,81946,0,229984,1
547380,81952,0,230009,1
547430,81958,0,230026,0
547480,81969,0,230053,1
547533,81979,0,230072,1
547587,81985,0,230094,0
547639,81992,0,230121,0
547690,82000,0,230155,0
547741,82014,0,230170,1
547791,82023,0,230178,1
547843,82034,0,230200,1
547896,82047,0,230220,1
547947,82055,0,230237,0
548002,82065,0,230259,0
548055,82066,0,230286,0
548105,82069,0,230312,1
548155,82074,0,230339,1
548205,82081,0,230358,0
548257,82086,0,230380,1
548309,82093,0,230403,0
548361,82101,0,230424,0
548412,82106,0,230449,1
548462,82115,0,230468,0
548513,82122,0,230490,1
548563,82131,0,230551,0
548613,82138,0,230576,0
548663,82145,0,230600,1
548713,82154,0,230610,1
548764,82166,0,230621,1
548814,82179,0,230648,0
548870,82191,0,230662,1
548920,82201,0,230685,0
548971,82208,0,230709,1
549021,82215,0,230727,0
549071,82216,0,230757,0
549121,82219,0,230782,0
549173,82226,0,230806,1
549223,82234,0,230826,0
549283,82237,0,230849,1
549333,82246,0,230863,0
549383,82252,0,230883,0
549435,82258,0,230906,0
549487,82269,0,230972,0
549538,82276,0,230988,2
549594,82286,0,231010,1
549645,82292,0,231026,0
549696,82301,0,231042,0
549753,82311,0,231053,1
549804,82327,0,231060,1
549854,82337,0,231083,1
549904,82348,0,231105,1
549955,82356,0,231119,1
550005,82365,0,231137,0
550059,82366,0,231166,0
550109,82369,0,231189,0
550166,82374,0,231215,0
550217,82382,0,231236,1
550268,82386,0,231258,0
550318,82394,0,231276,1
550368,82401,0,231307,0
550418,82407,0,231337,0
550475,82416,0,231357,1
550530,82423,0,231375,0
550581,82435,0,231393,0
550632,82441,0,231414,1
550683,82447,0,231430,0
550733,82458,0,231452,0
550783,82470,0,231472,1
550834,82481,0,231490,1
550884,82496,0,231508,1
550939,82503,0,231528,1
550997,82513,0,231548,1
551047,82516,0,231569,0
551098,82517,0,231602,0
551150,82522,0,231632,0
551201,82530,0,231649,1
551251,82535,0,231662,0
551302,82541,0,231676,1
551353,82549,0,231686,1
551404,82555,0,231709,1
551455,82561,0,231729,0
551508,82571,0,231746,0
551566,82581,0,231770,1
551616,82587,0,231789,0
551666,82595,0,231809,1
551716,82604,0,231822,1
551769,82615,0,231838,0
551819,82630,0,231857,2
551870,82639,0,231876,1
551922,82650,0,231890,1
551973,82658,0,231913,2
552023,82665,0,231939,0
552073,82666,0,231979,0
552126,82669,0,232005,0
552176,82676,0,232025,0
552228,82684,0,232036,1
552282,82686,0,232058,0
552333,82696,0,232084,1
552384,82702,0,232104,1
552434,82708,0,232135,0
552484,82719,0,232149,3
552539,82725,0,232165,1
552589,82735,0,232185,1
552640,82740,0,232208,1
552691,82747,0,232223,0
552742,82759,0,232229,1
552792,82772,0,232250,1
552845,82782,0,232271,1
552895,82796,0,232280,0
552947,82804,0,232295,1
552997,82813,0,232312,1
553049,82816,0,232350,0
553099,82817,0,232371,0
553151,82822,0,232392,0
553206,82829,0,232422,1
553257,82835,0,232441,0
553308,82842,0,232466,1
553358,82851,0,232490,1
553408,82855,0,232513,0
553462,82861,0,232539,1
553512,82871,0,232567,0
553565,82880,0,232589,1
553617,82887,0,232605,0
553667,82893,0,232630,0
553718,82902,0,232650,0
553771,82914,0,232668,1
553821,82930,0,232679,1
553877,82936,0,232695,1
553927,82949,0,232703,0
553977,82958,0,232723,1
554027,82965,0,232743,0
554077,82966,0,232772,0
554127,82969,0,232848,0
554180,82976,0,232873,1
554231,82984,0,232887,1
554282,82986,0,232922,0
554332,82995,0,232943,0
554383,83001,0,232963,0
554436,83008,0,232982,1
554486,83017,0,232992,2
554537,83024,0,233011,0
554592,83035,0,233025,1
554642,83040,0,233047,0
554695,83047,0,233061,0
554745,83058,0,233077,1
554796,83071,0,233094,1
554848,83082,0,233107,1
554898,83094,0,233118,2
554948,83104,0,233138,1
554998,83112,0,233150,1
555048,83116,0,233170,0
555100,83117,0,233199,0
555150,83122,0,233219,0
555201,83128,0,233240,0
555251,83135,0,233258,0
555302,83140,0,233276,1
555353,83148,0,233292,1
555403,83154,0,233312,0
555453,83159,0,233337,0
555504,83169,0,233349,0
555555,83178,0,233370,2
555610,83187,0,233389,0
555665,83193,0,233413,1
555718,83202,0,233429,0
555771,83214,0,233440,1
555822,83228,0,233463,1
555875,83235,0,233493,0
555927,83249,0,233506,0
555979,83256,0,233525,0
556029,83265,0,233549,0
556079,83266,0,233569,0
556129,83269,0,233602,0
556181,83275,0,233621,1
556231,83283,0,233639,1
556281,83286,0,233680,0
556331,83294,0,233698,1
556383,83301,0,233716,0
556437,83308,0,233737,1
556488,83315,0,233753,0
556539,83324,0,233773,0
556590,83334,0,233786,1
556643,83340,0,233803,1
556693,83347,0,233829,0
556747,83356,0,233851,1
556799,83371,0,233869,1
556849,83381,0,233888,0
556899,83392,0,233910,3
556949,83403,0,233931,0
556999,83412,0,233955,2
557049,83416,0,233998,0
557106,83418,0,234020,1
557156,83422,0,234039,0
557207,83428,0,234058,0
557259,83435,0,234079,0
557309,83441,0,234103,1
557360,83448,0,234128,0
557410,83455,0,234149,1
557461,83460,0,234173,0
557511,83469,0,234199,0
557561,83479,0,234210,0
557614,83486,0,234275,0
557665,83492,0,234297,0
557716,83502,0,234310,2
557766,83511,0,234332,1
557817,83527,0,234345,1
557867,83532,0,234369,0
557917,83546,0,234383,1
557968,83556,0,234407,0
558020,83565,0,234426,0
558070,83566,0,234444,0
558125,83569,0,234478,1
558175,83574,0,234501,0
558226,83581,0,234518,1
558278,83586,0,234541,0
558328,83593,0,234559,0
558379,83601,0,234576,0
558430,83607,0,234653,1
558482,83614,0,234680,1
558532,83623,0,234698,1
558582,83631,0,234715,1
558632,83638,0,234740,0
558682,83645,0,234759,0
558732,83653,0,234784,0
558784,83666,0,234792,1
558834,83680,0,234806,1
558887,83687,0,234830,1
558938,83701,0,234849,1
558989,83707,0,234868,1
559039,83716,0,234891,0
559089,83717,0,234926,0
559140,83720,0,234947,0
559193,83726,0,234971,0
559243,83734,0,234990,0
559294,83736,0,235015,0
559348,83746,0,235031,1
559398,83753,0,235054,1
559449,83759,0,235071,0
559499,83767,0,235087,1
559549,83775,0,235115,0
559600,83784,0,235128,1
559650,83790,0,235153,1
559700,83797,0,235173,0
559751,83806,0,235191,1
559801,83818,0,235196,1
559851,83831,0,235217,0
559901,83840,0,235235,1
559951,83853,0,235249,1
560002,83860,0,235270,1
560054,83866,0,235296,0
560104,83867,0,235326,0
560154,83872,0,235347,0
560204,83877,0,235383,1
560256,83885,0,235404,0
560311,83889,0,235429,1
560362,83898,0,235453,0
560412,83905,0,235468,1
560462,83909,0,235490,0
560512,83919,0,235506,0
560564,83926,0,235521,0
560614,83936,0,235539,0
560665,83942,0,235563,0
560717,83949,0,235585,1
560767,83958,0,235596,0
560817,83973,0,235609,1
560867,83982,0,235621,0
560922,83995,0,235637,1
560972,84006,0,235656,0
561022,84015,0,235672,2
561072,84016,0,235700,0
561123,84018,0,235730,0
561173,84022,0,235753,0
561226,84030,0,235771,1
561276,84036,0,235793,0
561328,84042,0,235810,1
561378,84050,0,235828,2
561429,84056,0,235841,1
561483,84062,0,235872,1
561533,84072,0,235895,1
561584,84081,0,235917,1
561634,84088,0,235933,0
561684,84095,0,235946,1
561735,84103,0,235972,0
561786,84113,0,235998,1
561839,84128,0,236016,1
561890,84137,0,236034,1
561940,84150,0,236046,3
561992,84156,0,236061,0
562044,84166,0,236079,0
562094,84167,0,236102,0
562144,84170,0,236131,0
562197,84176,0,236146,1
562252,84182,0,236160,1
562303,84187,0,236182,1
562354,84196,0,236203,1
562407,84203,0,236224,1
562463,84209,0,236249,0
562514,84219,0,236275,0
562564,84226,0,236301,0
562616,84236,0,236327,0
562666,84241,0,236352,0
562716,84248,0,236371,0
562767,84257,0,236394,0
562817,84273,0,236416,2
562872,84282,0,236433,0
562922,84294,0,236453,0
562976,84306,0,236463,0
563029,84314,0,236475,1
563079,84316,0,236496,0
563131,84318,0,236524,0
563181,84324,0,236543,1
563233,84330,0,236559,1
563283,84336,0,236591,0
563334,84343,0,236607,1
563387,84350,0,236639,0
563439,84357,0,236664,0
563489,84364,0,236681,1
563539,84372,0,236702,1
563590,84381,0,236720,0
563640,84388,0,236747,0
563690,84395,0,236771,0
563740,84403,0,236799,0
563790,84413,0,236817,0
563846,84428,0,236830,1
563899,84438,0,236844,0
563949,84451,0,236862,1
564000,84458,0,236876,2
564052,84466,0,236897,0
564102,84467,0,236914,0
564152,84471,0,236945,0
564202,84476,0,236964,0
564252,84481,0,236986,0
564303,84487,0,237008,1
564355,84496,0,237032,1
564406,84502,0,237061,0
564456,84509,0,237080,0
564506,84517,0,237108,2
564558,84525,0,237133,0
564608,84534,0,237143,1
564658,84539,0,237159,0
564708,84548,0,237183,0
564758,84557,0,237200,0
564808,84568,0,237212,0
564858,84580,0,237237,1
564908,84589,0,237258,0
564959,84602,0,237275,1
565011,84609,0,237297,1
565062,84616,0,237315,0
565115,84617,0,237345,0
565165,84622,0,237369,0
565215,84628,0,237391,1
565266,84635,0,237410,1
565316,84638,0,237444,1
565366,84648,0,237461,1
565419,84654,0,237486,1
565469,84659,0,237511,0
565521,84669,0,237530,0
565571,84676,0,237540,0
565621,84686,0,237564,0
565671,84691,0,237577,0
565725,84699,0,237596,1
565778,84709,0,237620,0
565830,84721,0,237633,1
565881,84733,0,237641,1
565934,84745,0,237651,1
565991,84756,0,237674,0
566042,84765,0,237736,0
566094,84767,0,237765,0
566144,84769,0,237794,0
566196,84775,0,237811,1
566246,84781,0,237827,0
566298,84786,0,237853,0
566353,84795,0,237876,0
566405,84801,0,237902,1
566456,84809,0,237927,1
566506,84816,0,237947,1
566557,84825,0,237963,0
566607,84833,0,238024,1
566657,84839,0,238055,0
566708,84848,0,238079,0
566758,84857,0,238101,0
566810,84867,0,238117,2
566860,84880,0,238135,1
566910,84889,0,238159,0
566961,84901,0,238179,0
567011,84908,0,238203,0
567064,84916,0,238225,0
567114,84917,0,238247,0
567167,84922,0,238266,0
567218,84928,0,238284,1
567270,84935,0,238311,0
567321,84938,0,238342,0
567371,84948,0,238361,0
567421,84954,0,238381,1
567471,84959,0,238393,0
567521,84969,0,238411,0
567571,84976,0,238424,0
567621,84986,0,238443,0
567674,84991,0,238465,0
567724,84998,0,238486,0
567774,85009,0,238512,1
567827,85020,0,238528,1
567879,85032,0,238552,0
567929,85043,0,238571,1
567981,85056,0,238584,1
568032,85062,0,238616,1
568082,85066,0,238642,0
568132,85068,0,238663,0
568182,85072,0,238686,0
568232,85079,0,238713,1
568282,85086,0,238743,0
568335,85089,0,238772,0
568390,85100,0,238783,1
568442,85107,0,238808,0
568493,85112,0,238832,1
568547,85122,0,238857,1
568597,85130,0,238881,2
568648,85138,0,238907,0
568698,85144,0,238927,0
568754,85155,0,238947,1
568804,85162,0,238970,0
568854,85177,0,238986,1
568904,85188,0,238996,0
568959,85199,0,239014,1
569010,85208,0,239040,0
569060,85216,0,239058,0
569111,85217,0,239095,0
569162,85221,0,239115,0
569213,85227,0,239132,1
569263,85232,0,239158,0
569315,85237,0,239188,0
569367,85247,0,239207,0
569417,85253,0,239228,1
569470,85259,0,239254,0
569524,85269,0,239277,0
569576,85276,0,239292,0
569627,85286,0,239298,0
569683,85292,0,239312,1
569734,85299,0,239339,0
569784,85309,0,239352,0
569837,85320,0,239370,0
569890,85333,0,239385,0
569940,85345,0,239410,0
569995,85356,0,239436,0
570045,85364,0,239450,1
570096,85367,0,239473,0
570147,85368,0,239501,0
570198,85375,0,239514,1
570248,85381,0,239535,1
570298,85386,0,239554,0
570348,85393,0,239581,0
570401,85400,0,239598,0
570453,85408,0,239626,1
570503,85414,0,239652,1
570555,85422,0,239665,1
570606,85430,0,239679,2
570657,85439,0,239703,1
570707,85446,0,239719,2
570758,85454,0,239740,0
570808,85464,0,239761,1
570858,85477,0,239780,3
570908,85486,0,239793,1
570958,85498,0,239815,0
571008,85508,0,239832,0
571058,85516,0,239853,0
571108,85517,0,239883,0
571160,85521,0,239904,1
571211,85526,0,239924,0
571261,85531,0,239946,0
571311,85537,0,239972,0
571367,85546,0,239989,1
571418,85553,0,240011,1
571468,85559,0,240028,0
571521,85567,0,240043,1
571571,85576,0,240062,1
571627,85584,0,240076,1
571681,85591,0,240103,0
571733,85599,0,240135,1
571783,85609,0,240166,0
571835,85620,0,240183,0
571885,85633,0,240198,1
571935,85643,0,240224,0
571985,85655,0,240242,0
572043,85660,0,240268,1
572094,85667,0,240302,1
572147,85668,0,240329,0
572200,85674,0,240343,1
572251,85681,0,240368,1
572302,85686,0,240387,0
572355,85694,0,240398,1
572405,85700,0,240412,0
572460,85708,0,240443,0
572510,85715,0,240465,1
572561,85722,0,240494,1
572611,85731,0,240513,2
572663,85740,0,240534,1
572713,85747,0,240546,1
572764,85756,0,240564,2
572814,85763,0,240595,0
572866,85776,0,240608,1
572918,85788,0,240623,0
572968,85801,0,240634,1
573018,85808,0,240659,0
573070,85816,0,240674,0
573122,85817,0,240707,0
573172,85821,0,240735,0
573222,85827,0,240750,0
573273,85833,0,240779,0
573324,85837,0,240807,0
573374,85846,0,240825,0
573425,85854,0,240840,1
573476,85859,0,240869,0
573526,85868,0,240883,1
573576,85876,0,240913,1
573626,85883,0,240929,0
573676,85891,0,240953,1
573730,85898,0,240977,0
573783,85909,0,240990,1
573833,85918,0,241001,1
573886,85933,0,241008,1
573936,85942,0,241031,1
573986,85954,0,241048,1
574038,85959,0,241067,1
574096,85967,0,241093,1
574151,85968,0,241118,0
574201,85974,0,241146,1
574253,85981,0,241168,1
574308,85986,0,241191,0
574360,85994,0,241213,1
574415,86000,0,241229,0
574465,86008,0,241251,0
574515,86015,0,241277,2
574565,86022,0,241291,0
574615,86030,0,241302,1
574671,86040,0,241309,1
574722,86048,0,241327,1
574775,86056,0,241345,0
574828,86065,0,241368,1
574882,86081,0,241387,1
574934,86091,0,241401,1
574985,86103,0,241427,1
575036,86108,0,241442,0
575090,86116,0,241461,0
575144,86118,0,241483,0
575197,86123,0,241501,0
575249,86130,0,241523,1
575299,86136,0,241543,0
575351,86141,0,241566,1
575402,86150,0,241587,0
575452,86157,0,241605,0
575506,86161,0,241632,1
575560,86171,0,241648,1
575611,86179,0,241666,1
575663,86189,0,241681,0
575716,86197,0,241698,1
575769,86205,0,241713,1
575819,86213,0,241722,0
575871,86227,0,241735,1
575922,86236,0,241758,1
575972,86250,0,241764,1
576022,86258,0,241779,0
576072,86266,0,241800,0
576122,86267,0,241826,0
576174,86270,0,241854,0
576224,86277,0,241882,0
576277,86283,0,241902,1
576327,86287,0,241926,0
576377,86297,0,241932,0
576428,86303,0,241960,1
576478,86309,0,241973,0
576528,86317,0,241988,0
576583,86323,0,242008,0
576634,86333,0,242024,1
576693,86342,0,242046,1
576746,86350,0,242063,1
576799,86359,0,242089,0
576850,86371,0,242103,1
576906,86384,0,242117,1
576956,86396,0,242133,2
577006,86406,0,242153,1
577056,86412,0,242167,1
577108,86417,0,242194,0
577160,86419,0,242218,0
577210,86425,0,242238,1
577261,86431,0,242258,0
577313,86437,0,242279,1
577364,86443,0,242315,1
577415,86450,0,242343,0
577466,86458,0,242360,0
577520,86463,0,242391,1
577577,86473,0,242406,1
577627,86480,0,242471,0
577681,86491,0,242494,1
577732,86498,0,242511,0
577782,86507,0,242528,1
577833,86516,0,242548,1
577885,86529,0,242567,0
577937,86539,0,242593,1
577987,86552,0,242606,0
578037,86558,0,242629,0
578087,86566,0,242643,0
578137,86568,0,242672,1
578189,86571,0,242698,0
578242,86579,0,242718,1
578292,86585,0,242743,0
578345,86588,0,242762,1
578399,86599,0,242783,1
578456,86606,0,242812,1
578514,86611,0,242848,1
578565,86621,0,242865,1
578615,86629,0,242890,1
578667,86639,0,242900,1
578717,86646,0,242921,0
578767,86654,0,242939,1
578817,86662,0,242955,0
578867,86673,0,242963,1
578917,86684,0,242983,0
578969,86698,0,243004,1
579023,86708,0,243011,0
579075,86716,0,243035,1
579128,86717,0,243068,0
579178,86721,0,243103,1
579228,86727,0,243128,0
579280,86732,0,243156,1
579330,86737,0,243183,0
579380,86747,0,243206,0
579430,86753,0,243223,1
579483,86759,0,243249,1
579533,86767,0,243328,1
579583,86773,0,243353,0
579633,86781,0,243373,0
579683,86791,0,243379,1
579734,86798,0,243398,0
579784,86806,0,243423,0
579836,86816,0,243444,1
579886,86829,0,243459,0
579936,86838,0,243475,1
579992,86853,0,243479,1
580042,86858,0,243501,0
580097,86866,0,243527,0
580148,86868,0,243555,0
580200,86872,0,243577,1
580250,86880,0,243601,1
580306,86886,0,243621,1
580356,86890,0,243645,1
580406,86898,0,243660,1
580456,86906,0,243683,1
580506,86910,0,243713,0
580556,86919,0,243727,0
580607,86928,0,243747,0
580657,86935,0,243763,1
580709,86943,0,243776,0
580759,86951,0,243798,0
580809,86960,0,243813,1
580861,86971,0,243831,1
580912,86983,0,243849,1
580962,86993,0,243863,1
581012,87006,0,243878,1
581062,87012,0,243900,0
581112,87017,0,243920,0
581163,87019,0,243946,1
581214,87023,0,243968,0
581266,87031,0,243990,0
581318,87037,0,244009,1
581368,87041,0,244036,0
581420,87051,0,244050,1
581474,87058,0,244071,0
581524,87062,0,244100,1
581574,87072,0,244125,0
581624,87080,0,244138,1
581674,87089,0,244156,0
581725,87096,0,244177,0
581775,87104,0,244188,1
581827,87114,0,244210,1
581877,87125,0,244238,1
581927,87135,0,244260,0
581977,87149,0,244278,4
582030,87158,0,244297,0
582081,87165,0,244327,1
582136,87167,0,244356,0
582187,87171,0,244373,0
582238,87178,0,244385,1
582292,87183,0,244410,1
582343,87187,0,244436,0
582393,87197,0,244453,0
582444,87204,0,244477,0
582495,87209,0,244497,0
582547,87218,0,244513,1
582599,87225,0,244526,0
582649,87233,0,244546,1
582699,87241,0,244567,0
582749,87248,0,244578,0
582799,87259,0,244609,1
582849,87267,0,244636,0
582901,87279,0,244650,1
582952,87289,0,244675,1
583010,87305,0,244693,1
583061,87312,0,244705,1
583111,87317,0,244741,0
583163,87318,0,244764,0
583215,87323,0,244784,0
583266,87331,0,244800,0
583316,87336,0,244829,1
583366,87340,0,244853,0
583416,87349,0,244867,0
583469,87357,0,244888,0
583520,87361,0,244904,1
583571,87371,0,244927,1
583621,87379,0,244950,0
583671,87389,0,244963,2
583722,87394,0,244987,1
583774,87402,0,245004,1
583824,87412,0,245018,0
583875,87423,0,245045,1
583925,87435,0,245064,1
583978,87444,0,245077,1
584028,87458,0,245096,1
584078,87464,0,245123,0
584128,87467,0,245150,0
584178,87470,0,245173,0
584229,87475,0,245200,1
584281,87481,0,245229,0
584332,87487,0,245260,0
584382,87493,0,245280,1
584432,87502,0,245305,1
584483,87508,0,245317,0
584534,87512,0,245346,0
584584,87523,0,245357,0
584635,87530,0,245375,0
584688,87541,0,245392,1
584739,87548,0,245424,1
584789,87556,0,245438,1
584839,87566,0,245466,1
584891,87576,0,245478,1
584942,87586,0,245491,0
584992,87600,0,245505,2
585043,87608,0,245524,0
585093,87616,0,245550,0
585143,87617,0,245575,0
585196,87621,0,245598,0
585246,87628,0,245621,0
585296,87633,0,245653,0
585347,87637,0,245679,0
585397,87647,0,245694,0
585455,87655,0,245713,1
585505,87660,0,245733,1
585555,87668,0,245750,2
585605,87676,0,245779,0
585655,87683,0,245798,1
585708,87692,0,245816,1
585758,87699,0,245839,0
585809,87709,0,245852,0
585859,87717,0,245862,0
585909,87731,0,245869,3
585960,87740,0,245888,1
586010,87755,0,245914,1
586060,87760,0,245947,1
586110,87767,0,245965,0
586160,87768,0,245993,0
586210,87771,0,246022,0
586261,87780,0,246041,0
586314,87785,0,246065,0
586367,87790,0,246092,0
586417,87798,0,246109,0
586470,87806,0,246134,1
586521,87811,0,246156,1
586571,87819,0,246171,0
586621,87828,0,246194,1
586671,87836,0,246211,0
586721,87843,0,246245,0
586772,87851,0,246269,1
586822,87859,0,246288,0
586872,87871,0,246307,1
586922,87884,0,246319,3
586972,87892,0,246338,1
587022,87905,0,246354,0
587072,87912,0,246369,1
587123,87917,0,246399,0
587179,87920,0,246428,1
587234,87924,0,246448,1
587288,87932,0,246470,1
587338,87937,0,246489,0
587388,87944,0,246519,1
587439,87951,0,246537,1
587489,87958,0,246551,0
587542,87962,0,246578,0
587592,87973,0,246588,0
587646,87981,0,246610,1
587697,87991,0,246635,0
587747,87998,0,246651,0
587798,88005,0,246665,2
587849,88016,0,246688,0
587903,88027,0,246698,1
587959,88037,0,246716,1
588012,88053,0,246725,1
588062,88060,0,246748,1
588113,88067,0,246771,0
588163,88068,0,246801,0
588214,88071,0,246825,0
588267,88081,0,246839,1
588318,88086,0,246860,1
588369,88090,0,246888,0
588420,88098,0,246904,0
588470,88105,0,246920,0
588523,88111,0,246941,1
588573,88119,0,246958,0
588623,88128,0,246976,0
588673,88136,0,246995,0
588725,88143,0,247020,0
588775,88151,0,247043,1
588826,88160,0,247061,1
588879,88171,0,247083,1
588929,88185,0,247099,2
588981,88194,0,247124,2
589031,88205,0,247147,0
589084,88214,0,247168,1
589134,88217,0,247197,0
589184,88220,0,247223,0
589234,88223,0,247260,0
589285,88231,0,247281,0
589337,88237,0,247298,0
589388,88242,0,247325,1
589439,88250,0,247345,0
589492,88258,0,247360,0
589542,88262,0,247387,0
589595,88273,0,247403,1
589648,88281,0,247420,1
589701,88291,0,247449,0
589752,88298,0,247469,0
589802,88306,0,247483,2
589852,88316,0,247506,0
589903,88327,0,247527,1
589954,88336,0,247551,0
590004,88349,0,247563,2
590054,88359,0,247587,1
590104,88366,0,247650,1
590155,88367,0,247678,0
590205,88371,0,247699,0
590256,88378,0,247715,0
590306,88384,0,247729,1
590359,88389,0,247745,1
590409,88397,0,247756,1
590465,88405,0,247781,1
590515,88410,0,247803,0
590565,88417,0,247821,1
590615,88426,0,247847,0
590670,88434,0,247870,1
590721,88443,0,247903,1
590773,88451,0,247921,1
590823,88459,0,247941,0
590875,88467,0,247959,0
590931,88483,0,247969,1
590981,88493,0,247987,2
591032,88505,0,248008,0
591083,88513,0,248022,1
591133,88517,0,248044,0
591184,88520,0,248071,1
591234,88523,0,248097,0
591284,88531,0,248116,0
591336,88537,0,248130,0
591387,88541,0,248162,0
591438,88550,0,248179,0
591488,88558,0,248199,0
591538,88562,0,248230,0
591588,88571,0,248251,1
591638,88578,0,248271,0
591688,88588,0,248289,2
591740,88596,0,248318,1
591791,88602,0,248335,0
591841,88614,0,248352,2
591891,88622,0,248369,1
591942,88635,0,248384,1
591993,88644,0,248397,0
592043,88657,0,248413,1
592093,88664,0,248435,0
592143,88667,0,248475,0
592193,88670,0,248501,0
592245,88675,0,248532,1
592295,88681,0,248547,0
592348,88687,0,248580,0
592400,88693,0,248612,1
592450,88703,0,248627,3
592500,88709,0,248646,0
592553,88713,0,248665,1
592604,88723,0,248686,1
592654,88731,0,248707,0
592704,88741,0,248734,2
592757,88748,0,248759,0
592807,88756,0,248783,1
592857,88766,0,248844,1
592909,88774,0,248861,1
592962,88786,0,248878,0
593012,88801,0,248892,3
593064,88810,0,248904,1
593118,88817,0,248929,1
593170,88817,0,248956,0
593220,88822,0,248984,1
593270,88830,0,249007,0
593320,88835,0,249026,0
593370,88839,0,249047,0
593421,88848,0,249069,0
593472,88855,0,249085,1
593522,88860,0,249114,0
593572,88866,0,249130,0
593626,88877,0,249150,1
593676,88884,0,249162,1
593726,88893,0,249185,0
593776,88900,0,249203,0
593827,88910,0,249222,1
593878,88918,0,249243,1
593928,88927,0,249274,0
593978,88940,0,249292,1
594029,88954,0,249314,0
594079,88961,0,249330,0
594130,88967,0,249350,0
594185,88969,0,249386,1
594235,88973,0,249409,0
594285,88981,0,249432,0
594335,88987,0,249462,0
594386,88991,0,249534,0
594436,89000,0,249552,0
594487,89006,0,249571,0
594542,89012,0,249597,0
594593,89020,0,249616,1
594643,89029,0,249641,1
594694,89038,0,249661,1
594745,89047,0,249679,1
594795,89053,0,249701,1
594847,89064,0,249721,0
594905,89071,0,249740,1
594955,89085,0,249749,0
595005,89096,0,249765,1
595059,89108,0,249780,1
595109,89116,0,249800,1
595160,89117,0,249829,0
595211,89121,0,249855,0
595263,89128,0,249880,1
595314,89135,0,249908,1
595365,89139,0,249937,1
595415,89146,0,249954,1
595465,89154,0,249978,1
595515,89160,0,250004,1
595565,89166,0,250078,1
595615,89176,0,250095,1
595665,89183,0,250114,2
595715,89192,0,250133,0
595766,89198,0,250151,0
595818,89208,0,250160,1
595868,89216,0,250186,0
595923,89225,0,250209,1
595974,89238,0,250220,1
596025,89253,0,250236,2
596075,89260,0,250262,0
596128,89267,0,250277,0
596181,89268,0,250306,0
596233,89273,0,250334,0
596285,89281,0,250354,0
596335,89287,0,250382,1
596391,89291,0,250412,0
596445,89300,0,250436,0
596499,89307,0,250462,1
596549,89312,0,250486,0
596601,89322,0,250509,1
596651,89330,0,250533,0
596703,89339,0,250560,1
596760,89348,0,250576,0
596811,89355,0,250589,1
596863,89366,0,250605,0
596913,89372,0,250617,1
596963,89386,0,250626,1
597014,89398,0,250650,0
597065,89409,0,250671,1
597115,89416,0,250692,0
597166,89417,0,250716,0
597216,89421,0,250741,0
597271,89428,0,250760,1
597321,89435,0,250768,1
597371,89439,0,250789,0
597423,89447,0,250817,1
597473,89454,0,250848,0
597523,89460,0,250919,0
597573,89466,0,250944,0
597625,89476,0,250970,0
597675,89483,0,250992,0
597725,89492,0,251014,0
597778,89500,0,251037,1
597828,89509,0,251058,2
597880,89517,0,251080,1
597930,89526,0,251098,2
597983,89540,0,251112,1
598033,89554,0,251129,0
598085,89561,0,251144,0
598135,89567,0,251165,0
598189,89569,0,251183,1
598241,89573,0,251213,0
598291,89581,0,251232,0
598342,89587,0,251253,0
598393,89591,0,251280,0
598446,89600,0,251309,0
598502,89607,0,251337,1
598553,89612,0,251369,0
598603,89620,0,251391,1
598654,89630,0,251414,0
598704,89638,0,251427,0
598756,89647,0,251440,1
598807,89653,0,251455,0
598858,89665,0,251478,1
598911,89671,0,251501,0
598962,89684,0,251519,0
599016,89697,0,251538,1
599067,89709,0,251555,1
599123,89717,0,251583,1
599177,89717,0,251599,0
599229,89723,0,251626,1
599279,89729,0,251657,0
599329,89735,0,251685,0
599379,89739,0,251709,0
599429,89748,0,251730,1
599479,89755,0,251753,0
599530,89760,0,251768,0
599581,89766,0,251785,0
599631,89777,0,251801,0
599682,89783,0,251832,0
599732,89792,0,251859,0
599782,89800,0,251883,1
599833,89809,0,251907,1
599883,89817,0,251925,1
599933,89826,0,251943,1
599984,89839,0,251956,1
600035,89854,0,251973,1
600085,89861,0,251994,0
600138,89867,0,252014,0
600188,89868,0,252047,0
600238,89873,0,252075,0
600288,89881,0,252101,0
600340,89887,0,252117,1
600391,89891,0,252146,0
600443,89900,0,252178,0
600499,89906,0,252206,0
600549,89912,0,252230,0
600599,89919,0,252247,1
600649,89928,0,252269,0
600699,89937,0,252295,0
600749,89944,0,252312,2
600800,89953,0,252329,1
600851,89964,0,252347,2
600902,89969,0,252367,0
600952,89982,0,252382,2
601002,89994,0,252393,0
601052,90005,0,252406,0
601102,90012,0,252438,0
601152,90017,0,252466,0
601203,90020,0,252494,0
601253,90025,0,252521,1
601304,90031,0,252533,0
601354,90037,0,252557,0
601406,90042,0,252577,1
601458,90052,0,252597,1
601508,90056,0,252618,0
601558,90062,0,252640,0
601609,90070,0,252652,1
601660,90081,0,252656,1
601711,90088,0,252686,0
601761,90097,0,252703,2
601811,90104,0,252722,0
601861,90115,0,252753,1
601911,90121,0,252786,1
601962,90134,0,252804,1
602014,90146,0,252815,1
602064,90157,0,252829,1
602115,90166,0,252853,1
602165,90167,0,252882,0
602215,90171,0,252907,0
602265,90175,0,252939,0
602316,90183,0,252966,1
602368,90189,0,252992,1
602422,90195,0,253017,1
602472,90202,0,253040,0
602522,90209,0,253074,1
602573,90214,0,253116,1
602624,90223,0,253131,1
602675,90232,0,253161,0
602725,90242,0,253175,0
602778,90248,0,253199,0
602828,90255,0,253214,1
602878,90266,0,253234,0
602928,90273,0,253264,0
602979,90285,0,253277,1
603029,90297,0,253295,0
603084,90310,0,253313,1
603134,90317,0,253340,0
603186,90318,0,253376,1
603236,90323,0,253400,0
603286,90327,0,253415,0
603337,90336,0,253430,0
603387,90339,0,253453,0
603440,90350,0,253469,1
603494,90356,0,253487,1
603545,90361,0,253511,1
603595,90367,0,253540,0
603647,90378,0,253551,1
603698,90386,0,253588,1
603748,90392,0,253608,0
603799,90400,0,253622,0
603851,90413,0,253635,1
603904,90419,0,253657,0
603954,90429,0,253673,2
604006,90444,0,253687,1
604060,90456,0,253700,1
604110,90462,0,253728,0
604164,90467,0,253747,0
604215,90471,0,253773,0
604267,90475,0,253798,0
604325,90483,0,253813,1
604375,90489,0,253841,0
604426,90495,0,253852,1
604477,90503,0,253882,1
604527,90510,0,253905,1
604579,90516,0,253929,1
604629,90523,0,253949,0
604682,90533,0,253963,1
604732,90541,0,253979,1
604784,90548,0,254006,0
604834,90556,0,254027,1
604890,90567,0,254041,1
604942,90574,0,254060,1
604992,90587,0,254075,1
605043,90601,0,254092,1
605096,90611,0,254122,0
605147,90617,0,254143,0
605198,90619,0,254170,0
605248,90623,0,254195,0
605299,90629,0,254215,0
605349,90637,0,254236,0
605399,90641,0,254316,0
605452,90650,0,254338,0
605504,90656,0,254359,0
605555,90662,0,254384,0
605606,90668,0,254404,0
605657,90680,0,254418,1
605708,90686,0,254441,1
605760,90694,0,254462,0
605814,90704,0,254476,1
605865,90714,0,254497,0
605919,90722,0,254519,1
605969,90734,0,254539,2
606022,90747,0,254552,1
606072,90757,0,254560,0
606124,90766,0,254580,2
606176,90767,0,254601,0
606227,90771,0,254633,0
606280,90777,0,254651,1
606332,90783,0,254669,1
606382,90789,0,254697,0
606432,90797,0,254716,1
606482,90804,0,254739,1
606533,90810,0,254764,0
606583,90816,0,254788,1
606633,90823,0,254810,0
606684,90833,0,254821,1
606734,90841,0,254848,1
606787,90848,0,254867,0
606838,90856,0,254891,1
606888,90866,0,254911,0
606938,90873,0,254932,0
606988,90885,0,254949,1
607038,90898,0,254963,0
607089,90910,0,254978,0
607140,90917,0,255004,0
607190,90918,0,255036,1
607242,90923,0,255062,0
607292,90928,0,255084,0
607344,90936,0,255103,0
607394,90941,0,255127,1
607444,90950,0,255151,0
607496,90955,0,255171,1
607546,90960,0,255194,0
607599,90967,0,255229,0
607651,90976,0,255258,1
607701,90985,0,255284,1
607762,90993,0,255305,1
607813,91003,0,255320,0
607863,91013,0,255331,1
607914,91020,0,255359,1
607967,91031,0,255380,1
608017,91042,0,255399,1
608068,91056,0,255413,2
608119,91063,0,255440,1
608169,91067,0,255459,0
608220,91071,0,255472,1
608270,91075,0,255493,0
608321,91082,0,255515,0
608375,91089,0,255528,1
608428,91094,0,255555,1
608478,91102,0,255574,0
608528,91110,0,255599,1
608578,91114,0,255624,1
608632,91122,0,255639,1
608683,91132,0,255659,0
608734,91140,0,255686,0
608785,91148,0,255700,0
608838,91155,0,255724,1
608892,91167,0,255735,1
608942,91173,0,255753,0
608992,91186,0,255770,1
609049,91199,0,255791,1
609099,91211,0,255807,0
609149,91217,0,255833,0
609202,91219,0,255854,1
609253,91223,0,255885,0
609303,91229,0,255908,1
609353,91237,0,255934,0
609405,91241,0,255953,0
609455,91248,0,255963,0
609507,91256,0,255984,0
609559,91261,0,256013,0
609609,91268,0,256029,0
609659,91279,0,256049,1
609713,91285,0,256063,0
609763,91292,0,256076,0
609813,91303,0,256099,2
609863,91311,0,256120,1
609913,91319,0,256140,1
609964,91329,0,256159,4
610014,91341,0,256170,1
610064,91353,0,256190,0
610118,91362,0,256220,0
610168,91367,0,256244,0
610218,91370,0,256268,1
610268,91375,0,256297,1
610318,91382,0,256311,2
610371,91388,0,256333,1
610423,91392,0,256363,1
610473,91401,0,256381,0
610525,91408,0,256413,1
610576,91413,0,256439,1
610629,91421,0,256454,0
610680,91432,0,256471,1
610733,91437,0,256489,1
610788,91447,0,256520,1
610839,91455,0,256552,1
610889,91466,0,256566,0
610943,91473,0,256582,0
610995,91485,0,256593,1
611045,91498,0,256613,0
611099,91510,0,256622,0
611149,91517,0,256644,0
611199,91517,0,256674,0
611250,91523,0,256696,0
611300,91528,0,256711,0
611353,91536,0,256736,1
611406,91541,0,256762,0
611457,91548,0,256788,0
611510,91556,0,256804,0
611561,91560,0,256830,0
611616,91569,0,256850,1
611667,91580,0,256865,0
611717,91585,0,256891,0
611767,91592,0,256919,0
611819,91603,0,256934,0
611878,91614,0,256956,1
611936,91622,0,256977,1
611988,91634,0,256994,0
612038,91647,0,257005,1
612088,91659,0,257017,0
612138,91667,0,257033,1
612189,91667,0,257062,0
612241,91672,0,257090,0
612292,91677,0,257105,1
612342,91683,0,257126,1
612392,91689,0,257146,0
612442,91695,0,257168,0
612492,91704,0,257185,0
612543,91710,0,257211,0
612597,91716,0,257228,1
612658,91724,0,257256,1
612709,91735,0,257273,1
612760,91742,0,257286,0
612810,91750,0,257306,0
612862,91759,0,257323,1
612916,91768,0,257342,1
612971,91774,0,257363,1
613025,91792,0,257377,1
613076,91804,0,257385,1
613128,91813,0,257401,1
613180,91817,0,257423,0
613238,91822,0,257442,1
613291,91826,0,257475,0
613341,91832,0,257497,0
613391,91839,0,257523,0
613441,91845,0,257550,1
613491,91854,0,257567,1
613541,91859,0,257585,1
613593,91865,0,257611,1
613645,91873,0,257630,0
613695,91884,0,257654,1
613746,91888,0,257679,1
613803,91898,0,257696,0
613858,91906,0,257720,1
613909,91917,0,257730,0
613962,91923,0,257754,0
614013,91939,0,257771,1
614066,91950,0,257791,0
614124,91962,0,257807,0
614175,91967,0,257828,0
614225,91971,0,257854,1
614275,91975,0,257874,0
614326,91980,0,257897,0
614377,91988,0,257923,1
614427,91992,0,257947,0
614478,92002,0,257973,1
614530,92007,0,257990,0
614581,92012,0,258017,0
614639,92022,0,258036,1
614690,92033,0,258048,1
614740,92036,0,258085,0
614790,92047,0,258097,1
614841,92055,0,258118,1
614892,92066,0,258142,0
614942,92073,0,258160,1
614992,92077,0,258174,1
615042,92096,0,258174,2
615092,92105,0,258186,1
615142,92116,0,258199,1
615197,92117,0,258226,0
615247,92123,0,258254,1
615297,92127,0,258283,1
615349,92133,0,258304,0
615402,92140,0,258322,1
615452,92146,0,258340,1
615502,92154,0,258355,0
615552,92160,0,258381,0
615613,92166,0,258409,1
615667,92175,0,258432,1
615719,92185,0,258445,0
615770,92192,0,258471,0
615821,92201,0,258492,1
615871,92211,0,258513,1
615921,92218,0,258528,1
615975,92223,0,258546,0
616030,92239,0,258562,0
616080,92254,0,258580,2
616132,92263,0,258594,1
616185,92267,0,258626,0
616235,92271,0,258656,0
616288,92276,0,258686,0
616339,92282,0,258704,0
616389,92289,0,258729,0
616442,92294,0,258750,0
616492,92303,0,258771,0
616546,92309,0,258792,1
616596,92314,0,258806,1
616648,92323,0,258824,0
616700,92333,0,258836,0
616750,92336,0,258865,0
616800,92348,0,258886,1
616850,92355,0,258911,0
616900,92366,0,258933,0
616950,92373,0,258951,0
617000,92379,0,258968,2
617050,92395,0,258973,1
617102,92405,0,258990,1
617154,92417,0,259006,0
617204,92417,0,259043,0
617257,92423,0,259056,0
617308,92428,0,259083,0
617359,92436,0,259108,1
617409,92440,0,259128,1
617460,92448,0,259142,2
617510,92456,0,259162,1
617560,92460,0,259180,0
617613,92465,0,259200,0
617664,92474,0,259220,1
617717,92485,0,259233,1
617768,92492,0,259252,2
617818,92500,0,259278,0
617870,92508,0,259306,1
617920,92517,0,259319,0
617971,92523,0,259348,0
618025,92534,0,259368,1
618075,92551,0,259376,0
618126,92562,0,259393,1
618178,92567,0,259420,0
618229,92569,0,259460,0
618279,92574,0,259483,0
618329,92580,0,259493,0
618382,92588,0,259517,1
618437,92592,0,259542,0
618487,92602,0,259550,1
618538,92608,0,259575,1
618589,92613,0,259595,0
618639,92621,0,259616,1
618689,92628,0,259641,1
618741,92636,0,259656,0
618797,92646,0,259680,1
618847,92655,0,259705,0
618899,92666,0,259721,1
618950,92672,0,259749,0
619002,92678,0,259770,1
619053,92694,0,259777,2
619110,92705,0,259795,1
619161,92717,0,259816,0
619211,92718,0,259835,0
619261,92723,0,259851,0
619314,92728,0,259872,0
619364,92736,0,259889,1
619416,92741,0,259909,1
619471,92749,0,259928,1
619522,92756,0,259952,0
619573,92760,0,259979,0
619623,92768,0,260003,1
619673,92774,0,260031,0
619723,92785,0,260044,0
619773,92791,0,260071,1
619825,92801,0,260085,0
619876,92808,0,260108,1
619927,92818,0,260138,1
619981,92824,0,260167,1
620033,92836,0,260176,2
620085,92853,0,260191,1
620135,92862,0,260211,0
620185,92867,0,260227,0
620235,92869,0,260249,0
620286,92875,0,260267,1
620336,92880,0,260291,0
620386,92888,0,260321,0
620436,92892,0,260344,0
620486,92900,0,260371,1
620536,92907,0,260388,0
620586,92910,0,260414,0
620640,92921,0,260442,1
620696,92928,0,260462,1
620746,92936,0,260490,0
620796,92945,0,260508,0
620848,92955,0,260528,0
620898,92965,0,260547,3
620948,92971,0,260562,1
620998,92977,0,260586,2
621050,92988,0,260601,1
621101,93004,0,260607,0
621154,93016,0,260684,1
621205,93017,0,260709,0
621255,93021,0,260732,0
621311,93027,0,260753,1
621362,93034,0,260770,0
621412,93040,0,260792,1
621462,93046,0,260809,2
621513,93056,0,260828,1
621564,93060,0,260845,0
621614,93065,0,260870,0
621665,93074,0,260891,1
621722,93084,0,260904,0
621772,93089,0,260980,1
621825,93100,0,260995,1
621875,93107,0,261062,1
621926,93117,0,261083,0
621978,93123,0,261102,0
622028,93132,0,261135,1
622079,93151,0,261148,2
622134,93159,0,261179,1
622184,93167,0,261210,0
622239,93169,0,261242,0
622289,93175,0,261259,1
622340,93180,0,261287,0
622392,93189,0,261301,1
622442,93192,0,261334,0
622493,93200,0,261355,1
622543,93208,0,261384,0
622593,93211,0,261403,1
622647,93221,0,261422,1
622697,93228,0,261441,0
622747,93236,0,261465,0
622798,93245,0,261478,1
622849,93255,0,261489,0
622903,93262,0,261519,1
622953,93272,0,261538,0
623005,93277,0,261560,0
623055,93286,0,261568,1
623105,93304,0,261575,0
623156,93316,0,261590,1
623207,93317,0,261621,0
623257,93321,0,261648,1
623307,93326,0,261673,0
623358,93333,0,261693,0
623408,93339,0,261724,0
623460,93344,0,261794,1
623510,93354,0,261815,1
623560,93359,0,261832,1
623610,93364,0,261853,0
623663,93373,0,261869,0
623715,93383,0,261893,1
623766,93387,0,261913,0
623819,93398,0,261976,0
623871,93406,0,261992,1
623921,93416,0,262016,2
623976,93423,0,262034,0
624026,93431,0,262057,1
624076,93443,0,262071,3
624126,93457,0,262074,2
624176,93467,0,262099,0
624229,93469,0,262119,1
624282,93474,0,262142,0
624334,93480,0,262163,0
624385,93487,0,262186,0
624435,93491,0,262215,0
624491,93499,0,262235,0
624543,93508,0,262253,1
624595,93511,0,262280,1
624648,93521,0,262304,1
624703,93529,0,262330,1
624754,93536,0,262355,0
624805,93543,0,262369,1
624860,93555,0,262379,1
624915,93563,0,262402,1
624965,93573,0,262430,0
625018,93578,0,262459,1
625068,93586,0,262472,1
625119,93605,0,262491,1
625169,93617,0,262507,0
625221,93618,0,262531,1
625272,93623,0,262548,1
625327,93628,0,262574,1
625380,93636,0,262591,1
625431,93641,0,262620,0
625483,93649,0,262638,0
625534,93656,0,262654,0
625584,93660,0,262674,0
625635,93669,0,262695,2
625686,93675,0,262720,1
625737,93685,0,262739,0
625791,93690,0,262762,1
625842,93701,0,262776,2
625892,93710,0,262799,1
625942,93720,0,262856,1
625995,93724,0,262886,0
626045,93732,0,262913,0
626095,93745,0,262923,1
626146,93761,0,262937,1
626197,93767,0,262967,0
626247,93769,0,262994,0
626297,93775,0,263023,1
626348,93780,0,263045,0
626399,93789,0,263065,1
626452,93793,0,263096,1
626503,93802,0,263116,0
626557,93808,0,263131,1
626610,93814,0,263148,1
626661,93823,0,263174,1
626711,93830,0,263243,1
626766,93837,0,263255,1
626818,93844,0,263277,1
626869,93855,0,263302,0
626920,93863,0,263335,0
626971,93873,0,263355,0
627021,93878,0,263367,1
627077,93886,0,263384,1
627127,93905,0,263398,0
627178,93917,0,263407,0
627229,93918,0,263432,0
627279,93924,0,263454,2
627329,93927,0,263486,0
627382,93936,0,263510,1
627434,93941,0,263543,0
627486,93948,0,263568,1
627537,93956,0,263587,0
627588,93960,0,263615,0
627642,93970,0,263635,1
627692,93976,0,263661,0
627743,93984,0,263679,0
627794,93990,0,263704,1
627844,94002,0,263719,2
627900,94010,0,263729,1
627950,94021,0,263749,2
628003,94024,0,263775,0
628054,94034,0,263790,1
628108,94046,0,263808,1
628160,94065,0,263817,1
628217,94067,0,263834,0
628271,94071,0,263868,1
628322,94077,0,263898,1
628372,94085,0,263925,1
628422,94090,0,263949,1
628477,94095,0,263975,1
628528,94106,0,263987,0
628578,94110,0,264005,0
628630,94117,0,264016,1
628681,94124,0,264040,0
628737,94134,0,264073,0
628788,94139,0,264100,1
628838,94149,0,264122,0
628888,94158,0,264144,1
628938,94166,0,264161,0
628990,94173,0,264180,0
629041,94182,0,264198,1
629092,94190,0,264220,2
629145,94208,0,264234,1
629195,94217,0,264256,0
629245,94219,0,264278,0
629295,94224,0,264312,0
629348,94230,0,264341,1
629399,94238,0,264352,0
629450,94242,0,264380,0
629500,94250,0,264396,1
629553,94256,0,264419,0
629605,94262,0,264448,1
629655,94271,0,264468,1
629705,94278,0,264488,1
629755,94286,0,264503,1
629808,94292,0,264526,0
629861,94305,0,264542,1
629914,94311,0,264571,0
629964,94323,0,264595,1
630016,94326,0,264625,1
630066,94335,0,264642,0
630116,94348,0,264665,1
630170,94366,0,264675,0
630221,94367,0,264703,0
630273,94371,0,264727,1
630323,94377,0,264755,1
630373,94384,0,264778,1
630423,94390,0,264802,0
630475,94394,0,264831,1
630525,94405,0,264851,1
630578,94410,0,264884,1
630628,94416,0,264904,0
630681,94424,0,264929,0
630734,94434,0,264954,0
630784,94438,0,265025,1
630836,94446,0,265042,1
630886,94457,0,265057,0
630938,94466,0,265080,1
630992,94473,0,265100,0
631042,94480,0,265124,1
631098,94488,0,265147,1
631150,94505,0,265153,1
631200,94517,0,265178,0
631250,94519,0,265198,0
631300,94525,0,265224,1
631351,94530,0,265249,1
631401,94538,0,265276,0
631454,94542,0,265294,0
631505,94550,0,265321,1
631561,94557,0,265346,1
631614,94564,0,265378,1
631664,94572,0,265399,0
631716,94580,0,265424,1
631766,94586,0,265446,0
631818,94593,0,265468,0
631868,94605,0,265482,1
631918,94612,0,265504,1
631969,94623,0,265523,0
632021,94626,0,265544,1
632080,94636,0,265566,1
632130,94649,0,265583,1
632180,94665,0,265587,2
632230,94667,0,265618,0
632280,94672,0,265639,0
632334,94678,0,265662,1
632384,94685,0,265681,0
632434,94691,0,265705,1
632484,94694,0,265734,0
632534,94706,0,265749,1
632587,94710,0,265770,0
632640,94718,0,265806,1
632691,94726,0,265832,2
632742,94734,0,265847,0
632792,94738,0,265890,0
632842,94747,0,265908,1
632896,94759,0,265916,1
632949,94767,0,265944,1
633000,94774,0,265962,1
633050,94782,0,265988,1
633100,94788,0,266004,1
633151,94804,0,266025,1
633202,94817,0,266038,0
633252,94819,0,266064,0
633304,94825,0,266083,1
633355,94830,0,266111,0
633407,94839,0,266124,1
633458,94842,0,266149,0
633510,94849,0,266164,0
633560,94856,0,266177,0
633612,94861,0,266197,1
633662,94872,0,266222,1
633712,94878,0,266243,0
633762,94886,0,266262,0
633817,94891,0,266288,1
633869,94902,0,266306,1
633919,94912,0,266316,1
633971,94923,0,266332,1
634024,94926,0,266350,1
634074,94935,0,266372,0
634125,94948,0,266387,4
634177,94959,0,266409,1
634227,94967,0,266426,0
634278,94971,0,266448,1
634329,94977,0,266474,0
634380,94984,0,266493,1
634431,94990,0,266517,1
634482,94994,0,266538,0
634532,95005,0,266567,0
634582,95010,0,266582,0
634634,95016,0,266605,0
634687,95024,0,266623,0
634738,95034,0,266647,3
634788,95037,0,266667,0
634843,95045,0,266683,1
634893,95058,0,266697,0
634944,95066,0,266715,1
634996,95073,0,266733,0
635049,95078,0,266751,1
635099,95087,0,266783,0
635159,95103,0,266794,1
635210,95117,0,266819,0
635260,95119,0,266840,0
635310,95126,0,266873,1
635362,95130,0,266902,0
635412,95139,0,266929,0
635462,95142,0,266952,0
635515,95149,0,266981,0
635566,95156,0,267004,0
635617,95161,0,267023,1
635667,95171,0,267037,0
635718,95178,0,267059,1
635768,95186,0,267078,0
635819,95190,0,267100,0
635870,95200,0,267110,1
635922,95212,0,267127,1
635973,95223,0,267157,0
636024,95225,0,267176,0
636075,95235,0,267189,0
636125,95243,0,267213,1
636175,95258,0,267232,1
636225,95267,0,267254,0
636277,95270,0,267281,0
636327,95277,0,267304,1
636378,95283,0,267325,0
636429,95289,0,267346,0
636485,95294,0,267368,0
636535,95304,0,267380,1
636585,95310,0,267406,1
636635,95316,0,267432,1
636685,95324,0,267453,0
636735,95330,0,267472,0
636785,95337,0,267499,0
636836,95342,0,267519,1
636887,95356,0,267533,1
636940,95364,0,267558,1
636990,95373,0,267578,0
637041,95377,0,267601,0
637093,95385,0,267621,0
637144,95401,0,267637,2
637194,95414,0,267659,0
637244,95418,0,267677,0
637294,95422,0,267705,1
637345,95428,0,267730,1
637395,95435,0,267743,0
637449,95442,0,267771,1
637499,95445,0,267796,1
637551,95456,0,267821,0
637601,95460,0,267841,0
637658,95468,0,267859,1
637708,95476,0,267880,0
637758,95484,0,267896,0
637808,95489,0,267966,1
637859,95497,0,267980,1
637912,95510,0,267994,1
637964,95520,0,268010,1
638014,95524,0,268037,0
638064,95531,0,268062,0
638115,95539,0,268082,1
638167,95555,0,268094,1
638218,95567,0,268116,0
638270,95569,0,268137,0
638320,95576,0,268158,0
638370,95579,0,268181,0
638420,95589,0,268204,1
638472,95593,0,268234,1
638522,95599,0,268247,1
638575,95606,0,268266,0
638626,95612,0,268287,1
638676,95622,0,268316,0
638726,95629,0,268335,2
638777,95636,0,268356,0
638827,95640,0,268380,0
638879,95651,0,268389,1
638932,95663,0,268405,0
638985,95673,0,268422,0
639035,95677,0,268443,0
639090,95685,0,268464,0
639148,95697,0,268478,1
639198,95713,0,268494,1
639250,95718,0,268514,0
639303,95723,0,268541,1
639353,95729,0,268568,0
639404,95735,0,268588,0
639455,95742,0,268615,0
639508,95745,0,268640,0
639560,95756,0,268660,0
639610,95760,0,268691,0
639662,95768,0,268708,1
639712,95777,0,268728,0
639763,95784,0,268752,0
639816,95789,0,268770,1
639866,95797,0,268792,0
639917,95811,0,268805,1
639967,95820,0,268829,2
640017,95824,0,268850,0
640069,95831,0,268872,1
640124,95839,0,268899,1
640175,95857,0,268921,1
640227,95867,0,268937,0
640278,95870,0,268962,1
640329,95877,0,268978,1
640382,95882,0,269002,1
640433,95890,0,269018,1
640483,95894,0,269037,1
640533,95902,0,269060,1
640585,95909,0,269085,1
640635,95914,0,269101,2
640685,95924,0,269127,1
640739,95930,0,269153,1
640789,95937,0,269170,1
640844,95942,0,269198,1
640895,95955,0,269208,1
640946,95965,0,269227,1
640996,95973,0,269253,0
641046,95977,0,269280,0
641098,95986,0,269300,1
641148,95997,0,269318,1
641198,96012,0,269326,1
641252,96018,0,269358,1
641305,96023,0,269377,1
641355,96029,0,269391,1
641406,96035,0,269413,0
641456,96042,0,269431,0
641506,96045,0,269453,0
641556,96056,0,269467,0
641606,96060,0,269489,0
641656,96067,0,269513,0
641706,96076,0,269525,0
641758,96084,0,269536,0
641810,96088,0,269555,0
641861,96096,0,269583,0
641913,96109,0,269595,0
641972,96119,0,269606,1
642022,96124,0,269642,0
642073,96131,0,269662,1
642123,96138,0,269677,0
642173,96154,0,269697,2
642225,96167,0,269707,1
642275,96169,0,269739,0
642325,96176,0,269763,1
642379,96181,0,269784,1
642430,96189,0,269805,0
642482,96193,0,269838,0
642532,96198,0,269857,1
642583,96207,0,269876,1
642633,96211,0,269898,0
642683,96220,0,269921,2
642733,96229,0,269945,0
642783,96236,0,270008,0
642833,96241,0,270036,1
642883,96250,0,270057,0
642933,96262,0,270069,1
642984,96273,0,270083,1
643035,96276,0,270108,1
643086,96283,0,270127,0
643137,96292,0,270145,0
643187,96306,0,270157,1
643238,96317,0,270179,0
643290,96320,0,270196,1
643340,96327,0,270221,0
643399,96333,0,270240,1
643449,96341,0,270259,0
643501,96344,0,270291,0
643551,96353,0,270304,1
643601,96360,0,270325,0
643652,96366,0,270346,1
643704,96376,0,270360,1
643754,96381,0,270376,1
643807,96388,0,270398,0
643857,96395,0,270421,2
643907,96407,0,270444,1
643957,96416,0,270467,0
644007,96423,0,270486,0
644072,96428,0,270512,1
644125,96438,0,270525,0
644175,96453,0,270533,2
644230,96467,0,270554,1
644281,96469,0,270632,0
644332,96476,0,270649,0
644382,96480,0,270667,0
644433,96489,0,270685,1
644483,96493,0,270715,0
644534,96498,0,270733,1
644585,96508,0,270751,1
644637,96511,0,270780,0
644687,96522,0,270797,3
644738,96529,0,270818,0
644788,96537,0,270833,1
644842,96541,0,270857,0
644892,96552,0,270876,2
644944,96563,0,270900,0
644994,96573,0,270919,0
645045,96577,0,270948,1
645097,96584,0,270979,1
645148,96594,0,270991,1
645198,96610,0,271005,2
645250,96617,0,271019,0
645301,96621,0,271048,0
645351,96627,0,271064,0
645403,96633,0,271088,1
645453,96641,0,271105,0
645503,96644,0,271130,0
645553,96651,0,271151,1
645603,96660,0,271161,0
645653,96664,0,271186,1
645705,96675,0,271205,1
645755,96680,0,271236,1
645805,96688,0,271258,0
645856,96694,0,271285,1
645906,96705,0,271300,3
645957,96715,0,271320,0
646007,96723,0,271339,0
646059,96727,0,271376,0
646109,96737,0,271396,1
646159,96747,0,271414,2
646209,96763,0,271422,1
646259,96768,0,271445,1
646314,96772,0,271476,1
646366,96779,0,271498,1
646416,96786,0,271526,0
646469,96792,0,271545,0
646520,96795,0,271572,0
646571,96806,0,271594,1
646621,96810,0,271613,0
646673,96818,0,271642,1
646723,96826,0,271658,0
646776,96834,0,271669,0
646826,96839,0,271689,1
646878,96848,0,271710,1
646931,96859,0,271722,1
646983,96870,0,271738,1
647036,96876,0,271755,1
647088,96882,0,271774,1
647139,96890,0,271796,1
647189,96905,0,271805,0
647239,96917,0,271818,0
647290,96919,0,271840,0
647341,96927,0,271871,1
647392,96931,0,271897,1
647446,96939,0,271916,1
647496,96944,0,271930,1
647548,96949,0,271949,0
647598,96959,0,271961,2
647648,96961,0,271989,0
647698,96971,0,272006,1
647752,96979,0,272026,0
647803,96988,0,272048,1
647853,96991,0,272074,0
647906,97002,0,272081,1
647960,97015,0,272098,0
648010,97023,0,272118,0
648062,97027,0,272138,0
648112,97035,0,272158,1
648162,97047,0,272177,1
648213,97063,0,272185,1
648263,97068,0,272207,0
648313,97071,0,272233,0
648365,97078,0,272255,0
648415,97085,0,272274,1
648465,97092,0,272294,0
648515,97094,0,272313,0
648565,97103,0,272332,0
648615,97110,0,272347,0
648666,97117,0,272371,0
648718,97126,0,272388,1
648773,97131,0,272408,1
648824,97138,0,272423,0
648875,97147,0,272438,0
648933,97158,0,272464,1
648984,97170,0,272473,1
649036,97175,0,272496,0
649087,97181,0,272521,1
649137,97189,0,272543,1
649187,97202,0,272560,0
649241,97217,0,272573,1
649291,97219,0,272603,0
649343,97227,0,272627,1
649394,97230,0,272658,0
649451,97239,0,272687,1
649501,97244,0,272762,1
649551,97249,0,272779,1
649601,97257,0,272799,0
649656,97262,0,272826,1
649708,97274,0,272843,1
649758,97279,0,272868,0
649808,97288,0,272890,0
649858,97291,0,272916,0
649908,97303,0,272932,2
649958,97315,0,272943,0
650012,97323,0,272972,0
650064,97327,0,273003,0
650115,97336,0,273026,1
650166,97347,0,273044,1
650220,97362,0,273063,1
650273,97369,0,273083,1
650325,97374,0,273103,1
650376,97380,0,273118,1
650426,97386,0,273146,0
650477,97392,0,273168,0
650527,97395,0,273191,0
650580,97405,0,273215,1
650630,97410,0,273238,0
650680,97418,0,273257,1
650730,97426,0,273278,1
650780,97433,0,273301,1
650830,97440,0,273337,1
650882,97448,0,273362,1
650933,97458,0,273372,1
650984,97469,0,273386,0
651037,97475,0,273457,0
651089,97481,0,273474,1
651149,97490,0,273492,1
651203,97504,0,273504,1
651253,97517,0,273513,0
651303,97521,0,273535,1
651357,97527,0,273565,0
651407,97532,0,273596,1
651458,97541,0,273616,2
651508,97544,0,273642,0
651561,97551,0,273670,0
651611,97560,0,273682,1
651664,97565,0,273717,2
651714,97574,0,273731,0
651766,97580,0,273754,1
651816,97588,0,273770,0
651866,97592,0,273799,0
651916,97604,0,273806,1
651967,97615,0,273818,0
652018,97623,0,273834,0
652068,97627,0,273845,0
652118,97636,0,273870,1
652169,97647,0,273883,2
652224,97660,0,273898,0
652274,97669,0,273922,1
652326,97673,0,273985,1
652376,97680,0,274010,1
652427,97686,0,274032,0
652477,97692,0,274057,0
652528,97695,0,274086,0
652578,97704,0,274107,0
652630,97710,0,274125,0
652684,97718,0,274143,1
652735,97726,0,274168,1
652785,97732,0,274194,1
652835,97740,0,274222,0
652885,97748,0,274243,1
652935,97758,0,274261,1
652985,97768,0,274277,1
653035,97775,0,274297,1
653086,97778,0,274329,1
653136,97788,0,274354,0
653186,97800,0,274369,1
653236,97814,0,274383,1
653289,97819,0,274408,0
653340,97825,0,274438,1
653390,97830,0,274454,0
653440,97836,0,274476,0
653491,97843,0,274495,0
653547,97846,0,274515,1
653599,97856,0,274530,0
653649,97861,0,274550,0
653699,97868,0,274581,0
653749,97879,0,274595,1
653800,97885,0,274617,1
653850,97891,0,274640,0
653902,97900,0,274664,1
653954,97910,0,274687,0
654005,97923,0,274713,0
654058,97927,0,274734,1
654110,97933,0,274757,0
654161,97943,0,274770,1
654214,97954,0,274784,1
654265,97967,0,274798,0
654316,97971,0,274828,0
654367,97977,0,274845,0
654424,97984,0,274869,1
654475,97992,0,274880,0
654526,97995,0,274913,1
654577,98000,0,274934,1
654628,98010,0,274960,0
654683,98017,0,274978,0
654737,98026,0,274994,1
654788,98031,0,275018,0
654840,98040,0,275038,0
654890,98046,0,275067,1
654941,98058,0,275087,0
654993,98070,0,275104,1
655043,98075,0,275135,0
655093,98079,0,275164,1
655145,98089,0,275186,1
655196,98102,0,275212,0
655246,98115,0,275228,2
655296,98120,0,275257,1
655346,98125,0,275280,1
655396,98130,0,275309,0
655447,98137,0,275329,1
655497,98143,0,275351,0
655549,98146,0,275375,1
655600,98156,0,275391,0
655650,98161,0,275417,0
655700,98168,0,275436,0
655751,98179,0,275456,1
655801,98185,0,275482,2
655852,98191,0,275505,0
655906,98200,0,275520,1
655956,98211,0,275545,1
656006,98223,0,275564,0
656056,98226,0,275596,0
656108,98233,0,275622,1
656164,98242,0,275641,1
656215,98253,0,275662,0
656265,98267,0,275677,0
656320,98271,0,275699,0
656371,98277,0,275721,0
656421,98283,0,275745,0
656471,98292,0,275759,0
656521,98294,0,275789,0
656578,98299,0,275816,1
656630,98310,0,275824,0
656680,98317,0,275846,3
656732,98322,0,275866,1
656783,98331,0,275878,1
656833,98338,0,275896,0
656884,98343,0,275923,0
656936,98358,0,275944,1
656986,98365,0,275968,0
657042,98375,0,275984,0
657092,98378,0,276014,1
657143,98388,0,276030,0
657193,98400,0,276054,1
657245,98412,0,276068,1
657296,98420,0,276089,1
657348,98425,0,276108,0
657402,98430,0,276132,0
657456,98438,0,276154,1
657506,98444,0,276164,0
657561,98447,0,276188,0
657612,98459,0,276207,1
657662,98461,0,276233,0
657718,98469,0,276258,0
657778,98480,0,276275,1
657832,98488,0,276292,0
657883,98493,0,276304,0
657933,98507,0,276319,0
657983,98515,0,276342,0
658034,98524,0,276353,1
658085,98527,0,276389,0
658135,98537,0,276413,0
658188,98547,0,276441,1
658239,98560,0,276454,1
658292,98569,0,276474,0
658342,98574,0,276494,2
658392,98580,0,276518,1
658443,98586,0,276542,1
658494,98593,0,276567,0
658546,98595,0,276587,0
658596,98605,0,276603,1
658646,98610,0,276629,0
658696,98618,0,276647,0
658746,98625,0,276667,1
658796,98632,0,276698,1
658847,98640,0,276717,0
658897,98646,0,276737,1
658947,98658,0,276761,0
658997,98669,0,276792,1
659047,98675,0,276806,0
659097,98679,0,276829,1
659149,98689,0,276842,1
659199,98700,0,276851,0
659250,98715,0,276864,3
659302,98720,0,276890,0
659355,98726,0,276912,1
659405,98731,0,276937,1
659456,98737,0,276962,1
659506,98743,0,276985,0
659556,98746,0,277010,0
659607,98756,0,277023,1
659657,98761,0,277047,0
659707,98769,0,277059,1
659758,98779,0,277073,1
659808,98785,0,277104,0
659859,98791,0,277126,0
659909,98798,0,277146,0
659961,98811,0,277154,0
660011,98823,0,277170,1
660062,98826,0,277198,0
660114,98832,0,277215,1
660165,98841,0,277237,1
660215,98853,0,277255,0
660265,98867,0,277268,0
660316,98871,0,277286,0
660366,98877,0,277320,1
660418,98882,0,277397,0
660468,98890,0,277413,1
660524,98894,0,277431,0
660574,98898,0,277454,0
660625,98909,0,277471,0
660675,98914,0,277503,1
660728,98921,0,277529,1
660782,98930,0,277552,1
660836,98939,0,277568,1
660886,98944,0,277593,2
660938,98958,0,277608,1
660988,98965,0,277633,0
661038,98974,0,277649,1
661093,98977,0,277671,0
661143,98987,0,277696,0
661194,98996,0,277720,0
661244,99009,0,277739,2
661299,99020,0,277757,1
661349,99023,0,277777,1
661399,99030,0,277798,0
661455,99036,0,277821,1
661509,99044,0,277839,1
661560,99046,0,277868,0
661618,99055,0,277883,1
661671,99063,0,277907,1
661721,99069,0,277924,0
661772,99079,0,277956,0
661822,99086,0,277977,1
661872,99091,0,278001,0
661922,99102,0,278025,2
661973,99112,0,278046,0
662028,99123,0,278057,0
662079,99127,0,278083,0
662129,99136,0,278096,2
662179,99143,0,278112,1
662230,99156,0,278125,1
662280,99167,0,278139,0
662332,99171,0,278159,0
662385,99178,0,278172,0
662435,99183,0,278189,0
662489,99192,0,278215,0
662540,99195,0,278243,0
662592,99199,0,278265,1
662645,99210,0,278282,0
662698,99218,0,278306,1
662751,99224,0,278334,1
662802,99232,0,278362,0
662852,99240,0,278387,0
662902,99246,0,278403,1
662953,99259,0,278433,1
663004,99267,0,278442,1
663055,99275,0,278466,0
663108,99279,0,278493,1
663158,99289,0,278513,0
663208,99301,0,278541,0
663258,99312,0,278608,2
663309,99320,0,278641,0
663361,99326,0,278677,1
663411,99331,0,278706,0
663462,99338,0,278727,1
663513,99344,0,278755,1
663563,99346,0,278781,0
663613,99354,0,278794,0
663663,99361,0,278820,0
663713,99368,0,278840,0
663763,99377,0,278861,1
663813,99385,0,278876,1
663868,99391,0,278902,0
663918,99400,0,278916,1
663972,99410,0,278934,1
664027,99423,0,278945,0
664077,99427,0,278975,0
664127,99433,0,278995,1
664178,99442,0,279009,0
664230,99454,0,279021,1
664280,99467,0,279038,0
664330,99471,0,279064,0
664380,99478,0,279086,1
664435,99482,0,279106,0
664485,99492,0,279130,0
664535,99495,0,279171,1
664591,99498,0,279200,0
664641,99510,0,279211,0
664691,99517,0,279228,2
664743,99523,0,279254,1
664801,99531,0,279274,0
664852,99540,0,279286,0
664902,99543,0,279323,2
664952,99558,0,279340,0
665004,99566,0,279369,1
665055,99575,0,279385,0
665107,99578,0,279410,0
665157,99588,0,279423,1
665207,99599,0,279494,3
665260,99610,0,279562,1
665312,99620,0,279588,0
665367,99625,0,279605,1
665420,99632,0,279621,1
665471,99637,0,279638,1
665521,99644,0,279655,1
665571,99646,0,279683,0
665623,99654,0,279715,0
665674,99662,0,279736,0
665724,99670,0,279753,1
665774,99679,0,279769,1
665828,99686,0,279791,0
665879,99691,0,279820,0
665933,99703,0,279837,1
665986,99713,0,279844,1
666036,99723,0,279868,0
666086,99727,0,279903,0
666139,99734,0,279919,1
666193,99744,0,279941,1
666243,99757,0,279959,1
666294,99768,0,279978,0
666345,99771,0,280006,0
666395,99779,0,280027,0
666446,99785,0,280046,3
666496,99792,0,280065,0
666546,99795,0,280094,0
666600,99798,0,280119,0
666653,99810,0,280129,0
666706,99818,0,280158,0
666756,99825,0,280179,1
666807,99832,0,280205,1
666857,99840,0,280223,0
666909,99843,0,280249,1
666959,99858,0,280262,0
667009,99866,0,280274,1
667062,99876,0,280298,1
667112,99878,0,280319,0
667162,99889,0,280342,0
667212,99899,0,280362,1
667262,99910,0,280379,1
667322,99921,0,280397,1
667372,99925,0,280425,1
667423,99932,0,280453,1
667477,99937,0,280474,1
667527,99944,0,280494,0
667580,99948,0,280520,1
667630,99955,0,280548,1
667681,99963,0,280575,1
667732,99970,0,280597,0
667783,99979,0,280614,0
667834,99988,0,280629,1
667885,99991,0,280660,0
667936,100001,0,280672,1
667990,100013,0,280734,1
668040,100023,0,280751,0
668090,100027,0,280779,0
668140,100034,0,280803,1
668190,100043,0,280816,0
668241,100055,0,280826,1
668293,100067,0,280836,1
668344,100071,0,280855,0
668394,100079,0,280881,0
668444,100083,0,280906,1
668494,100092,0,280927,0
668544,100095,0,280960,0
668595,100098,0,280986,0
668649,100110,0,281004,1
668700,100117,0,281024,0
668750,100123,0,281051,0
668808,100131,0,281074,0
668862,100140,0,281094,0
668912,100143,0,281116,0
668963,100158,0,281128,0
669016,100166,0,281148,1
669070,100176,0,281180,1
669120,100179,0,281203,1
669170,100189,0,281211,0
669221,100198,0,281234,0
669271,100212,0,281245,1
669322,100220,0,281277,0
669373,100225,0,281301,1
669423,100232,0,281326,1
669477,100236,0,281356,1
669528,100244,0,281376,0
669583,100247,0,281399,1
669635,100254,0,281429,1
669687,100263,0,281454,0
669740,100271,0,281477,0
669792,100280,0,281492,1
669842,100288,0,281511,1
669893,100291,0,281540,0
669946,100304,0,281554,1
669998,100314,0,281570,0
670050,100324,0,281583,1
670101,100328,0,281600,1
670151,100335,0,281630,1
670203,100345,0,281656,1
670253,100357,0,281670,0
670303,100369,0,281693,1
670353,100372,0,281720,0
670403,100379,0,281735,0
670453,100384,0,281760,0
670505,100392,0,281776,0
670561,100396,0,281801,1
670612,100400,0,281827,1
670667,100411,0,281842,1
670718,100418,0,281871,0
670770,100426,0,281888,0
670822,100434,0,281911,1
670872,100441,0,281929,0
670923,100444,0,281948,1
670973,100459,0,281964,0
671025,100468,0,281989,1
671075,100477,0,281996,1
671125,100480,0,282011,1
671176,100489,0,282032,0
671228,100500,0,282045,1
671279,100513,0,282058,0
671330,100521,0,282078,1
671381,100527,0,282107,0
671437,100532,0,282129,0
671489,100539,0,282149,0
671540,100544,0,282176,0
671591,100548,0,282188,0
671641,100555,0,282291,1
671691,100564,0,282367,0
671741,100571,0,282389,0
671792,100578,0,282413,1
671843,100588,0,282425,1
671895,100591,0,282450,0
671945,100603,0,282462,3
671995,100614,0,282474,1
672045,100620,0,282491,0
672096,100627,0,282517,0
672153,100635,0,282541,1
672203,100644,0,282558,1
672254,100657,0,282576,1
672306,100669,0,282594,1
672356,100672,0,282609,0
672408,100679,0,282636,0
672458,100685,0,282657,1
672508,100692,0,282679,0
672558,100695,0,282706,0
672609,100699,0,282734,1
672660,100710,0,282744,0
672711,100717,0,282767,0
672761,100725,0,282788,1
672814,100731,0,282808,0
672865,100740,0,282831,0
672916,100742,0,282857,1
672967,100758,0,282867,1
673017,100765,0,282889,0
673067,100775,0,282901,1
673118,100778,0,282919,0
673169,100788,0,282949,1
673219,100797,0,282971,0
673269,100810,0,282981,1
673320,100820,0,282999,0
673371,100824,0,283023,0
673422,100831,0,283046,0
673472,100835,0,283073,0
673522,100843,0,283105,0
673572,100846,0,283126,0
673622,100850,0,283160,0
673672,100861,0,283192,0
673722,100868,0,283214,1
673777,100876,0,283290,0
673830,100884,0,283310,1
673880,100891,0,283329,0
673934,100896,0,283355,0
673984,100909,0,283368,0
674037,100919,0,283392,0
674089,100927,0,283420,0
674140,100933,0,283444,1
674190,100941,0,283464,0
674241,100953,0,283482,2
674294,100964,0,283501,1
674350,100971,0,283508,0
674404,100979,0,283524,0
674454,100984,0,283548,2
674507,100991,0,283576,1
674557,100995,0,283602,0
674607,100998,0,283622,0
674658,101007,0,283635,1
674708,101017,0,283653,2
674761,101023,0,283679,1
674813,101031,0,283697,0
674863,101040,0,283714,1
674913,101041,0,283732,0
674963,101057,0,283751,1
675013,101065,0,283782,0
675063,101074,0,283805,1
675116,101078,0,283826,1
675166,101087,0,283836,0
675217,101097,0,283858,1
675270,101109,0,283887,1
675320,101120,0,283906,0
675371,101123,0,283933,1
675425,101131,0,283947,0
675475,101135,0,283974,0
675527,101143,0,284004,0
675579,101146,0,284024,0
675636,101151,0,284050,1
675689,101163,0,284058,1
675739,101171,0,284082,1
675789,101177,0,284104,0
675839,101184,0,284115,1
675892,101191,0,284141,0
675942,101197,0,284166,0
675992,101210,0,284179,1
676043,101219,0,284195,0
676095,101227,0,284207,0
676150,101234,0,284229,1
676201,101242,0,284255,1
676253,101254,0,284267,1
676303,101265,0,284287,0
676355,101271,0,284322,0
676406,101279,0,284345,0
676457,101283,0,284361,1
676508,101290,0,284377,1
676558,101295,0,284398,0
676608,101298,0,284418,0
676659,101305,0,284430,1
676709,101317,0,284475,0
676759,101322,0,284507,1
676811,101331,0,284529,1
676861,101339,0,284560,1
676914,101341,0,284585,0
676964,101355,0,284595,1
677016,101365,0,284613,0
677067,101374,0,284635,0
677117,101377,0,284664,0
677167,101387,0,284686,0
677217,101396,0,284705,0
677268,101408,0,284732,0
677319,101419,0,284748,1
677370,101422,0,284774,0
677420,101430,0,284799,0
677472,101435,0,284818,0
677522,101441,0,284837,1
677573,101446,0,284859,1
677623,101450,0,284880,2
677674,101459,0,284898,1
677725,101468,0,284913,1
677777,101474,0,284934,1
677828,101483,0,284950,0
677882,101491,0,284963,0
677932,101494,0,284989,1
677982,101509,0,284995,1
678035,101517,0,285019,1
678085,101524,0,285046,0
678136,101530,0,285070,1
678187,101540,0,285077,1
678241,101550,0,285095,1
678291,101563,0,285108,1
678343,101571,0,285173,1
678393,101577,0,285198,2
678443,101582,0,285224,0
678493,101588,0,285255,1
678544,101594,0,285281,0
678594,101597,0,285308,1
678644,101602,0,285336,1
678697,101613,0,285345,0
678747,101621,0,285370,2
678797,101629,0,285387,1
678852,101635,0,285421,1
678907,101641,0,285440,0
678958,101649,0,285469,0
679013,101660,0,285485,1
679065,101672,0,285500,1
679115,101677,0,285518,0
679165,101686,0,285550,1
679216,101695,0,285570,1
679266,101707,0,285597,1
679318,101718,0,285610,1
679369,101722,0,285625,1
679420,101730,0,285644,1
679470,101735,0,285664,2
679520,101740,0,285687,0
679571,101745,0,285719,0
679622,101748,0,285748,0
679672,101757,0,285767,1
679722,101767,0,285783,0
679774,101773,0,285809,0
679824,101782,0,285830,1
679875,101790,0,285861,1
679938,101792,0,285895,1
679990,101805,0,285906,1
680042,101818,0,285919,1
680094,101825,0,285935,1
680150,101831,0,285960,1
680202,101842,0,285977,1
680253,101853,0,285994,1
680310,101864,0,286016,1
680360,101871,0,286050,0
680410,101879,0,286071,0
680462,101883,0,286099,0
680513,101890,0,286121,0
680563,101895,0,286140,0
680618,101898,0,286157,0
680669,101905,0,286186,1
680719,101917,0,286214,0
680771,101923,0,286229,1
680821,101931,0,286255,0
680871,101939,0,286284,0
680921,101941,0,286360,0
680971,101952,0,286370,1
681022,101963,0,286387,1
681073,101974,0,286416,1
681123,101978,0,286434,1
681174,101987,0,286457,1
681225,101996,0,286478,1
681275,102007,0,286496,0
681325,102018,0,286515,1
681375,102022,0,286531,1
681425,102031,0,286544,2
681475,102033,0,286566,0
681525,102040,0,286598,0
681577,102046,0,286623,1
681629,102050,0,286656,1
681682,102057,0,286683,1
681733,102068,0,286705,0
681784,102074,0,286734,0
681834,102083,0,286757,0
681886,102091,0,286777,0
681936,102091,0,286809,0
681986,102102,0,286827,0
682036,102116,0,286842,0
682086,102124,0,286862,0
682140,102130,0,286881,1
682190,102140,0,286893,2
682240,102148,0,286917,1
682291,102162,0,286939,1
682343,102170,0,286957,0
682393,102175,0,286979,0
682446,102182,0,287006,0
682496,102187,0,287029,0
682546,102193,0,287054,0
682597,102197,0,287084,1
682647,102201,0,287108,0
682697,102211,0,287135,0
682751,102220,0,287158,1
682806,102228,0,287179,1
682857,102235,0,287195,1
682909,102241,0,287230,0
682961,102248,0,287257,1
683011,102259,0,287271,0
683062,102270,0,287294,1
683112,102277,0,287316,0
683168,102284,0,287331,1
683218,102294,0,287339,1
683270,102307,0,287356,0
683321,102314,0,287375,1
683371,102321,0,287397,0
683421,102329,0,287426,0
683471,102333,0,287453,0
683522,102340,0,287475,0
683575,102345,0,287492,0
683627,102349,0,287524,1
683678,102355,0,287546,0
683731,102368,0,287551,1
683782,102374,0,287562,1
683832,102382,0,287587,0
683885,102391,0,287608,1
683936,102391,0,287634,0
683986,102402,0,287661,0
684039,102416,0,287680,0
684090,102424,0,287691,0
684142,102429,0,287721,0
684192,102438,0,287749,1
684247,102448,0,287760,1
684297,102463,0,287774,0
684354,102471,0,287790,1
684404,102478,0,287813,1
684454,102482,0,287837,0
684510,102488,0,287847,1
684560,102494,0,287877,0
684610,102498,0,287919,0
684660,102504,0,287953,0
684712,102513,0,287971,1
684762,102521,0,287996,0
684813,102529,0,288014,0
684865,102537,0,288037,1
684917,102541,0,288060,0
684967,102547,0,288079,1
685018,102561,0,288094,1
685068,102569,0,288118,0
685119,102577,0,288135,0
685169,102585,0,288159,1
685220,102592,0,288190,0
685270,102607,0,288211,2
685322,102613,0,288227,0
685375,102621,0,288245,0
685425,102630,0,288264,1
685478,102633,0,288285,0
685528,102640,0,288306,0
685578,102645,0,288338,0
685629,102649,0,288352,1
685679,102655,0,288381,0
685731,102667,0,288393,1
685788,102673,0,288421,1
685840,102683,0,288433,1
685890,102691,0,288457,0
685944,102692,0,288482,1
685995,102704,0,288507,1
686048,102717,0,288523,1
686099,102724,0,288544,0
686150,102730,0,288566,1
686201,102739,0,288584,1
686254,102748,0,288597,1
686308,102763,0,288614,0
686364,102771,0,288632,0
686414,102778,0,288657,0
686465,102782,0,288689,0
686516,102790,0,288710,1
686566,102794,0,288732,1
686616,102798,0,288754,0
686669,102804,0,288781,0
686719,102813,0,288807,0
686771,102822,0,288823,0
686821,102831,0,288841,2
686872,102839,0,288863,1
686922,102841,0,288890,0
686973,102848,0,288915,1
687024,102861,0,288943,0
687075,102869,0,288974,0
687128,102878,0,288993,1
687178,102885,0,289008,0
687230,102895,0,289023,1
687280,102907,0,289032,2
687330,102914,0,289057,1
687381,102922,0,289077,1
687433,102931,0,289089,1
687484,102933,0,289111,0
687539,102941,0,289125,1
687590,102946,0,289144,0
687640,102950,0,289174,0
687690,102956,0,289196,1
687742,102969,0,289214,0
687793,102973,0,289244,0
687844,102983,0,289265,0
687896,102991,0,289282,0
687947,102992,0,289305,1
688001,103004,0,289320,1
688052,103017,0,289336,1
688102,103024,0,289353,1
688152,103030,0,289376,1
688204,103039,0,289395,1
688255,103048,0,289416,1
688306,103063,0,289429,0
688356,103070,0,289460,0
688410,103078,0,289482,1
688460,103082,0,289504,0
688511,103087,0,289528,1
688561,103093,0,289556,0
688611,103098,0,289570,1
688663,103104,0,289593,0
688713,103112,0,289620,1
688764,103121,0,289651,1
688818,103127,0,289679,0
688869,103136,0,289693,1
688919,103141,0,289708,0
688969,103147,0,289730,2
689021,103157,0,289743,1
689071,103169,0,289764,0
689124,103177,0,289785,0
689174,103184,0,289809,1
689225,103194,0,289825,1
689275,103202,0,289840,2
689327,103213,0,289854,0
689379,103221,0,289874,0
689430,103230,0,289894,1
689485,103233,0,289929,0
689535,103240,0,289951,0
689586,103245,0,289975,0
689636,103250,0,289990,2
689686,103255,0,290016,0
689736,103267,0,290044,1
689787,103272,0,290070,0
689837,103282,0,290093,1
689888,103289,0,290117,0
689938,103291,0,290190,0
689989,103302,0,290214,0
690039,103316,0,290224,2
690091,103320,0,290248,0
690142,103329,0,290264,0
690193,103336,0,290282,0
690245,103347,0,290297,1
690295,103360,0,290315,3
690345,103369,0,290341,1
690396,103375,0,290368,1
690446,103382,0,290390,1
690497,103383,0,290413,0
690547,103393,0,290435,1
690598,103396,0,290459,0
690650,103400,0,290487,0
690700,103408,0,290502,1
690752,103419,0,290512,0
690802,103424,0,290531,0
690852,103433,0,290549,0
690902,103441,0,290568,1
690955,103441,0,290598,0
691005,103456,0,290608,2
691055,103468,0,290629,1
691105,103473,0,290654,1
691156,103480,0,290678,1
691206,103487,0,290697,1
691259,103498,0,290726,1
691311,103513,0,290732,0
691361,103520,0,290748,1
691411,103527,0,290774,1
691462,103532,0,290804,0
691512,103535,0,290825,1
691564,103543,0,290840,0
691615,103548,0,290867,1
691666,103554,0,290889,1
691716,103562,0,290909,1
691768,103570,0,290932,1
691819,103577,0,290957,0
691872,103585,0,290975,1
691925,103591,0,290990,0
691976,103594,0,291013,1
692026,103607,0,291026,0
692076,103619,0,291034,0
692127,103627,0,291052,0
692181,103634,0,291077,1
692232,103644,0,291098,0
692284,103651,0,291116,1
692335,103664,0,291143,1
692385,103672,0,291157,0
692435,103680,0,291175,0
692485,103683,0,291207,1
692535,103689,0,291226,1
692592,103695,0,291259,0
692642,103700,0,291274,1
692692,103705,0,291289,0
692745,103717,0,291303,2
692798,103723,0,291320,1
692848,103732,0,291335,0
692902,103741,0,291361,1
692953,103741,0,291394,0
693004,103751,0,291407,1
693054,103767,0,291425,1
693106,103772,0,291450,1
693157,103779,0,291470,0
693210,103786,0,291490,0
693260,103798,0,291507,1
693312,103812,0,291514,1
693363,103819,0,291536,1
693414,103826,0,291559,1
693468,103832,0,291575,0
693522,103836,0,291597,1
693572,103843,0,291610,0
693622,103848,0,291624,1
693674,103854,0,291645,1
693724,103863,0,291667,1
693784,103871,0,291689,1
693835,103880,0,291704,1
693885,103887,0,291727,1
693937,103891,0,291755,0
693987,103897,0,291777,1
694038,103909,0,291792,1
694088,103919,0,291810,0
694138,103928,0,291826,0
694188,103935,0,291848,0
694239,103945,0,291872,0
694294,103953,0,291898,1
694346,103966,0,291912,0
694396,103974,0,291935,0
694447,103981,0,291950,1
694498,103983,0,291974,0
694555,103990,0,292000,1
694607,103996,0,292032,0
694658,104000,0,292062,0
694708,104008,0,292085,0
694759,104019,0,292105,0
694809,104025,0,292134,1
694860,104034,0,292153,0
694910,104041,0,292167,0
694961,104041,0,292197,0
695011,104051,0,292212,2
695065,104068,0,292217,1
695116,104072,0,292231,0
695167,104081,0,292251,1
695220,104087,0,292275,1
695270,104099,0,292290,1
695323,104111,0,292299,1
695373,104120,0,292304,1
695425,104126,0,292333,0
695476,104132,0,292348,0
695526,104137,0,292366,1
695576,104143,0,292394,0
695626,104147,0,292420,0
695676,104154,0,292434,1
695726,104162,0,292450,0
695776,104170,0,292476,0
695827,104178,0,292495,0
695877,104184,0,292508,0
695929,104191,0,292532,0
695979,104193,0,292550,1
696032,104207,0,292570,1
696082,104219,0,292589,0
696133,104226,0,292614,1
696183,104233,0,292641,0
696233,104238,0,292661,1
696283,104249,0,292672,0
696336,104263,0,292681,1
696388,104272,0,292696,0
696438,104279,0,292724,1
696488,104283,0,292752,0
696538,104288,0,292780,0
696590,104295,0,292802,0
696640,104298,0,292828,0
696693,104305,0,292847,0
696743,104314,0,292873,0
696794,104321,0,292903,0
696848,104330,0,292923,1
696904,104340,0,292946,0
696954,104341,0,292985,0
697006,104349,0,293005,0
697060,104361,0,293021,1
697111,104372,0,293033,1
697161,104380,0,293054,1
697211,104386,0,293083,0
697261,104396,0,293109,1
697315,104406,0,293124,1
697366,104419,0,293143,1
697420,104426,0,293162,1
697474,104432,0,293185,0
697527,104435,0,293203,1
697577,104443,0,293235,0
697627,104447,0,293263,0
697677,104454,0,293281,1
697729,104462,0,293298,1
697779,104470,0,293324,0
697829,104478,0,293346,0
697881,104485,0,293376,1
697932,104491,0,293389,0
697983,104493,0,293416,1
698033,104507,0,293428,2
698089,104519,0,293452,1
698140,104527,0,293470,1
698193,104534,0,293487,1
698243,104540,0,293507,1
698293,104550,0,293529,0
698345,104562,0,293540,1
698400,104573,0,293553,1
698453,104581,0,293578,1
698504,104583,0,293615,0
698556,104590,0,293645,1
698608,104596,0,293662,0
698658,104599,0,293685,1
698713,104608,0,293700,1
698763,104619,0,293720,1
698818,104625,0,293748,0
698869,104634,0,293773,0
698922,104641,0,293792,0
698973,104641,0,293822,0
699028,104654,0,293840,1
699080,104667,0,293854,1
699131,104673,0,293877,1
699183,104682,0,293893,1
699233,104687,0,293920,0
699286,104699,0,293929,0
699337,104710,0,293949,0
699387,104722,0,293968,1
699437,104727,0,293998,0
699491,104733,0,294018,0
699542,104738,0,294032,1
699594,104745,0,294051,0
699644,104748,0,294078,0
699695,104755,0,294092,0
699745,104764,0,294117,0
699797,104771,0,294136,1
699853,104780,0,294164,1
699905,104789,0,294194,0
699956,104791,0,294215,0
700008,104799,0,294284,0
700060,104810,0,294299,0
700111,104822,0,294319,1
700161,104830,0,294339,1
700214,104836,0,294409,0
700265,104846,0,294422,1
700315,104855,0,294442,0
700368,104867,0,294460,1
700420,104875,0,294486,0
700475,104882,0,294510,0
700526,104884,0,294530,1
700581,104893,0,294546,0
700635,104897,0,294564,0
700687,104903,0,294580,0
700750,104914,0,294610,1
700801,104921,0,294628,1
700855,104930,0,294655,1
700908,104940,0,294664,1
700959,104941,0,294690,0
701010,104949,0,294711,0
701060,104960,0,294721,0
701114,104972,0,294742,1
701166,104980,0,294760,0
701218,104986,0,294775,0
701270,104997,0,294797,1
701320,105005,0,294813,0
701370,105017,0,294827,0
701420,105025,0,294854,0
701470,105032,0,294875,0
701520,105033,0,294893,0
701570,105041,0,294908,1
701620,105047,0,294936,1
701670,105049,0,294967,1
701720,105058,0,294991,0
701770,105069,0,294996,2
701823,105076,0,295022,1
701876,105084,0,295029,1
701926,105091,0,295048,0
701976,105091,0,295080,0
702027,105101,0,295096,1
702078,105115,0,295108,2
702131,105122,0,295132,0
702182,105131,0,295149,0
702233,105137,0,295169,0
702289,105150,0,295185,1
702341,105160,0,295205,1
702392,105172,0,295220,0
702446,105178,0,295235,1
702496,105183,0,295258,0
702546,105188,0,295272,1
702603,105196,0,295291,1
702653,105198,0,295315,0
702710,105206,0,295335,1
702760,105215,0,295346,1
702811,105224,0,295367,3
702862,105230,0,295393,1
702912,105240,0,295411,0
702962,105241,0,295444,0
703012,105249,0,295464,0
703062,105260,0,295496,0
703115,105271,0,295508,1
703165,105280,0,295527,1
703219,105286,0,295553,1
703269,105296,0,295570,1
703323,105305,0,295583,1
703373,105317,0,295608,0
703423,105326,0,295626,0
703474,105332,0,295650,0
703525,105333,0,295667,0
703575,105341,0,295687,0
703626,105347,0,295707,0
703676,105349,0,295732,1
703729,105359,0,295755,0
703779,105369,0,295772,0
703829,105377,0,295796,1
703879,105384,0,295816,1
703929,105391,0,295840,0
703980,105391,0,295878,0
704031,105402,0,295904,1
704081,105416,0,295912,4
704134,105422,0,295940,0
704185,105432,0,295954,1
704235,105437,0,295971,0
704285,105449,0,295986,0
704335,105458,0,296014,1
704387,105470,0,296028,1
704439,105476,0,296052,0
704491,105482,0,296069,0
704542,105485,0,296095,1
704592,105494,0,296114,1
704642,105497,0,296133,0
704692,105503,0,296153,1
704745,105511,0,296211,1
704795,105520,0,296227,0
704846,105529,0,296250,1
704896,105536,0,296268,0
704947,105541,0,296291,0
704997,105543,0,296318,1
705047,105556,0,296325,1
705100,105568,0,296348,0
705150,105575,0,296368,1
705201,105583,0,296396,0
705252,105589,0,296421,1
705302,105600,0,296450,0
705352,105611,0,296464,0
705403,105623,0,296478,0
705454,105629,0,296500,1
705506,105633,0,296531,0
705557,105639,0,296551,1
705607,105646,0,296571,0
705658,105648,0,296589,0
705709,105655,0,296610,1
705759,105663,0,296631,0
705810,105671,0,296647,1
705861,105679,0,296669,0
705915,105690,0,296688,1
705968,105691,0,296722,0
706021,105699,0,296734,0
706075,105711,0,296744,1
706128,105722,0,296766,0
706180,105730,0,296785,0
706231,105737,0,296803,0
706282,105749,0,296817,1
706333,105756,0,296837,1
706383,105769,0,296857,1
706433,105776,0,296885,0
706485,105782,0,296908,0
706537,105784,0,296937,0
706589,105793,0,296950,1
706644,105797,0,296970,0
706695,105802,0,296994,1
706745,105810,0,297012,0
706795,105820,0,297036,0
706846,105829,0,297052,2
706896,105836,0,297075,0
706946,105841,0,297099,0
706996,105842,0,297127,0
707050,105854,0,297147,1
707101,105868,0,297161,3
707152,105874,0,297181,1
707204,105883,0,297198,0
707254,105889,0,297227,1
707304,105900,0,297244,0
707354,105911,0,297264,0
707404,105923,0,297275,1
707456,105929,0,297299,1
707508,105933,0,297339,0
707559,105938,0,297365,1
707610,105946,0,297381,0
707660,105948,0,297414,0
707711,105955,0,297428,0
707762,105963,0,297447,0
707814,105972,0,297469,1
707865,105979,0,297496,0
707915,105990,0,297515,1
707967,105991,0,297546,0
708020,105998,0,297573,2
708070,106010,0,297598,0
708120,106021,0,297619,1
708170,106030,0,297645,1
708226,106036,0,297666,1
708278,106045,0,297692,1
708328,106053,0,297709,1
708380,106068,0,297726,1
708432,106076,0,297742,0
708483,106082,0,297766,1
708533,106084,0,297794,1
708583,106092,0,297807,2
708636,106097,0,297826,1
708690,106100,0,297846,1
708744,106110,0,297868,0
708795,106120,0,297889,1
708847,106129,0,297911,1
708899,106134,0,297927,1
708954,106141,0,297961,0
709006,106143,0,297992,1
709057,106155,0,298004,1
709109,106168,0,298010,2
709160,106177,0,298032,2
709215,106185,0,298057,1
709267,106191,0,298072,1
709321,106201,0,298095,1
709371,106215,0,298109,1
709421,106224,0,298127,0
709471,106231,0,298157,1
709523,106233,0,298178,0
709575,106240,0,298199,1
709627,106246,0,298224,0
709677,106248,0,298247,0
709727,106258,0,298271,0
709781,106266,0,298280,1
709831,106274,0,298300,0
709881,106280,0,298325,0
709931,106291,0,298340,0
709981,106291,0,298367,0
710031,106297,0,298386,2
710081,106311,0,298401,1
710133,106322,0,298409,0
710185,106331,0,298431,1
710240,106337,0,298446,1
710291,106349,0,298465,2
710345,106357,0,298482,1
710395,106370,0,298499,0
710448,106377,0,298534,1
710498,106382,0,298551,0
710548,106385,0,298573,1
710598,106394,0,298587,1
710648,106397,0,298607,0
710698,106400,0,298635,0
710749,106410,0,298652,0
710807,106420,0,298665,0
710859,106429,0,298684,1
710912,106435,0,298701,1
710963,106441,0,298733,0
711013,106443,0,298759,0
711063,106457,0,298770,3
711113,106468,0,298793,1
711167,106475,0,298803,1
711217,106485,0,298816,1
711271,106490,0,298839,1
711323,106501,0,298855,1
711373,106515,0,298872,1
711424,106524,0,298899,0
711481,106530,0,298922,1
711531,106533,0,298942,0
711581,106540,0,298966,0
711631,106546,0,298991,0
711683,106549,0,299012,1
711733,106559,0,299037,1
711784,106566,0,299053,1
711835,106574,0,299075,0
711886,106580,0,299099,0
711938,106591,0,299116,0
711989,106591,0,299150,0
712040,106596,0,299166,1
712090,106611,0,299194,0
712140,106622,0,299212,0
712192,106632,0,299232,1
712242,106637,0,299254,1
712293,106647,0,299267,1
712355,106657,0,299289,1
712406,106671,0,299305,0
712457,106678,0,299332,1
712507,106683,0,299352,0
712559,106685,0,299378,0
712610,106694,0,299398,0
712662,106698,0,299413,0
712717,106704,0,299432,1
712773,106713,0,299456,1
712826,106723,0,299473,1
712877,106730,0,299486,0
712927,106741,0,299500,1
712978,106741,0,299536,0
713035,106745,0,299563,1
713085,106761,0,299581,0
713137,106772,0,299605,0
713189,106780,0,299619,1
713240,106786,0,299652,1
713294,106796,0,299668,1
713345,106806,0,299692,1
713395,106819,0,299700,0
713445,106826,0,299721,0
713495,106831,0,299746,0
713549,106835,0,299775,1
713600,106844,0,299789,1
713650,106847,0,299814,0
713700,106850,0,299834,0
713751,106860,0,299852,0
713801,106868,0,299863,1
713851,106877,0,299881,1
713901,106883,0,299899,1
713951,106891,0,299914,0
714003,106892,0,299947,0
714053,106899,0,299970,1
714103,106913,0,299983,1
714153,106923,0,300000,1
714206,106933,0,300031,0
714257,106937,0,300055,0
714308,106950,0,300073,1
714358,106957,0,300092,1
714409,106971,0,300156,1
714461,106977,0,300188,1
714513,106983,0,300210,0
714563,106985,0,300247,0
714615,106995,0,300258,1
714666,106998,0,300278,0
714716,107003,0,300307,0
714770,107012,0,300327,1
714822,107022,0,300341,1
714872,107030,0,300359,2
714922,107035,0,300380,1
714973,107041,0,300403,0
715023,107044,0,300423,0
715073,107055,0,300492,1
715125,107066,0,300501,1
715175,107074,0,300529,0
715225,107085,0,300546,1
715275,107089,0,300569,0
715327,107101,0,300593,1
715381,107114,0,300611,0
715433,107124,0,300625,0
715485,107130,0,300646,1
715535,107133,0,300664,0
715586,107139,0,300687,2
715640,107146,0,300709,0
715690,107149,0,300733,0
715741,107159,0,300756,1
715792,107164,0,300779,1
715844,107175,0,300792,1
715894,107181,0,300823,0
715946,107191,0,300843,0
715997,107191,0,300874,0
716062,107197,0,300896,1
716112,107214,0,300915,1
716162,107224,0,300928,1
716212,107233,0,300947,0
716263,107237,0,300977,0
716320,107250,0,300998,0
716370,107259,0,301020,1
716421,107273,0,301044,1
716473,107279,0,301070,0
716524,107283,0,301106,0
716575,107287,0,301131,1
716628,107295,0,301150,0
716678,107298,0,301165,0
716728,107306,0,301195,0
716779,107312,0,301210,0
716830,107323,0,301232,1
716880,107330,0,301260,0
716930,107336,0,301288,0
716982,107341,0,301315,0
717034,107344,0,301345,0
717087,107357,0,301363,1
717142,107368,0,301376,1
717194,107379,0,301397,2
717245,107385,0,301421,0
717295,107395,0,301437,1
717346,107404,0,301451,1
717396,107417,0,301469,1
717448,107426,0,301486,0
717499,107431,0,301501,1
717550,107435,0,301523,1
717601,107442,0,301549,0
717655,107447,0,301578,0
717705,107450,0,301604,0
717755,107460,0,301616,1
717808,107466,0,301639,1
717858,107477,0,301656,0
717909,107483,0,301682,0
717960,107491,0,301705,0
718013,107492,0,301727,0
718065,107497,0,301750,1
718119,107514,0,301758,1
718170,107524,0,301778,0
718221,107534,0,301791,1
718273,107538,0,301807,1
718323,107550,0,301829,0
718379,107559,0,301848,1
718430,107573,0,301862,0
718482,107579,0,301890,1
718532,107583,0,301916,0
718582,107587,0,301936,0
718633,107595,0,301958,0
718683,107598,0,301988,0
718740,107607,0,302009,1
718791,107613,0,302034,1
718847,107625,0,302046,1
718897,107631,0,302076,0
718948,107641,0,302094,1
718999,107641,0,302121,0
719053,107646,0,302147,0
719104,107661,0,302157,0
719155,107671,0,302174,1
719205,107682,0,302200,2
719257,107686,0,302222,0
719311,107696,0,302248,1
719363,107707,0,302256,1
719413,107720,0,302284,2
719465,107726,0,302307,0
719515,107733,0,302334,0
719569,107735,0,302367,0
719619,107745,0,302387,1
719669,107748,0,302413,0
719719,107752,0,302442,0
719769,107761,0,302455,0
719825,107769,0,302483,1
719875,107779,0,302496,1
719928,107784,0,302519,1
719979,107791,0,302531,0
720029,107794,0,302552,0
720084,107802,0,302564,1
720138,107816,0,302579,1
720188,107825,0,302593,0
720242,107835,0,302611,0
720293,107843,0,302625,1
720344,107852,0,302643,1
720394,107864,0,302670,1
720444,107875,0,302691,0
720494,107880,0,302713,1
720544,107883,0,302743,0
720595,107891,0,302755,1
720645,107895,0,302766,0
720695,107899,0,302790,1
720746,107907,0,302812,0
720799,107913,0,302826,0
720850,107925,0,302842,1
720901,107931,0,302870,0
720951,107941,0,302893,2
721004,107941,0,302924,0
721057,107946,0,302941,0
721107,107958,0,302955,1
721157,107969,0,302965,0
721207,107977,0,302982,1
721259,107986,0,303006,1
721311,107995,0,303027,0
721361,108006,0,303046,1
721411,108018,0,303073,1
721462,108026,0,303097,0
721519,108033,0,303118,1
721570,108035,0,303142,0
721620,108044,0,303159,0
721673,108048,0,303177,0
721723,108052,0,303212,0
721774,108061,0,303238,0
721825,108068,0,303254,0
721881,108079,0,303271,1
721932,108084,0,303293,1
721982,108091,0,303312,0
722034,108094,0,303334,0
722086,108102,0,303353,1
722137,108114,0,303367,0
722190,108125,0,303384,1
722241,108135,0,303402,0
722295,108141,0,303424,1
722348,108152,0,303444,1
722401,108166,0,303455,1
722451,108176,0,303476,1
722504,108181,0,303492,1
722554,108184,0,303519,1
722607,108191,0,303545,0
722657,108196,0,303576,0
722709,108200,0,303604,0
722759,108210,0,303626,1
722810,108214,0,303643,1
722861,108225,0,303655,0
722913,108233,0,303673,1
722964,108241,0,303702,0
723015,108242,0,303724,0
723067,108246,0,303747,0
723117,108260,0,303773,1
723168,108271,0,303795,2
723218,108279,0,303824,1
723269,108287,0,303840,0
723319,108296,0,303856,0
723369,108306,0,303874,1
723419,108320,0,303892,1
723471,108326,0,303918,0
723522,108333,0,303943,1
723573,108335,0,303963,0
723625,108344,0,303979,0
723682,108348,0,304006,0
723732,108352,0,304038,0
723783,108361,0,304054,0
723834,108369,0,304067,1
723884,108380,0,304091,1
723935,108384,0,304127,0
723987,108391,0,304151,0
724038,108394,0,304188,0
724089,108402,0,304217,1
724141,108413,0,304230,1
724192,108424,0,304249,0
724242,108435,0,304265,0
724293,108440,0,304287,0
724346,108451,0,304300,1
724400,108463,0,304323,1
724453,108476,0,304340,1
724503,108480,0,304365,0
724553,108483,0,304384,0
724603,108490,0,304397,1
724653,108496,0,304423,0
724704,108500,0,304440,1
724754,108507,0,304459,1
724804,108513,0,304485,0
724854,108524,0,304503,3
724905,108531,0,304517,0
724958,108540,0,304536,1
725010,108541,0,304563,0
725061,108546,0,304581,0
725111,108556,0,304599,0
725161,108569,0,304612,0
725212,108578,0,304631,1
725263,108585,0,304649,0
725314,108596,0,304663,1
725365,108605,0,304681,1
725416,108618,0,304705,1
725473,108626,0,304720,0
725523,108633,0,304742,1
725573,108635,0,304768,0
725623,108643,0,304835,1
725675,108648,0,304853,1
725727,108652,0,304880,1
725778,108661,0,304897,0
725828,108668,0,304924,0
725879,108676,0,304941,1
725931,108683,0,304960,0
725981,108691,0,304977,0
726032,108694,0,304992,1
726084,108698,0,305008,1
726138,108712,0,305019,1
726188,108724,0,305042,0
726239,108734,0,305059,1
726289,108740,0,305079,1
726340,108747,0,305097,1
726391,108761,0,305116,1
726442,108773,0,305130,1
726493,108779,0,305151,1
726543,108783,0,305181,0
726594,108787,0,305212,0
726648,108795,0,305233,0
726698,108799,0,305255,1
726751,108805,0,305272,0
726808,108813,0,305289,0
726859,108824,0,305306,1
726913,108832,0,305322,1
726964,108841,0,305333,2
727017,108842,0,305366,1
727067,108846,0,305395,0
727118,108858,0,305413,0
727168,108870,0,305429,4
727218,108878,0,305443,1
727269,108885,0,305462,0
727323,108895,0,305477,1
727376,108906,0,305491,1
727427,108918,0,305493,1
727477,108926,0,305511,1
727527,108933,0,305526,0
727577,108935,0,305553,0
727627,108943,0,305576,1
727677,108947,0,305599,0
727730,108952,0,305630,1
727780,108961,0,305645,0
727831,108966,0,305667,1
727883,108975,0,305678,0
727934,108983,0,305698,0
727985,108991,0,305717,0
728037,108994,0,305744,0
728087,108999,0,305769,2
728139,109012,0,305780,1
728189,109024,0,305808,0
728240,109034,0,305826,1
728293,109039,0,305852,1
728347,109047,0,305878,1
728397,109061,0,305882,1
728447,109074,0,305895,1
728499,109079,0,305917,0
728553,109083,0,305941,0
728605,109090,0,305971,1
728655,109096,0,306000,0
728712,109100,0,306016,1
728762,109107,0,306034,1
728814,109113,0,306051,0
728871,109123,0,306071,1
728923,109133,0,306083,1
728974,109141,0,306116,0
729030,109143,0,306182,1
729081,109147,0,306214,0
729131,109159,0,306225,1
729181,109172,0,306243,4
729235,109181,0,306261,1
729285,109187,0,306282,1
729336,109196,0,306292,0
729386,109208,0,306310,2
729436,109222,0,306327,1
729488,109226,0,306352,1
729538,109233,0,306375,0
729593,109236,0,306393,1
729643,109244,0,306408,0
729694,109248,0,306430,0
729746,109254,0,306457,1
729800,109263,0,306475,1
729851,109268,0,306489,1
729903,109279,0,306509,1
729954,109285,0,306526,0
730004,109291,0,306547,0
730056,109294,0,306575,0
730108,109303,0,306591,1
730159,109314,0,306611,0
730209,109325,0,306631,0
730265,109335,0,306656,0
730320,109342,0,306684,1
730370,109353,0,306702,0
730420,109366,0,306708,2
730472,109375,0,306732,0
730522,109382,0,306750,1
730573,109385,0,306781,1
730628,109392,0,306808,1
730679,109397,0,306829,0
730733,109402,0,306852,1
730784,109410,0,306878,1
730837,109415,0,306902,0
730887,109425,0,306931,0
730937,109433,0,306952,0
730987,109441,0,306970,0
731037,109443,0,306990,0
731087,109447,0,307015,0
731137,109460,0,307030,1
731188,109471,0,307046,2
731238,109480,0,307067,0
731290,109487,0,307095,0
731341,109496,0,307111,0
731393,109509,0,307131,1
731444,109522,0,307142,0
731498,109527,0,307169,1
731551,109533,0,307188,0
731602,109538,0,307218,1
731655,109546,0,307244,0
731705,109549,0,307270,1
731755,109555,0,307296,1
731808,109563,0,307322,0
731859,109569,0,307346,0
731909,109580,0,307373,3
731959,109586,0,307394,1
732012,109591,0,307417,0
732062,109595,0,307446,0
732118,109604,0,307476,1
732168,109614,0,307490,0
732220,109627,0,307554,0
732270,109635,0,307572,0
732321,109642,0,307588,1
732372,109652,0,307597,1
732425,109664,0,307609,1
732475,109675,0,307617,0
732525,109682,0,307642,1
732575,109684,0,307673,0
732626,109691,0,307694,0
732679,109697,0,307708,1
732730,109701,0,307738,0
732780,109709,0,307764,0
732832,109715,0,307779,0
732882,109725,0,307790,1
732933,109733,0,307815,0
732983,109741,0,307830,3
733034,109743,0,307851,0
733086,109747,0,307883,0
733138,109759,0,307894,1
733190,109771,0,307925,1
733241,109781,0,307947,1
733293,109787,0,307975,1
733344,109796,0,308001,0
733397,109807,0,308023,0
733447,109822,0,308034,2
733501,109827,0,308060,1
733551,109833,0,308078,0
733601,109837,0,308104,0
733652,109845,0,308132,1
733705,109849,0,308159,1
733758,109855,0,308185,0
733808,109863,0,308202,1
733859,109869,0,308231,1
733910,109878,0,308249,1
733966,109886,0,308272,1
734016,109891,0,308286,0
734067,109896,0,308304,0
734120,109904,0,308323,1
734170,109914,0,308341,0
734224,109927,0,308363,0
734276,109935,0,308390,0
734326,109942,0,308413,0
734378,109953,0,308428,1
734428,109964,0,308441,0
734478,109975,0,308453,0
734528,109982,0,308483,1
734579,109984,0,308509,0
734629,109991,0,308534,0
734679,109996,0,308564,0
734729,110001,0,308587,1
734781,110009,0,308602,0
734832,110015,0,308619,0
734884,110024,0,308637,1
734935,110033,0,308649,1
734988,110039,0,308670,0
735042,110043,0,308744,0
735092,110048,0,308770,1
735144,110060,0,308793,1
735195,110072,0,308812,0
735250,110081,0,308830,0
735301,110089,0,308847,1
735356,110096,0,308871,0
735416,110108,0,308872,1
735468,110125,0,308877,0
735521,110131,0,308901,1
735574,110134,0,308921,0
735632,110141,0,308943,0
735682,110147,0,308965,1
735733,110151,0,308999,0
735783,110159,0,309018,0
735833,110165,0,309044,0
735883,110173,0,309063,1
735934,110182,0,309078,1
735986,110188,0,309105,1
736038,110193,0,309132,0
736090,110197,0,309148,0
736140,110209,0,309159,1
736195,110221,0,309170,1
736246,110231,0,309192,1
736297,110237,0,309214,1
736347,110246,0,309230,0
736398,110256,0,309250,1
736448,110270,0,309264,3
736498,110276,0,309284,0
736549,110283,0,309314,0
736599,110286,0,309343,1
736650,110294,0,309370,0
736701,110298,0,309405,0
736751,110302,0,309436,0
736801,110312,0,309465,1
736851,110316,0,309489,0
736901,110325,0,309499,0
736951,110334,0,309522,1
737001,110341,0,309546,1
737056,110343,0,309580,0
737106,110349,0,309604,1
737156,110360,0,309632,0
737208,110373,0,309640,1
737262,110382,0,309662,1
737316,110390,0,309683,0
737367,110398,0,309702,0
737417,110407,0,309727,0
737468,110425,0,309736,0
737519,110430,0,309757,0
737569,110434,0,309782,0
737619,110439,0,309799,1
737670,110446,0,309815,0
737720,110450,0,309833,1
737778,110456,0,309856,1
737831,110464,0,309874,0
737885,110472,0,309885,0
737939,110482,0,309908,1
737992,110488,0,309927,1
738043,110493,0,309952,0
738094,110497,0,310027,0
738146,110510,0,310040,1
738200,110520,0,310059,1
738252,110531,0,310076,1
738303,110538,0,310107,0
738356,110546,0,310122,0
738406,110557,0,310140,0
738456,110571,0,310162,3
738508,110578,0,310189,1
738558,110583,0,310209,0
738610,110587,0,310224,1
738662,110596,0,310245,1
738712,110599,0,310261,1
738763,110605,0,310283,0
738813,110613,0,310302,1
738864,110617,0,310331,1
738915,110628,0,310343,1
738966,110635,0,310365,0
739019,110641,0,310391,0
739069,110646,0,310415,1
739121,110652,0,310454,0
739174,110663,0,310465,2
739227,110675,0,310483,0
739277,110685,0,310504,0
739327,110691,0,310527,0
739377,110699,0,310551,0
739427,110708,0,310568,1
739479,110725,0,310585,0
739529,110731,0,310601,0
739580,110734,0,310631,0
739632,110740,0,310657,1
739683,110746,0,310675,0
739733,110751,0,310708,0
739783,110757,0,310726,1
739833,110763,0,310741,0
739883,110772,0,310762,0
739934,110781,0,310784,1
739986,110786,0,310812,0
740037,110792,0,310831,0
740087,110797,0,310856,1
740137,110806,0,310885,0
740187,110817,0,310900,1
740237,110828,0,310916,2
740288,110835,0,310945,0
740338,110843,0,310963,1
740388,110851,0,310976,1
740438,110861,0,311000,1
740492,110875,0,311011,0
740542,110883,0,311039,0
740595,110885,0,311066,0
740651,110892,0,311078,0
740705,110898,0,311096,0
740758,110902,0,311115,0
740810,110912,0,311144,0
740862,110916,0,311168,0
740914,110927,0,311180,1
740965,110935,0,311202,1
741015,110941,0,311220,0
741066,110943,0,311247,0
741117,110950,0,311271,0
741168,110960,0,311285,0
741219,110975,0,311305,0
741269,110984,0,311330,2
741320,110990,0,311363,0
741370,110998,0,311376,0
741420,111007,0,311395,0
741470,111022,0,311414,1
741520,111030,0,311436,2
741572,111034,0,311462,1
741625,111038,0,311483,1
741676,111046,0,311503,0
741727,111050,0,311520,2
741777,111055,0,311541,0
741827,111063,0,311563,0
741877,111070,0,311590,4
741930,111080,0,311610,0
741982,111086,0,311633,0
742033,111092,0,311653,0
742085,111096,0,311680,0
742135,111104,0,311699,0
742185,111114,0,311721,2
742235,111126,0,311783,0
742287,111135,0,311796,0
742342,111142,0,311823,1
742392,111152,0,311842,1
742442,111161,0,311857,1
742495,111175,0,311867,0
742545,111183,0,311882,0
742600,111185,0,311907,0
742651,111192,0,311925,0
742701,111198,0,311948,0
742752,111202,0,311976,0
742804,111210,0,311997,1
742855,111215,0,312017,0
742906,111224,0,312045,0
742957,111233,0,312062,0
743007,111239,0,312087,0
743057,111243,0,312105,0
743107,111247,0,312134,0
743159,111260,0,312152,0
743212,111269,0,312167,1
743263,111280,0,312176,1
743314,111290,0,312198,1
743368,111297,0,312216,1
743419,111307,0,312226,1
743472,111321,0,312235,2
743524,111330,0,312255,1
743577,111334,0,312279,0
743631,111338,0,312292,1
743684,111346,0,312300,0
743738,111351,0,312330,0
743791,111358,0,312388,1
743842,111364,0,312412,0
743892,111372,0,312433,0
743942,111381,0,312457,0
743993,111386,0,312486,0
744044,111393,0,312503,0
744094,111397,0,312529,0
744144,111405,0,312548,1
744194,111416,0,312561,1
744247,111425,0,312576,1
744299,111436,0,312589,1
744351,111444,0,312605,0
744402,111453,0,312623,1
744452,111464,0,312635,2
744504,111475,0,312652,0
744554,111483,0,312671,0
744606,111485,0,312706,0
744658,111491,0,312731,0
744709,111498,0,312750,0
744759,111502,0,312777,1
744811,111512,0,312804,2
744861,111516,0,312832,1
744917,111525,0,312851,1
744967,111535,0,312864,0
745017,111540,0,312886,0
745074,111544,0,312905,1
745125,111550,0,312933,0
745176,111562,0,312956,2
745227,111569,0,312976,0
745278,111583,0,312978,1
745329,111591,0,312996,1
745379,111597,0,313020,0
745429,111607,0,313039,0
745480,111623,0,313046,1
745531,111630,0,313083,0
745584,111634,0,313109,0
745634,111639,0,313136,1
745684,111646,0,313151,0
745738,111651,0,313178,0
745788,111657,0,313207,0
745839,111663,0,313233,0
745890,111670,0,313254,1
745940,111681,0,313260,1
745992,111686,0,313286,0
746044,111693,0,313308,0
746094,111697,0,313334,0
746146,111705,0,313358,1
746196,111715,0,313374,0
746246,111721,0,313398,0
746297,111735,0,313421,0
746347,111743,0,313438,1
746397,111751,0,313451,1
746449,111760,0,313473,0
746499,111775,0,313489,0
746549,111783,0,313505,1
746602,111785,0,313535,1
746652,111791,0,313558,0
746702,111798,0,313590,0
746752,111801,0,313609,0
746802,111809,0,313632,0
746854,111815,0,313656,0
746911,111823,0,313681,1
746962,111833,0,313701,0
747012,111839,0,313729,0
747064,111843,0,313749,0
747119,111848,0,313777,1
747169,111860,0,313797,0
747223,111869,0,313859,1
747274,111881,0,313877,2
747327,111890,0,313899,0
747378,111897,0,313913,1
747432,111907,0,313936,0
747482,111921,0,313943,3
747532,111930,0,313964,0
747582,111934,0,313983,0
747635,111938,0,314007,1
747685,111946,0,314020,1
747739,111951,0,314033,1
747790,111957,0,314049,1
747840,111963,0,314070,0
747890,111970,0,314082,0
747942,111979,0,314108,1
747996,111986,0,314133,0
748046,111993,0,314151,0
748096,111997,0,314168,0
748146,112004,0,314186,0
748198,112013,0,314194,1
748248,112021,0,314217,2
748300,112035,0,314230,0
748350,112044,0,314252,2
748402,112051,0,314278,1
748453,112061,0,314295,1
748503,112075,0,314304,0
748553,112082,0,314321,1
748603,112084,0,314340,0
748653,112091,0,314360,1
748703,112098,0,314380,1
748756,112101,0,314416,0
748806,112109,0,314442,0
748860,112115,0,314466,0
748910,112122,0,314480,0
748960,112133,0,314497,1
749013,112139,0,314524,0
749069,112143,0,314558,0
749121,112148,0,314577,1
749174,112159,0,314586,1
749226,112169,0,314611,0
749279,112178,0,314643,1
749329,112190,0,314666,1
749381,112197,0,314682,0
749432,112207,0,314694,0
749482,112218,0,314753,2
749534,112230,0,314766,0
749591,112234,0,314803,0
749644,112239,0,314828,1
749697,112247,0,314843,0
749748,112251,0,314866,0
749800,112259,0,314881,1
749850,112264,0,314900,0
749902,112270,0,314919,0
749953,112282,0,314936,1
750003,112287,0,314958,1
750053,112293,0,314982,0
750108,112297,0,315007,0
750159,112307,0,315027,1
750210,112316,0,315037,2
750264,112324,0,315060,1
750314,112337,0,315078,1
750368,112346,0,315104,1
750420,112355,0,315123,0
750470,112362,0,315147,0
750520,112376,0,315162,1
750571,112383,0,315174,0
750621,112386,0,315199,2
750671,112392,0,315219,0
750729,112398,0,315238,0
750780,112402,0,315265,0
750830,112413,0,315285,1
750884,112417,0,315302,1
750936,112426,0,315333,0
750988,112436,0,315347,0
751038,112441,0,315371,0
751088,112446,0,315399,1
751141,112451,0,315420,1
751194,112462,0,315436,1
751245,112469,0,315447,0
751295,112484,0,315456,1
751347,112491,0,315482,0
751398,112499,0,315502,0
751449,112510,0,315516,1
751499,112522,0,315532,1
751550,112530,0,315559,0
751603,112534,0,315591,0
751655,112541,0,315609,1
751705,112547,0,315633,0
751755,112551,0,315652,0
751813,112556,0,315676,1
751865,112566,0,315705,1
751915,112572,0,315731,0
751966,112583,0,315735,1
752016,112589,0,315753,1
752066,112593,0,315776,0
752116,112597,0,315803,0
752167,112608,0,315828,1
752219,112618,0,315851,1
752269,112624,0,315869,0
752326,112638,0,315880,1
752376,112646,0,315898,0
752427,112655,0,315960,0
752477,112663,0,315981,1
752529,112678,0,315995,1
752579,112684,0,316024,1
752631,112686,0,316051,0
752681,112692,0,316070,0
752731,112698,0,316093,0
752781,112702,0,316114,0
752834,112713,0,316130,0
752886,112717,0,316148,1
752940,112726,0,316171,1
752991,112736,0,316186,0
753042,112741,0,316203,0
753093,112746,0,316226,1
753143,112752,0,316254,1
753194,112762,0,316267,1
753246,112769,0,316288,0
753296,112779,0,316306,1
753346,112791,0,316312,2
753396,112798,0,316337,0
753447,112808,0,316355,0
753499,112819,0,316376,1
753549,112830,0,316403,0
753603,112834,0,316433,0
753654,112840,0,316462,1
753706,112847,0,316502,0
753757,112851,0,316526,0
753807,112855,0,316546,0
753857,112864,0,316562,0
753911,112870,0,316588,1
753962,112882,0,316605,3
754012,112887,0,316624,1
754067,112893,0,316656,0
754118,112897,0,316685,0
754168,112907,0,316707,0
754218,112915,0,316721,1
754271,112924,0,316748,0
754324,112937,0,316757,0
754376,112945,0,316779,0
754426,112955,0,316806,1
754476,112962,0,316827,0
754526,112977,0,316840,2
754577,112983,0,316864,0
754627,112986,0,316884,0
754677,112992,0,316903,0
754727,112998,0,316922,0
754783,113002,0,316952,0
754836,113012,0,316979,1
754888,113017,0,316997,1
754938,113025,0,317024,0
754988,113035,0,317042,1
755042,113041,0,317072,1
755093,113046,0,317101,1
755143,113051,0,317125,1
755193,113061,0,317148,1
755243,113069,0,317159,0
755293,113076,0,317175,0
755343,113089,0,317189,0
755393,113098,0,317215,1
755443,113107,0,317233,0
755494,113116,0,317257,0
755544,113130,0,317266,0
755594,113134,0,317290,0
755646,113138,0,317322,0
755697,113145,0,317343,1
755749,113149,0,317364,0
755799,113155,0,317383,0
755849,113163,0,317406,0
755899,113169,0,317428,0
755949,113177,0,317444,1
755999,113186,0,317464,0
756050,113192,0,317490,0
756100,113196,0,317523,0
756151,113204,0,317546,2
756201,113212,0,317576,1
756251,113219,0,317604,0
756303,113230,0,317630,0
756353,113241,0,317646,1
756405,113249,0,317664,1
756456,113260,0,317681,1
756509,113269,0,317693,1
756559,113280,0,317709,0
756609,113284,0,317735,0
756659,113289,0,317753,0
756713,113297,0,317779,1
756763,113301,0,317815,0
756817,113305,0,317835,0
756867,113315,0,317854,0
756918,113320,0,317872,1
756969,113330,0,317900,0
757019,113338,0,317910,1
757069,113343,0,317932,0
757121,113347,0,317955,0
757173,113357,0,317975,0
757224,113365,0,317989,1
757274,113374,0,318006,1
757324,113386,0,318015,3
757374,113395,0,318030,0
757424,113404,0,318050,1
757477,113412,0,318073,0
757531,113423,0,318087,1
757581,113434,0,318097,1
757631,113435,0,318119,1
757683,113442,0,318143,0
757736,113448,0,318161,0
757786,113452,0,318177,0
757837,113459,0,318199,1
757887,113466,0,318220,0
757937,113473,0,318235,1
757987,113484,0,318248,2
758037,113490,0,318267,0
758089,113493,0,318293,0
758142,113499,0,318308,1
758192,113510,0,318324,2
758242,113518,0,318338,1
758292,113526,0,318358,0
758342,113537,0,318378,0
758392,113547,0,318389,1
758442,113556,0,318409,1
758495,113565,0,318431,1
758549,113579,0,318451,1
758599,113584,0,318471,0
758649,113588,0,318502,0
758699,113592,0,318522,0
758749,113599,0,318541,1
758800,113605,0,318575,1
758851,113613,0,318596,0
758902,113618,0,318613,1
758952,113627,0,318627,1
759002,113636,0,318649,1
759052,113640,0,318679,0
759106,113646,0,318705,0
759160,113654,0,318722,0
759210,113663,0,318747,0
759261,113669,0,318769,0
759311,113680,0,318782,1
759361,113692,0,318807,1
759411,113699,0,318830,0
759465,113710,0,318842,1
759515,113719,0,318864,0
759565,113730,0,318880,0
759616,113734,0,318907,0
759666,113739,0,318929,0
759717,113746,0,318952,0
759767,113751,0,318972,1
759818,113755,0,319000,0
759868,113765,0,319016,1
759920,113770,0,319037,1
759970,113780,0,319056,1
760023,113788,0,319080,1
760074,113793,0,319103,0
760125,113797,0,319123,0
760176,113807,0,319135,0
760229,113815,0,319158,1
760280,113822,0,319169,1
760333,113837,0,319183,2
760383,113846,0,319206,2
760433,113854,0,319226,0
760483,113862,0,319251,0
760535,113872,0,319266,0
760586,113881,0,319277,0
760636,113885,0,319306,0
760687,113892,0,319370,0
760738,113898,0,319390,0
760791,113902,0,319414,0
760843,113910,0,319435,1
760894,113916,0,319461,0
760945,113924,0,319480,1
760995,113934,0,319500,0
761046,113940,0,319525,0
761099,113946,0,319548,1
761149,113949,0,319564,1
761202,113961,0,319589,0
761252,113969,0,319611,1
761302,113977,0,319633,0
761357,113989,0,319650,1
761408,113999,0,319670,1
761458,114008,0,319684,1
761509,114018,0,319703,0
761559,114030,0,319715,0
761612,114034,0,319735,0
761667,114039,0,319756,0
761719,114046,0,319784,0
761769,114051,0,319807,1
761821,114055,0,319834,0
761871,114065,0,319856,1
761921,114069,0,319886,0
761972,114080,0,319908,1
762022,114087,0,319931,0
762074,114093,0,319952,0
762125,114097,0,319972,0
762176,114106,0,319988,1
762226,114114,0,320014,0
762279,114121,0,320030,1
762331,114134,0,320049,1
762381,114144,0,320069,0
762432,114153,0,320084,1
762483,114162,0,320096,1
762533,114172,0,320110,1
762586,114181,0,320127,1
762641,114185,0,320150,1
762691,114192,0,320171,0
762741,114198,0,320187,0
762791,114202,0,320212,0
762841,114208,0,320222,1
762891,114216,0,320246,0
762942,114222,0,320277,0
762996,114233,0,320286,1
763047,114240,0,320316,0
763097,114245,0,320340,1
763147,114248,0,320375,0
763198,114261,0,320393,2
763254,114267,0,320418,1
763304,114277,0,320443,1
763354,114287,0,320458,0
763407,114298,0,320474,1
763457,114307,0,320501,0
763511,114317,0,320524,1
763561,114328,0,320542,1
763612,114334,0,320566,1
763665,114339,0,320596,0
763720,114346,0,320613,1
763770,114350,0,320634,0
763822,114355,0,320656,0
763874,114365,0,320671,1
763926,114369,0,320695,0
763976,114380,0,320707,0
764031,114388,0,320728,1
764083,114393,0,320759,0
764133,114397,0,320778,0
764183,114407,0,320802,1
764240,114415,0,320823,1
764291,114423,0,320847,0
764342,114437,0,320859,1
764393,114446,0,320883,1
764443,114454,0,320912,0
764493,114463,0,320933,0
764546,114472,0,320947,0
764596,114481,0,320970,0
764650,114486,0,320988,1
764702,114492,0,321012,0
764753,114498,0,321027,0
764803,114503,0,321048,0
764855,114511,0,321065,1
764906,114516,0,321088,0
764956,114524,0,321112,0
765015,114535,0,321124,1
765065,114540,0,321146,0
765117,114546,0,321153,0
765167,114553,0,321174,1
765217,114563,0,321191,1
765269,114569,0,321263,0
765319,114578,0,321283,0
765369,114591,0,321308,1
765419,114599,0,321322,1
765470,114609,0,321345,1
765522,114618,0,321363,0
765572,114630,0,321374,2
765625,114634,0,321393,0
765679,114640,0,321411,1
765730,114647,0,321431,1
765780,114651,0,321457,0
765830,114656,0,321481,1
765884,114665,0,321503,0
765935,114670,0,321524,1
765985,114680,0,321544,1
766036,114689,0,321576,1
766088,114693,0,321597,0
766138,114697,0,321616,0
766189,114707,0,321633,1
766240,114714,0,321655,0
766291,114723,0,321681,1
766341,114733,0,321701,1
766391,114744,0,321720,0
766441,114754,0,321736,1
766491,114762,0,321767,0
766545,114772,0,321776,0
766598,114781,0,321790,0
766656,114786,0,321815,1
766706,114792,0,321840,0
766757,114798,0,321854,0
766807,114802,0,321878,0
766868,114811,0,321902,1
766919,114817,0,321922,0
766969,114826,0,321942,1
767019,114836,0,321964,1
767070,114840,0,321992,0
767122,114847,0,322016,1
767174,114854,0,322038,1
767225,114864,0,322061,0
767275,114869,0,322094,0
767327,114878,0,322118,0
767379,114893,0,322139,1
767430,114899,0,322165,1
767480,114911,0,322178,1
767530,114919,0,322193,1
767580,114930,0,322215,0
767630,114934,0,322247,0
767682,114940,0,322269,1
767735,114946,0,322283,1
767789,114951,0,322304,0
767839,114957,0,322333,0
767889,114965,0,322344,0
767939,114971,0,322366,1
767990,114981,0,322377,1
768041,114989,0,322400,0
768091,114993,0,322416,1
768141,114997,0,322436,0
768194,115007,0,322470,0
768247,115015,0,322498,1
768297,115025,0,322515,2
768347,115033,0,322532,2
768397,115045,0,322540,1
768448,115052,0,322556,1
768498,115063,0,322565,1
768548,115072,0,322587,0
768601,115081,0,322600,0
768651,115085,0,322631,0
768701,115092,0,322661,1
768752,115098,0,322685,0
768803,115102,0,322707,0
768855,115109,0,322732,1
768906,115116,0,322761,0
768956,115122,0,322791,0
769006,115133,0,322812,1
769057,115140,0,322834,0
769107,115145,0,322854,0
769158,115149,0,322872,1
769211,115159,0,322899,1
769262,115168,0,322917,1
769314,115175,0,322942,0
769364,115187,0,322954,2
769421,115198,0,323023,1
769472,115208,0,323042,1
769523,115216,0,323067,1
769573,115226,0,323083,1
769624,115234,0,323104,0
769675,115239,0,323140,0
769725,115245,0,323208,0
769777,115250,0,323232,0
769830,115255,0,323255,0
769880,115263,0,323273,1
769930,115269,0,323292,2
769981,115279,0,323319,0
770031,115287,0,323358,0
770081,115291,0,323372,1
770133,115297,0,323400,0
770184,115306,0,323416,1
770235,115314,0,323437,0
770288,115321,0,323460,1
770339,115330,0,323473,0
770389,115344,0,323485,0
770444,115349,0,323502,1
770497,115363,0,323517,1
770551,115372,0,323538,1
770607,115381,0,323551,0
770657,115385,0,323572,0
770710,115391,0,323591,1
770765,115399,0,323606,0
770817,115403,0,323618,1
770868,115410,0,323643,1
770921,115416,0,323663,0
770971,115425,0,323677,0
771021,115435,0,323691,1
771072,115440,0,323718,0
771122,115446,0,323732,0
771172,115453,0,323753,1
771223,115463,0,323767,3
771273,115469,0,323793,0
771328,115477,0,323813,1
771378,115490,0,323824,1
771428,115498,0,323839,0
771480,115510,0,323852,0
771530,115517,0,323874,1
771580,115527,0,323890,0
771630,115534,0,323911,0
771680,115539,0,323925,1
771730,115545,0,323945,0
771781,115551,0,323960,1
771835,115556,0,323992,1
771885,115563,0,324013,2
771937,115569,0,324039,0
771989,115580,0,324059,1
772039,115587,0,324084,0
772089,115591,0,324152,1
772139,115597,0,324177,0
772189,115606,0,324204,1
772240,115614,0,324230,0
772290,115622,0,324246,0
772345,115629,0,324268,1
772399,115644,0,324277,1
772449,115649,0,324291,1
772501,115663,0,324300,1
772555,115672,0,324322,1
772605,115681,0,324331,2
772655,115685,0,324354,0
772706,115690,0,324380,0
772756,115698,0,324400,0
772806,115702,0,324423,0
772856,115707,0,324439,0
772909,115716,0,324461,0
772961,115722,0,324481,0
773014,115733,0,324501,0
773065,115740,0,324520,0
773116,115745,0,324535,1
773169,115750,0,324561,0
773219,115759,0,324575,1
773269,115768,0,324592,1
773320,115776,0,324612,1
773370,115784,0,324626,1
773422,115798,0,324635,1
773472,115807,0,324662,1
773523,115815,0,324676,0
773575,115823,0,324697,0
773626,115833,0,324713,1
773676,115838,0,324736,1
773726,115843,0,324756,1
773776,115850,0,324768,1
773833,115855,0,324796,1
773884,115861,0,324819,0
773934,115867,0,324831,1
773985,115879,0,324855,1
774038,115887,0,324879,0
774089,115891,0,324902,1
774139,115897,0,324926,0
774191,115904,0,324949,1
774242,115914,0,324964,0
774293,115921,0,324984,1
774343,115928,0,325006,0
774394,115941,0,325021,1
774445,115948,0,325044,0
774496,115962,0,325057,1
774546,115971,0,325080,2
774599,115977,0,325098,0
774651,115984,0,325117,0
774704,115990,0,325138,0
774759,115997,0,325156,1
774809,116002,0,325172,0
774863,116008,0,325194,1
774913,116016,0,325209,0
774964,116022,0,325229,0
775015,116033,0,325243,0
775066,116040,0,325261,0
775124,116045,0,325298,1
775174,116051,0,325321,1
775226,116060,0,325336,1
775281,116069,0,325357,0
775332,116077,0,325420,1
775382,116086,0,325434,2
775433,116098,0,325451,0
775485,116110,0,325477,1
775536,116118,0,325499,1
775586,116124,0,325523,1
775636,116133,0,325538,0
775688,116140,0,325563,1
775738,116145,0,325581,0
775788,116151,0,325604,0
775839,116154,0,325618,1
775892,116162,0,325641,1
775942,116167,0,325659,1
775992,116179,0,325676,0
776042,116187,0,325700,0
776092,116191,0,325719,1
776143,116197,0,325796,0
776194,116204,0,325811,0
776244,116214,0,325830,0
776295,116221,0,325861,1
776345,116228,0,325885,0
776395,116240,0,325900,1
776445,116248,0,325919,0
776497,116261,0,325931,1
776547,116270,0,325961,1
776597,116277,0,325989,0
776648,116284,0,326014,0
776698,116290,0,326036,0
776748,116295,0,326068,0
776799,116302,0,326087,1
776849,116307,0,326116,1
776899,116314,0,326136,1
776954,116319,0,326157,1
777007,116331,0,326175,1
777057,116339,0,326197,1
777109,116343,0,326216,0
777160,116347,0,326235,0
777210,116356,0,326253,1
777260,116366,0,326270,1
777312,116374,0,326290,1
777363,116381,0,326307,1
777415,116394,0,326314,1
777465,116402,0,326329,1
777518,116414,0,326341,1
777569,116422,0,326364,0
777619,116430,0,326379,0
777669,116435,0,326399,0
777720,116441,0,326420,1
777772,116449,0,326432,1
777822,116452,0,326453,0
777872,116459,0,326476,2
777925,116466,0,326545,0
777975,116474,0,326569,1
778025,116484,0,326588,1
778075,116490,0,326613,0
778126,116494,0,326625,0
778176,116501,0,326644,1
778228,116509,0,326662,1
778280,116519,0,326682,0
778332,116526,0,326701,0
778386,116534,0,326725,1
778438,116548,0,326738,1
778490,116558,0,326749,1
778541,116568,0,326775,2
778592,116574,0,326793,1
778646,116584,0,326811,1
778698,116590,0,326836,1
778748,116595,0,326850,0
778799,116601,0,326867,0
778851,116606,0,326889,1
778901,116613,0,326904,1
778951,116618,0,326931,0
779003,116630,0,326952,1
779054,116638,0,326974,0
779105,116640,0,326998,0
779156,116647,0,327016,0
779207,116655,0,327037,1
779258,116664,0,327056,0
779308,116672,0,327073,0
779359,116679,0,327096,0
779409,116691,0,327114,1
779459,116700,0,327130,0
779510,116713,0,327148,1
779563,116721,0,327164,0
779615,116729,0,327183,1
779665,116735,0,327207,1
779715,116740,0,327241,0
779765,116747,0,327255,1
779816,116752,0,327276,0
779868,116757,0,327298,0
779919,116765,0,327325,0
779969,116770,0,327346,0
780021,116783,0,327352,1
780071,116790,0,327373,0
780122,116794,0,327441,0
780174,116798,0,327461,1
780224,116808,0,327478,1
780277,116818,0,327493,1
780328,116826,0,327511,1
780378,116833,0,327536,1
780433,116846,0,327556,1
780483,116853,0,327581,1
780536,116866,0,327607,1
780586,116873,0,327627,0
780641,116883,0,327636,1
780692,116889,0,327653,0
780742,116893,0,327687,1
780793,116901,0,327714,1
780845,116904,0,327739,1
780895,116912,0,327758,0
780945,116917,0,327781,1
780996,116926,0,327790,1
781046,116937,0,327823,0
781098,116940,0,327849,0
781148,116947,0,327869,1
781200,116954,0,327885,0
781251,116961,0,327913,1
781302,116972,0,327930,2
781352,116978,0,327960,0
781402,116987,0,327985,1
781453,116999,0,327992,1
781503,117010,0,328014,1
781555,117018,0,328033,1
781609,117026,0,328054,1
781659,117034,0,328067,0
781710,117040,0,328094,0
781761,117045,0,328123,0
781812,117052,0,328148,0
781862,117057,0,328175,0
781918,117065,0,328199,0
781972,117070,0,328221,0
782022,117083,0,328244,1
782074,117090,0,328263,0
782124,117094,0,328298,1
782175,117098,0,328322,1
782225,117108,0,328339,2
782275,117117,0,328356,1
782329,117126,0,328377,1
782381,117133,0,328398,1
782431,117143,0,328423,1
782483,117152,0,328455,0
782533,117165,0,328468,0
782584,117173,0,328535,1
782634,117181,0,328554,0
782685,117185,0,328577,0
782735,117192,0,328600,0
782785,117199,0,328623,0
782840,117203,0,328647,0
782890,117211,0,328679,1
782940,117216,0,328701,0
782990,117224,0,328720,0
783047,117235,0,328741,1
783097,117240,0,328765,0
783147,117246,0,328782,1
783197,117254,0,328807,1
783250,117260,0,328827,1
783303,117270,0,328853,1
783353,117278,0,328870,0
783403,117287,0,328891,1
783453,117299,0,328917,1
783504,117310,0,328938,1
783554,117317,0,328971,1
783604,117325,0,328990,1
783655,117334,0,329008,0
783707,117340,0,329035,0
783757,117345,0,329061,0
783817,117352,0,329080,0
783868,117357,0,329105,0
783919,117365,0,329122,0
783969,117370,0,329140,1
784020,117382,0,329166,1
784070,117390,0,329175,1
784121,117392,0,329199,1
784172,117397,0,329217,0
784227,117406,0,329231,1
784278,117417,0,329258,0
784330,117425,0,329286,0
784380,117432,0,329308,1
784431,117443,0,329339,1
784482,117452,0,329347,0
784533,117465,0,329370,0
784584,117472,0,329398,0
784637,117481,0,329413,0
784690,117486,0,329434,1
784740,117492,0,329451,0
784792,117500,0,329470,1
784851,117504,0,329508,1
784902,117511,0,329527,0
784954,117517,0,329546,0
785004,117527,0,329563,1
785055,117535,0,329578,1
785105,117540,0,329604,0
785156,117547,0,329628,0
785210,117552,0,329647,1
785260,117561,0,329666,1
785319,117571,0,329690,1
785369,117578,0,329709,0
785422,117590,0,329723,0
785472,117599,0,329789,2
785523,117613,0,329799,1
785574,117622,0,329822,2
785624,117628,0,329848,1
785675,117634,0,329862,0
785725,117641,0,329885,1
785775,117647,0,329903,1
785825,117652,0,329926,0
785875,117657,0,329949,0
785926,117665,0,329977,0
785977,117670,0,330006,0
786027,117682,0,330028,0
786077,117690,0,330044,0
786128,117693,0,330068,0
786182,117698,0,330088,1
786234,117708,0,330112,1
786284,117715,0,330126,1
786336,117725,0,330149,0
786386,117733,0,330172,1
786438,117744,0,330186,1
786491,117753,0,330211,1
786541,117766,0,330223,1
786591,117773,0,330244,0
786641,117781,0,330261,0
786694,117786,0,330286,1
786747,117793,0,330311,1
786798,117800,0,330328,0
786848,117803,0,330343,0
786899,117811,0,330365,1
786952,117817,0,330389,1
787005,117827,0,330411,1
787055,117834,0,330428,0
787105,117840,0,330447,0
787157,117847,0,330465,1
787208,117851,0,330495,0
787258,117860,0,330521,0
787309,117870,0,330537,0
787360,117878,0,330557,0
787410,117888,0,330576,2
787461,117897,0,330597,0
787512,117910,0,330615,0
787563,117918,0,330635,1
787613,117925,0,330654,0
787672,117934,0,330684,0
787723,117940,0,330697,0
787774,117946,0,330732,0
787824,117952,0,330759,0
787875,117957,0,330783,0
787927,117963,0,330795,1
787978,117970,0,330810,0
788028,117982,0,330821,1
788081,117990,0,330847,0
788131,117993,0,330867,1
788182,117997,0,330890,0
788234,118006,0,330909,1
788285,118015,0,330915,1
788335,118022,0,330938,0
788386,118031,0,330954,1
788436,118043,0,330962,1
788489,118052,0,330979,1
788542,118065,0,330989,0
788592,118073,0,331011,0
788643,118081,0,331033,0
788693,118085,0,331065,0
788743,118092,0,331090,0
788793,118099,0,331111,0
788849,118103,0,331127,0
788900,118111,0,331145,1
788955,118117,0,331160,1
789005,118126,0,331174,0
789059,118134,0,331203,0
789113,118140,0,331214,0
789164,118147,0,331233,0
789214,118152,0,331257,1
789264,118160,0,331276,0
789315,118170,0,331295,0
789366,118178,0,331318,0
789419,118188,0,331340,1
789469,118197,0,331360,0
789519,118211,0,331372,1
789578,118220,0,331397,1
789628,118228,0,331419,3
789681,118234,0,331442,0
789732,118241,0,331464,1
789782,118248,0,331485,1
789832,118252,0,331511,0
789883,118257,0,331539,0
789933,118264,0,331564,1
789983,118271,0,331585,0
790033,118283,0,331618,1
790084,118290,0,331689,1
790137,118294,0,331714,0
790189,118298,0,331738,1
790243,118306,0,331757,1
790294,118318,0,331780,1
790346,118325,0,331801,1
790396,118333,0,331820,1
790447,118345,0,331837,1
790497,118353,0,331859,1
790547,118366,0,331867,1
790598,118373,0,331896,0
790654,118382,0,331910,1
790706,118387,0,331937,1
790756,118393,0,331956,0
790809,118400,0,331973,0
790859,118404,0,331999,1
790909,118411,0,332024,0
790960,118417,0,332099,1
791010,118427,0,332123,3
791060,118434,0,332135,0
791111,118440,0,332160,0
791164,118447,0,332191,1
791215,118451,0,332208,0
791267,118460,0,332234,0
791320,118470,0,332259,0
791371,118478,0,332286,0
791421,118487,0,332304,2
791472,118497,0,332322,0
791523,118510,0,332343,1
791576,118519,0,332375,0
791626,118525,0,332384,0
791677,118534,0,332404,0
791727,118540,0,332421,0
791782,118547,0,332443,1
791834,118552,0,332468,0
791885,118557,0,332501,0
791941,118564,0,332521,0
791993,118572,0,332545,1
792043,118583,0,332566,0
792095,118590,0,332595,0
792147,118594,0,332617,0
792198,118599,0,332641,0
792248,118608,0,332657,1
792301,118618,0,332671,1
792352,118627,0,332700,2
792405,118633,0,332711,0
792456,118645,0,332721,0
792506,118654,0,332730,1
792559,118666,0,332747,0
792609,118674,0,332764,0
792659,118682,0,332784,0
792710,118687,0,332813,1
792760,118693,0,332844,0
792810,118700,0,332859,1
792860,118704,0,332887,0
792913,118712,0,332907,1
792966,118717,0,332934,0
793018,118726,0,332940,1
793073,118735,0,332963,1
793124,118741,0,332984,1
793174,118747,0,333015,0
793226,118753,0,333035,0
793277,118761,0,333052,0
793327,118770,0,333073,0
793377,118779,0,333085,1
793427,118787,0,333107,1
793478,118798,0,333131,1
793535,118811,0,333146,1
793585,118820,0,333161,0
793635,118825,0,333180,0
793685,118834,0,333196,0
793738,118840,0,333225,0
793788,118847,0,333241,0
793838,118853,0,333254,0
793888,118857,0,333275,0
793938,118864,0,333309,1
793990,118870,0,333330,0
794042,118883,0,333351,0
794092,118890,0,333365,0
794142,118894,0,333390,0
794192,118898,0,333414,1
794243,118904,0,333429,1
794294,118915,0,333444,1
794346,118922,0,333463,0
794396,118930,0,333485,0
794455,118942,0,333499,1
794505,118953,0,333515,1
794556,118966,0,333528,2
794607,118974,0,333551,1
794659,118982,0,333565,0
794710,118987,0,333596,1
794760,118993,0,333620,1
794810,119000,0,333630,1
794863,119004,0,333659,1
794913,119011,0,333686,0
794967,119017,0,333707,0
795019,119025,0,333726,0
795069,119034,0,333748,0
795119,119040,0,333768,0
795170,119047,0,333782,1
795221,119052,0,333803,1
795271,119059,0,333831,0
795321,119070,0,333844,0
795380,119078,0,333863,0
795432,119087,0,333878,1
795484,119098,0,333890,0
795534,119110,0,333913,0
795584,119120,0,333932,0
795635,119125,0,333956,0
795688,119134,0,333980,0
795738,119140,0,334001,0
795789,119147,0,334024,0
795839,119153,0,334046,1
795890,119157,0,334069,0
795943,119164,0,334098,0
795997,119170,0,334122,1
796050,119184,0,334147,1
796100,119190,0,334166,0
796153,119194,0,334189,0
796204,119199,0,334205,0
796257,119208,0,334224,1
796308,119219,0,334239,1
796359,119225,0,334259,1
796409,119231,0,334280,1
796463,119243,0,334300,1
796518,119255,0,334313,1
796571,119266,0,334328,0
796621,119274,0,334351,0
796674,119284,0,334376,1
796724,119289,0,334399,1
796775,119295,0,334427,1
796825,119302,0,334450,0
796875,119306,0,334468,1
796928,119312,0,334503,0
796983,119318,0,334521,1
797033,119329,0,334539,0
797084,119336,0,334558,1
797134,119341,0,334583,0
797185,119347,0,334603,0
797235,119353,0,334631,0
797289,119362,0,334654,0
797339,119372,0,334676,1
797391,119379,0,334697,0
797442,119388,0,334704,1
797495,119399,0,334727,1
797545,119412,0,334747,1
797595,119420,0,334767,0
797646,119425,0,334792,0
797701,119435,0,334813,0
797751,119442,0,334831,1
797805,119448,0,334854,1
797857,119453,0,334880,0
797907,119459,0,334899,1
797958,119465,0,334928,0
798010,119472,0,334957,1
798062,119484,0,334982,0
798112,119490,0,335010,0
798163,119495,0,335036,0
798213,119500,0,335057,0
798264,119508,0,335071,1
798317,119518,0,335087,1
798369,119526,0,335101,1
798422,119533,0,335124,1
798476,119545,0,335137,1
798527,119556,0,335163,2
798577,119568,0,335183,2
798629,119575,0,335199,1
798681,119584,0,335221,1
798733,119590,0,335234,0
798790,119596,0,335254,1
798840,119602,0,335272,0
798890,119607,0,335295,0
798944,119614,0,335321,1
798994,119619,0,335346,1
799045,119631,0,335359,1
799097,119639,0,335375,1
799147,119643,0,335397,0
799197,119647,0,335420,0
799247,119654,0,335443,1
799297,119664,0,335456,0
799353,119672,0,335463,1
799406,119680,0,335486,0
799457,119692,0,335500,1
799507,119702,0,335515,1
799557,119713,0,335531,0
799611,119721,0,335554,1
799661,119730,0,335566,2
799711,119736,0,335583,1
799761,119742,0,335597,0
799811,119749,0,335623,1
799862,119753,0,335650,0
799912,119759,0,335673,1
799963,119765,0,335694,0
800015,119773,0,335711,1
800065,119784,0,335725,0
800115,119790,0,335742,0
800166,119795,0,335776,1
800217,119801,0,335796,1
800268,119808,0,335821,1
800319,119817,0,335836,0
800371,119825,0,335852,1
800421,119832,0,335918,0
800471,119843,0,335935,0
800521,119854,0,335955,0
800571,119866,0,335972,0
800621,119874,0,335982,1
800673,119883,0,336008,1
800724,119886,0,336034,0
800777,119894,0,336048,1
800827,119901,0,336067,1
800880,119904,0,336097,1
800931,119912,0,336116,0
800984,119917,0,336143,0
801034,119927,0,336216,1
801086,119935,0,336234,0
801136,119941,0,336256,0
801187,119947,0,336279,0
801238,119953,0,336297,0
801289,119962,0,336314,0
801339,119971,0,336338,1
801391,119979,0,336369,1
801441,119987,0,336403,2
801491,119998,0,336414,0
801541,120010,0,336432,0
801591,120019,0,336459,1
801643,120025,0,336485,0
801693,120035,0,336502,1
801743,120040,0,336529,0
801797,120046,0,336547,1
801848,120053,0,336562,1
801898,120057,0,336579,0
801948,120064,0,336606,0
801999,120069,0,336640,1
802049,120080,0,336646,1
802104,120089,0,336671,1
802154,120093,0,336698,0
802204,120097,0,336724,0
802254,120104,0,336738,1
802305,120115,0,336755,1
802355,120122,0,336781,1
802405,120130,0,336797,1
802456,120140,0,336807,1
802507,120150,0,336822,0
802558,120162,0,336839,0
802611,120171,0,336862,1
802661,120177,0,336887,0
802711,120185,0,336912,0
802770,120193,0,336923,1
802824,120199,0,336942,1
802874,120203,0,336971,0
802924,120212,0,336987,2
802975,120216,0,337010,1
803025,120225,0,337027,2
803075,120234,0,337044,0
803126,120240,0,337060,0
803176,120246,0,337081,0
803229,120252,0,337102,1
803279,120259,0,337120,1
803330,120269,0,337139,1
803383,120278,0,337158,1
803436,120283,0,337181,0
803487,120296,0,337195,0
803548,120306,0,337213,1
803600,120320,0,337243,1
803650,120325,0,337265,0
803701,120335,0,337279,0
803753,120339,0,337308,1
803803,120346,0,337320,1
803854,120353,0,337347,0
803904,120357,0,337380,0
803956,120365,0,337409,0
804007,120368,0,337436,1
804057,120381,0,337456,0
804112,120390,0,337477,1
804162,120394,0,337509,0
804213,120399,0,337528,1
804265,120406,0,337548,1
804315,120415,0,337569,0
804366,120423,0,337589,1
804416,120431,0,337610,1
804466,120441,0,337622,0
804517,120452,0,337647,1
804568,120465,0,337661,1
804618,120471,0,337687,0
804670,120477,0,337714,0
804721,120486,0,337734,0
804773,120493,0,337763,0
804826,120499,0,337785,1
804876,120503,0,337808,0
804930,120511,0,337827,1
804980,120517,0,337844,1
805033,120524,0,337869,1
805084,120534,0,337892,0
805134,120540,0,337916,0
805187,120547,0,337931,1
805238,120553,0,337958,0
805292,120560,0,337983,1
805344,120571,0,338002,1
805394,120578,0,338027,0
805444,120583,0,338052,0
805498,120597,0,338057,1
805550,120606,0,338081,1
805600,120619,0,338089,1
805651,120625,0,338113,0
805704,120634,0,338130,1
805754,120639,0,338150,1
805804,120646,0,338163,1
805854,120653,0,338188,0
805904,120657,0,338208,0
805955,120665,0,338237,1
806011,120668,0,338315,1
806063,120681,0,338328,0
806113,120689,0,338351,1
806167,120693,0,338370,1
806217,120699,0,338392,1
806267,120705,0,338406,0
806318,120715,0,338421,0
806369,120723,0,338436,1
806419,120732,0,338457,2
806471,120741,0,338479,1
806521,120752,0,338494,1
806571,120763,0,338515,1
806621,120771,0,338530,0
806671,120777,0,338540,2
806721,120786,0,338556,1
806772,120793,0,338582,0
806824,120798,0,338604,0
806875,120803,0,338627,0
806930,120809,0,338650,1
806982,120817,0,338665,1
807035,120824,0,338682,1
807087,120835,0,338747,1
807139,120841,0,338774,1
807189,120847,0,338799,1
807239,120853,0,338877,0
807290,120859,0,338900,0
807341,120868,0,338911,1
807393,120878,0,338925,1
807445,120883,0,338943,0
807499,120896,0,338964,1
807549,120905,0,338986,0
807599,120917,0,339000,1
807651,120925,0,339022,0
807703,120933,0,339051,1
807756,120938,0,339071,1
807806,120946,0,339089,1
807856,120953,0,339109,0
807906,120957,0,339126,0
807958,120964,0,339148,1
808013,120968,0,339182,1
808065,120981,0,339193,1
808119,120989,0,339211,1
808170,120994,0,339229,1
808221,120999,0,339243,1
808272,121004,0,339266,1
808322,121016,0,339290,0
808372,121023,0,339310,1
808422,121031,0,339393,1
808475,121040,0,339415,1
808527,121053,0,339429,1
808580,121064,0,339448,1
808630,121071,0,339469,0
808680,121078,0,339488,0
808730,121086,0,339517,0
808780,121093,0,339545,0
808830,121098,0,339570,0
808882,121103,0,339596,0
808933,121109,0,339610,0
808984,121117,0,339625,0
809036,121124,0,339650,2
809088,121135,0,339666,1
809142,121141,0,339687,1
809193,121147,0,339707,1
809243,121153,0,339724,1
809293,121159,0,339737,0
809349,121170,0,339760,1
809399,121178,0,339789,0
809449,121184,0,339814,0
809499,121195,0,339839,0
809549,121205,0,339859,0
809600,121217,0,339879,1
809650,121224,0,339901,1
809700,121232,0,339920,0
809750,121237,0,339943,0
809801,121245,0,339964,0
809852,121250,0,339986,1
809902,121256,0,340007,1
809952,121263,0,340031,0
810002,121267,0,340051,0
810054,121278,0,340065,1
810104,121287,0,340079,1
810158,121292,0,340106,1
810208,121297,0,340124,0
810258,121303,0,340153,0
810308,121311,0,340172,0
810361,121321,0,340196,0
810413,121330,0,340204,0
810463,121336,0,340227,0
810513,121348,0,340236,0
810563,121357,0,340256,1
810614,121370,0,340271,0
810664,121375,0,340300,0
810714,121385,0,340326,1
810765,121389,0,340352,0
810817,121397,0,340367,1
810867,121403,0,340388,0
810918,121408,0,340405,1
810968,121414,0,340431,1
811020,121419,0,340450,1
811070,121431,0,340465,0
811124,121439,0,340480,1
811174,121444,0,340501,1
811225,121448,0,340514,1
811275,121453,0,340545,0
811325,121466,0,340571,1
811375,121473,0,340598,1
811426,121481,0,340620,0
811476,121489,0,340698,0
811526,121501,0,340713,1
811576,121510,0,340729,1
811628,121521,0,340747,0
811679,121527,0,340766,1
811733,121536,0,340783,1
811783,121541,0,340802,1
811833,121548,0,340823,0
811883,121553,0,340845,0
811933,121559,0,340872,1
811993,121567,0,340895,1
812043,121574,0,340919,1
812096,121585,0,340948,1
812148,121590,0,340973,0
812198,121597,0,340993,0
812248,121603,0,341007,0
812298,121609,0,341028,0
812348,121619,0,341043,1
812398,121628,0,341064,1
812453,121634,0,341085,1
812510,121646,0,341104,1
812562,121656,0,341119,0
812614,121669,0,341135,1
812664,121675,0,341151,0
812716,121684,0,341173,1
812767,121689,0,341196,0
812817,121696,0,341210,0
812868,121703,0,341230,0
812918,121707,0,341260,0
812970,121714,0,341276,1
813021,121719,0,341291,1
813071,121731,0,341311,0
813126,121739,0,341343,1
813178,121744,0,341368,1
813230,121748,0,341397,1
813282,121754,0,341418,1
813332,121766,0,341429,0
813384,121774,0,341447,0
813436,121782,0,341464,0
813486,121791,0,341492,0
813536,121803,0,341503,1
813588,121811,0,341526,0
813640,121821,0,341534,0
813690,121829,0,341551,1
813740,121836,0,341629,0
813794,121843,0,341655,1
813845,121848,0,341677,0
813897,121853,0,341701,0
813947,121860,0,341720,0
814001,121867,0,341742,0
814052,121876,0,341759,1
814107,121887,0,341781,1
814157,121891,0,341807,0
814207,121897,0,341826,0
814257,121903,0,341854,0
814308,121910,0,341880,1
814366,121921,0,341894,0
814417,121930,0,341917,0
814469,121936,0,341940,0
814519,121948,0,341950,1
814569,121957,0,341972,0
814621,121969,0,341992,1
814671,121975,0,342019,0
814721,121984,0,342034,1
814771,121989,0,342060,0
814821,121997,0,342088,1
814873,122003,0,342109,0
814923,122007,0,342134,0
814973,122014,0,342154,1
815024,122018,0,342172,1
815076,122031,0,342186,0
815127,122039,0,342212,1
815181,122043,0,342240,0
815231,122048,0,342264,1
815281,122053,0,342289,0
815335,122066,0,342303,1
815386,122074,0,342320,0
815436,122082,0,342337,1
815486,122091,0,342345,1
815537,122101,0,342358,1
815589,122111,0,342378,1
815640,122121,0,342403,0
815690,122128,0,342427,0
815740,122136,0,342448,0
815795,122141,0,342469,1
815845,122148,0,342484,0
815895,122153,0,342504,0
815948,122160,0,342525,0
815998,122167,0,342550,1
816051,122173,0,342577,1
816104,122185,0,342582,1
816155,122191,0,342610,1
816205,122197,0,342632,0
816258,122203,0,342668,0
816308,122209,0,342699,0
816360,122221,0,342721,1
816413,122229,0,342746,1
816466,122236,0,342771,1
816518,122247,0,342785,1
816570,122256,0,342802,1
816620,122266,0,342832,1
816671,122275,0,342845,0
816721,122284,0,342867,1
816776,122290,0,342887,1
816830,122298,0,342904,0
816880,122303,0,342931,0
816931,122307,0,342953,0
816981,122314,0,342974,0
817031,122319,0,342999,0
817082,122331,0,343025,0
817133,122339,0,343041,0
817190,122344,0,343057,1
817243,122350,0,343090,1
817295,122356,0,343115,1
817346,122367,0,343135,0
817398,122375,0,343158,0
817449,122383,0,343179,0
817499,122393,0,343197,0
817550,122403,0,343204,0
817601,122412,0,343230,1
817651,122422,0,343242,1
817701,122429,0,343254,0
817751,122437,0,343271,0
817801,122442,0,343300,0
817851,122449,0,343326,1
817901,122453,0,343360,0
817951,122460,0,343390,0
818003,122467,0,343406,0
818053,122473,0,343426,1
818105,122484,0,343440,1
818155,122490,0,343467,0
818207,122497,0,343489,0
818257,122503,0,343510,0
818307,122509,0,343541,1
818357,122520,0,343559,2
818408,122526,0,343580,0
818460,122533,0,343595,0
818511,122544,0,343666,0
818561,122555,0,343687,0
818613,122564,0,343711,1
818663,122575,0,343730,1
818713,122583,0,343752,1
818763,122588,0,343778,1
818815,122594,0,343800,1
818865,122601,0,343830,0
818918,122607,0,343857,1
818971,122612,0,343882,1
819022,122617,0,343909,0
819073,122628,0,343916,1
819126,122638,0,343936,1
819179,122643,0,343954,1
819229,122647,0,343976,0
819279,122653,0,344000,0
819330,122664,0,344026,1
819380,122673,0,344048,1
819434,122681,0,344075,0
819485,122689,0,344101,1
819536,122697,0,344119,1
819586,122710,0,344136,2
819637,122719,0,344154,1
819687,122726,0,344181,0
819737,122736,0,344194,1
819787,122740,0,344219,0
819837,122748,0,344234,0
819888,122753,0,344265,0
819950,122759,0,344277,1
820003,122767,0,344299,1
820054,122773,0,344314,1
820104,122783,0,344323,0
820155,122790,0,344335,0
820207,122797,0,344351,0
820257,122803,0,344384,1
820308,122809,0,344411,0
820363,122818,0,344421,1
820413,122826,0,344435,0
820463,122833,0,344448,0
820518,122844,0,344465,0
820568,122855,0,344475,1
820618,122865,0,344498,1
820668,122875,0,344520,1
820719,122881,0,344551,0
820771,122889,0,344569,1
820825,122895,0,344598,1
820877,122901,0,344621,0
820928,122907,0,344644,0
820980,122914,0,344709,1
821030,122917,0,344732,0
821082,122928,0,344754,0
821134,122939,0,344771,1
821186,122942,0,344798,0
821236,122947,0,344813,0
821286,122953,0,344845,0
821336,122964,0,344867,0
821387,122974,0,344898,0
821438,122981,0,344923,0
821488,122987,0,344942,1
821538,122996,0,344952,1
821588,123008,0,344961,1
821642,123018,0,344975,1
821693,123027,0,344990,1
821743,123036,0,345001,0
821794,123040,0,345028,0
821846,123048,0,345053,0
821896,123053,0,345079,0
821946,123058,0,345108,0
822001,123066,0,345123,0
822051,123072,0,345149,1
822113,123084,0,345166,1
822163,123090,0,345186,0
822216,123097,0,345206,0
822273,123103,0,345224,0
822323,123112,0,345240,1
822373,123121,0,345262,1
822424,123126,0,345285,0
822474,123133,0,345307,0
822526,123145,0,345315,0
822577,123156,0,345339,1
822628,123166,0,345376,0
822679,123175,0,345399,0
822729,123183,0,345416,0
822781,123189,0,345432,0
822831,123198,0,345451,2
822883,123201,0,345483,0
822933,123208,0,345511,1
822983,123214,0,345536,1
823033,123218,0,345618,1
823088,123227,0,345636,1
823140,123239,0,345653,0
823190,123243,0,345677,1
823240,123248,0,345699,1
823290,123253,0,345712,0
823340,123264,0,345734,0
823391,123274,0,345754,1
823442,123281,0,345780,0
823495,123288,0,345806,1
823545,123298,0,345820,1
823595,123310,0,345830,2
823647,123318,0,345847,1
823698,123327,0,345869,0
823749,123336,0,345883,0
823800,123341,0,345905,1
823850,123348,0,345931,0
823903,123353,0,345961,0
823954,123359,0,345972,1
824008,123367,0,345985,1
824059,123373,0,346003,0
824109,123383,0,346022,0
824160,123390,0,346041,0
824211,123396,0,346070,0
824263,123403,0,346090,2
824313,123409,0,346115,0
824363,123417,0,346142,0
824413,123426,0,346161,2
824466,123433,0,346176,0
824516,123444,0,346191,1
824568,123451,0,346206,1
824619,123464,0,346221,1
824672,123474,0,346248,1
824722,123482,0,346261,2
824781,123488,0,346275,1
824831,123498,0,346289,2
824881,123501,0,346313,0
824931,123507,0,346333,0
824984,123512,0,346365,1
825035,123518,0,346384,1
825086,123526,0,346404,0
825136,123538,0,346418,0
825186,123542,0,346441,0
825236,123547,0,346470,0
825287,123553,0,346497,0
825340,123564,0,346521,0
825390,123573,0,346536,1
825445,123581,0,346564,0
825499,123588,0,346588,1
825553,123598,0,346612,1
825604,123610,0,346624,1
825657,123620,0,346647,1
825707,123627,0,346668,0
825759,123637,0,346686,1
825809,123642,0,346699,1
825859,123648,0,346719,0
825909,123654,0,346741,1
825959,123659,0,346765,0
826010,123667,0,346773,1
826060,123672,0,346789,1
826113,123681,0,346808,1
826165,123690,0,346823,0
826217,123696,0,346850,1
826268,123703,0,346875,0
826322,123709,0,346900,0
826374,123719,0,346926,1
826431,123727,0,346945,1
826481,123735,0,346967,1
826533,123745,0,346992,0
826586,123755,0,347011,1
826638,123767,0,347026,0
826689,123775,0,347049,0
826740,123784,0,347062,0
826791,123790,0,347086,1
826843,123798,0,347109,0
826893,123803,0,347136,1
826943,123808,0,347165,0
826993,123813,0,347181,1
827044,123818,0,347207,1
827101,123827,0,347234,1
827152,123839,0,347253,0
827202,123843,0,347280,0
827252,123848,0,347304,0
827302,123855,0,347322,1
827359,123866,0,347336,1
827410,123874,0,347357,0
827461,123883,0,347385,0
827511,123890,0,347401,0
827563,123899,0,347424,1
827613,123912,0,347433,2
827665,123921,0,347450,1
827719,123928,0,347465,1
827770,123937,0,347486,0
827825,123943,0,347510,1
827875,123951,0,347533,1
827930,123956,0,347560,1
827980,123961,0,347642,0
828031,123967,0,347664,0
828084,123976,0,347679,1
828134,123986,0,347702,1
828184,123992,0,347737,0
828234,123997,0,347762,0
828285,124003,0,347781,0
828336,124012,0,347800,0
828388,124022,0,347827,0
828441,124028,0,347848,1
828492,124037,0,347865,1
828543,124045,0,347889,0
828593,124057,0,347911,1
828643,124067,0,347914,1
828694,124075,0,347941,0
828745,124083,0,347965,1
828798,124090,0,347982,1
828849,124098,0,348009,0
828899,124103,0,348034,0
828949,124108,0,348050,0
829000,124114,0,348073,1
829050,124119,0,348095,1
829100,124126,0,348119,0
829150,124139,0,348139,0
829200,124143,0,348163,0
829250,124148,0,348182,0
829300,124154,0,348206,0
829357,124165,0,348229,1
829407,124174,0,348247,0
829457,124182,0,348267,1
829508,124187,0,348292,0
829561,124197,0,348301,1
829612,124207,0,348329,0
829663,124220,0,348340,1
829714,124227,0,348369,0
829764,124237,0,348378,0
829815,124242,0,348412,2
829868,124249,0,348444,0
829919,124254,0,348459,1
829969,124259,0,348485,0
830020,124267,0,348494,1
830070,124272,0,348525,0
830124,124281,0,348545,1
830175,124291,0,348563,0
830229,124297,0,348580,1
830279,124303,0,348606,0
830331,124310,0,348633,0
830381,124318,0,348640,1
830433,124326,0,348665,0
830483,124335,0,348686,1
830533,124343,0,348708,2
830583,124353,0,348724,1
830633,124360,0,348746,0
830683,124375,0,348757,1
830735,124379,0,348782,1
830785,124387,0,348803,0
830835,124395,0,348831,1
830886,124401,0,348849,0
830936,124407,0,348875,1
830991,124411,0,348893,0
831041,124417,0,348918,0
831093,124426,0,348936,0
831145,124438,0,348955,1
831204,124443,0,348981,1
831255,124448,0,349006,0
831309,124455,0,349022,0
831362,124465,0,349035,1
831412,124474,0,349061,0
831465,124480,0,349083,1
831515,124487,0,349103,0
831565,124498,0,349126,1
831618,124508,0,349152,1
831670,124521,0,349162,1
831720,124527,0,349171,0
831771,124537,0,349190,0
831822,124542,0,349209,1
831872,124549,0,349224,0
831922,124554,0,349248,1
831975,124559,0,349276,0
832025,124567,0,349294,0
832075,124573,0,349316,0
832125,124580,0,349339,0
832175,124591,0,349364,1
832232,124597,0,349391,1
832282,124603,0,349419,0
832332,124610,0,349441,1
832383,124618,0,349474,1
832433,124626,0,349493,0
832483,124634,0,349510,1
832533,124642,0,349531,1
832583,124653,0,349545,1
832634,124659,0,349570,1
832684,124673,0,349589,0
832735,124678,0,349605,0
832785,124687,0,349625,0
832838,124693,0,349649,1
832889,124701,0,349681,0
832939,124707,0,349700,1
832989,124711,0,349726,1
833039,124717,0,349751,0
833092,124726,0,349766,0
833142,124734,0,349787,1
833192,124742,0,349805,0
833242,124747,0,349830,0
833292,124753,0,349888,0
833344,124763,0,349895,2
833396,124771,0,349907,1
833449,124777,0,349924,0
833501,124786,0,349938,1
833551,124795,0,349957,0
833605,124806,0,349966,1
833656,124817,0,349982,2
833706,124826,0,350011,1
833762,124833,0,350027,1
833821,124841,0,350037,1
833874,124849,0,350068,1
833924,124853,0,350101,0
833974,124859,0,350124,0
834027,124867,0,350142,1
834078,124873,0,350163,1
834130,124881,0,350182,1
834181,124891,0,350200,0
834231,124896,0,350212,0
834281,124902,0,350239,2
834331,124909,0,350266,1
834381,124917,0,350283,0
834436,124926,0,350306,1
834488,124934,0,350321,1
834541,124942,0,350340,1
834595,124954,0,350364,1
834645,124962,0,350385,1
834699,124975,0,350400,0
834749,124980,0,350425,0
834800,124988,0,350450,0
834851,124995,0,350468,1
834902,125002,0,350488,1
834952,125007,0,350516,0
835005,125012,0,350531,1
835057,125018,0,350598,0
835115,125026,0,350622,0
835165,125040,0,350630,0
835215,125044,0,350653,1
835266,125048,0,350682,0
835316,125054,0,350698,0
835366,125064,0,350714,0
835417,125074,0,350734,0
835467,125079,0,350753,0
835517,125087,0,350778,0
835571,125097,0,350798,1
835621,125108,0,350818,1
835672,125120,0,350835,2
835722,125127,0,350860,0
835772,125136,0,350880,1
835824,125141,0,350906,1
835874,125149,0,350925,1
835927,125153,0,350959,0
835977,125159,0,351000,0
836028,125167,0,351017,1
836078,125172,0,351034,0
836128,125179,0,351060,1
836180,125191,0,351072,0
836230,125196,0,351095,0
836281,125201,0,351123,1
836331,125208,0,351137,1
836381,125217,0,351158,0
836435,125225,0,351177,0
836486,125232,0,351201,1
836539,125239,0,351223,1
836590,125251,0,351234,0
836643,125260,0,351256,1
836693,125273,0,351260,1
836743,125278,0,351280,0
836795,125288,0,351291,1
836846,125294,0,351319,1
836897,125301,0,351338,0
836947,125307,0,351358,0
836997,125311,0,351386,1
837052,125317,0,351407,0
837106,125325,0,351425,1
837158,125335,0,351443,1
837212,125343,0,351460,0
837262,125348,0,351495,0
837312,125354,0,351526,0
837363,125363,0,351541,1
837415,125372,0,351566,1
837468,125379,0,351582,1
837521,125387,0,351599,0
837575,125397,0,351623,1
837625,125408,0,351640,1
837676,125419,0,351655,1
837729,125427,0,351677,0
837781,125436,0,351694,1
837832,125442,0,351717,0
837882,125451,0,351734,1
837932,125454,0,351761,1
837982,125459,0,351785,0
838033,125467,0,351799,1
838085,125471,0,351816,1
838135,125480,0,351834,0
838185,125492,0,351846,1
838236,125496,0,351881,0
838286,125502,0,351901,1
838336,125508,0,351923,2
838386,125518,0,351945,1
838437,125525,0,351965,0
838487,125532,0,351988,1
838537,125538,0,352004,0
838588,125550,0,352031,1
838639,125559,0,352053,1
838691,125572,0,352080,1
838743,125578,0,352107,0
838794,125587,0,352128,0
838854,125593,0,352150,1
838906,125601,0,352161,0
838958,125607,0,352188,0
839008,125612,0,352206,1
839059,125618,0,352229,0
839109,125626,0,352242,1
839161,125634,0,352253,1
839215,125643,0,352273,0
839265,125647,0,352301,0
839316,125654,0,352326,0
839367,125664,0,352354,2
839420,125671,0,352383,1
839473,125678,0,352403,0
839525,125688,0,352420,1
839575,125696,0,352442,0
839625,125707,0,352468,0
839675,125718,0,352484,1
839725,125727,0,352508,1
839775,125734,0,352541,1
839826,125741,0,352562,1
839878,125749,0,352583,1
839930,125753,0,352612,0
839980,125759,0,352627,0
840032,125765,0,352653,1
840082,125770,0,352677,2
840132,125779,0,352700,0
840183,125791,0,352722,0
840235,125796,0,352748,0
840285,125801,0,352765,0
840343,125807,0,352789,1
840396,125818,0,352798,1
840446,125826,0,352814,1
840497,125832,0,352833,1
840547,125839,0,352846,0
840597,125851,0,352861,2
840647,125860,0,352886,1
840697,125873,0,352905,0
840748,125878,0,352920,0
840798,125888,0,352939,0
840858,125893,0,352971,1
840908,125901,0,353000,0
840958,125907,0,353018,0
841009,125912,0,353036,1
841063,125918,0,353053,0
841115,125926,0,353069,1
841165,125934,0,353089,0
841216,125943,0,353106,0
841267,125948,0,353121,1
841317,125954,0,353138,0
841369,125961,0,353155,1
841419,125970,0,353176,0
841469,125978,0,353202,0
841520,125986,0,353226,0
841571,125996,0,353249,1
841622,126007,0,353257,0
841675,126015,0,353276,1
841725,126027,0,353287,1
841775,126033,0,353315,0
841828,126041,0,353331,1
841878,126049,0,353403,1
841928,126053,0,353434,0
841983,126059,0,353452,1
842035,126065,0,353468,1
842089,126070,0,353488,0
842139,126080,0,353500,1
842190,126092,0,353517,1
842241,126096,0,353536,0
842291,126102,0,353564,1
842342,126106,0,353581,0
842393,126117,0,353594,0
842449,126126,0,353618,1
842500,126132,0,353640,0
842550,126139,0,353662,0
842601,126150,0,353675,1
842651,126160,0,353684,0
842703,126174,0,353690,1
842755,126178,0,353713,0
842806,126188,0,353734,1
842856,126192,0,353757,0
842908,126201,0,353781,0
842959,126206,0,353798,1
843009,126211,0,353833,0
843060,126217,0,353861,0
843114,126225,0,353878,1
843165,126234,0,353893,1
843215,126243,0,353908,1
843265,126247,0,353929,0
843317,126254,0,353952,1
843367,126260,0,353967,2
843417,126270,0,353986,0
843469,126278,0,354000,1
843520,126286,0,354019,0
843572,126295,0,354037,1
843624,126307,0,354062,0
843674,126314,0,354076,1
843724,126326,0,354098,0
843775,126333,0,354110,2
843827,126340,0,354133,0
843882,126347,0,354147,1
843934,126353,0,354161,0
843984,126359,0,354181,1
844037,126365,0,354201,1
844089,126370,0,354232,0
844141,126380,0,354258,1
844191,126391,0,354277,2
844246,126396,0,354298,1
844297,126403,0,354321,1
844347,126406,0,354340,0
844399,126418,0,354350,1
844451,126426,0,354370,1
844501,126432,0,354395,1
844552,126440,0,354415,1
844602,126450,0,354428,1
844657,126460,0,354447,0
844709,126473,0,354461,1
844760,126478,0,354489,0
844810,126488,0,354507,0
844861,126492,0,354531,0
844913,126502,0,354554,1
844964,126507,0,354578,2
845014,126512,0,354604,1
845066,126518,0,354626,0
845118,126525,0,354652,1
845171,126535,0,354685,1
845221,126543,0,354767,0
845271,126548,0,354784,1
845321,126554,0,354808,0
845373,126558,0,354832,1
845424,126570,0,354844,0
845474,126578,0,354912,0
845524,126586,0,354936,0
845574,126595,0,354965,1
845624,126607,0,354984,0
845679,126613,0,355006,1
845729,126626,0,355013,1
845781,126633,0,355036,1
845833,126641,0,355050,1
845883,126646,0,355083,3
845933,126653,0,355097,0
845984,126659,0,355121,1
846036,126664,0,355148,1
846088,126670,0,355170,1
846142,126679,0,355202,1
846192,126691,0,355214,2
846245,126695,0,355237,0
846299,126703,0,355259,1
846349,126706,0,355284,0
846402,126717,0,355304,1
846452,126726,0,355315,1
846502,126732,0,355342,1
846554,126739,0,355372,0
846606,126749,0,355392,0
846659,126761,0,355412,1
846710,126773,0,355425,1
846764,126778,0,355447,0
846815,126788,0,355475,0
846865,126792,0,355515,0
846919,126802,0,355529,1
846974,126807,0,355547,1
847024,126812,0,355572,0
847074,126818,0,355599,0
847129,126826,0,355619,1
847180,126835,0,355631,1
847232,126844,0,355649,0
847283,126849,0,355665,1
847333,126854,0,355688,0
847385,126860,0,355710,1
847435,126872,0,355718,1
847485,126878,0,355737,0
847540,126888,0,355747,1
847590,126896,0,355769,0
847640,126908,0,355789,0
847691,126917,0,355811,2
847744,126927,0,355835,0
847796,126935,0,355858,1
847846,126942,0,355882,0
847898,126949,0,355900,1
847948,126954,0,355929,1
848000,126959,0,355948,0
848055,126967,0,355969,0
848108,126971,0,356004,1
848160,126982,0,356021,1
848210,126992,0,356043,0
848260,126996,0,356075,0
848311,127003,0,356093,0
848361,127006,0,356123,0
848414,127019,0,356146,0
848466,127027,0,356153,0
848517,127034,0,356172,1
848569,127042,0,356192,1
848622,127052,0,356216,1
848677,127062,0,356229,0
848727,127075,0,356249,0
848778,127080,0,356277,1
848828,127090,0,356304,1
848882,127093,0,356334,1
848932,127103,0,356408,0
848982,127108,0,356431,2
849033,127113,0,356448,1
849083,127118,0,356468,0
849133,127126,0,356483,1
849183,127135,0,356503,1
849235,127144,0,356522,0
849287,127149,0,356545,1
849340,127155,0,356568,1
849392,127160,0,356587,1
849443,127173,0,356601,0
849500,127179,0,356621,1
849552,127188,0,356644,1
849606,127198,0,356658,1
849657,127210,0,356671,1
849708,127221,0,356687,1
849761,127228,0,356704,0
849814,127237,0,356727,0
849867,127242,0,356752,0
849917,127251,0,356764,0
849967,127256,0,356785,1
850017,127262,0,356802,1
850068,127268,0,356828,0
850121,127272,0,356856,1
850172,127283,0,356881,0
850222,127292,0,356895,0
850273,127297,0,356917,1
850325,127304,0,356933,1
850376,127308,0,356971,1
850426,127320,0,356985,0
850477,127328,0,357003,1
850532,127335,0,357025,1
850582,127344,0,357048,1
850632,127352,0,357064,1
850683,127364,0,357080,1
850733,127375,0,357102,0
850785,127381,0,357127,1
850835,127390,0,357146,1
850888,127394,0,357179,0
850939,127403,0,357195,0
850989,127408,0,357216,2
851039,127413,0,357244,0
851090,127419,0,357261,1
851140,127427,0,357286,1
851192,127436,0,357297,1
851244,127445,0,357338,0
851295,127450,0,357366,0
851350,127456,0,357385,1
851400,127461,0,357456,1
851451,127474,0,357467,1
851502,127479,0,357495,1
851552,127487,0,357512,0
851602,127497,0,357529,0
851653,127508,0,357545,1
851703,127518,0,357562,1
851753,127528,0,357585,1
851806,127537,0,357605,0
851857,127542,0,357621,0
851909,127546,0,357638,1
851961,127555,0,357652,0
852011,127560,0,357673,1
852064,127567,0,357691,0
852115,127571,0,357715,0
852166,127582,0,357736,1
852216,127592,0,357758,2
852267,127596,0,357785,0
852317,127603,0,357805,0
852368,127607,0,357830,0
852421,127617,0,357851,1
852471,127627,0,357877,0
852521,127631,0,357899,1
852572,127640,0,357916,2
852622,127651,0,357935,1
852672,127662,0,357944,1
852723,127673,0,357962,1
852774,127678,0,357967,0
852824,127688,0,357982,1
852874,127692,0,358011,0
852924,127702,0,358028,1
852974,127706,0,358052,0
853024,127712,0,358077,0
853074,127718,0,358099,0
853128,127722,0,358118,1
853180,127733,0,358137,0
853230,127743,0,358162,0
853280,127748,0,358195,1
853335,127754,0,358217,1
853385,127758,0,358242,0
853435,127771,0,358256,0
853486,127778,0,358273,0
853538,127786,0,358300,1
853588,127795,0,358321,2
853640,127801,0,358341,0
853690,127814,0,358363,0
853740,127825,0,358385,0
853790,127831,0,358409,2
853841,127840,0,358425,1
853892,127844,0,358445,0
853943,127853,0,358468,0
853993,127857,0,358498,1
854043,127863,0,358530,0
854095,127869,0,358551,1
854146,127877,0,358569,0
854196,127885,0,358590,1
854247,127895,0,358597,0
854299,127900,0,358621,1
854350,127906,0,358641,1
854400,127911,0,358678,1
854452,127922,0,358697,1
854502,127929,0,358713,1
854556,127937,0,358732,0
854606,127947,0,358751,0
854656,127955,0,358770,1
854709,127968,0,358787,1
854759,127978,0,358808,0
854810,127987,0,358827,1
854860,127992,0,358847,0
854911,127996,0,358873,2
854963,128005,0,358887,0
855013,128009,0,358909,0
855063,128015,0,358922,0
855115,128021,0,358951,1
855167,128031,0,358968,1
855218,128040,0,358989,0
855268,128046,0,359011,1
855328,128052,0,359030,1
855381,128057,0,359052,0
855431,128071,0,359070,3
855484,128078,0,359076,1
855534,128084,0,359094,0
855585,128092,0,359120,1
855637,128101,0,359131,1
855687,128112,0,359153,0
855737,128125,0,359161,0
855790,128130,0,359183,1
855845,128140,0,359207,1
855898,128144,0,359222,1
855950,128153,0,359241,0
856005,128159,0,359256,0
856056,128163,0,359280,0
856109,128170,0,359306,0
856163,128180,0,359329,1
856213,128188,0,359344,1
856263,128195,0,359369,0
856313,128200,0,359399,0
856363,128206,0,359425,0
856413,128214,0,359447,1
856463,128222,0,359518,0
856515,128229,0,359531,0
856565,128237,0,359555,0
856616,128247,0,359571,0
856668,128257,0,359590,1
856722,128270,0,359607,1
856773,128278,0,359635,0
856823,128287,0,359656,0
856873,128292,0,359684,0
856923,128299,0,359703,0
856973,128305,0,359724,0
857023,128311,0,359748,0
857074,128317,0,359762,0
857124,128321,0,359785,0
857176,128331,0,359804,1
857227,128342,0,359813,2
857280,128347,0,359827,1
857330,128352,0,359856,1
857382,128357,0,359887,0
857434,128368,0,359911,1
857485,128377,0,359937,0
857536,128384,0,359966,0
857589,128392,0,359991,1
857646,128400,0,360002,1
857697,128413,0,360016,1
857748,128425,0,360030,0
857799,128432,0,360045,1
857852,128440,0,360058,1
857905,128444,0,360087,0
857955,128453,0,360098,0
858007,128459,0,360121,0
858058,128463,0,360145,0
858108,128470,0,360167,0
858163,128478,0,360194,1
858213,128488,0,360207,1
858263,128495,0,360223,0
858317,128500,0,360247,0
858368,128506,0,360273,1
858420,128515,0,360298,1
858475,128523,0,360320,1
858527,128531,0,360339,1
858577,128539,0,360364,1
858630,128548,0,360387,0
858689,128561,0,360395,1
858740,128575,0,360408,2
858790,128579,0,360428,0
858841,128589,0,360437,1
858893,128593,0,360476,0
858943,128603,0,360488,1
858993,128606,0,360507,0
859043,128613,0,360524,0
859093,128618,0,360546,0
859146,128624,0,360558,1
859196,128634,0,360576,0
859253,128645,0,360593,1
859303,128649,0,360664,1
859354,128654,0,360685,0
859404,128660,0,360707,1
859454,128672,0,360719,1
859505,128679,0,360743,1
859555,128687,0,360764,1
859606,128694,0,360781,1
859657,128701,0,360801,1
859707,128713,0,360833,0
859757,128726,0,360841,3
859808,128733,0,360858,1
859858,128742,0,360883,2
859910,128744,0,360916,0
859960,128754,0,360931,1
860011,128759,0,360957,0
860061,128763,0,360976,0
860111,128770,0,360996,0
860161,128777,0,361011,0
860212,128786,0,361037,1
860263,128795,0,361056,0
860313,128800,0,361087,0
860365,128805,0,361109,0
860416,128813,0,361129,1
860471,128822,0,361148,0
860521,128829,0,361175,0
860576,128838,0,361196,1
860626,128848,0,361220,1
860677,128858,0,361236,3
860727,128869,0,361263,1
860777,128878,0,361279,0
860827,128887,0,361300,0
860878,128892,0,361316,0
860935,128895,0,361342,1
860985,128906,0,361353,0
861038,128912,0,361366,1
861089,128918,0,361387,0
861140,128922,0,361413,1
861193,128933,0,361431,0
861243,128942,0,361450,0
861293,128948,0,361466,0
861343,128953,0,361483,0
861393,128958,0,361515,1
861443,128968,0,361543,1
861495,128975,0,361555,1
861545,128985,0,361571,1
861596,128993,0,361587,1
861649,128999,0,361616,0
861702,129013,0,361628,1
861755,129023,0,361641,1
861805,129030,0,361661,0
861855,129039,0,361680,0
861907,129044,0,361706,0
861958,129052,0,361724,1
862008,129059,0,361744,0
862063,129063,0,361771,0
862113,129070,0,361795,1
862167,129077,0,361808,1
862217,129088,0,361831,2
862267,129095,0,361862,0
862317,129100,0,361881,1
862367,129105,0,361905,0
862419,129112,0,361924,1
862469,129122,0,361944,0
862520,129129,0,361966,0
862578,129138,0,361987,1
862630,129148,0,362004,0
862680,129158,0,362016,2
862732,129168,0,362034,0
862782,129178,0,362050,0
862832,129187,0,362071,0
862883,129192,0,362100,0
862943,129195,0,362128,1
862995,129206,0,362145,0
863045,129212,0,362164,0
863097,129218,0,362188,0
863147,129222,0,362217,1
863197,129234,0,362223,0
863247,129242,0,362248,0
863299,129248,0,362270,0
863351,129254,0,362293,1
863401,129258,0,362313,0
863455,129269,0,362333,1
863506,129277,0,362355,1
863558,129286,0,362383,0
863608,129294,0,362407,1
863658,129299,0,362432,0
863708,129313,0,362449,0
863759,129323,0,362469,0
863809,129330,0,362496,0
863861,129340,0,362519,1
863911,129344,0,362549,1
863962,129353,0,362562,2
864014,129359,0,362590,0
864065,129363,0,362617,0
864119,129370,0,362632,1
864169,129377,0,362654,2
864224,129388,0,362672,0
864275,129395,0,362682,0
864326,129401,0,362711,1
864376,129406,0,362744,1
864434,129414,0,362760,1
864485,129422,0,362784,0
864539,129432,0,362802,1
864593,129440,0,362831,1
864644,129449,0,362858,0
864694,129460,0,362871,0
864744,129470,0,362890,2
864795,129479,0,362914,0
864845,129488,0,362943,0
864898,129493,0,362966,1
864948,129496,0,362983,0
864998,129506,0,362996,0
865048,129513,0,363070,1
865098,129518,0,363093,0
865148,129522,0,363173,1
865198,129534,0,363187,2
865248,129542,0,363211,0
865303,129548,0,363239,0
865353,129554,0,363257,1
865404,129558,0,363284,0
865454,129568,0,363302,0
865505,129575,0,363330,1
865556,129585,0,363351,0
865606,129593,0,363373,0
865659,129599,0,363391,0
865709,129613,0,363404,1
865762,129624,0,363422,1
865813,129631,0,363452,1
865863,129640,0,363466,1
865916,129644,0,363478,1
865967,129653,0,363496,1
866022,129659,0,363517,0
866072,129664,0,363539,0
866125,129670,0,363566,0
866180,129677,0,363594,1
866232,129688,0,363615,0
866283,129695,0,363632,0
866338,129702,0,363649,1
866389,129706,0,363675,0
866440,129714,0,363696,1
866490,129723,0,363714,1
866545,129732,0,363735,1
866596,129741,0,363753,2
866647,129749,0,363778,0
866697,129761,0,363837,2
866749,129771,0,363863,1
866807,129780,0,363883,1
866860,129789,0,363897,0
866910,129793,0,363922,0
866960,129799,0,363951,0
867010,129807,0,363962,0
867062,129813,0,363988,0
867112,129819,0,363998,0
867162,129825,0,364016,1
867212,129835,0,364045,0
867263,129845,0,364065,1
867313,129848,0,364086,0
867366,129854,0,364105,0
867417,129861,0,364128,1
867468,129872,0,364150,2
867520,129879,0,364174,1
867570,129887,0,364194,0
867620,129895,0,364209,1
867673,129901,0,364228,1
867724,129914,0,364243,1
867775,129925,0,364256,0
867826,129933,0,364277,1
867878,129941,0,364306,1
867929,129944,0,364335,0
867980,129954,0,364358,1
868030,129960,0,364376,1
868081,129964,0,364409,0
868132,129970,0,364436,0
868188,129977,0,364449,1
868239,129989,0,364469,0
868289,129995,0,364488,0
868341,130001,0,364507,0
868393,130006,0,364533,0
868445,130014,0,364548,1
868495,130024,0,364568,1
868547,130032,0,364584,1
868597,130041,0,364601,2
868649,130049,0,364620,0
868702,130060,0,364629,1
868754,130070,0,364651,1
868805,130079,0,364669,0
868855,130089,0,364685,1
868905,130093,0,364703,0
868955,130097,0,364730,1
869005,130106,0,364753,0
869057,130113,0,364771,0
869107,130119,0,364796,0
869158,130123,0,364819,1
869209,130132,0,364835,1
869259,130143,0,364839,1
869309,130148,0,364859,0
869359,130154,0,364880,1
869410,130158,0,364907,0
869462,130170,0,364925,1
869512,130174,0,364949,0
869564,130187,0,364967,1
869617,130194,0,364981,1
869672,130200,0,365005,1
869722,130213,0,365025,0
869772,130225,0,365042,1
869826,130232,0,365065,1
869877,130240,0,365088,0
869930,130244,0,365109,0
869980,130253,0,365125,1
870030,130260,0,365146,0
870084,130264,0,365174,0
870134,130270,0,365192,0
870186,130276,0,365209,0
870241,130289,0,365228,1
870292,130295,0,365251,0
870342,130301,0,365283,0
870394,130306,0,365305,0
870444,130313,0,365326,0
870494,130323,0,365347,1
870544,130331,0,365373,1
870595,130339,0,365395,1
870649,130349,0,365411,1
870699,130356,0,365434,1
870751,130369,0,365456,1
870804,130379,0,365470,0
870856,130388,0,365490,0
870906,130393,0,365513,1
870957,130397,0,365537,0
871009,130406,0,365553,0
871061,130413,0,365575,0
871112,130419,0,365601,0
871162,130424,0,365624,0
871213,130432,0,365648,1
871263,130443,0,365671,1
871313,130448,0,365706,0
871365,130454,0,365729,0
871416,130459,0,365752,0
871467,130470,0,365774,2
871518,130477,0,365799,1
871568,130487,0,365823,1
871620,130494,0,365847,1
871670,130499,0,365868,0
871720,130513,0,365887,2
871771,130523,0,365900,1
871821,130531,0,365916,0
871871,130540,0,365940,0
871921,130544,0,365964,1
871971,130550,0,365979,1
872027,130558,0,366002,1
872079,130564,0,366021,1
872132,130570,0,366052,0
872184,130576,0,366077,0
872237,130588,0,366100,0
872287,130595,0,366121,0
872338,130601,0,366143,0
872388,130606,0,366169,1
872438,130613,0,366194,0
872488,130622,0,366226,0
872540,130630,0,366245,0
872590,130637,0,366265,0
872640,130646,0,366283,0
872696,130655,0,366302,0
872749,130665,0,366322,1
872803,130679,0,366341,1
872854,130688,0,366365,1
872904,130692,0,366390,0
872954,130696,0,366415,1
873005,130706,0,366430,1
873056,130712,0,366453,2
873106,130719,0,366472,1
873158,130722,0,366499,1
873208,130731,0,366524,0
873260,130742,0,366537,0
873310,130748,0,366550,0
873364,130754,0,366566,1
873414,130758,0,366587,0
873464,130767,0,366604,1
873516,130775,0,366623,1
873567,130785,0,366651,1
873617,130793,0,366667,0
873670,130799,0,366685,0
873720,130808,0,366699,1
873773,130822,0,366708,0
873824,130830,0,366725,1
873875,130840,0,366750,0
873926,130844,0,366782,0
873979,130850,0,366808,1
874029,130858,0,366834,1
874079,130863,0,366866,0
874133,130870,0,366887,0
874183,130876,0,366898,1
874234,130887,0,366918,1
874284,130895,0,366937,0
874334,130901,0,366964,1
874388,130905,0,366979,1
874442,130913,0,367010,1
874493,130922,0,367022,0
874543,130930,0,367041,0
874594,130938,0,367071,1
874644,130946,0,367092,0
874695,130955,0,367116,1
874747,130964,0,367125,1
874798,130978,0,367138,0
874849,130986,0,367145,2
874900,130992,0,367155,0
874952,130995,0,367178,1
875012,131006,0,367189,1
875063,131013,0,367207,1
875113,131019,0,367229,0
875163,131022,0,367246,0
875213,131029,0,367262,2
875267,131041,0,367273,1
875317,131048,0,367290,0
875371,131054,0,367306,0
875423,131059,0,367328,1
875477,131068,0,367345,1
875530,131077,0,367371,1
875580,131087,0,367390,0
875630,131094,0,367418,0
875684,131100,0,367440,1
875734,131109,0,367461,0
875784,131125,0,367476,1
875836,131130,0,367495,0
875886,131140,0,367517,0
875938,131144,0,367547,0
875991,131153,0,367562,1
876042,131160,0,367577,0
876092,131165,0,367603,1
876157,131171,0,367626,1
876213,131178,0,367649,1
876266,131190,0,367668,0
876316,131198,0,367685,0
876366,131204,0,367712,0
876416,131208,0,367741,0
876466,131215,0,367757,0
876517,131224,0,367771,0
876568,131234,0,367797,1
876620,131243,0,367825,0
876670,131249,0,367851,0
876720,131257,0,367873,1
876770,131271,0,367893,2
876823,131279,0,367911,0
876874,131290,0,367925,0
876925,131294,0,367953,0
876975,131298,0,367988,1
877025,131306,0,368017,0
877075,131313,0,368035,0
877129,131319,0,368056,0
877185,131325,0,368086,1
877241,131336,0,368099,1
877297,131345,0,368123,0
877349,131352,0,368145,1
877399,131356,0,368166,1
877449,131363,0,368183,1
877503,131372,0,368204,0
877554,131381,0,368219,1
877607,131390,0,368247,1
877662,131398,0,368267,1
877713,131405,0,368294,0
877763,131417,0,368312,1
877815,131429,0,368321,1
877866,131438,0,368350,1
877917,131443,0,368365,0
877971,131447,0,368390,0
878022,131456,0,368408,0
878073,131463,0,368429,0
878125,131469,0,368457,0
878175,131474,0,368476,0
878225,131481,0,368492,2
878276,131492,0,368506,1
878328,131499,0,368522,1
878378,131504,0,368542,0
878428,131509,0,368563,0
878483,131516,0,368587,1
878533,131526,0,368608,0
878583,131537,0,368625,0
878633,131544,0,368651,1
878684,131549,0,368674,0
878734,131559,0,368695,0
878784,131573,0,368708,1
878839,131580,0,368731,0
878889,131590,0,368752,0
878939,131594,0,368779,0
878989,131602,0,368793,2
879040,131609,0,368817,1
879093,131615,0,368835,1
879143,131620,0,368852,0
879194,131626,0,368881,1
879245,131637,0,368907,1
879297,131645,0,368926,0
879347,131651,0,368950,0
879401,131656,0,368973,1
879451,131663,0,368991,1
879501,131672,0,369007,0
879551,131680,0,369077,0
879602,131689,0,369092,1
879654,131697,0,369111,0
879704,131705,0,369127,1
879754,131713,0,369144,1
879805,131728,0,369165,1
879857,131732,0,369185,1
879910,131742,0,369201,0
879961,131745,0,369231,0
880014,131755,0,369245,0
880064,131760,0,369263,0
880117,131767,0,369287,1
880169,131773,0,369303,1
880220,131778,0,369328,1
880270,131791,0,369348,1
880320,131798,0,369371,0
880373,131804,0,369388,0
880424,131808,0,369411,1
880475,131815,0,369428,0
880525,131825,0,369448,0
880577,131835,0,369465,1
880627,131843,0,369481,0
880682,131849,0,369509,0
880732,131858,0,369527,1
880783,131870,0,369542,2
880834,131880,0,369560,1
880885,131890,0,369580,0
880935,131894,0,369607,0
880987,131898,0,369631,0
881037,131908,0,369643,1
881091,131914,0,369671,0
881141,131920,0,369696,0
881192,131925,0,369717,1
881247,131935,0,369727,1
881297,131945,0,369743,1
881348,131951,0,369762,0
881402,131956,0,369782,1
881453,131962,0,369803,1
881506,131972,0,369828,0
881556,131980,0,369851,1
881606,131989,0,369866,1
881668,131998,0,369880,1
881719,132005,0,369902,0
881769,132016,0,369915,1
881819,132029,0,369936,1
881872,132037,0,369956,1
881923,132043,0,369973,0
881973,132046,0,369995,0
882023,132056,0,370016,0
882073,132062,0,370072,1
882124,132067,0,370113,1
882179,132074,0,370136,1
882233,132078,0,370162,1
882283,132091,0,370184,0
882337,132099,0,370199,1
882388,132104,0,370221,0
882440,132109,0,370239,0
882493,132117,0,370254,1
882546,132127,0,370264,1
882596,132137,0,370277,0
882649,132146,0,370300,1
882699,132153,0,370319,2
882750,132161,0,370348,1
882800,132175,0,370361,1
882850,132180,0,370381,0
882902,132191,0,370405,0
882953,132194,0,370431,0
883003,132204,0,370447,1
883053,132210,0,370462,1
883105,132215,0,370492,0
883155,132220,0,370524,0
883206,132227,0,370544,1
883259,132238,0,370560,2
883312,132247,0,370591,0
883362,132252,0,370609,0
883413,132256,0,370639,0
883464,132264,0,370674,0
883515,132271,0,370700,2
883567,132280,0,370716,1
883617,132290,0,370724,1
883667,132297,0,370743,0
883717,132305,0,370803,0
883767,132314,0,370835,2
883819,132328,0,370841,1
883873,132335,0,370866,1
883924,132342,0,370891,0
883974,132346,0,370924,0
884027,132356,0,370935,0
884082,132363,0,370956,1
884133,132369,0,370979,1
884185,132374,0,371000,0
884235,132378,0,371029,1
884285,132391,0,371043,0
884336,132398,0,371071,0
884387,132404,0,371087,0
884438,132409,0,371114,1
884491,132416,0,371143,0
884545,132426,0,371161,0
884595,132437,0,371176,0
884645,132445,0,371196,2
884695,132450,0,371219,1
884747,132460,0,371239,1
884798,132473,0,371259,1
884851,132481,0,371319,1
884901,132491,0,371331,0
884954,132494,0,371360,0
885004,132500,0,371380,0
885055,132510,0,371399,0
885106,132515,0,371427,0
885158,132520,0,371452,0
885208,132526,0,371479,0
885258,132535,0,371505,0
885308,132545,0,371529,1
885359,132552,0,371555,1
885410,132556,0,371574,0
885463,132564,0,371594,0
885513,132569,0,371608,1
885565,132579,0,371629,0
885615,132589,0,371642,1
885670,132597,0,371667,0
885720,132605,0,371684,0
885770,132614,0,371707,1
885821,132628,0,371721,1
885871,132633,0,371749,1
885921,132642,0,371766,0
885971,132646,0,371801,1
886021,132654,0,371823,1
886072,132661,0,371841,1
886122,132666,0,371874,0
886174,132672,0,371900,1
886225,132677,0,371931,0
886276,132690,0,371946,1
886329,132698,0,371962,0
886379,132704,0,371987,0
886429,132708,0,372020,1
886480,132715,0,372044,0
886530,132724,0,372064,0
886582,132731,0,372091,0
886634,132742,0,372111,1
886685,132749,0,372131,0
886735,132756,0,372145,1
886787,132768,0,372155,0
886838,132780,0,372178,1
886893,132788,0,372198,1
886947,132794,0,372271,0
886999,132799,0,372299,1
887049,132808,0,372320,1
887099,132815,0,372350,1
887149,132820,0,372370,0
887200,132825,0,372390,1
887251,132833,0,372405,3
887303,132844,0,372422,1
887356,132851,0,372449,0
887407,132856,0,372481,1
887458,132862,0,372504,1
887509,132868,0,372522,1
887561,132879,0,372539,1
887611,132888,0,372557,0
887661,132897,0,372582,0
887714,132903,0,372604,1
887766,132912,0,372615,1
887816,132927,0,372627,1
887867,132932,0,372650,1
887919,132941,0,372670,0
887970,132945,0,372699,1
888025,132954,0,372717,1
888076,132961,0,372745,1
888127,132966,0,372780,0
888194,132971,0,372803,1
888245,132980,0,372819,1
888297,132992,0,372844,1
888348,132999,0,372863,1
888401,133004,0,372888,0
888453,133010,0,372903,0
888503,133017,0,372914,0
888553,133027,0,372931,1
888603,133035,0,372952,3
888656,133046,0,372962,1
888707,133051,0,372989,1
888757,133060,0,373013,1
888810,133073,0,373027,1
888861,133081,0,373042,0
888911,133091,0,373060,0
888961,133094,0,373076,0
889012,133100,0,373102,0
889063,133110,0,373121,0
889115,133115,0,373150,0
889168,133120,0,373175,0
889218,133126,0,373210,0
889268,133137,0,373228,1
889324,133148,0,373244,1
889375,133153,0,373262,1
889426,133157,0,373288,1
889481,133163,0,373309,1
889537,133174,0,373324,1
889592,133181,0,373339,0
889642,133193,0,373364,1
889694,133199,0,373388,0
889745,133207,0,373417,1
889796,133219,0,373440,1
889847,133230,0,373450,1
889897,133237,0,373477,0
889951,133244,0,373500,1
890001,133249,0,373571,1
890053,133258,0,373591,1
890103,133265,0,373617,0
890153,133270,0,373645,1
890204,133275,0,373677,2
890256,133282,0,373705,2
890306,133293,0,373724,1
890356,133300,0,373745,1
890409,133305,0,373767,1
890461,133310,0,373782,0
890512,133317,0,373809,0
890562,133329,0,373831,2
890613,133335,0,373857,1
890664,133347,0,373867,0
890714,133352,0,373885,1
890769,133361,0,373906,0
890820,133375,0,373922,1
890870,133382,0,373949,1
890920,133391,0,373977,0
890972,133395,0,374003,1
891022,133403,0,374027,1
891076,133411,0,374043,1
891135,133417,0,374068,1
891187,133420,0,374089,0
891238,133427,0,374119,0
891290,133441,0,374138,0
891340,133448,0,374210,0
891391,133454,0,374234,0
891443,133458,0,374246,1
891496,133465,0,374260,0
891547,133475,0,374282,0
891598,133481,0,374305,0
891652,133492,0,374321,1
891702,133499,0,374343,0
891757,133509,0,374363,1
891808,133520,0,374391,0
891858,133531,0,374415,0
891908,133539,0,374436,1
891958,133544,0,374457,0
892012,133550,0,374478,0
892062,133559,0,374508,1
892116,133565,0,374536,0
892167,133570,0,374555,0
892219,133576,0,374577,0
892269,133587,0,374597,2
892321,133595,0,374621,1
892372,133602,0,374639,1
892422,133606,0,374663,1
892475,133612,0,374681,1
892526,133618,0,374700,1
892576,133629,0,374726,0
892627,133639,0,374750,0
892677,133647,0,374783,0
892727,133653,0,374799,0
892778,133663,0,374814,1
892828,133678,0,374825,2
892878,133683,0,374846,1
892930,133692,0,374867,0
892982,133697,0,374898,0
893032,133704,0,374917,1
893083,133711,0,374940,1
893133,133716,0,374959,0
893185,133720,0,374983,0
893235,133727,0,375003,0
893287,133740,0,375013,1
893337,133748,0,375030,0
893388,133754,0,375053,0
893439,133757,0,375075,0
893492,133763,0,375089,1
893545,133775,0,375102,1
893597,133781,0,375132,0
893651,133791,0,375144,0
893703,133799,0,375170,0
893753,133808,0,375191,0
893803,133817,0,375208,1
893853,133830,0,375217,1
893904,133837,0,375241,0
893954,133844,0,375270,1
894004,133849,0,375290,1
894055,133857,0,375313,0
894106,133865,0,375330,0
894157,133869,0,375360,0
894208,133873,0,375392,1
894260,133879,0,375420,1
894310,133893,0,375440,0
894360,133899,0,375467,0
894410,133904,0,375494,0
894467,133910,0,375511,1
894517,133917,0,375534,0
894569,133929,0,375558,1
894620,133934,0,375582,0
894670,133944,0,375594,1
894721,133951,0,375615,1
894771,133961,0,375636,0
894821,133972,0,375652,0
894871,133981,0,375666,0
894923,133991,0,375688,1
894973,133995,0,375707,1
895024,134002,0,375729,0
895075,134010,0,375751,0
895125,134015,0,375770,0
895176,134020,0,375791,0
895228,134026,0,375870,0
895279,134034,0,375885,1
895330,134046,0,375908,1
895380,134052,0,375927,0
895431,134056,0,375949,1
895481,134062,0,375976,0
895532,134069,0,375986,1
895582,134079,0,376007,0
895632,134087,0,376033,2
895682,134097,0,376058,0
895732,134104,0,376076,1
895784,134113,0,376092,0
895834,134125,0,376106,2
895884,134133,0,376130,0
895935,134142,0,376152,0
895985,134147,0,376180,1
896037,134154,0,376202,1
896087,134160,0,376223,0
896137,134166,0,376246,0
896188,134170,0,376273,0
896238,134177,0,376294,0
896289,134187,0,376311,2
896346,134198,0,376333,0
896396,134204,0,376354,0
896448,134208,0,376387,1
896499,134213,0,376419,1
896549,134225,0,376441,1
896599,134231,0,376460,1
896649,134241,0,376471,1
896701,134249,0,376496,0
896751,134256,0,376513,1
896801,134265,0,376540,0
896851,134279,0,376553,1
896902,134287,0,376562,1
896952,134293,0,376594,0
897002,134298,0,376630,0
897052,134307,0,376647,1
897103,134312,0,376667,0
897154,134319,0,376684,0
897206,134322,0,376709,1
897258,134328,0,376723,0
897310,134342,0,376741,1
897366,134349,0,376774,1
897420,134354,0,376798,0
897471,134360,0,376822,0
897521,134366,0,376835,2
897582,134379,0,376855,0
897635,134386,0,376881,1
897685,134397,0,376897,0
897736,134403,0,376919,1
897787,134413,0,376942,0
897837,134425,0,376955,2
897890,134434,0,376970,1
897941,134442,0,376986,0
897993,134447,0,377016,0
898043,134454,0,377038,1
898093,134461,0,377062,1
898148,134467,0,377087,1
898202,134470,0,377113,0
898256,134478,0,377132,0
898307,134491,0,377144,0
898361,134498,0,377163,0
898414,134504,0,377183,0
898464,134509,0,377205,0
898516,134514,0,377228,0
898566,134528,0,377240,1
898616,134532,0,377267,1
898666,134542,0,377275,1
898718,134550,0,377290,1
898770,134561,0,377311,0
898821,134570,0,377333,2
898871,134579,0,377352,0
898924,134590,0,377369,1
898974,134595,0,377403,1
899031,134603,0,377424,1
899081,134610,0,377453,0
899133,134616,0,377475,1
899183,134620,0,377506,0
899234,134624,0,377529,0
899284,134633,0,377545,1
899334,134644,0,377558,0
899385,134652,0,377582,0
899437,134656,0,377606,0
899489,134662,0,377627,0
899540,134668,0,377648,1
899597,134680,0,377671,1
899647,134689,0,377693,1
899701,134698,0,377751,1
899751,134705,0,377764,1
899801,134715,0,377790,1
899855,134726,0,377807,1
899905,134736,0,377824,1
899955,134743,0,377853,0
900007,134748,0,377873,0
900060,134755,0,377895,1
900110,134763,0,377917,0
900161,134769,0,377948,0
900214,134772,0,377964,1
900265,134779,0,377980,1
900315,134793,0,377997,3
900373,134799,0,378010,1
900424,134805,0,378028,1
900474,134809,0,378054,0
900524,134816,0,378083,1
900574,134828,0,378100,1
900629,134833,0,378115,1
900682,134844,0,378139,0
900733,134851,0,378161,0
900788,134863,0,378176,0
900838,134873,0,378189,1
900889,134883,0,378203,1
900939,134892,0,378224,0
900989,134896,0,378247,1
901039,134903,0,378264,1
901089,134910,0,378291,0
901140,134916,0,378309,0
901190,134920,0,378334,0
901240,134925,0,378358,1
901292,134935,0,378372,1
901345,134946,0,378391,1
901395,134952,0,378419,0
901445,134956,0,378446,0
901500,134962,0,378467,0
901550,134971,0,378476,2
901601,134981,0,378484,1
901652,134989,0,378510,1
901702,134998,0,378530,1
901752,135004,0,378555,1
901802,135015,0,378566,2
901857,135026,0,378581,1
901908,135036,0,378595,0
901959,135043,0,378614,0
902011,135048,0,378634,0
902063,135056,0,378655,1
902117,135063,0,378665,0
902170,135070,0,378680,1
902221,135073,0,378701,1
902274,135079,0,378731,0
902326,135094,0,378745,1
902381,135099,0,378764,1
902433,135105,0,378795,0
902484,135112,0,378813,1
902534,135117,0,378835,2
902586,135126,0,378856,0
902637,135135,0,378876,0
902689,135145,0,378887,1
902739,135152,0,378910,1
902792,135163,0,378930,0
902843,135173,0,378938,1
902894,135183,0,378962,0
902946,135192,0,378977,0
902996,135197,0,379002,0
903046,135204,0,379024,1
903096,135210,0,379054,0
903151,135216,0,379072,0
903201,135220,0,379097,0
903251,135227,0,379113,2
903301,135235,0,379131,2
903352,135246,0,379152,0
903402,135253,0,379224,1
903457,135257,0,379245,1
903508,135262,0,379263,0
903559,135270,0,379274,1
903611,135281,0,379292,0
903662,135289,0,379311,0
903712,135299,0,379332,0
903762,135306,0,379349,1
903820,135316,0,379367,1
903870,135329,0,379382,0
903921,135336,0,379401,1
903971,135344,0,379424,0
904021,135350,0,379442,0
904074,135357,0,379466,0
904124,135364,0,379485,1
904176,135370,0,379512,0
904234,135374,0,379543,1
904284,135381,0,379564,0
904334,135394,0,379583,0
904384,135400,0,379614,1
904434,135405,0,379634,0
904485,135411,0,379650,1
904543,135417,0,379678,1
904595,135427,0,379696,0
904645,135436,0,379722,1
904701,135446,0,379745,1
904753,135453,0,379768,1
904803,135463,0,379786,0
904856,135475,0,379804,0
904906,135484,0,379826,0
904960,135493,0,379848,0
905013,135498,0,379865,0
905063,135505,0,379896,1
905114,135513,0,379907,1
905165,135518,0,379928,1
905216,135522,0,379948,1
905267,135528,0,379971,0
905317,135539,0,379985,1
905371,135548,0,380007,0
905421,135554,0,380033,0
905471,135559,0,380057,0
905523,135563,0,380085,1
905573,135574,0,380145,2
905623,135582,0,380165,1
905674,135589,0,380197,0
905724,135600,0,380213,1
905775,135607,0,380239,0
905825,135616,0,380258,1
905876,135629,0,380276,0
905926,135638,0,380302,1
905976,135644,0,380330,0
906026,135650,0,380349,0
906081,135658,0,380367,1
906131,135665,0,380385,0
906181,135670,0,380413,0
906232,135673,0,380430,0
906282,135681,0,380449,1
906334,135694,0,380471,0
906384,135700,0,380503,1
906437,135705,0,380523,0
906487,135711,0,380538,1
906537,135716,0,380561,0
906591,135726,0,380581,1
906642,135735,0,380647,0
906692,135744,0,380671,0
906742,135751,0,380697,0
906792,135761,0,380711,1
906842,135772,0,380733,3
906893,135781,0,380743,1
906944,135790,0,380769,0
906998,135796,0,380786,1
907050,135803,0,380804,0
907101,135810,0,380827,0
907154,135816,0,380849,0
907206,135820,0,380879,0
907263,135827,0,380896,1
907314,135837,0,380911,1
907365,135848,0,380922,0
907415,135854,0,380957,0
907467,135858,0,380990,1
907522,135862,0,381014,0
907574,135871,0,381038,1
907624,135882,0,381064,1
907676,135889,0,381083,0
907726,135900,0,381107,1
907776,135907,0,381124,0
907827,135916,0,381143,0
907879,135929,0,381161,1
907931,135939,0,381177,1
907982,135944,0,381202,0
908032,135951,0,381234,0
908082,135957,0,381245,1
908134,135964,0,381253,1
908186,135970,0,381276,0
908238,135974,0,381292,1
908293,135982,0,381302,1
908346,135994,0,381320,0
908396,136001,0,381336,1
908447,136005,0,381361,0
908497,136012,0,381381,1
908548,136017,0,381406,1
908598,136027,0,381421,1
908649,136036,0,381445,0
908699,136045,0,381461,0
908750,136052,0,381481,0
908800,136062,0,381505,2
908850,136074,0,381525,4
908901,136082,0,381542,1
908951,136092,0,381559,1
909001,136096,0,381592,0
909051,136103,0,381620,1
909101,136110,0,381638,1
909151,136116,0,381669,0
909201,136120,0,381686,0
909251,136124,0,381700,0
909302,136132,0,381721,1
909354,136145,0,381729,1
909405,136153,0,381749,2
909456,136156,0,381778,0
909508,136162,0,381798,0
909562,136168,0,381817,0
909612,136181,0,381832,0
909662,136188,0,381857,1
909713,136198,0,381880,0
909766,136204,0,381906,1
909818,136215,0,381927,1
909870,136226,0,381947,1
909922,136235,0,381960,0
909976,136244,0,381970,0
910026,136249,0,382002,1
910078,136255,0,382024,1
910132,136263,0,382041,0
910184,136268,0,382057,1
910234,136273,0,382086,0
910284,136280,0,382114,1
910336,136290,0,382140,1
910387,136299,0,382163,0
910439,136305,0,382187,0
910491,136310,0,382213,0
910541,136315,0,382229,1
910591,136323,0,382246,1
910641,136334,0,382262,1
910692,136344,0,382277,1
910742,136350,0,382302,0
910792,136359,0,382325,1
910847,136368,0,382336,1
910897,136381,0,382395,1
910951,136390,0,382408,1
911002,136396,0,382430,1
911059,136403,0,382461,1
911111,136410,0,382478,0
911162,136416,0,382500,0
911213,136420,0,382529,0
911267,136425,0,382554,1
911317,136437,0,382569,1
911367,136447,0,382592,0
911418,136454,0,382614,0
911469,136457,0,382644,0
911521,136462,0,382660,0
911571,136469,0,382683,1
911623,136481,0,382713,0
911676,136489,0,382720,0
911727,136499,0,382728,0
911777,136506,0,382749,2
911828,136516,0,382763,1
911878,136528,0,382783,2
911932,136535,0,382798,1
911982,136544,0,382813,0
912034,136550,0,382847,1
912088,136556,0,382865,1
912139,136564,0,382893,0
912189,136570,0,382917,3
912239,136573,0,382945,0
912290,136581,0,382974,1
912340,136592,0,382983,2
912390,136599,0,383009,0
912441,136605,0,383028,0
912491,136609,0,383065,1
912541,136615,0,383081,1
912593,136623,0,383105,1
912643,136632,0,383122,0
912693,136642,0,383145,1
912744,136650,0,383168,0
912797,136658,0,383180,1
912847,136667,0,383209,0
912897,136680,0,383223,0
912949,136689,0,383240,1
913000,136695,0,383264,0
913050,136702,0,383289,0
913100,136709,0,383314,1
913155,136716,0,383338,1
913205,136720,0,383366,0
913255,136724,0,383392,0
913305,136731,0,383415,0
913355,136744,0,383436,0
913409,136751,0,383464,1
913460,136756,0,383482,0
913515,136762,0,383502,0
913565,136768,0,383523,0
913616,136779,0,383532,0
913668,136788,0,383548,1
913719,136798,0,383564,1
913771,136804,0,383583,1
913823,136814,0,383607,0
913873,136824,0,383632,3
913923,136834,0,383655,0
913973,136843,0,383671,1
914025,136848,0,383692,0
914075,136854,0,383715,0
914126,136862,0,383737,1
914177,136867,0,383769,0
914227,136871,0,383793,0
914279,136877,0,383815,1
914330,136887,0,383828,1
914380,136898,0,383842,0
914432,136904,0,383871,0
914482,136907,0,383900,0
914535,136913,0,383915,1
914585,136922,0,383940,1
914639,136931,0,383973,0
914692,136941,0,383993,1
914743,136950,0,384007,0
914793,136957,0,384038,0
914843,136967,0,384054,1
914897,136980,0,384066,1
914948,136986,0,384082,1
914999,136995,0,384106,0
915051,137002,0,384134,1
915101,137009,0,384160,2
915154,137015,0,384183,0
915205,137020,0,384208,0
915255,137024,0,384232,0
915305,137031,0,384256,1
915356,137043,0,384278,0
915409,137051,0,384302,1
915460,137056,0,384317,0
915510,137061,0,384338,1
915560,137068,0,384355,1
915610,137077,0,384378,2
915660,137087,0,384400,2
915711,137096,0,384416,3
915761,137102,0,384438,0
915814,137111,0,384457,1
915864,137119,0,384469,1
915919,137132,0,384483,1
915971,137142,0,384509,0
916021,137148,0,384533,0
916071,137154,0,384550,1
916123,137161,0,384578,1
916175,137167,0,384600,1
916225,137171,0,384626,1
916276,137175,0,384646,0
916333,137186,0,384663,1
916384,137198,0,384678,0
916435,137204,0,384700,0
916485,137207,0,384723,0
916535,137212,0,384743,0
916588,137222,0,384760,1
916638,137231,0,384783,0
916688,137240,0,384806,0
916740,137249,0,384827,0
916790,137257,0,384845,1
916842,137266,0,384868,0
916892,137275,0,384890,1
916942,137285,0,384906,1
916994,137294,0,384927,0
917044,137300,0,384952,1
917094,137307,0,384969,1
917144,137312,0,384984,0
917196,137318,0,384992,1
917246,137323,0,385011,0
917296,137328,0,385039,0
917346,137341,0,385054,1
917398,137349,0,385063,0
917450,137355,0,385086,0
917501,137359,0,385103,1
917552,137365,0,385130,1
917602,137374,0,385150,1
917652,137384,0,385169,1
917703,137392,0,385228,0
917755,137400,0,385255,0
917806,137408,0,385274,1
917858,137418,0,385287,0
917909,137430,0,385305,1
917960,137437,0,385330,1
918010,137446,0,385354,1
918060,137452,0,385377,0
918118,137459,0,385400,1
918169,137466,0,385425,1
918219,137470,0,385450,0
918270,137475,0,385479,1
918321,137483,0,385507,1
918376,137495,0,385525,1
918426,137501,0,385556,0
918477,137507,0,385574,1
918529,137512,0,385597,0
918586,137519,0,385628,1
918636,137531,0,385648,0
918687,137539,0,385673,0
918737,137549,0,385685,0
918792,137557,0,385715,1
918842,137566,0,385732,0
918892,137574,0,385754,0
918942,137585,0,385777,1
918994,137594,0,385797,0
919050,137600,0,385821,1
919100,137607,0,385852,0
919150,137613,0,385873,1
919202,137619,0,385892,1
919257,137624,0,385915,1
919310,137631,0,385935,1
919360,137643,0,385958,1
919411,137650,0,385983,0
919467,137656,0,386001,0
919518,137661,0,386031,0
919570,137668,0,386049,0
919620,137677,0,386072,1
919672,137687,0,386103,1
919723,137695,0,386125,1
919773,137703,0,386199,0
919823,137711,0,386221,1
919873,137720,0,386244,0
919923,137732,0,386269,0
919973,137740,0,386289,1
920024,137748,0,386315,1
920076,137753,0,386341,0
920130,137760,0,386365,0
920180,137767,0,386399,0
920232,137770,0,386425,0
920283,137776,0,386449,0
920336,137786,0,386468,1
920387,137797,0,386481,1
920437,137802,0,386500,0
920489,137807,0,386523,0
920540,137812,0,386552,0
920590,137820,0,386569,2
920640,137831,0,386591,0
920691,137840,0,386622,0
920744,137850,0,386644,1
920794,137857,0,386668,1
920846,137866,0,386686,0
920900,137875,0,386710,1
920952,137885,0,386732,0
921003,137895,0,386754,1
921054,137901,0,386782,1
921105,137908,0,386806,0
921156,137913,0,386829,1
921206,137919,0,386853,1
921257,137924,0,386871,1
921307,137930,0,386890,1
921360,137942,0,386909,1
921411,137950,0,386935,1
921465,137956,0,386962,0
921519,137961,0,386992,1
921569,137967,0,387028,0
921619,137974,0,387046,0
921669,137986,0,387068,0
921729,137994,0,387090,1
921779,138003,0,387117,0
921840,138011,0,387140,1
921890,138024,0,387159,1
921940,138033,0,387170,0
921990,138042,0,387177,2
922040,138049,0,387204,0
922093,138054,0,387230,1
922143,138061,0,387247,1
922198,138067,0,387263,0
922249,138073,0,387282,1
922302,138078,0,387351,0
922352,138091,0,387371,2
922403,138099,0,387385,1
922455,138105,0,387405,1
922507,138109,0,387426,1
922557,138115,0,387453,1
922607,138121,0,387468,1
922657,138133,0,387495,0
922711,138142,0,387521,0
922761,138151,0,387542,1
922811,138158,0,387567,0
922861,138167,0,387581,0
922913,138179,0,387601,1
922964,138186,0,387627,1
923015,138196,0,387649,1
923065,138202,0,387673,0
923119,138209,0,387693,1
923169,138215,0,387711,0
923219,138220,0,387734,0
923270,138224,0,387756,0
923320,138231,0,387780,0
923372,138241,0,387784,1
923422,138250,0,387805,0
923472,138256,0,387828,0
923525,138261,0,387845,0
923577,138268,0,387858,1
923627,138275,0,387894,1
923678,138287,0,387912,0
923728,138293,0,387926,0
923778,138303,0,387989,1
923828,138310,0,388014,0
923879,138320,0,388031,1
923931,138333,0,388048,1
923981,138339,0,388066,1
924032,138348,0,388084,0
924083,138353,0,388102,0
924137,138360,0,388121,0
924188,138367,0,388141,1
924238,138370,0,388172,0
924290,138377,0,388192,1
924342,138383,0,388221,1
924395,138396,0,388230,1
924446,138403,0,388249,1
924497,138408,0,388273,1
924547,138412,0,388296,0
924599,138418,0,388323,0
924650,138428,0,388381,1
924701,138440,0,388395,0
924753,138450,0,388417,1
924804,138457,0,388433,1
924854,138465,0,388460,2
924904,138474,0,388522,0
924955,138485,0,388547,1
925007,138493,0,388566,0
925060,138501,0,388591,1
925116,138508,0,388661,1
925168,138515,0,388682,1
925218,138520,0,388698,0
925269,138524,0,388716,0
925319,138531,0,388734,1
925377,138541,0,388742,1
925428,138550,0,388756,0
925478,138556,0,388771,0
925530,138562,0,388794,1
925582,138568,0,388816,0
925632,138574,0,388833,1
925682,138587,0,388853,0
925735,138593,0,388880,0
925785,138603,0,388897,0
925838,138610,0,388913,0
925891,138622,0,388937,1
925942,138633,0,388957,0
925992,138639,0,388977,0
926043,138649,0,388992,0
926096,138653,0,389016,0
926148,138660,0,389039,0
926198,138667,0,389057,0
926250,138671,0,389079,0
926306,138679,0,389102,1
926358,138685,0,389114,1
926409,138699,0,389128,3
926460,138704,0,389145,0
926510,138708,0,389172,0
926561,138715,0,389204,1
926615,138718,0,389230,0
926665,138733,0,389251,1
926715,138742,0,389275,0
926765,138750,0,389320,0
926816,138758,0,389361,0
926866,138767,0,389383,0
926918,138776,0,389400,1
926968,138786,0,389427,1
927018,138795,0,389448,1
927068,138802,0,389473,0
927120,138808,0,389496,0
927170,138815,0,389511,0
927221,138820,0,389526,0
927271,138824,0,389556,0
927321,138830,0,389575,0
927372,138838,0,389602,1
927424,138850,0,389629,0
927476,138856,0,389652,0
927527,138860,0,389676,1
927577,138867,0,389697,1
927629,138870,0,389719,0
927679,138885,0,389728,0
927730,138893,0,389754,0
927780,138903,0,389778,1
927835,138910,0,389795,0
927885,138920,0,389857,1
927935,138933,0,389874,0
927992,138939,0,389899,0
928042,138949,0,389932,0
928093,138953,0,389961,0
928144,138960,0,389980,0
928194,138966,0,390002,1
928245,138970,0,390022,0
928295,138977,0,390046,1
928345,138983,0,390073,1
928395,138994,0,390089,1
928447,139001,0,390108,0
928500,139008,0,390126,1
928551,139013,0,390149,1
928603,139018,0,390167,0
928654,139027,0,390199,1
928704,139040,0,390222,0
928754,139048,0,390247,0
928807,139057,0,390274,1
928858,139062,0,390299,1
928909,139074,0,390315,0
928959,139085,0,390327,1
929011,139093,0,390353,1
929061,139100,0,390372,0
929111,139104,0,390397,1
929162,139112,0,390411,0
929213,139118,0,390430,0
929263,139123,0,390458,0
929313,139130,0,390479,0
929364,139135,0,390511,1
929415,139149,0,390524,2
929465,139154,0,390547,0
929516,139158,0,390576,0
929566,139163,0,390597,0
929617,139168,0,390623,0
929668,139181,0,390652,1
929722,139193,0,390682,1
929772,139201,0,390698,0
929827,139209,0,390716,1
929878,139218,0,390741,1
929928,139228,0,390764,1
929980,139238,0,390786,1
930031,139246,0,390812,0
930084,139252,0,390837,0
930138,139260,0,390856,1
930188,139265,0,390887,0
930238,139270,0,390909,0
930289,139275,0,390936,1
930341,139282,0,390955,1
930391,139291,0,390973,1
930441,139300,0,390997,0
930492,139306,0,391014,0
930542,139312,0,391034,0
930596,139318,0,391060,0
930646,139324,0,391084,1
930701,139340,0,391092,1
930753,139347,0,391115,1
930804,139356,0,391135,2
930858,139361,0,391154,1
930910,139374,0,391163,0
930962,139385,0,391184,1
931013,139392,0,391206,1
931064,139400,0,391226,0
931114,139405,0,391252,2
931165,139413,0,391276,1
931215,139418,0,391308,0
931265,139423,0,391322,0
931315,139429,0,391340,1
931366,139435,0,391360,1
931417,139447,0,391373,1
931467,139454,0,391399,1
931518,139458,0,391418,0
931569,139463,0,391442,0
931619,139468,0,391465,0
931671,139480,0,391479,1
931721,139492,0,391497,0
931771,139501,0,391518,1
931821,139508,0,391547,0
931878,139515,0,391573,1
931929,139527,0,391598,2
931979,139537,0,391617,1
932029,139544,0,391636,0
932082,139552,0,391660,0
932134,139558,0,391687,1
932184,139565,0,391702,0
932234,139570,0,391730,0
932284,139574,0,391752,0
932335,139581,0,391775,0
932388,139590,0,391801,0
932442,139600,0,391815,0
932496,139606,0,391836,0
932547,139612,0,391860,0
932597,139618,0,391881,0
932648,139623,0,391908,1
932699,139639,0,391926,2
932749,139645,0,391949,2
932799,139653,0,391970,0
932849,139660,0,391987,0
932899,139671,0,392005,1
932950,139682,0,392026,1
933003,139690,0,392057,0
933057,139699,0,392073,0
933107,139703,0,392098,0
933159,139710,0,392120,0
933209,139717,0,392145,0
933259,139721,0,392155,1
933310,139728,0,392178,0
933363,139734,0,392205,1
933413,139745,0,392225,2
933463,139753,0,392290,1
933514,139758,0,392314,0
933568,139763,0,392344,0
933621,139768,0,392372,0
933673,139779,0,392387,1
933726,139793,0,392400,1
933777,139801,0,392416,0
933827,139808,0,392438,0
933880,139815,0,392474,1
933931,139826,0,392497,1
933983,139837,0,392510,0
934034,139845,0,392533,1
934084,139852,0,392549,0
934134,139857,0,392567,1
934188,139864,0,392587,1
934238,139870,0,392609,0
934288,139874,0,392628,0
934340,139881,0,392650,0
934391,139890,0,392674,0
934442,139900,0,392680,1
934492,139906,0,392707,0
934543,139912,0,392723,0
934594,139918,0,392742,0
934644,139922,0,392769,1
934699,139934,0,392781,1
934756,139944,0,392798,1
934809,139954,0,392811,1
934859,139961,0,392838,1
934909,139972,0,392850,1
934959,139983,0,392875,0
935012,139991,0,392897,1
935064,140000,0,392916,1
935114,140004,0,392939,1
935165,140012,0,392957,1
935215,140017,0,392989,0
935265,140021,0,393013,1
935315,140028,0,393027,0
935365,140034,0,393037,1
935415,140044,0,393059,2
935467,140053,0,393077,0
935518,140058,0,393100,0
935569,140063,0,393116,0
935621,140068,0,393133,0
935672,140076,0,393152,0
935728,140093,0,393165,1
935778,140101,0,393185,1
935829,140108,0,393212,0
935879,140114,0,393235,0
935929,140125,0,393246,0
935979,140136,0,393262,1
936030,140144,0,393291,1
936080,140152,0,393309,0
936130,140156,0,393327,0
936180,140163,0,393350,0
936230,140170,0,393379,0
936280,140173,0,393407,0
936332,140180,0,393435,0
936386,140188,0,393461,1
936437,140198,0,393488,1
936488,140206,0,393513,0
936539,140210,0,393541,0
936589,140216,0,393573,1
936640,140218,0,393593,0
936690,140229,0,393611,2
936743,140243,0,393618,0
936796,140253,0,393645,0
936848,140260,0,393655,0
936903,140270,0,393664,1
936953,140281,0,393683,1
937003,140289,0,393707,0
937055,140299,0,393727,0
937105,140303,0,393755,0
937159,140310,0,393775,0
937213,140317,0,393841,0
937264,140321,0,393860,1
937314,140328,0,393885,0
937364,140333,0,393906,0
937414,140342,0,393923,2
937471,140353,0,393941,1
937521,140358,0,393964,0
937579,140364,0,393987,1
937629,140368,0,394013,0
937682,140376,0,394037,0
937732,140393,0,394060,2
937782,140401,0,394083,0
937832,140408,0,394107,0
937883,140413,0,394133,0
937934,140427,0,394150,1
937987,140437,0,394175,0
938037,140444,0,394195,0
938088,140452,0,394215,0
938138,140458,0,394241,1
938188,140463,0,394260,0
938238,140470,0,394281,0
938288,140474,0,394305,0
938338,140481,0,394329,1
938391,140489,0,394354,1
938442,140499,0,394372,1
938493,140506,0,394394,0
938545,140512,0,394415,1
938597,140517,0,394442,1
938648,140521,0,394459,1
938698,140532,0,394490,1
938748,140543,0,394506,0
938801,140553,0,394523,0
938852,140560,0,394549,0
938903,140569,0,394575,1
938958,140580,0,394599,1
939009,140590,0,394614,0
939062,140599,0,394635,1
939112,140603,0,394660,0
939162,140610,0,394687,0
939212,140617,0,394700,1
939263,140620,0,394735,0
939313,140627,0,394746,1
939365,140633,0,394769,0
939415,140642,0,394778,2
939465,140651,0,394792,1
939516,140657,0,394816,0
939568,140663,0,394839,1
939619,140668,0,394856,0
939669,140675,0,394880,1
939720,140686,0,394899,2
939771,140695,0,394920,1
939821,140704,0,394938,0
939871,140710,0,395008,0
939921,140723,0,395018,0
939973,140734,0,395035,2
940024,140742,0,395051,0
940076,140751,0,395072,0
940126,140756,0,395102,0
940176,140762,0,395132,1
940226,140769,0,395151,1
940277,140772,0,395174,1
940328,140780,0,395194,0
940379,140785,0,395214,1
940430,140795,0,395231,1
940485,140805,0,395255,1
940536,140810,0,395283,1
940587,140815,0,395310,0
940640,140818,0,395339,0
940694,140828,0,395353,1
940744,140840,0,395373,1
940795,140852,0,395395,2
940845,140858,0,395427,0
940896,140864,0,395446,1
940952,140878,0,395456,1
941003,140889,0,395478,0
941055,140896,0,395490,0
941110,140903,0,395508,1
941161,140909,0,395525,1
941211,140916,0,395544,1
941263,140920,0,395570,0
941313,140927,0,395599,1
941363,140933,0,395631,1
941415,140940,0,395655,0
941468,140951,0,395672,1
941519,140957,0,395693,0
941569,140963,0,395710,0
941619,140968,0,395735,0
941669,140974,0,395754,0
941720,140985,0,395767,1
941770,140994,0,395789,0
941822,141005,0,395812,1
941872,141010,0,395830,0
941923,141021,0,395844,1
941973,141034,0,395855,4
942023,141041,0,395881,0
942074,141050,0,395889,1
942124,141055,0,395917,2
942175,141060,0,395938,0
942225,141068,0,395962,1
942277,141071,0,395991,0
942328,141080,0,396014,0
942378,141084,0,396045,0
942428,141094,0,396061,0
942479,141103,0,396078,0
942530,141108,0,396099,0
942580,141113,0,396120,0
942630,141118,0,396141,0
942686,141126,0,396162,0
942736,141137,0,396180,0
942786,141148,0,396193,0
942838,141158,0,396230,0
942888,141163,0,396259,0
942940,141176,0,396275,1
942990,141187,0,396282,1
943041,141192,0,396309,0
943093,141202,0,396323,0
943143,141208,0,396342,2
943193,141213,0,396362,0
943243,141220,0,396385,0
943293,141224,0,396406,1
943354,141231,0,396426,1
943404,141239,0,396446,0
943456,141250,0,396467,1
943510,141257,0,396493,1
943560,141262,0,396517,0
943612,141268,0,396535,1
943662,141272,0,396569,0
943712,141278,0,396593,0
943762,141293,0,396609,0
943812,141303,0,396626,0
943864,141310,0,396640,0
943914,141319,0,396670,2
943964,141328,0,396683,1
944014,141339,0,396696,0
944066,141346,0,396713,0
944118,141353,0,396737,0
944174,141360,0,396757,1
944226,141368,0,396778,1
944276,141371,0,396802,0
944327,141380,0,396820,1
944377,141384,0,396843,0
944427,141392,0,396863,0
944478,141402,0,396876,1
944528,141408,0,396900,0
944580,141413,0,396920,0
944630,141418,0,396956,0
944680,141426,0,396980,0
944734,141437,0,396990,0
944788,141447,0,397008,1
944844,141458,0,397028,0
944897,141463,0,397046,0
944947,141476,0,397061,0
944998,141487,0,397079,1
945048,141492,0,397100,0
945101,141502,0,397123,0
945152,141508,0,397147,0
945203,141514,0,397159,0
945253,141520,0,397187,0
945303,141524,0,397213,0
945354,141530,0,397237,0
945405,141539,0,397258,0
945455,141549,0,397284,0
945509,141556,0,397302,0
945559,141562,0,397373,0
945609,141567,0,397394,0
945659,141570,0,397423,1
945711,141578,0,397443,0
945764,141592,0,397455,1
945814,141603,0,397475,0
945864,141610,0,397492,0
945914,141616,0,397508,0
945964,141628,0,397530,1
946014,141639,0,397554,0
946064,141646,0,397571,0
946114,141653,0,397598,0
946164,141658,0,397632,0
946214,141666,0,397657,0
946264,141670,0,397686,0
946315,141676,0,397706,0
946366,141682,0,397721,0
946416,141690,0,397747,0
946466,141700,0,397769,0
946517,141707,0,397795,0
946567,141712,0,397813,0
946618,141718,0,397828,0
946668,141724,0,397858,3
946719,141730,0,397888,1
946772,141744,0,397902,1
946822,141753,0,397922,0
946878,141760,0,397938,0
946934,141770,0,397947,1
946988,141782,0,397969,1
947038,141792,0,397974,0
947088,141801,0,397986,1
947138,141806,0,398010,0
947193,141811,0,398035,1
947243,141820,0,398052,1
947296,141824,0,398080,0
947346,141830,0,398093,0
947404,141838,0,398102,1
947454,141848,0,398126,1
947507,141856,0,398138,0
947560,141862,0,398161,0
947610,141867,0,398185,0
947664,141871,0,398207,1
947714,141879,0,398230,1
947766,141892,0,398246,1
947816,141903,0,398263,1
947866,141910,0,398277,0
947918,141916,0,398302,1
947969,141928,0,398317,0
948021,141938,0,398336,1
948071,141946,0,398352,0
948121,141953,0,398385,0
948180,141959,0,398404,1
948230,141967,0,398425,1
948280,141971,0,398436,1
948331,141977,0,398460,0
948386,141984,0,398480,1
948438,141994,0,398505,0
948492,142003,0,398529,0
948543,142009,0,398545,1
948600,142014,0,398568,1
948652,142018,0,398593,0
948704,142027,0,398611,0
948754,142040,0,398630,1
948807,142048,0,398646,0
948857,142058,0,398661,0
948907,142064,0,398681,0
948957,142077,0,398703,3
949007,142083,0,398727,1
949057,142094,0,398740,1
949119,142103,0,398762,1
949171,142108,0,398787,0
949221,142116,0,398809,0
949272,142120,0,398840,0
949323,142127,0,398860,1
949373,142133,0,398895,2
949423,142140,0,398914,0
949473,142150,0,398931,0
949526,142157,0,398958,0
949586,142163,0,398976,0
949636,142168,0,398997,0
949686,142175,0,399012,1
949738,142182,0,399034,1
949792,142195,0,399050,1
949842,142205,0,399069,0
949895,142212,0,399089,1
949945,142222,0,399102,1
949995,142232,0,399123,0
950045,142242,0,399144,0
950097,142252,0,399158,1
950148,142257,0,399189,1
950200,142262,0,399209,1
950250,142270,0,399237,1
950300,142274,0,399268,0
950350,142280,0,399296,0
950401,142287,0,399324,0
950452,142296,0,399355,1
950504,142306,0,399376,0
950556,142310,0,399396,1
950614,142316,0,399416,1
950665,142320,0,399447,1
950717,142328,0,399471,0
950768,142342,0,399486,1
950819,142352,0,399508,0
950870,142360,0,399517,1
950922,142366,0,399535,1
950973,142379,0,399545,1
951024,142386,0,399567,0
951076,142396,0,399588,1
951127,142403,0,399607,0
951177,142408,0,399625,0
951228,142416,0,399651,0
951278,142420,0,399667,0
951328,142427,0,399687,0
951378,142433,0,399710,0
951438,142442,0,399728,1
951489,142452,0,399743,1
951539,142458,0,399770,0
951589,142463,0,399796,0
951639,142468,0,399820,0
951689,142476,0,399847,1
951739,142481,0,399871,0
951789,142494,0,399894,0
951839,142505,0,399908,1
951889,142511,0,399929,0
951941,142519,0,399950,0
951991,142531,0,399964,0
952041,142541,0,399988,3
952091,142548,0,400016,1
952143,142555,0,400040,1
952194,142560,0,400066,1
952248,142568,0,400093,0
952301,142574,0,400121,1
952351,142579,0,400146,1
952403,142587,0,400169,0
952454,142596,0,400188,1
952508,142606,0,400217,0
952558,142610,0,400245,1
952609,142615,0,400270,1
952659,142619,0,400298,1
952709,142628,0,400313,1
952760,142640,0,400347,2
952810,142647,0,400360,1
952862,142658,0,400372,0
952913,142664,0,400399,0
952969,142674,0,400411,1
953022,142685,0,400433,1
953075,142695,0,400453,0
953125,142703,0,400477,0
953175,142708,0,400506,0
953227,142716,0,400524,0
953279,142720,0,400553,0
953331,142727,0,400571,0
953386,142734,0,400591,1
953436,142741,0,400610,0
953488,142751,0,400678,0
953542,142758,0,400705,0
953592,142763,0,400728,0
953643,142768,0,400755,0
953693,142776,0,400777,0
953743,142782,0,400800,1
953794,142794,0,400817,0
953844,142806,0,400827,2
953894,142811,0,400862,0
953945,142818,0,400880,1
953997,142832,0,400906,1
954048,142841,0,400927,0
954099,142850,0,400949,1
954149,142856,0,400969,1
954199,142861,0,400990,1
954250,142869,0,401008,1
954304,142874,0,401031,1
954357,142880,0,401051,1
954407,142887,0,401068,0
954457,142896,0,401090,1
954508,142906,0,401104,0
954559,142909,0,401128,1
954613,142915,0,401146,1
954663,142919,0,401166,0
954715,142927,0,401182,1
954765,142937,0,401203,1
954815,142948,0,401228,1
954867,142959,0,401249,1
954917,142964,0,401266,0
954969,142974,0,401285,1
955020,142984,0,401313,0
955071,142995,0,401378,0
955121,143002,0,401399,0
955173,143008,0,401418,0
955224,143015,0,401449,1
955274,143020,0,401473,0
955324,143026,0,401488,0
955376,143031,0,401506,0
955426,143039,0,401528,2
955477,143050,0,401540,1
955527,143057,0,401564,0
955579,143063,0,401586,1
955634,143068,0,401606,1
955686,143070,0,401626,1
955737,143081,0,401644,1
955794,143092,0,401657,1
955845,143104,0,401672,1
955897,143111,0,401693,0
955947,143118,0,401715,1
955997,143131,0,401732,0
956049,143140,0,401752,1
956099,143149,0,401768,1
956152,143155,0,401783,1
956204,143161,0,401810,1
956257,143170,0,401827,0
956307,143174,0,401853,1
956358,143178,0,401883,1
956408,143187,0,401902,1
956463,143196,0,401922,1
956516,143205,0,401936,1
956567,143210,0,401955,1
956618,143215,0,401982,0
956668,143219,0,402002,0
956724,143227,0,402025,1
956776,143237,0,402041,0
956831,143249,0,402053,1
956881,143259,0,402069,0
956932,143265,0,402093,1
956986,143277,0,402108,1
957043,143288,0,402124,1
957100,143298,0,402144,1
957150,143304,0,402156,0
957203,143310,0,402174,0
957254,143319,0,402195,1
957309,143324,0,402222,1
957360,143328,0,402246,1
957411,143337,0,402258,2
957462,143345,0,402275,0
957512,143354,0,402302,0
957563,143359,0,402327,1
957613,143364,0,402350,1
957669,143369,0,402373,1
957722,143376,0,402390,0
957773,143387,0,402404,1
957823,143398,0,402426,0
957873,143409,0,402444,0
957925,143414,0,402465,0
957980,143424,0,402480,1
958034,143437,0,402495,1
958089,143444,0,402517,1
958139,143453,0,402524,2
958191,143458,0,402551,0
958241,143467,0,402568,1
958291,143470,0,402603,0
958344,143477,0,402622,0
958396,143484,0,402654,0
958446,143492,0,402681,0
958498,143501,0,402701,0
958548,143508,0,402719,0
958599,143513,0,402736,0
958650,143518,0,402763,0
958700,143524,0,402782,2
958752,143531,0,402807,1
958804,143544,0,402822,0
958855,143554,0,402837,0
958906,143562,0,402856,0
958957,143569,0,402881,0
959008,143582,0,402888,0
959058,143590,0,402905,2
959110,143598,0,402919,1
959163,143605,0,402939,1
959215,143612,0,402959,1
959265,143620,0,402981,0
959315,143624,0,403008,0
959368,143628,0,403034,1
959419,143637,0,403053,0
959470,143647,0,403070,0
959520,143655,0,403090,0
959570,143659,0,403117,1
959621,143665,0,403130,0
959671,143668,0,403157,0
959721,143676,0,403169,0
959771,143686,0,403186,0
959821,143696,0,403206,0
959872,143709,0,403224,1
959922,143714,0,403251,1
959972,143723,0,403274,0
960024,143732,0,403298,0
960074,143743,0,403307,1
960124,143750,0,403323,0
960174,143758,0,403347,1
960224,143764,0,403365,1
960275,143770,0,403385,0
960328,143776,0,403411,1
960379,143781,0,403439,0
960429,143787,0,403462,0
960482,143800,0,403484,2
960533,143807,0,403502,0
960583,143812,0,403523,1
960633,143816,0,403547,1
960683,143819,0,403573,0
960739,143829,0,403589,1
960789,143840,0,403602,1
960839,143849,0,403618,0
960896,143860,0,403634,1
960946,143867,0,403649,1
961002,143877,0,403659,1
961055,143888,0,403684,0
961108,143897,0,403709,1
961158,143904,0,403728,0
961212,143911,0,403752,1
961262,143920,0,403765,1
961312,143924,0,403788,2
961362,143927,0,403818,0
961412,143936,0,403838,1
961462,143944,0,403851,1
961513,143953,0,403878,0
961568,143958,0,403904,0
961618,143964,0,403935,1
961668,143968,0,404005,0
961718,143976,0,404025,1
961771,143985,0,404038,0
961822,143996,0,404049,0
961872,144007,0,404064,1
961924,144013,0,404086,0
961975,144023,0,404105,0
962027,144033,0,404120,1
962078,144043,0,404139,0
962131,144051,0,404164,1
962182,144058,0,404237,0
962232,144065,0,404257,2
962282,144070,0,404281,0
962332,144076,0,404302,1
962382,144081,0,404321,0
962432,144087,0,404350,0
962483,144099,0,404373,2
962542,144107,0,404397,0
962592,144113,0,404426,1
962642,144117,0,404459,0
962692,144119,0,404479,0
962747,144129,0,404499,0
962797,144140,0,404522,1
962848,144149,0,404539,0
962898,144160,0,404546,1
962948,144167,0,404568,0
962998,144175,0,404587,0
963048,144186,0,404600,1
963098,144194,0,404630,0
963148,144203,0,404656,0
963198,144208,0,404689,0
963248,144217,0,404703,1
963299,144220,0,404726,0
963349,144227,0,404752,0
963401,144233,0,404776,0
963451,144241,0,404791,0
963501,144251,0,404806,1
963552,144258,0,404837,0
963605,144263,0,404866,0
963655,144268,0,404890,0
963705,144272,0,404914,1
963755,144281,0,404937,1
963805,144291,0,404955,1
963855,144302,0,404972,1
963909,144311,0,404985,0
963959,144319,0,405009,2
964015,144328,0,405015,1
964065,144340,0,405030,1
964123,144348,0,405049,1
964174,144357,0,405065,0
964229,144361,0,405088,0
964280,144370,0,405103,0
964331,144376,0,405129,1
964382,144381,0,405155,1
964434,144387,0,405178,0
964485,144398,0,405191,1
964536,144406,0,405208,1
964588,144412,0,405239,1
964638,144417,0,405262,2
964689,144419,0,405289,0
964739,144428,0,405306,0
964789,144437,0,405322,1
964839,144449,0,405345,0
964889,144459,0,405362,0
964939,144465,0,405389,0
964989,144472,0,405405,1
965039,144484,0,405426,0
965094,144493,0,405445,0
965146,144503,0,405467,1
965197,144508,0,405487,0
965247,144516,0,405509,1
965300,144520,0,405527,0
965351,144527,0,405544,1
965404,144533,0,405565,1
965454,144540,0,405585,1
965505,144551,0,405610,0
965559,144558,0,405634,0
965610,144563,0,405660,0
965662,144568,0,405684,0
965712,144573,0,405705,2
965762,144580,0,405722,1
965812,144592,0,405739,1
965863,144603,0,405757,1
965914,144611,0,405770,0
965964,144619,0,405791,0
966015,144628,0,405812,1
966065,144640,0,405825,3
966115,144647,0,405848,0
966165,144654,0,405877,0
966215,144660,0,405893,0
966265,144669,0,405903,1
966317,144672,0,405931,0
966370,144677,0,405955,0
966420,144687,0,405967,1
966470,144694,0,405994,0
966520,144703,0,406007,0
966572,144708,0,406025,0
966623,144714,0,406047,0
966675,144718,0,406072,0
966726,144726,0,406099,1
966776,144735,0,406114,2
966826,144744,0,406133,0
966885,144756,0,406148,1
966939,144764,0,406177,1
966989,144771,0,406199,0
967039,144784,0,406222,1
967092,144793,0,406234,0
967143,144802,0,406247,2
967196,144808,0,406276,0
967246,144812,0,406300,0
967296,144820,0,406320,0
967346,144826,0,406347,0
967396,144831,0,406370,0
967446,144839,0,406395,1
967498,144850,0,406414,0
967551,144857,0,406441,0
967604,144863,0,406464,0
967654,144868,0,406482,1
967707,144870,0,406502,1
967758,144879,0,406524,0
967810,144890,0,406543,0
967861,144900,0,406560,1
967911,144911,0,406578,0
967965,144918,0,406601,1
968016,144927,0,406623,0
968066,144938,0,406645,1
968118,144947,0,406720,1
968171,144954,0,406744,0
968221,144961,0,406770,1
968275,144968,0,406789,1
968325,144972,0,406804,0
968376,144977,0,406828,0
968427,144987,0,406849,0
968478,144995,0,406863,1
968530,145004,0,406886,1
968583,145009,0,406900,1
968633,145014,0,406915,0
968684,145019,0,406943,1
968735,145026,0,406964,0
968786,145036,0,406976,0
968839,145047,0,406994,1
968893,145058,0,407009,1
968943,145064,0,407031,1
968993,145071,0,407054,0
969043,145084,0,407071,1
969093,145093,0,407097,0
969145,145100,0,407117,1
969196,145108,0,407141,0
969247,145112,0,407165,0
969301,145120,0,407189,0
969355,145126,0,407224,0
969405,145132,0,407250,0
969455,145139,0,407274,0
969507,145151,0,407289,1
969557,145158,0,407323,1
969610,145163,0,407349,0
969662,145168,0,407357,0
969713,145171,0,407373,1
969765,145179,0,407391,0
969815,145192,0,407407,2
969865,145200,0,407422,1
969916,145211,0,407446,0
969969,145219,0,407466,1
970019,145227,0,407476,1
970071,145239,0,407501,1
970123,145246,0,407517,1
970173,145254,0,407528,0
970224,145261,0,407542,1
970274,145267,0,407570,1
970324,145272,0,407586,1
970376,145277,0,407610,0
970427,145287,0,407628,0
970483,145294,0,407647,0
970533,145305,0,407666,2
970584,145309,0,407694,1
970636,145314,0,407711,1
970686,145319,0,407730,0
970736,145326,0,407755,0
970786,145336,0,407782,1
970837,145345,0,407796,0
970889,145357,0,407807,1
970942,145364,0,407829,1
970993,145371,0,407858,1
971043,145383,0,407883,1
971096,145393,0,407900,1
971146,145400,0,407916,1
971197,145408,0,407944,0
971248,145412,0,407969,0
971299,145420,0,407985,0
971349,145426,0,408014,0
971400,145430,0,408032,2
971455,145439,0,408051,1
971507,145450,0,408072,0
971559,145458,0,408098,1
971611,145463,0,408130,0
971663,145468,0,408155,0
971713,145471,0,408183,1
971763,145479,0,408204,0
971817,145491,0,408219,1
971868,145500,0,408233,0
971918,145511,0,408260,0
971970,145518,0,408275,1
972023,145528,0,408302,1
972073,145538,0,408321,0
972124,145545,0,408341,1
972183,145555,0,408365,1
972236,145561,0,408394,0
972287,145570,0,408417,1
972341,145574,0,408441,0
972394,145578,0,408467,0
972445,145588,0,408481,1
972497,145599,0,408500,1
972551,145606,0,408530,1
972601,145611,0,408549,1
972654,145616,0,408572,1
972706,145619,0,408600,0
972757,145629,0,408614,0
972809,145638,0,408638,1
972860,145649,0,408664,0
972910,145661,0,408692,1
972960,145666,0,408719,0
973011,145674,0,408730,1
973064,145686,0,408795,1
973117,145693,0,408819,0
973168,145704,0,408833,1
973219,145709,0,408857,1
973271,145713,0,408887,1
973321,145720,0,408917,0
973373,145727,0,408938,0
973425,145735,0,408972,1
973475,145743,0,408991,0
973526,145753,0,409017,0
973576,145758,0,409035,0
973626,145763,0,409066,0
973676,145768,0,409092,0
973726,145772,0,409115,1
973777,145781,0,409183,1
973829,145791,0,409196,1
973881,145800,0,409209,0
973932,145811,0,409228,0
973983,145820,0,409245,1
974036,145830,0,409265,0
974086,145842,0,409280,1
974143,145847,0,409293,1
974193,145856,0,409311,1
974243,145861,0,409337,0
974294,145870,0,409363,0
974344,145875,0,409384,1
974398,145879,0,409410,1
974450,145888,0,409421,0
974500,145898,0,409433,1
974552,145906,0,409450,1
974602,145911,0,409473,1
974652,145915,0,409502,0
974703,145919,0,409529,0
974753,145929,0,409554,3
974803,145936,0,409576,0
974854,145947,0,409589,1
974906,145959,0,409599,1
974956,145966,0,409616,1
975006,145973,0,409644,1
975062,145985,0,409706,0
975113,145993,0,409726,0
975164,146003,0,409752,3
975217,146008,0,409769,1
975267,146012,0,409791,0
975317,146020,0,409810,0
975368,146026,0,409839,0
975423,146033,0,409858,0
975476,146043,0,409883,1
975526,146051,0,409910,0
975577,146058,0,409934,0
975628,146063,0,409960,0
975680,146068,0,409982,0
975734,146073,0,410000,1
975784,146082,0,410028,0
975835,146092,0,410052,0
975885,146101,0,410073,1
975935,146111,0,410091,0
975986,146120,0,410121,0
976036,146130,0,410142,1
976086,146138,0,410153,1
976137,146145,0,410170,1
976189,146155,0,410189,0
976241,146161,0,410215,0
976293,146170,0,410232,1
976343,146173,0,410265,1
976394,146178,0,410293,0
976449,146188,0,410320,1
976501,146198,0,410385,1
976551,146205,0,410408,0
976602,146211,0,410430,1
976652,146215,0,410450,0
976702,146219,0,410469,0
976752,146225,0,410487,0
976803,146236,0,410509,0
976855,146245,0,410529,1
976905,146258,0,410540,1
976955,146264,0,410553,1
977005,146272,0,410568,1
977055,146283,0,410587,0
977105,146292,0,410608,2
977155,146300,0,410630,2
977206,146306,0,410651,0
977256,146312,0,410672,0
977306,146320,0,410699,0
977360,146326,0,410717,0
977410,146330,0,410745,1
977460,146338,0,410784,0
977511,146350,0,410798,0
977561,146357,0,410815,0
977614,146363,0,410837,1
977664,146365,0,410859,0
977715,146370,0,410877,0
977766,146379,0,410895,0
977819,146388,0,410914,1
977870,146399,0,410928,0
977921,146411,0,410952,1
977972,146417,0,410969,0
978022,146425,0,410986,1
978073,146436,0,411000,1
978128,146443,0,411018,0
978179,146454,0,411031,1
978234,146461,0,411049,1
978285,146466,0,411074,1
978337,146472,0,411091,0
978387,146477,0,411115,0
978437,146487,0,411125,1
978487,146493,0,411155,0
978537,146504,0,411174,0
978588,146508,0,411196,0
978638,146513,0,411220,0
978689,146518,0,411247,0
978740,146523,0,411277,0
978791,146532,0,411303,1
978843,146541,0,411316,1
978893,146552,0,411330,0
978943,146562,0,411360,0
979001,146571,0,411380,1
979052,146583,0,411395,1
979102,146590,0,411416,1
979153,146598,0,411445,1
979203,146606,0,411464,0
979254,146612,0,411491,0
979305,146620,0,411513,0
979355,146625,0,411535,2
979406,146628,0,411571,0
979456,146638,0,411580,0
979507,146648,0,411598,2
979557,146657,0,411620,1
979607,146661,0,411646,1
979657,146665,0,411674,0
979708,146669,0,411696,0
979759,146676,0,411721,1
979810,146686,0,411742,0
979861,146694,0,411758,1
979911,146708,0,411780,1
979961,146715,0,411796,1
980013,146723,0,411822,1
980069,146735,0,411840,1
980121,146743,0,411856,0
980171,146752,0,411880,1
980221,146757,0,411899,1
980275,146762,0,411922,0
980326,146770,0,411931,0
980376,146777,0,411956,0
980428,146782,0,411967,0
980478,146791,0,411982,0
980528,146801,0,411987,0
980579,146808,0,412009,0
980630,146813,0,412040,0
980681,146817,0,412115,0
980731,146822,0,412135,1
980784,146831,0,412155,0
980835,146840,0,412175,0
980888,146851,0,412204,1
980939,146861,0,412232,0
980990,146869,0,412254,0
981040,146878,0,412271,0
981093,146887,0,412294,0
981147,146895,0,412311,1
981197,146905,0,412337,0
981249,146911,0,412353,0
981309,146919,0,412368,1
981361,146924,0,412395,0
981411,146929,0,412416,1
981461,146938,0,412438,1
981511,146947,0,412453,0
981562,146957,0,412469,1
981612,146961,0,412497,1
981662,146965,0,412520,0
981713,146969,0,412545,0
981763,146977,0,412571,1
981821,146987,0,412590,1
981876,146996,0,412613,1
981927,147011,0,412625,1
981978,147018,0,412645,1
982028,147025,0,412673,0
982078,147036,0,412695,1
982130,147043,0,412728,0
982181,147053,0,412745,1
982231,147058,0,412766,1
982281,147063,0,412781,0
982332,147071,0,412802,0
982382,147077,0,412823,1
982438,147082,0,412852,0
982490,147093,0,412870,1
982540,147102,0,412891,0
982591,147108,0,412907,0
982646,147114,0,412924,1
982698,147118,0,412945,0
982748,147124,0,412968,0
982798,147131,0,412983,0
982856,147141,0,413048,1
982907,147153,0,413059,1
982957,147163,0,413086,1
983008,147171,0,413105,0
983058,147182,0,413125,2
983108,147191,0,413145,1
983159,147198,0,413158,1
983210,147206,0,413181,0
983260,147212,0,413246,0
983310,147218,0,413268,0
983360,147224,0,413287,0
983410,147229,0,413308,1
983465,147237,0,413328,1
983516,147248,0,413349,2
983567,147257,0,413367,0
983618,147262,0,413393,2
983669,147265,0,413422,0
983721,147270,0,413448,1
983771,147277,0,413465,2
983823,147287,0,413478,1
983873,147295,0,413496,1
983924,147310,0,413525,1
983978,147317,0,413541,2
984030,147325,0,413561,1
984082,147337,0,413592,1
984135,147343,0,413609,0
984189,147354,0,413629,1
984240,147359,0,413659,0
984291,147364,0,413681,0
984341,147372,0,413701,0
984391,147377,0,413723,0
984442,147382,0,413754,0
984499,147393,0,413776,1
984549,147403,0,413794,1
984601,147409,0,413810,1
984653,147414,0,413833,0
984708,147419,0,413860,1
984759,147425,0,413885,1
984809,147433,0,413898,1
984861,147442,0,413927,1
984916,147454,0,413946,1
984967,147463,0,413965,0
985017,147472,0,413982,0
985068,147484,0,414000,0
985118,147491,0,414024,1
985168,147500,0,414041,0
985218,147506,0,414065,0
985269,147512,0,414086,0
985321,147519,0,414102,1
985371,147526,0,414127,2
985421,147530,0,414149,1
985471,147537,0,414171,1
985522,147546,0,414194,1
985573,147558,0,414226,0
985626,147562,0,414247,0
985676,147566,0,414270,0
985726,147570,0,414296,0
985777,147578,0,414326,1
985832,147588,0,414341,1
985882,147596,0,414358,1
985932,147611,0,414371,0
985982,147616,0,414393,0
986032,147624,0,414405,0
986084,147636,0,414415,0
986134,147642,0,414436,0
986184,147653,0,414462,1
986235,147658,0,414489,0
986289,147662,0,414505,0
986339,147672,0,414519,1
986389,147676,0,414547,0
986440,147682,0,414571,0
986493,147692,0,414591,0
986543,147702,0,414610,1
986594,147708,0,414636,0
986645,147713,0,414660,0
986698,147718,0,414685,0
986749,147722,0,414714,0
986801,147730,0,414737,0
986853,147740,0,414749,0
986903,147752,0,414771,0
986953,147762,0,414785,0
987003,147770,0,414807,1
987053,147779,0,414830,1
987107,147788,0,414842,1
987157,147796,0,414865,0
987207,147806,0,414874,1
987258,147811,0,414890,0
987308,147814,0,414917,1
987358,147823,0,414936,0
987409,147828,0,414969,0
987459,147835,0,414984,1
987511,147844,0,415002,0
987562,147856,0,415023,1
987613,147860,0,415050,1
987666,147865,0,415079,0
987717,147869,0,415108,0
987767,147875,0,415128,0
987818,147885,0,415151,1
987868,147892,0,415174,1
987918,147904,0,415192,1
987971,147913,0,415215,0
988022,147923,0,415235,1
988072,147932,0,415252,0
988124,147941,0,415265,1
988176,147950,0,415282,1
988228,147957,0,415309,0
988279,147962,0,415332,0
988331,147970,0,415362,0
988381,147976,0,415384,1
988432,147981,0,415412,1
988482,147989,0,415426,2
988532,147997,0,415446,1
988583,148008,0,415458,0
988634,148013,0,415484,1
988684,148017,0,415504,0
988736,148021,0,415537,1
988786,148028,0,415551,0
988836,148037,0,415578,1
988888,148046,0,415596,1
988938,148058,0,415612,2
988990,148067,0,415629,1
989040,148075,0,415657,0
989090,148087,0,415677,1
989140,148093,0,415703,1
989190,148103,0,415726,1
989240,148108,0,415751,1
989290,148112,0,415768,0
989342,148119,0,415783,1
989392,148126,0,415817,0
989442,148132,0,415842,0
989493,148140,0,415858,0
989544,148151,0,415868,1
989596,148158,0,415889,0
989647,148163,0,415919,0
989698,148168,0,415941,0
989753,148172,0,415963,0
989803,148180,0,415977,0
989854,148190,0,415996,0
989905,148202,0,416014,1
989955,148212,0,416037,0
990006,148219,0,416072,1
990056,148228,0,416087,0
990108,148237,0,416100,0
990161,148246,0,416126,1
990211,148256,0,416148,0
990266,148262,0,416174,1
990317,148264,0,416195,0
990367,148274,0,416215,0
990419,148278,0,416233,0
990469,148285,0,416257,0
990525,148294,0,416276,1
990575,148308,0,416292,0
990627,148311,0,416316,1
990678,148316,0,416346,0
990732,148320,0,416364,1
990782,148326,0,416387,0
990833,148336,0,416411,1
990884,148345,0,416434,0
990935,148356,0,416449,0
990985,148366,0,416465,0
991035,148374,0,416482,1
991087,148385,0,416505,1
991143,148392,0,416525,1
991194,148403,0,416540,0
991245,148408,0,416563,1
991296,148412,0,416589,0
991346,148419,0,416610,2
991396,148426,0,416632,0
991448,148432,0,416656,0
991498,148440,0,416673,0
991548,148449,0,416689,1
991598,148458,0,416703,0
991652,148463,0,416735,0
991702,148468,0,416756,0
991754,148472,0,416779,0
991806,148481,0,416793,1
991859,148490,0,416804,0
991909,148502,0,416825,0
991959,148512,0,416852,0
992009,148520,0,416867,1
992060,148529,0,416883,2
992112,148538,0,416901,1
992164,148545,0,416928,1
992214,148556,0,416953,0
992267,148562,0,416981,1
992318,148564,0,417003,0
992371,148574,0,417013,0
992421,148578,0,417041,0
992471,148585,0,417054,0
992521,148593,0,417078,1
992572,148607,0,417094,1
992623,148610,0,417128,0
992675,148615,0,417154,0
992725,148619,0,417176,0
992776,148625,0,417198,0
992826,148633,0,417212,0
992877,148643,0,417230,1
992927,148654,0,417246,0
992978,148664,0,417270,1
993031,148672,0,417293,0
993083,148683,0,417303,1
993134,148691,0,417321,0
993187,148701,0,417350,1
993241,148707,0,417366,1
993294,148712,0,417393,0
993346,148717,0,417414,0
993403,148727,0,417426,1
993455,148732,0,417452,0
993505,148741,0,417468,1
993556,148750,0,417488,1
993607,148758,0,417500,0
993658,148763,0,417526,0
993710,148768,0,417551,0
993761,148772,0,417581,0
993811,148781,0,417596,2
993861,148790,0,417624,0
993914,148802,0,417638,1
993964,148813,0,417656,0
994017,148820,0,417678,0
994068,148830,0,417699,1
994120,148838,0,417769,0
994170,148846,0,417789,0
994221,148856,0,417814,0
994271,148862,0,417836,1
994326,148864,0,417854,0
994376,148872,0,417889,2
994430,148878,0,417912,0
994480,148886,0,417925,1
994531,148894,0,417943,0
994583,148902,0,417957,1
994637,148912,0,417975,1
994687,148917,0,418000,0
994739,148920,0,418026,0
994790,148927,0,418056,1
994843,148935,0,418079,1
994895,148944,0,418093,1
994945,148957,0,418105,1
994996,148967,0,418134,1
995048,148975,0,418175,0
995098,148986,0,418198,1
995149,148993,0,418218,1
995200,149003,0,418231,0
995250,149008,0,418246,1
995305,149012,0,418269,0
995358,149017,0,418289,0
995409,149028,0,418317,0
995459,149032,0,418345,0
995511,149042,0,418360,0
995561,149050,0,418375,1
995611,149058,0,418391,0
995663,149063,0,418424,0
995715,149068,0,418437,0
995765,149072,0,418465,0
995816,149081,0,418486,1
995868,149091,0,418495,0
995921,149102,0,418504,1
995971,149113,0,418524,0
996023,149121,0,418542,1
996073,149130,0,418566,1
996124,149138,0,418582,0
996180,149147,0,418605,1
996232,149156,0,418620,0
996282,149162,0,418635,0
996336,149165,0,418659,1
996386,149174,0,418681,0
996436,149178,0,418711,0
996486,149186,0,418729,0
996537,149195,0,418749,1
996591,149203,0,418763,1
996642,149213,0,418779,1
996692,149217,0,418810,0
996743,149220,0,418848,0
996793,149227,0,418872,0
996843,149235,0,418894,1
996893,149243,0,418909,0
996943,149255,0,418930,0
996993,149266,0,418946,1
997046,149274,0,418967,1
997097,149284,0,418986,1
997149,149293,0,419003,1
997199,149302,0,419019,3
997249,149307,0,419041,1
997299,149312,0,419065,0
997350,149317,0,419091,0
997400,149326,0,419105,0
997450,149332,0,419122,2
997500,149339,0,419147,1
997550,149348,0,419167,1
997600,149357,0,419179,2
997650,149363,0,419199,0
997700,149367,0,419224,0
997751,149372,0,419242,2
997802,149378,0,419260,0
997852,149387,0,419285,2
997904,149396,0,419306,1
997956,149409,0,419317,1
998006,149417,0,419333,0
998057,149425,0,419347,0
998107,149437,0,419362,0
998157,149443,0,419380,0
998208,149454,0,419397,1
998258,149458,0,419428,1
998311,149462,0,419457,0
998363,149467,0,419486,0
998413,149478,0,419495,1
998463,149482,0,419521,0
998513,149492,0,419542,1
998565,149500,0,419558,1
998619,149508,0,419580,0
998671,149515,0,419598,0
998726,149519,0,419629,1
998776,149524,0,419656,1
998828,149531,0,419669,0
998878,149542,0,419694,1
998929,149551,0,419702,3
998979,149563,0,419712,0
999029,149571,0,419730,0
999079,149581,0,419758,2
999131,149588,0,419782,0
999182,149596,0,419799,0
999239,149606,0,419821,0
999291,149612,0,419839,0
999343,149615,0,419868,0
999393,149622,0,419884,1
999444,149629,0,419903,1
999498,149637,0,419971,1
999548,149646,0,419996,0
999600,149654,0,420022,1
999650,149663,0,420034,0
999700,149667,0,420058,0
999750,149671,0,420076,1
999806,149677,0,420098,0
999856,149687,0,420117,0
999908,149694,0,420138,1
999976,149709,0,420151,1
1000028,149721,0,420168,1
1000083,149730,0,420196,1
1000135,149739,0,420215,1
1000186,149747,0,420228,1
1000240,149756,0,420251,0
1000290,149762,0,420273,1
1000340,149765,0,420301,1
1000391,149771,0,420326,1
1000441,149778,0,420353,0
1000492,149786,0,420367,0
1000543,149794,0,420380,0
1000596,149802,0,420396,1
1000646,149811,0,420417,0
1000697,149817,0,420446,0
1000749,149820,0,420463,0
1000800,149827,0,420488,0
1000850,149835,0,420507,0
1000904,149843,0,420530,0
1000954,149854,0,420547,2
1001005,149866,0,420561,0
1001055,149875,0,420587,0
1001106,149885,0,420608,1
1001159,149892,0,420628,1
1001211,149899,0,420649,1
1001263,149908,0,420669,1
1001313,149912,0,420685,0
1001364,149917,0,420705,0
1001415,149927,0,420728,0
1001474,149933,0,420753,1
1001526,149942,0,420767,0
1001577,149950,0,420784,0
1001628,149959,0,420808,1
1001678,149965,0,420828,0
1001730,149969,0,420850,1
1001781,149973,0,420881,0
1001832,149981,0,420892,0
1001882,149992,0,420910,1
1001932,149999,0,420927,0
1001986,150010,0,420945,1
1002037,150021,0,420962,0
1002087,150031,0,420983,1
1002138,150039,0,421002,1
1002191,150047,0,421024,1
1002241,150056,0,421051,0
1002292,150062,0,421073,0
1002343,150065,0,421098,1
1002395,150071,0,421134,1
1002445,150079,0,421154,1
1002496,150086,0,421178,1
1002546,150094,0,421198,0
1002596,150102,0,421237,1
1002646,150111,0,421252,0
1002696,150117,0,421281,0
1002746,150120,0,421306,0
1002797,150125,0,421337,0
1002849,150134,0,421356,0
1002899,150143,0,421378,0
1002949,150151,0,421399,1
1002999,150164,0,421419,2
1003050,150172,0,421434,1
1003103,150184,0,421450,1
1003155,150191,0,421473,0
1003205,150198,0,421504,0
1003255,150207,0,421532,0
1003308,150212,0,421563,0
1003359,150217,0,421590,0
1003410,150226,0,421609,1
1003461,150231,0,421641,1
1003512,150239,0,421664,2
1003562,150248,0,421693,1
1003616,150255,0,421715,1
1003666,150263,0,421732,0
1003716,150268,0,421756,1
1003768,150272,0,421784,0
1003818,150277,0,421805,0
1003868,150288,0,421817,0
1003920,150296,0,421833,1
1003970,150308,0,421845,1
1004021,150320,0,421867,2
1004073,150326,0,421887,1
1004124,150337,0,421912,0
1004175,150344,0,421932,0
1004228,150352,0,421950,1
1004278,150359,0,421977,1
1004329,150363,0,422013,0
1004382,150368,0,422032,0
1004437,150378,0,422051,0
1004487,150384,0,422064,1
1004538,150393,0,422085,1
1004588,150401,0,422109,0
1004638,150409,0,422128,0
1004690,150416,0,422147,1
1004741,150419,0,422171,0
1004791,150424,0,422193,0
1004841,150431,0,422212,0
1004892,150443,0,422225,1
1004942,150450,0,422246,1
1004994,150460,0,422270,0
1005044,150471,0,422287,0
1005096,150481,0,422303,1
1005146,150489,0,422371,0
1005199,150498,0,422383,1
1005249,150506,0,422401,0
1005299,150512,0,422420,1
1005351,150515,0,422453,1
1005406,150521,0,422471,1
1005456,150530,0,422498,0
1005506,150537,0,422521,0
1005561,150546,0,422529,1
1005612,150554,0,422554,1
1005662,150562,0,422576,0
1005712,150567,0,422593,0
1005762,150572,0,422620,1
1005812,150577,0,422642,0
1005862,150586,0,422655,1
1005912,150594,0,422671,1
1005962,150602,0,422695,1
1006012,150616,0,422700,0
1006062,150625,0,422716,1
1006112,150635,0,422729,0
1006162,150641,0,422753,0
1006213,150648,0,422773,0
1006263,150657,0,422782,0
1006316,150662,0,422809,0
1006369,150667,0,422831,0
1006419,150672,0,422852,1
1006469,150682,0,422873,1
1006520,150689,0,422890,0
1006571,150699,0,422914,1
1006622,150705,0,422933,1
1006672,150713,0,422950,0
1006722,150718,0,422970,0
1006773,150722,0,422993,0
1006823,150727,0,423017,0
1006873,150739,0,423034,2
1006924,150747,0,423062,1
1006974,150756,0,423076,1
1007025,150768,0,423102,1
1007078,150776,0,423119,1
1007129,150787,0,423130,0
1007182,150795,0,423153,1
1007234,150802,0,423166,1
1007286,150810,0,423182,0
1007344,150814,0,423211,0
1007395,150818,0,423242,0
1007447,150828,0,423262,0
1007500,150836,0,423285,1
1007550,150843,0,423313,0
1007600,150851,0,423343,0
1007650,150861,0,423357,1
1007701,150867,0,423376,0
1007751,150870,0,423409,0
1007802,150875,0,423439,0
1007852,150884,0,423459,1
1007902,150893,0,423475,0
1007952,150901,0,423501,1
1008005,150912,0,423514,1
1008055,150922,0,423527,0
1008110,150934,0,423557,1
1008160,150941,0,423585,0
1008210,150948,0,423607,1
1008260,150954,0,423627,0
1008317,150962,0,423645,0
1008367,150967,0,423665,0
1008417,150971,0,423690,1
1008470,150981,0,423705,1
1008520,150989,0,423733,0
1008571,150997,0,423748,1
1008623,151004,0,423766,1
1008673,151014,0,423786,1
1008724,151018,0,423815,0
1008775,151022,0,423840,0
1008826,151027,0,423857,0
1008876,151038,0,423871,0
1008926,151047,0,423891,3
1008979,151056,0,423914,1
1009029,151068,0,423931,0
1009079,151076,0,423953,1
1009130,151087,0,423967,0
1009180,151094,0,423991,0
1009239,151101,0,424008,1
1009289,151110,0,424029,0
1009342,151114,0,424061,0
1009392,151118,0,424082,0
1009442,151127,0,424104,1
1009497,151134,0,424124,1
1009547,151143,0,424135,0
1009597,151151,0,424171,0
1009647,151159,0,424193,1
1009698,151167,0,424222,1
1009750,151170,0,424244,1
1009803,151175,0,424270,0
1009853,151181,0,424290,0
1009905,151193,0,424313,1
1009956,151200,0,424344,0
1010006,151211,0,424365,0
1010057,151222,0,424383,1
1010107,151232,0,424402,2
1010161,151241,0,424472,1
1010211,151248,0,424496,1
1010262,151255,0,424514,1
1010313,151262,0,424538,0
1010363,151266,0,424562,2
1010413,151270,0,424592,0
1010467,151280,0,424611,0
1010518,151288,0,424626,1
1010568,151296,0,424652,0
1010621,151303,0,424661,0
1010680,151313,0,424718,1
1010730,151318,0,424749,0
1010781,151322,0,424771,0
1010832,151327,0,424803,0
1010883,151341,0,424832,1
1010933,151345,0,424852,1
1010986,151357,0,424869,1
1011037,151368,0,424894,1
1011090,151376,0,424912,0
1011140,151388,0,424922,1
1011192,151395,0,424936,1
1011242,151401,0,424964,0
1011293,151410,0,424989,0
1011343,151414,0,425016,0
1011395,151418,0,425046,0
1011446,151428,0,425071,1
1011498,151434,0,425094,1
1011550,151443,0,425115,1
1011601,151451,0,425137,1
1011652,151461,0,425156,2
1011703,151467,0,425175,0
1011757,151470,0,425211,1
1011809,151475,0,425230,0
1011859,151482,0,425248,3
1011909,151493,0,425267,1
1011959,151500,0,425293,0
1012017,151512,0,425318,1
1012070,151523,0,425340,1
1012121,151536,0,425354,1
1012171,151541,0,425377,0
1012221,151548,0,425399,0
1012271,151557,0,425414,2
1012325,151562,0,425437,0
1012376,151567,0,425457,0
1012426,151572,0,425481,1
1012477,151581,0,425508,1
1012530,151589,0,425531,0
1012580,151596,0,425554,0
1012633,151603,0,425567,0
1012684,151613,0,425599,0
1012737,151618,0,425630,0
1012787,151622,0,425653,0
1012837,151627,0,425675,0
1012889,151641,0,425704,0
1012941,151646,0,425722,0
1012991,151658,0,425735,1
1013041,151670,0,425763,1
1013094,151676,0,425787,0
1013144,151688,0,425814,0
1013194,151694,0,425831,0
1013245,151701,0,425847,0
1013298,151711,0,425862,1
1013349,151714,0,425876,1
1013399,151718,0,425901,0
1013450,151728,0,425930,0
1013503,151734,0,425957,0
1013553,151742,0,425976,0
1013603,151750,0,425998,1
1013653,151757,0,426018,1
1013705,151767,0,426033,0
1013755,151769,0,426047,0
1013813,151773,0,426068,1
1013865,151783,0,426087,1
1013916,151794,0,426104,1
1013967,151800,0,426138,0
1014020,151812,0,426156,1
1014073,151823,0,426174,1
1014124,151836,0,426183,2
1014175,151841,0,426203,0
1014225,151848,0,426215,0
1014276,151855,0,426236,1
1014326,151862,0,426258,0
1014376,151866,0,426280,0
1014426,151871,0,426304,0
1014476,151880,0,426323,0
1014527,151889,0,426343,1
1014579,151896,0,426361,0
1014629,151903,0,426379,0
1014683,151913,0,426397,1
1014735,151918,0,426427,0
1014787,151922,0,426450,0
1014837,151927,0,426461,0
1014887,151939,0,426476,1
1014937,151945,0,426493,0
1014987,151956,0,426511,2
1015039,151966,0,426541,1
1015090,151976,0,426610,1
1015140,151987,0,426639,0
1015192,151993,0,426671,0
1015242,152001,0,426697,1
1015295,152010,0,426723,1
1015345,152013,0,426749,1
1015395,152018,0,426775,0
1015445,152025,0,426798,1
1015495,152033,0,426822,0
1015545,152041,0,426835,1
1015595,152048,0,426848,0
1015646,152054,0,426867,0
1015696,152065,0,426886,0
1015748,152069,0,426909,1
1015798,152072,0,426926,0
1015849,152078,0,426957,0
1015905,152090,0,426971,1
1015956,152098,0,426986,1
1016009,152111,0,427010,1
1016059,152121,0,427017,1
1016111,152128,0,427050,1
1016161,152139,0,427066,0
1016211,152146,0,427086,1
1016261,152152,0,427110,0
1016311,152161,0,427128,0
1016361,152164,0,427153,0
1016411,152169,0,427174,1
1016466,152180,0,427187,1
1016517,152187,0,427200,0
1016568,152194,0,427217,2
1016621,152202,0,427232,1
1016677,152210,0,427249,1
1016730,152217,0,427266,0
1016780,152221,0,427305,0
1016833,152225,0,427321,1
1016885,152235,0,427343,2
1016935,152244,0,427363,0
1016985,152252,0,427393,0
1017041,152262,0,427421,1
1017093,152276,0,427442,1
1017144,152288,0,427452,1
1017194,152293,0,427471,0
1017245,152301,0,427489,1
1017297,152310,0,427514,1
1017348,152314,0,427536,1
1017398,152318,0,427551,1
1017453,152325,0,427569,1
1017503,152334,0,427585,1
1017553,152342,0,427603,0
1017603,152349,0,427619,0
1017653,152354,0,427650,0
1017703,152366,0,427669,1
1017753,152369,0,427703,1
1017808,152372,0,427726,0
1017858,152378,0,427743,0
1017910,152391,0,427764,1
1017960,152398,0,427784,1
1018010,152411,0,427805,1
1018062,152421,0,427823,1
1018114,152428,0,427836,1
1018164,152440,0,427852,1
1018216,152446,0,427877,1
1018268,152453,0,427902,0
1018321,152462,0,427925,0
1018371,152465,0,427959,1
1018421,152470,0,427984,0
1018471,152478,0,427995,2
1018522,152487,0,428008,1
1018573,152494,0,428033,0
1018623,152502,0,428049,1
1018673,152509,0,428068,0
1018724,152517,0,428090,0
1018778,152521,0,428107,0
1018831,152524,0,428133,0
1018885,152530,0,428158,1
1018937,152544,0,428168,0
1018987,152552,0,428187,0
1019040,152561,0,428206,0
1019090,152575,0,428220,1
1019140,152585,0,428240,1
1019190,152593,0,428261,0
1019241,152598,0,428280,0
1019293,152608,0,428304,0
1019343,152612,0,428330,0
1019393,152617,0,428352,0
1019443,152623,0,428372,1
1019494,152631,0,428385,0
1019546,152640,0,428403,1
1019596,152646,0,428422,0
1019650,152654,0,428443,1
1019700,152665,0,428459,0
1019752,152669,0,428483,1
1019804,152672,0,428514,0
1019854,152678,0,428544,0
1019904,152682,0,428570,0
1019954,152697,0,428585,0
1020006,152707,0,428597,1
1020057,152717,0,428618,1
1020107,152726,0,428644,0
1020157,152738,0,428657,0
1020210,152745,0,428678,0
1020263,152752,0,428694,1
1020315,152761,0,428716,0
1020366,152764,0,428740,0
1020416,152769,0,428756,0
1020466,152776,0,428780,0
1020517,152785,0,428797,1
1020567,152792,0,428817,0
1020618,152801,0,428832,1
1020670,152806,0,428859,1
1020724,152817,0,428871,0
1020778,152821,0,428897,1
1020836,152825,0,428925,1
1020890,152830,0,428949,1
1020947,152845,0,428970,1
1021000,152854,0,428993,1
1021054,152863,0,429017,1
1021106,152876,0,429027,0
1021156,152888,0,429044,0
1021206,152895,0,429068,1
1021256,152901,0,429086,0
1021309,152910,0,429105,0
1021359,152914,0,429128,0
1021411,152918,0,429143,0
1021461,152926,0,429164,1
1021516,152934,0,429189,0
1021566,152942,0,429205,0
1021617,152950,0,429220,1
1021667,152955,0,429233,1
1021718,152967,0,429258,0
1021769,152970,0,429286,0
1021826,152973,0,429311,1
1021876,152978,0,429339,0
1021926,152990,0,429349,1
1021976,153000,0,429376,0
1022035,153011,0,429391,0
1022087,153022,0,429416,1
1022142,153035,0,429436,1
1022196,153043,0,429451,0
1022249,153049,0,429470,1
1022299,153058,0,429492,1
1022349,153062,0,429518,0
1022401,153067,0,429537,0
1022453,153073,0,429549,1
1022503,153082,0,429571,1
1022555,153092,0,429591,1
1022610,153097,0,429612,1
1022661,153104,0,429637,0
1022713,153117,0,429655,0
1022763,153119,0,429692,0
1022813,153122,0,429716,0
1022865,153128,0,429744,0
1022915,153134,0,429769,1
1022966,153148,0,429773,1
1023017,153158,0,429795,2
1023068,153165,0,429827,0
1023118,153177,0,429842,1
1023168,153188,0,429861,0
1023218,153195,0,429889,0
1023268,153203,0,429906,1
1023318,153211,0,429925,1
1023368,153214,0,429954,0
1023421,153218,0,429968,0
1023475,153227,0,429983,1
1023527,153236,0,430011,1
1023577,153242,0,430035,0
1023629,153252,0,430054,1
1023679,153259,0,430073,0
1023730,153267,0,430097,0
1023781,153271,0,430121,1
1023832,153274,0,430140,0
1023885,153279,0,430155,0
1023935,153290,0,430175,1
1023986,153301,0,430198,0
1024038,153311,0,430223,0
1024092,153322,0,430236,1
1024144,153335,0,430259,1
1024195,153343,0,430278,0
1024247,153348,0,430293,0
1024297,153356,0,430313,1
1024347,153362,0,430343,0
1024402,153367,0,430358,1
1024453,153372,0,430379,1
1024504,153382,0,430399,1
1024554,153391,0,430421,1
1024606,153396,0,430444,0
1024662,153404,0,430469,1
1024714,153417,0,430486,1
1024767,153420,0,430516,1
1024818,153422,0,430542,0
1024869,153428,0,430566,0
1024919,153435,0,430585,2
1024971,153448,0,430601,1
1025023,153458,0,430616,1
1025074,153466,0,430643,1
1025124,153477,0,430660,0
1025174,153490,0,430722,1
1025224,153496,0,430740,0
1025275,153503,0,430765,0
1025326,153512,0,430778,1
1025377,153515,0,430791,1
1025432,153519,0,430821,1
1025484,153527,0,430843,0
1025534,153537,0,430866,1
1025585,153542,0,430899,0
1025639,153552,0,430910,1
1025689,153562,0,430933,1
1025741,153567,0,430951,0
1025791,153571,0,430981,0
1025844,153575,0,431008,1
1025896,153579,0,431031,0
1025949,153592,0,431050,1
1025999,153602,0,431068,0
1026050,153612,0,431086,1
1026100,153623,0,431104,1
1026154,153636,0,431121,1
1026205,153643,0,431146,0
1026258,153649,0,431166,1
1026313,153658,0,431188,1
1026364,153663,0,431206,1
1026414,153668,0,431221,1
1026465,153675,0,431233,2
1026520,153684,0,431245,1
1026571,153692,0,431263,1
1026621,153698,0,431288,1
1026672,153705,0,431306,0
1026722,153717,0,431322,0
1026772,153720,0,431349,0
1026823,153722,0,431376,0
1026874,153728,0,431390,1
1026924,153735,0,431417,3
1026975,153749,0,431431,1
1027025,153758,0,431453,1
1027086,153766,0,431476,1
1027137,153780,0,431491,1
1027190,153791,0,431514,0
1027241,153798,0,431537,0
1027291,153805,0,431564,0
1027342,153812,0,431593,0
1027393,153816,0,431624,0
1027445,153820,0,431652,1
1027496,153828,0,431668,1
1027546,153837,0,431686,0
1027596,153844,0,431708,0
1027646,153852,0,431732,1
1027698,153859,0,431753,1
1027749,153868,0,431775,1
1027801,153871,0,431810,0
1027853,153875,0,431837,1
1027903,153880,0,431859,1
1027953,153892,0,431879,1
1028007,153902,0,431903,0
1028057,153912,0,431923,0
1028107,153924,0,431939,2
1028160,153936,0,431955,0
1028210,153943,0,431982,0
1028261,153949,0,432004,1
1028317,153958,0,432025,1
1028367,153963,0,432046,1
1028417,153968,0,432066,0
1028470,153975,0,432098,1
1028520,153983,0,432109,0
1028571,153991,0,432126,2
1028621,153998,0,432150,1
1028674,154006,0,432169,1
1028724,154017,0,432187,0
1028777,154020,0,432205,1
1028830,154022,0,432227,0
1028881,154028,0,432255,0
1028931,154037,0,432280,2
1028984,154049,0,432296,0
1029034,154059,0,432317,0
1029084,154065,0,432331,0
1029135,154079,0,432354,0
1029190,154091,0,432388,0
1029244,154098,0,432416,1
1029294,154105,0,432433,0
1029347,154112,0,432458,0
1029399,154116,0,432482,0
1029450,154120,0,432510,0
1029501,154129,0,432537,1
1029552,154137,0,432552,0
1029603,154146,0,432564,1
1029653,154153,0,432585,0
1029707,154160,0,432602,1
1029758,154169,0,432622,0
1029809,154172,0,432640,1
1029859,154175,0,432656,1
1029911,154181,0,432678,1
1029965,154194,0,432692,0
1030018,154204,0,432707,1
1030068,154213,0,432735,0
1030118,154226,0,432745,0
1030169,154238,0,432767,0
1030219,154244,0,432791,1
1030269,154251,0,432814,0
1030319,154258,0,432833,0
1030369,154263,0,432845,1
1030421,154268,0,432862,0
1030472,154275,0,432877,1
1030531,154281,0,432889,1
1030582,154292,0,432913,1
1030636,154298,0,432935,0
1030687,154307,0,432955,1
1030742,154317,0,432978,0
1030792,154321,0,433005,0
1030842,154323,0,433028,0
1030895,154329,0,433053,0
1030945,154340,0,433065,1
1030995,154351,0,433082,1
1031047,154360,0,433102,0
1031098,154367,0,433120,1
1031148,154383,0,433124,2
1031200,154391,0,433149,0
1031250,154398,0,433164,0
1031300,154405,0,433183,0
1031357,154412,0,433206,0
1031407,154416,0,433222,0
1031459,154422,0,433238,1
1031511,154430,0,433253,0
1031561,154437,0,433279,0
1031611,154445,0,433293,1
1031662,154453,0,433308,0
1031713,154461,0,433328,1
1031765,154469,0,433346,0
1031816,154472,0,433373,0
1031867,154477,0,433397,0
1031917,154481,0,433411,0
1031969,154494,0,433419,0
1032019,154503,0,433434,0
1032069,154513,0,433456,0
1032120,154522,0,433470,1
1032179,154539,0,433481,1
1032229,154545,0,433507,0
1032284,154553,0,433522,1
1032335,154562,0,433538,2
1032385,154564,0,433560,0
1032435,154568,0,433578,0
1032485,154575,0,433590,0
1032535,154584,0,433605,2
1032585,154592,0,433634,0
1032636,154598,0,433662,0
1032686,154606,0,433691,0
1032741,154617,0,433706,0
1032791,154621,0,433731,0
1032843,154623,0,433759,0
1032893,154628,0,433796,0
1032943,154637,0,433812,1
1032994,154650,0,433821,1
1033049,154661,0,433838,1
1033099,154666,0,433863,0
1033149,154679,0,433883,1
1033200,154691,0,433896,0
1033254,154698,0,433920,0
1033307,154705,0,433939,1
1033359,154712,0,433962,0
1033410,154716,0,433982,0
1033460,154721,0,434009,0
1033511,154730,0,434033,1
1033561,154737,0,434056,0
1033614,154745,0,434082,1
1033664,154753,0,434100,0
1033714,154759,0,434113,1
1033766,154769,0,434131,1
1033816,154772,0,434160,0
1033867,154777,0,434178,1
1033918,154781,0,434198,0
1033968,154794,0,434211,0
1034018,154803,0,434225,0
1034068,154813,0,434246,0
1034118,154821,0,434273,0
1034173,154836,0,434282,1
1034223,154843,0,434308,0
1034273,154851,0,434327,0
1034326,154858,0,434340,1
1034376,154862,0,434362,0
1034427,154868,0,434381,0
1034477,154873,0,434398,0
1034527,154880,0,434426,0
1034577,154890,0,434449,1
1034627,154897,0,434468,1
1034678,154904,0,434489,0
1034728,154914,0,434501,0
1034780,154919,0,434534,0
1034830,154922,0,434565,0
1034883,154928,0,434593,1
1034933,154931,0,434609,1
1034983,154946,0,434623,1
1035034,154955,0,434644,0
1035084,154965,0,434654,2
1035135,154976,0,434673,0
1035186,154990,0,434682,1
1035240,154996,0,434711,1
1035290,155004,0,434731,1
1035341,155011,0,434753,0
1035391,155015,0,434771,1
1035441,155018,0,434800,0
1035491,155026,0,434817,1
1035544,155032,0,434840,1
1035594,155042,0,434863,0
1035645,155048,0,434885,0
1035695,155057,0,434900,0
1035748,155067,0,434926,0
1035802,155071,0,434946,0
1035852,155074,0,434974,1
1035902,155079,0,434987,1
1035953,155088,0,435003,2
1036005,155100,0,435010,1
1036057,155111,0,435028,0
1036111,155118,0,435051,1
1036161,155131,0,435111,0
1036211,155141,0,435136,0
1036261,155148,0,435160,0
1036311,155154,0,435181,0
1036361,155162,0,435195,0
1036412,155166,0,435215,0
1036462,155171,0,435242,1
1036512,155179,0,435265,1
1036568,155187,0,435281,0
1036618,155196,0,435295,2
1036672,155203,0,435313,1
1036722,155210,0,435334,2
1036774,155218,0,435358,0
1036824,155222,0,435387,0
1036878,155227,0,435404,0
1036933,155231,0,435416,1
1036983,155245,0,435429,0
1037035,155254,0,435452,1
1037085,155264,0,435470,1
1037135,155274,0,435492,0
1037189,155289,0,435502,1
1037243,155296,0,435523,1
1037294,155304,0,435546,1
1037344,155311,0,435564,0
1037394,155315,0,435587,1
1037444,155318,0,435614,0
1037497,155326,0,435632,0
1037548,155332,0,435660,1
1037598,155342,0,435681,0
1037651,155348,0,435691,0
1037702,155357,0,435710,0
1037754,155367,0,435727,0
1037804,155371,0,435763,0
1037858,155374,0,435793,0
1037908,155379,0,435818,0
1037958,155388,0,435836,2
1038010,155400,0,435850,1
1038061,155409,0,435867,1
1038111,155418,0,435884,1
1038162,155431,0,435900,1
1038212,155441,0,435925,0
1038262,155448,0,435953,1
1038313,155454,0,435977,0
1038364,155462,0,435997,0
1038414,155466,0,436013,0
1038465,155471,0,436039,1
1038516,155478,0,436059,0
1038570,155487,0,436080,0
1038622,155495,0,436098,0
1038675,155503,0,436117,1
1038733,155509,0,436144,1
1038783,155519,0,436161,0
1038837,155522,0,436191,0
1038889,155528,0,436215,0
1038939,155531,0,436249,1
1038990,155546,0,436262,1
1039040,155554,0,436288,1
1039092,155564,0,436304,1
1039145,155576,0,436318,1
1039196,155590,0,436331,1
1039246,155596,0,436351,2
1039296,155604,0,436371,1
1039347,155611,0,436400,0
1039401,155614,0,436430,1
1039451,155618,0,436447,0
1039501,155626,0,436469,0
1039551,155631,0,436492,1
1039605,155642,0,436509,0
1039658,155649,0,436523,1
1039708,155657,0,436547,0
1039758,155667,0,436567,0
1039810,155671,0,436592,0
1039862,155674,0,436620,1
1039913,155679,0,436644,0
1039963,155689,0,436678,1
1040019,155700,0,436690,0
1040069,155713,0,436707,3
1040119,155719,0,436730,1
1040171,155734,0,436746,2
1040222,155742,0,436763,1
1040274,155749,0,436779,1
1040324,155757,0,436796,1
1040374,155762,0,436829,0
1040426,155767,0,436852,0
1040478,155772,0,436879,0
1040529,155780,0,436901,0
1040579,155787,0,436915,0
1040629,155796,0,436930,1
1040679,155803,0,436946,0
1040730,155808,0,436973,0
1040780,155819,0,436980,1
1040833,155822,0,437011,0
1040885,155826,0,437030,1
1040935,155830,0,437049,0
1040986,155843,0,437061,1
1041038,155853,0,437079,1
1041088,155863,0,437096,0
1041142,155875,0,437110,1
1041194,155889,0,437127,0
1041248,155894,0,437151,0
1041298,155904,0,437168,0
1041348,155910,0,437188,1
1041403,155913,0,437213,0
1041455,155918,0,437247,0
1041507,155926,0,437260,0
1041558,155931,0,437293,1
1041610,155942,0,437310,0
1041662,155949,0,437331,0
1041715,155958,0,437357,0
1041766,155965,0,437378,2
1041816,155971,0,437410,0
1041867,155974,0,437440,0
1041918,155979,0,437462,0
1041968,155986,0,437474,1
1042018,156000,0,437495,0
1042068,156009,0,437508,1
1042118,156018,0,437529,0
1042169,156032,0,437539,1
1042222,156041,0,437556,0
1042274,156048,0,437592,0
1042325,156056,0,437615,1
1042375,156062,0,437633,0
1042432,156067,0,437654,1
1042483,156072,0,437666,0
1042533,156080,0,437683,0
1042584,156088,0,437700,1
1042636,156096,0,437725,1
1042690,156103,0,437737,1
1042743,156109,0,437768,0
1042793,156120,0,437787,1
1042844,156122,0,437808,0
1042895,156128,0,437833,2
1042945,156131,0,437861,0
1042998,156147,0,437875,1
1043049,156154,0,437896,1
1043105,156165,0,437919,1
1043155,156176,0,437935,1
1043211,156191,0,437940,1
1043261,156196,0,437960,0
1043312,156204,0,437985,0
1043362,156212,0,438007,0
1043412,156215,0,438044,2
1043463,156219,0,438069,1
1043513,156227,0,438088,1
1043565,156232,0,438109,1
1043615,156243,0,438130,1
1043665,156249,0,438158,0
1043715,156258,0,438185,1
1043769,156264,0,438205,1
1043819,156272,0,438230,1
1043870,156274,0,438256,0
1043923,156279,0,438284,0
1043974,156285,0,438298,1
1044026,156300,0,438311,0
1044077,156312,0,438329,1
1044129,156318,0,438346,0
1044179,156334,0,438362,2
1044229,156342,0,438425,0
1044280,156348,0,438448,0
1044330,156356,0,438488,0
1044380,156362,0,438516,0
1044430,156366,0,438537,0
1044480,156372,0,438563,1
1044530,156380,0,438581,1
1044581,156387,0,438603,1
1044631,156393,0,438630,0
1044681,156402,0,438650,0
1044731,156408,0,438668,0
1044787,156417,0,438695,1
1044838,156422,0,438713,0
1044890,156425,0,438732,1
1044947,156431,0,438756,1
1044997,156438,0,438764,1
1045047,156453,0,438770,1
1045097,156464,0,438783,0
1045151,156472,0,438819,1
1045201,156490,0,438828,1
1045251,156494,0,438851,0
1045302,156504,0,438871,3
1045356,156509,0,438892,1
1045406,156513,0,438914,0
1045457,156518,0,438939,0
1045515,156527,0,438960,1
1045566,156531,0,438988,1
1045616,156542,0,439003,0
1045668,156550,0,439026,1
1045718,156558,0,439053,0
1045781,156564,0,439075,1
1045832,156572,0,439103,0
1045882,156574,0,439173,0
1045932,156580,0,439189,1
1045982,156586,0,439212,1
1046034,156600,0,439238,0
1046086,156613,0,439260,1
1046137,156619,0,439277,1
1046188,156636,0,439294,0
1046238,156641,0,439310,0
1046290,156649,0,439329,1
1046340,156657,0,439350,0
1046391,156663,0,439374,0
1046441,156668,0,439403,0
1046491,156672,0,439426,0
1046543,156680,0,439455,0
1046594,156688,0,439470,0
1046648,156696,0,439487,0
1046701,156704,0,439505,1
1046751,156711,0,439529,1
1046802,156721,0,439545,1
1046853,156722,0,439581,0
1046903,156728,0,439606,1
1046954,156731,0,439634,0
1047007,156740,0,439658,1
1047058,156754,0,439668,1
1047110,156765,0,439686,1
1047161,156775,0,439712,0
1047213,156790,0,439725,0
1047263,156796,0,439753,2
1047314,156804,0,439770,0
1047365,156811,0,439787,1
1047416,156814,0,439809,1
1047467,156819,0,439831,1
1047518,156827,0,439852,1
1047570,156831,0,439872,1
1047620,156843,0,439890,1
1047670,156850,0,439906,0
1047720,156858,0,439931,0
1047770,156862,0,439955,1
1047820,156872,0,439972,1
1047871,156874,0,440040,1
1047924,156879,0,440065,1
1047978,156885,0,440089,1
1048028,156897,0,440098,2
1048078,156911,0,440112,3
1048128,156918,0,440139,1
1048178,156930,0,440153,1
1048234,156941,0,440162,0
1048285,156948,0,440177,0
1048335,156957,0,440196,1
1048386,156962,0,440219,0
1048436,156966,0,440244,0
1048491,156972,0,440265,1
1048541,156980,0,440290,1
1048592,156988,0,440320,0
1048643,156995,0,440346,1
1048693,157002,0,440377,0
1048743,157009,0,440398,0
1048795,157015,0,440424,1
1048845,157022,0,440451,0
1048902,157026,0,440475,1
1048955,157031,0,440503,1
1049005,157039,0,440523,1
1049063,157053,0,440536,1
1049113,157065,0,440565,0
1049167,157075,0,440584,1
1049217,157089,0,440601,1
1049267,157095,0,440620,1
1049317,157104,0,440632,0
1049367,157110,0,440653,0
1049419,157115,0,440684,1
1049477,157120,0,440705,1
1049527,157129,0,440721,0
1049578,157133,0,440749,2
1049630,157143,0,440761,0
1049681,157152,0,440784,0
1049731,157158,0,440810,0
1049784,157163,0,440836,0
1049834,157172,0,440860,0
1049886,157174,0,440901,0
1049939,157179,0,440931,0
1049989,157186,0,440956,0
1050042,157201,0,440972,0
1050093,157213,0,440983,0
1050147,157219,0,441003,1
1050199,157234,0,441031,0
1050249,157241,0,441046,0
1050301,157250,0,441065,1
1050351,157258,0,441087,1
1050401,157263,0,441112,0
1050455,157267,0,441134,1
1050507,157274,0,441156,1
1050557,157280,0,441171,0
1050610,157290,0,441186,1
1050660,157297,0,441202,0
1050712,157307,0,441214,1
1050764,157311,0,441236,0
1050814,157321,0,441255,2
1050875,157323,0,441287,1
1050928,157329,0,441297,1
1050985,157334,0,441318,1
1051038,157349,0,441327,2
1051088,157362,0,441347,1
1051139,157368,0,441370,0
1051190,157381,0,441389,1
1051241,157391,0,441419,0
1051294,157398,0,441443,1
1051344,157407,0,441461,0
1051394,157412,0,441479,0
1051448,157416,0,441511,0
1051501,157423,0,441526,1
1051552,157430,0,441548,0
1051602,157438,0,441586,2
1051654,157445,0,441597,1
1051704,157454,0,441619,1
1051754,157461,0,441642,1
1051804,157468,0,441654,2
1051854,157472,0,441680,0
1051904,157474,0,441700,0
1051956,157480,0,441724,0
1052008,157488,0,441745,1
1052059,157502,0,441758,0
1052109,157514,0,441776,0
1052161,157522,0,441807,0
1052212,157535,0,441818,1
1052263,157543,0,441843,0
1052315,157552,0,441856,1
1052367,157559,0,441874,0
1052422,157564,0,441895,1
1052474,157568,0,441929,0
1052526,157577,0,441952,1
1052576,157582,0,441971,2
1052627,157592,0,441993,1
1052679,157600,0,442012,1
1052730,157608,0,442026,0
1052781,157612,0,442058,0
1052831,157622,0,442079,0
1052885,157624,0,442110,1
1052935,157629,0,442127,0
1052985,157633,0,442152,0
1053036,157647,0,442163,1
1053090,157660,0,442189,1
1053144,157668,0,442210,0
1053196,157682,0,442227,1
1053246,157691,0,442243,0
1053297,157697,0,442274,1
1053348,157707,0,442300,0
1053399,157712,0,442316,0
1053449,157716,0,442338,0
1053499,157722,0,442366,1
1053550,157730,0,442393,0
1053600,157736,0,442410,0
1053650,157744,0,442436,0
1053702,157753,0,442457,1
1053752,157760,0,442477,1
1053802,157766,0,442501,1
1053853,157772,0,442518,0
1053903,157774,0,442550,0
1053955,157780,0,442579,0
1054005,157787,0,442600,1
1054055,157801,0,442619,0
1054106,157814,0,442630,1
1054156,157820,0,442648,1
1054207,157833,0,442670,0
1054258,157842,0,442699,0
1054308,157849,0,442715,1
1054359,157858,0,442733,0
1054411,157863,0,442756,0
1054461,157867,0,442782,1
1054515,157874,0,442799,1
1054566,157880,0,442825,0
1054619,157891,0,442842,1
1054669,157897,0,442857,0
1054722,157906,0,442877,1
1054772,157911,0,442908,0
1054822,157920,0,442921,0
1054874,157922,0,442948,0
1054924,157927,0,442967,1
1054976,157932,0,442992,1
1055026,157943,0,443005,3
1055077,157955,0,443020,1
1055127,157965,0,443038,0
1055180,157975,0,443056,1
1055232,157988,0,443069,1
1055282,157995,0,443087,0
1055332,158004,0,443116,1
1055382,158010,0,443141,1
1055437,158015,0,443164,1
1055487,158021,0,443189,0
1055537,158029,0,443205,0
1055588,158034,0,443227,1
1055638,158043,0,443246,1
1055689,158050,0,443265,1
1055739,158058,0,443281,0
1055789,158063,0,443308,1
1055839,158072,0,443333,0
1055889,158074,0,443357,0
1055940,158079,0,443382,1
1055993,158084,0,443405,1
1056045,158098,0,443425,1
1056095,158110,0,443442,0
1056147,158118,0,443461,0
1056197,158130,0,443487,0
1056249,158141,0,443502,0
1056305,158148,0,443518,1
1056356,158157,0,443542,0
1056407,158162,0,443572,0
1056458,158166,0,443647,0
1056517,158173,0,443667,0
1056568,158180,0,443690,0
1056619,158190,0,443711,0
1056669,158197,0,443739,0
1056721,158205,0,443764,0
1056771,158211,0,443785,0
1056821,158220,0,443809,1
1056872,158222,0,443838,0
1056922,158226,0,443864,0
1056973,158231,0,443883,0
1057023,158240,0,443909,1
1057073,158254,0,443919,1
1057124,158265,0,443942,0
1057176,158274,0,443968,1
1057227,158287,0,443977,0
1057277,158294,0,443994,0
1057328,158303,0,444013,1
1057379,158309,0,444033,0
1057429,158313,0,444055,0
1057482,158319,0,444086,1
1057534,158328,0,444105,1
1057585,158332,0,444135,2
1057636,158342,0,444152,1
1057688,158349,0,444163,0
1057739,158358,0,444190,0
1057790,158362,0,444211,1
1057840,158372,0,444226,0
1057890,158374,0,444255,0
1057940,158378,0,444283,0
1057992,158383,0,444311,0
1058042,158394,0,444320,1
1058093,158409,0,444338,0
1058143,158417,0,444356,0
1058193,158429,0,444368,2
1058245,158439,0,444390,1
1058296,158446,0,444419,0
1058346,158456,0,444443,1
1058396,158461,0,444460,1
1058447,158466,0,444483,0
1058498,158471,0,444508,0
1058554,158480,0,444521,0
1058607,158485,0,444552,1
1058657,158494,0,444573,0
1058708,158503,0,444597,1
1058758,158509,0,444622,0
1058808,158515,0,444644,1
1058858,158522,0,444667,0
1058910,158524,0,444697,0
1058960,158530,0,444719,0
1059010,158536,0,444735,2
1059060,158551,0,444750,0
1059113,158564,0,444760,0
1059163,158570,0,444787,1
1059217,158581,0,444797,1
1059270,158592,0,444815,0
1059320,158600,0,444841,1
1059372,158609,0,444869,1
1059423,158613,0,444889,0
1059480,158617,0,444919,1
1059530,158626,0,444934,1
1059583,158631,0,444964,1
1059633,158641,0,444987,1
1059684,158648,0,445006,0
1059734,158657,0,445015,1
1059784,158661,0,445043,0
1059836,158672,0,445058,0
1059886,158673,0,445082,1
1059940,158677,0,445112,1
1059990,158683,0,445130,0
1060041,158693,0,445150,1
1060092,158706,0,445166,2
1060142,158717,0,445179,1
1060193,158727,0,445200,1
1060244,158738,0,445222,0
1060300,158746,0,445247,0
1060351,158757,0,445255,1
1060401,158761,0,445273,0
1060456,158766,0,445305,0
1060506,158772,0,445332,1
1060557,158780,0,445353,0
1060608,158785,0,445371,1
1060662,158794,0,445395,0
1060715,158804,0,445413,1
1060769,158810,0,445425,0
1060819,158815,0,445442,1
1060870,158822,0,445469,0
1060920,158826,0,445493,1
1060974,158831,0,445525,1
1061024,158839,0,445551,1
1061077,158854,0,445562,1
1061127,158865,0,445586,0
1061178,158872,0,445606,0
1061229,158884,0,445621,1
1061279,158894,0,445632,0
1061329,158901,0,445651,1
1061382,158909,0,445673,0
1061440,158914,0,445696,1
1061491,158919,0,445722,0
1061541,158927,0,445746,1
1061592,158933,0,445761,0
1061644,158943,0,445781,0
1061696,158949,0,445800,0
1061748,158958,0,445827,0
1061802,158962,0,445856,1
1061853,158972,0,445876,0
1061904,158974,0,445898,0
1061954,158979,0,445925,0
1062009,158984,0,445946,1
1062060,158996,0,445968,0
1062111,159012,0,445981,1
1062161,159019,0,446001,0
1062212,159030,0,446019,0
1062263,159042,0,446043,1
1062313,159046,0,446080,0
1062366,159058,0,446088,1
1062420,159063,0,446113,1
1062470,159066,0,446134,0
1062520,159073,0,446156,0
1062571,159080,0,446178,0
1062622,159087,0,446188,1
1062673,159096,0,446202,1
1062723,159104,0,446222,0
1062774,159110,0,446251,0
1062824,159117,0,446275,1
1062874,159122,0,446298,0
1062924,159126,0,446322,0
1062974,159130,0,446351,0
1063024,159138,0,446372,3
1063077,159151,0,446379,1
1063127,159165,0,446394,1
1063177,159171,0,446427,1
1063232,159183,0,446440,1
1063285,159194,0,446455,0
1063337,159202,0,446491,1
1063389,159209,0,446507,0
1063440,159213,0,446532,0
1063490,159219,0,446558,1
1063541,159226,0,446586,0
1063592,159231,0,446605,0
1063643,159241,0,446634,1
1063693,159248,0,446654,0
1063745,159256,0,446677,1
1063796,159261,0,446700,0
1063846,159272,0,446717,0
1063898,159274,0,446742,0
1063948,159277,0,446769,0
1063998,159283,0,446787,0
1064048,159293,0,446806,0
1064098,159305,0,446824,0
1064148,159317,0,446842,1
1064198,159325,0,446864,1
1064250,159338,0,446878,1
1064300,159346,0,446893,0
1064352,159355,0,446963,1
1064402,159361,0,446991,1
1064452,159366,0,447028,1
1064503,159370,0,447053,1
1064554,159379,0,447072,2
1064608,159384,0,447094,0
1064658,159393,0,447112,0
1064708,159401,0,447135,0
1064760,159409,0,447154,0
1064811,159413,0,447169,1
1064861,159422,0,447185,0
1064914,159424,0,447215,0
1064966,159430,0,447247,0
1065023,159434,0,447267,1
1065073,159448,0,447286,1
1065124,159464,0,447303,0
1065175,159470,0,447322,0
1065225,159481,0,447338,1
1065275,159492,0,447368,0
1065325,159499,0,447392,1
1065376,159508,0,447422,0
1065428,159513,0,447448,0
1065478,159516,0,447472,0
1065530,159524,0,447488,1
1065586,159530,0,447510,0
1065641,159539,0,447526,1
1065691,159548,0,447547,0
1065743,159555,0,447565,0
1065795,159561,0,447586,0
1065845,159572,0,447604,0
1065895,159574,0,447630,1
1065946,159577,0,447652,0
1065999,159582,0,447668,1
1066050,159593,0,447681,0
1066100,159605,0,447690,0
1066153,159617,0,447701,1
1066205,159625,0,447727,1
1066256,159638,0,447745,2
1066307,159646,0,447761,0
1066359,159656,0,447780,0
1066410,159661,0,447805,0
1066461,159666,0,447831,0
1066514,159671,0,447856,1
1066564,159680,0,447877,2
1066614,159684,0,447899,0
1066665,159694,0,447964,1
1066715,159702,0,447989,1
1066768,159709,0,448018,1
1066818,159714,0,448039,1
1066868,159722,0,448067,0
1066918,159724,0,448091,0
1066969,159729,0,448118,1
1067019,159733,0,448144,0
1067069,159745,0,448164,0
1067119,159762,0,448173,1
1067169,159770,0,448202,2
1067219,159778,0,448223,1
1067271,159791,0,448234,1
1067321,159797,0,448251,1
1067372,159808,0,448271,1
1067422,159812,0,448296,0
1067472,159816,0,448324,0
1067523,159823,0,448346,0
1067574,159830,0,448377,0
1067626,159836,0,448401,1
1067681,159846,0,448413,1
1067731,159854,0,448433,0
1067781,159860,0,448457,0
1067833,159867,0,448475,1
1067886,159872,0,448497,0
1067936,159876,0,448526,1
1067986,159881,0,448545,1
1068037,159886,0,448560,1
1068094,159896,0,448627,1
1068145,159916,0,448633,1
1068198,159924,0,448644,1
1068248,159935,0,448658,2
1068298,159945,0,448677,0
1068349,159953,0,448691,1
1068400,159960,0,448708,1
1068452,159964,0,448721,0
1068502,159969,0,448757,1
1068553,159977,0,448773,0
1068603,159982,0,448785,1
1068654,159992,0,448803,1
1068704,159999,0,448819,1
1068754,160006,0,448836,1
1068805,160012,0,448860,1
1068855,160022,0,448877,0
1068909,160023,0,448904,1
1068961,160027,0,448938,0
1069011,160033,0,449005,0
1069062,160044,0,449022,0
1069112,160055,0,449039,2
1069163,160068,0,449050,1
1069216,160077,0,449067,1
1069266,160087,0,449082,2
1069317,160096,0,449104,0
1069367,160107,0,449117,1
1069417,160111,0,449140,1
1069467,160116,0,449164,0
1069517,160120,0,449181,0
1069568,160130,0,449202,1
1069621,160134,0,449231,0
1069671,160143,0,449259,0
1069722,160153,0,449272,1
1069772,160159,0,449291,1
1069825,160164,0,449318,0
1069878,160172,0,449334,0
1069928,160174,0,449356,0
1069978,160180,0,449382,0
1070031,160184,0,449415,0
1070083,160195,0,449437,0
1070135,160213,0,449445,0
1070187,160221,0,449470,1
1070237,160232,0,449480,0
1070288,160242,0,449500,1
1070339,160251,0,449511,0
1070389,160259,0,449533,0
1070441,160263,0,449547,0
1070493,160266,0,449573,0
1070544,160276,0,449584,1
1070594,160281,0,449602,1
1070647,160289,0,449625,1
1070697,160298,0,449637,0
1070749,160305,0,449662,0
1070799,160311,0,449693,0
1070850,160319,0,449710,1
1070907,160322,0,449732,0
1070957,160327,0,449749,0
1071007,160333,0,449774,1
1071057,160340,0,449797,1
1071107,160350,0,449819,2
1071159,160367,0,449831,1
1071210,160374,0,449850,1
1071260,160385,0,449861,0
1071310,160396,0,449878,2
1071360,160403,0,449897,0
1071411,160410,0,449918,0
1071462,160415,0,449938,1
1071514,160419,0,449965,1
1071565,160429,0,449991,1
1071621,160433,0,450021,1
1071671,160443,0,450039,0
1071723,160452,0,450054,1
1071774,160459,0,450070,2
1071824,160464,0,450095,0
1071876,160472,0,450110,0
1071929,160474,0,450141,0
1071980,160480,0,450166,0
1072033,160484,0,450190,0
1072084,160495,0,450199,0
1072135,160510,0,450213,1
1072186,160520,0,450238,1
1072236,160531,0,450254,1
1072286,160541,0,450265,0
1072342,160550,0,450290,1
1072394,160559,0,450300,0
1072447,160563,0,450318,0
1072497,160566,0,450349,0
1072548,160575,0,450362,0
1072599,160581,0,450387,0
1072660,160589,0,450408,1
1072711,160599,0,450418,1
1072761,160606,0,450438,0
1072820,160613,0,450457,1
1072870,160622,0,450478,0
1072923,160624,0,450498,1
1072978,160629,0,450526,1
1073028,160634,0,450549,1
1073078,160645,0,450559,0
1073128,160652,0,450575,1
1073179,160668,0,450578,0
1073229,160678,0,450597,2
1073280,160689,0,450616,1
1073331,160697,0,450633,0
1073385,160706,0,450651,1
1073435,160712,0,450676,0
1073488,160716,0,450710,0
1073538,160723,0,450740,0
1073589,160730,0,450757,0
1073639,160737,0,450781,0
1073691,160745,0,450805,0
1073745,160755,0,450824,0
1073795,160761,0,450852,0
1073846,160768,0,450881,0
1073896,160772,0,450913,0
1073947,160776,0,450951,0
1073997,160781,0,450979,1
1074047,160785,0,451012,0
1074099,160795,0,451024,0
1074151,160807,0,451036,1
1074201,160821,0,451047,0
1074253,160832,0,451072,1
1074304,160844,0,451104,0
1074355,160852,0,451134,0
1074406,160860,0,451165,1
1074456,160864,0,451185,0
1074506,160867,0,451217,0
1074556,160877,0,451238,1
1074606,160881,0,451263,0
1074663,160889,0,451283,1
1074714,160900,0,451302,1
1074765,160907,0,451332,1
1074818,160912,0,451356,0
1074869,160921,0,451377,1
1074921,160923,0,451411,0
1074971,160928,0,451435,1
1075021,160933,0,451466,0
1075072,160943,0,451492,0
1075129,160948,0,451504,1
1075185,160968,0,451522,1
1075235,160979,0,451534,1
1075285,160988,0,451553,1
1075336,160999,0,451578,1
1075386,161005,0,451603,0
1075436,161012,0,451618,0
1075488,161016,0,451642,0
1075539,161023,0,451662,0
1075591,161030,0,451677,0
1075644,161037,0,451703,0
1075694,161045,0,451725,0
1075745,161055,0,451739,1
1075796,161061,0,451779,0
1075847,161068,0,451800,0
1075902,161072,0,451817,0
1075953,161076,0,451843,0
1076004,161081,0,451867,0
1076054,161086,0,451889,1
1076105,161095,0,451905,0
1076157,161107,0,451917,1
1076207,161122,0,451938,0
1076257,161133,0,451953,1
1076308,161144,0,451977,0
1076362,161152,0,451987,0
1076414,161160,0,452008,0
1076467,161165,0,452034,1
1076519,161169,0,452066,1
1076573,161178,0,452084,1
1076625,161182,0,452119,0
1076676,161191,0,452145,1
1076728,161202,0,452163,1
1076779,161209,0,452185,1
1076836,161214,0,452214,1
1076887,161222,0,452240,0
1076937,161224,0,452267,1
1076987,161230,0,452286,1
1077037,161234,0,452317,0
1077088,161244,0,452331,1
1077140,161251,0,452351,1
1077190,161268,0,452371,0
1077240,161280,0,452391,2
1077291,161288,0,452403,1
1077341,161297,0,452422,0
1077391,161306,0,452435,1
1077441,161312,0,452457,0
1077491,161316,0,452485,0
1077541,161323,0,452507,0
1077591,161330,0,452543,0
1077643,161334,0,452612,1
1077695,161345,0,452622,0
1077746,161355,0,452642,1
1077796,161361,0,452671,0
1077846,161367,0,452705,1
1077897,161372,0,452731,0
1077949,161376,0,452749,0
1078000,161381,0,452780,0
1078050,161385,0,452800,0
1078103,161395,0,452820,0
1078154,161404,0,452837,1
1078205,161421,0,452894,0
1078263,161432,0,452914,1
1078313,161444,0,452928,1
1078363,161452,0,452942,0
1078414,161460,0,452963,1
1078467,161464,0,452988,0
1078518,161468,0,453010,0
1078569,161477,0,453030,0
1078619,161482,0,453054,0
1078672,161488,0,453077,0
1078723,161499,0,453090,0
1078774,161507,0,453109,0
1078825,161513,0,453125,0
1078876,161521,0,453152,1
1078927,161523,0,453175,0
1078977,161528,0,453224,0
1079029,161533,0,453273,1
1079079,161542,0,453297,0
1079129,161547,0,453333,0
1079179,161562,0,453346,1
1079229,161575,0,453407,1
1079281,161586,0,453423,1
1079332,161597,0,453443,1
1079382,161605,0,453459,1
1079434,161611,0,453479,1
1079486,161616,0,453505,0
1079537,161623,0,453524,1
1079589,161630,0,453539,0
1079640,161633,0,453569,0
1079690,161644,0,453592,0
1079748,161653,0,453620,1
1079798,161661,0,453634,0
1079851,161667,0,453653,1
1079904,161672,0,453680,0
1079958,161676,0,453710,1
1080008,161681,0,453727,0
1080059,161687,0,453750,1
1080119,161696,0,453765,1
1080169,161707,0,453780,0
1080219,161723,0,453787,1
1080270,161732,0,453808,0
1080320,161745,0,453824,0
1080372,161753,0,453838,0
1080425,161760,0,453850,0
1080477,161766,0,453867,1
1080527,161770,0,453887,1
1080582,161777,0,453910,1
1080634,161783,0,453932,1
1080684,161792,0,453953,1
1080736,161801,0,453972,1
1080788,161810,0,453996,1
1080840,161814,0,454025,1
1080891,161822,0,454043,0
1080943,161823,0,454073,0
1080994,161829,0,454100,0
1081044,161834,0,454124,0
1081096,161843,0,454143,0
1081146,161850,0,454164,0
1081197,161868,0,454174,3
1081250,161878,0,454197,1
1081302,161889,0,454211,1
1081352,161898,0,454233,1
1081403,161907,0,454252,1
1081454,161912,0,454281,0
1081507,161916,0,454303,0
1081557,161924,0,454321,1
1081607,161931,0,454346,0
1081657,161937,0,454379,0
1081711,161947,0,454397,1
1081761,161955,0,454410,1
1081811,161961,0,454433,0
1081861,161968,0,454462,0
1081911,161972,0,454486,0
1081961,161976,0,454515,0
1082011,161981,0,454537,0
1082064,161987,0,454563,1
1082114,161995,0,454593,0
1082168,162006,0,454618,1
1082221,162023,0,454633,1
1082273,162032,0,454652,0
1082325,162045,0,454680,0
1082375,162053,0,454697,0
1082426,162060,0,454715,0
1082477,162065,0,454734,1
1082528,162070,0,454767,1
1082578,162076,0,454789,0
1082628,162082,0,454807,0
1082679,162091,0,454831,0
1082730,162099,0,454851,0
1082782,162108,0,454871,1
1082832,162113,0,454884,1
1082882,162121,0,454900,1
1082935,162123,0,454927,0
1082985,162126,0,454959,0
1083035,162133,0,454981,1
1083085,162141,0,454991,1
1083135,162147,0,455016,0
1083187,162160,0,455032,0
1083238,162175,0,455046,1
1083290,162186,0,455060,1
1083340,162197,0,455082,0
1083391,162205,0,455105,0
1083444,162211,0,455125,1
1083494,162216,0,455150,0
1083552,162223,0,455176,0
1083602,162230,0,455203,0
1083652,162234,0,455223,1
1083702,162245,0,455242,2
1083753,162252,0,455256,0
1083806,162261,0,455277,0
1083857,162266,0,455302,0
1083909,162272,0,455325,0
1083963,162276,0,455342,1
1084013,162281,0,455370,0
1084063,162286,0,455395,0
1084123,162295,0,455417,1
1084180,162303,0,455432,1
1084232,162324,0,455434,3
1084282,162334,0,455463,0
1084332,162346,0,455478,0
1084383,162353,0,455503,0
1084434,162360,0,455528,0
1084484,162365,0,455550,0
1084536,162370,0,455573,1
1084586,162377,0,455587,1
1084637,162382,0,455610,0
1084689,162391,0,455626,0
1084742,162400,0,455649,0
1084792,162409,0,455673,0
1084842,162413,0,455696,0
1084895,162422,0,455712,0
1084948,162423,0,455738,0
1084998,162429,0,455759,1
1085052,162435,0,455783,1
1085103,162443,0,455807,0
1085154,162450,0,455835,1
1085205,162460,0,455857,1
1085255,162478,0,455869,1
1085307,162488,0,455887,0
1085359,162498,0,455904,0
1085410,162507,0,455922,0
1085462,162512,0,455947,0
1085514,162516,0,455966,0
1085565,162524,0,455991,1
1085619,162532,0,456011,1
1085669,162537,0,456039,0
1085719,162547,0,456059,0
1085769,162555,0,456076,0
1085819,162561,0,456102,0
1085872,162568,0,456122,0
1085922,162573,0,456139,1
1085973,162576,0,456161,0
1086023,162581,0,456179,0
1086080,162589,0,456197,1
1086130,162597,0,456215,1
1086180,162603,0,456243,1
1086230,162623,0,456257,4
1086281,162634,0,456283,1
1086331,162643,0,456298,1
1086381,162652,0,456369,1
1086432,162660,0,456380,0
1086487,162665,0,456406,1
1086540,162670,0,456428,1
1086592,162677,0,456449,0
1086649,162683,0,456469,1
1086700,162692,0,456498,1
1086751,162701,0,456511,1
1086801,162710,0,456529,1
1086851,162716,0,456542,2
1086901,162722,0,456562,0
1086952,162724,0,456593,1
1087004,162730,0,456617,1
1087059,162735,0,456640,0
1087110,162743,0,456664,0
1087161,162751,0,456680,0
1087211,162763,0,456700,2
1087261,162779,0,456706,2
1087313,162789,0,456719,0
1087364,162799,0,456741,1
1087417,162807,0,456771,0
1087469,162812,0,456791,0
1087519,162816,0,456816,0
1087572,162824,0,456835,1
1087622,162832,0,456855,1
1087685,162838,0,456887,1
1087736,162848,0,456919,0
1087786,162857,0,456926,0
1087836,162863,0,456948,1
1087888,162871,0,456974,1
1087938,162873,0,457005,0
1087989,162877,0,457033,1
1088042,162883,0,457056,1
1088097,162892,0,457081,1
1088150,162898,0,457109,1
1088201,162908,0,457123,1
1088254,162926,0,457126,1
1088305,162936,0,457138,1
1088355,162947,0,457153,0
1088407,162956,0,457180,1
1088457,162961,0,457199,0
1088507,162966,0,457224,0
1088557,162973,0,457247,0
1088609,162980,0,457268,0
1088659,162983,0,457293,0
1088709,162995,0,457313,1
1088759,163001,0,457332,0
1088809,163011,0,457350,1
1088863,163016,0,457374,0
1088915,163022,0,457397,0
1088966,163025,0,457435,0
1089016,163031,0,457462,0
1089072,163036,0,457491,1
1089124,163044,0,457510,0
1089175,163051,0,457532,0
1089227,163065,0,457551,1
1089279,163081,0,457566,1
1089332,163092,0,457587,0
1089382,163101,0,457611,1
1089434,163108,0,457634,1
1089485,163114,0,457648,0
1089538,163119,0,457667,1
1089588,163126,0,457686,0
1089639,163132,0,457717,0
1089689,163138,0,457733,0
1089743,163148,0,457753,0
1089794,163158,0,457767,0
1089844,163163,0,457793,0
1089894,163171,0,457809,1
1089944,163173,0,457834,0
1089996,163177,0,457850,1
1090046,163184,0,457870,1
1090096,163191,0,457888,1
1090146,163197,0,457908,1
1090196,163205,0,457931,2
1090246,163222,0,457951,1
1090296,163234,0,457980,0
1090346,163247,0,457991,2
1090397,163255,0,458008,1
1090447,163260,0,458035,0
1090498,163266,0,458097,0
1090548,163271,0,458111,1
1090598,163278,0,458127,1
1090652,163283,0,458149,1
1090704,163292,0,458172,1
1090754,163300,0,458189,0
1090805,163310,0,458212,0
1090858,163316,0,458231,1
1090909,163322,0,458256,0
1090959,163324,0,458282,0
1091009,163329,0,458300,1
1091059,163335,0,458327,0
1091112,163344,0,458342,1
1091162,163351,0,458371,1
1091216,163360,0,458397,1
1091268,163377,0,458408,0
1091318,163388,0,458423,0
1091371,163398,0,458437,0
1091424,163407,0,458454,0
1091474,163412,0,458473,0
1091525,163416,0,458496,0
1091575,163423,0,458505,0
1091625,163431,0,458530,0
1091677,163437,0,458551,1
1091727,163448,0,458573,1
1091777,163454,0,458598,1
1091827,163461,0,458615,0
1091878,163468,0,458630,1
1091928,163473,0,458647,1
1091979,163475,0,458672,0
1092033,163481,0,458703,0
1092084,163488,0,458727,1
1092134,163495,0,458751,1
1092184,163502,0,458765,0
1092236,163514,0,458781,1
1092288,163529,0,458782,1
1092341,163543,0,458805,1
1092391,163554,0,458836,2
1092443,163560,0,458861,1
1092495,163566,0,458889,1
1092546,163570,0,458909,1
1092598,163577,0,458932,1
1092655,163583,0,458957,1
1092707,163589,0,458980,1
1092760,163600,0,459000,0
1092811,163610,0,459015,1
1092862,163616,0,459039,1
1092915,163622,0,459060,0
1092965,163624,0,459086,0
1093017,163629,0,459108,0
1093067,163635,0,459130,0
1093119,163644,0,459146,0
1093171,163651,0,459166,0
1093221,163660,0,459184,0
1093276,163673,0,459198,1
1093326,163690,0,459207,0
1093376,163698,0,459238,0
1093426,163707,0,459259,0
1093480,163713,0,459279,1
1093535,163717,0,459302,1
1093585,163725,0,459322,1
1093635,163731,0,459342,0
1093685,163737,0,459362,0
1093735,163748,0,459388,1
1093786,163754,0,459405,0
1093836,163762,0,459429,0
1093886,163769,0,459460,1
1093936,163773,0,459491,0
1093986,163775,0,459532,0
1094038,163781,0,459550,0
1094088,163788,0,459573,1
1094138,163795,0,459595,1
1094190,163802,0,459613,0
1094240,163815,0,459628,1
1094291,163829,0,459645,1
1094342,163843,0,459666,1
1094392,163852,0,459682,1
1094443,163858,0,459695,1
1094498,163866,0,459762,1
1094549,163870,0,459786,1
1094601,163876,0,459805,0
1094651,163882,0,459825,0
1094701,163888,0,459857,0
1094752,163899,0,459868,1
1094803,163908,0,459887,1
1094855,163913,0,459905,0
1094905,163922,0,459923,1
1094956,163923,0,459951,0
1095006,163928,0,459984,0
1095056,163934,0,460014,1
1095106,163941,0,460027,0
1095159,163948,0,460050,0
1095210,163957,0,460069,1
1095262,163968,0,460080,1
1095315,163985,0,460093,1
1095366,163998,0,460110,1
1095420,164006,0,460130,1
1095470,164011,0,460158,0
1095521,164016,0,460189,0
1095573,164023,0,460209,1
1095623,164030,0,460236,0
1095678,164035,0,460255,1
1095731,164047,0,460271,1
1095787,164053,0,460286,1
1095837,164062,0,460300,0
1095887,164068,0,460323,1
1095937,164073,0,460349,0
1095992,164075,0,460376,0
1096042,164082,0,460398,1
1096093,164087,0,460422,1
1096144,164095,0,460446,0
1096195,164102,0,460469,0
1096245,164115,0,460484,1
1096298,164128,0,460497,1
1096354,164144,0,460508,1
1096404,164154,0,460530,0
1096455,164160,0,460550,0
1096506,164166,0,460573,0
1096556,164170,0,460603,0
1096606,164176,0,460611,1
1096656,164182,0,460642,0
1096706,164188,0,460712,0
1096757,164200,0,460731,0
1096808,164208,0,460749,0
1096860,164213,0,460770,0
1096910,164222,0,460802,1
1096961,164224,0,460825,1
1097011,164228,0,460842,1
1097063,164235,0,460870,1
1097114,164243,0,460895,0
1097166,164249,0,460922,1
1097221,164258,0,460942,1
1097271,164270,0,460969,0
1097321,164284,0,460979,2
1097375,164298,0,460991,0
1097426,164307,0,461014,1
1097478,164312,0,461051,0
1097529,164316,0,461127,0
1097579,164323,0,461141,0
1097629,164330,0,461154,0
1097679,164335,0,461175,1
1097732,164345,0,461191,1
1097784,164352,0,461219,0
1097834,164361,0,461238,0
1097884,164367,0,461260,0
1097938,164373,0,461284,1
1097991,164375,0,461310,0
1098041,164381,0,461336,0
1098091,164386,0,461361,0
1098146,164395,0,461377,1
1098197,164402,0,461399,0
1098247,164414,0,461416,1
1098302,164424,0,461442,1
1098353,164440,0,461447,1
1098405,164454,0,461463,1
1098455,164460,0,461480,1
1098509,164466,0,461501,1
1098561,164470,0,461524,1
1098611,164477,0,461551,0
1098661,164483,0,461567,1
1098717,164489,0,461593,1
1098767,164500,0,461604,0
1098817,164509,0,461622,1
1098867,164514,0,461641,1
1098919,164522,0,461653,0
1098970,164524,0,461681,0
1099021,164529,0,461710,0
1099072,164535,0,461735,0
1099122,164544,0,461758,0
1099172,164550,0,461785,0
1099225,164558,0,461797,1
1099276,164569,0,461821,1
1099330,164585,0,461836,1
1099384,164599,0,461852,1
1099440,164607,0,461876,0
1099491,164614,0,461893,1
1099543,164617,0,461918,1
1099593,164624,0,461936,0
1099644,164632,0,461956,1
1099696,164638,0,461973,1
1099747,164648,0,461992,0
1099797,164654,0,462018,1
1099848,164662,0,462043,0
1099900,164669,0,462076,0
1099951,164673,0,462103,0
1100002,164676,0,462127,0
1100053,164682,0,462153,0
1100103,164687,0,462167,0
1100155,164696,0,462231,1
1100205,164702,0,462247,1
1100258,164716,0,462272,0
1100309,164727,0,462283,1
1100362,164742,0,462290,1
1100412,164754,0,462303,0
1100463,164760,0,462330,0
1100514,164766,0,462407,0
1100564,164770,0,462432,1
1100614,164777,0,462454,1
1100667,164783,0,462473,0
1100718,164789,0,462499,1
1100768,164800,0,462527,0
1100819,164808,0,462548,1
1100869,164815,0,462567,2
1100923,164822,0,462582,0
1100973,164824,0,462602,0
1101023,164829,0,462625,0
1101073,164835,0,462648,0
1101124,164842,0,462667,1
1101180,164851,0,462685,1
1101232,164858,0,462710,1
1101283,164869,0,462725,1
1101335,164885,0,462745,1
1101385,164899,0,462760,1
1101437,164907,0,462785,0
1101487,164913,0,462806,1
1101545,164917,0,462831,1
1101596,164925,0,462859,1
1101646,164932,0,462885,1
1101696,164937,0,462897,1
1101747,164947,0,462918,1
1101797,164952,0,462937,0
1101847,164962,0,462973,1
1101898,164969,0,462998,1
1101951,164972,0,463021,0
1102005,164976,0,463091,1
1102055,164982,0,463109,1
1102106,164987,0,463140,0
1102156,164996,0,463154,1
1102206,165002,0,463224,1
1102257,165013,0,463248,0
1102311,165026,0,463268,1
1102361,165041,0,463273,1
1102411,165054,0,463282,1
1102461,165059,0,463316,0
1102514,165066,0,463330,1
1102564,165069,0,463361,0
1102617,165077,0,463375,0
1102667,165083,0,463395,0
1102724,165089,0,463418,1
1102774,165101,0,463433,1
1102826,165111,0,463460,2
1102879,165114,0,463488,1
1102929,165122,0,463514,0
1102979,165124,0,463535,0
1103029,165129,0,463559,0
1103080,165135,0,463580,0
1103130,165143,0,463593,2
1103184,165151,0,463610,1
1103235,165158,0,463638,1
1103285,165169,0,463661,1
1103338,165183,0,463676,1
1103392,165196,0,463691,1
1103442,165207,0,463753,0
1103493,165214,0,463779,1
1103543,165216,0,463803,0
1103593,165223,0,463822,0
1103645,165231,0,463839,0
1103695,165236,0,463866,1
1103745,165245,0,463884,1
1103796,165252,0,463904,0
1103846,165261,0,463931,0
1103896,165268,0,463956,0
1103946,165272,0,463977,0
1103997,165275,0,464004,0
1104047,165281,0,464028,0
1104097,165285,0,464049,0
1104150,165295,0,464071,1
1104204,165301,0,464085,0
1104255,165312,0,464108,0
1104305,165324,0,464126,1
1104356,165336,0,464150,1
1104407,165350,0,464166,0
1104458,165359,0,464197,1
1104508,165365,0,464219,0
1104561,165368,0,464246,1
1104611,165376,0,464267,1
1104665,165382,0,464280,0
1104715,165388,0,464295,0
1104767,165400,0,464320,1
1104821,165408,0,464341,1
1104874,165413,0,464364,0
1104924,165422,0,464391,0
1104974,165424,0,464423,0
1105026,165429,0,464437,0
1105077,165435,0,464451,0
1105127,165439,0,464473,1
1105178,165449,0,464500,0
1105229,165455,0,464527,0
1105280,165468,0,464538,1
1105330,165480,0,464547,0
1105380,165495,0,464573,1
1105430,165506,0,464589,3
1105480,165510,0,464609,0
1105532,165516,0,464634,0
1105582,165523,0,464653,1
1105634,165529,0,464682,0
1105685,165534,0,464700,1
1105736,165541,0,464729,1
1105786,165551,0,464744,0
1105837,165561,0,464758,0
1105888,165566,0,464783,1
1105941,165572,0,464809,0
1105995,165575,0,464832,0
1106046,165581,0,464863,1
1106100,165585,0,464885,0
1106153,165595,0,464908,1
1106207,165601,0,464932,0
1106258,165612,0,464944,1
1106308,165621,0,464953,1
1106358,165636,0,464970,1
1106408,165649,0,465030,2
1106462,165659,0,465051,1
1106512,165665,0,465069,0
1106562,165667,0,465099,0
1106613,165675,0,465117,0
1106664,165682,0,465142,0
1106714,165688,0,465162,0
1106764,165699,0,465175,1
1106814,165705,0,465200,0
1106864,165713,0,465228,0
1106916,165720,0,465239,1
1106966,165723,0,465255,0
1107019,165727,0,465280,1
1107069,165734,0,465309,0
1107120,165738,0,465337,0
1107171,165746,0,465355,1
1107221,165754,0,465377,1
1107272,165764,0,465388,1
1107322,165774,0,465407,1
1107372,165792,0,465411,3
1107422,165802,0,465432,1
1107472,165809,0,465447,0
1107523,165816,0,465473,1
1107574,165820,0,465499,0
1107626,165827,0,465524,1
1107679,165832,0,465545,0
1107731,165839,0,465568,0
1107782,165851,0,465579,1
1107834,165860,0,465604,1
1107885,165864,0,465623,1
1107935,165872,0,465640,0
1107985,165874,0,465684,0
1108037,165879,0,465705,0
1108090,165885,0,465724,0
1108141,165893,0,465740,2
1108191,165901,0,465753,0
1108241,165907,0,465776,1
1108291,165918,0,465805,0
1108341,165932,0,465825,1
1108391,165945,0,465835,0
1108441,165955,0,465863,1
1108491,165962,0,465888,0
1108541,165966,0,465909,0
1108595,165973,0,465934,0
1108645,165981,0,465953,1
1108695,165984,0,465983,0
1108745,165991,0,466001,0
1108795,166002,0,466016,0
1108846,166011,0,466034,1
1108899,166018,0,466055,1
1108952,166022,0,466078,0
1109002,166025,0,466107,0
1109052,166030,0,466126,0
1109103,166036,0,466151,1
1109154,166044,0,466172,0
1109204,166051,0,466190,0
1109254,166061,0,466202,0
1109306,166069,0,466211,0
1109357,166084,0,466226,1
1109407,166097,0,466236,0
1109457,166107,0,466268,0
1109507,166114,0,466288,1
1109557,166117,0,466315,0
1109607,166124,0,466334,0
1109659,166132,0,466355,0
1109709,166136,0,466375,0
1109760,166145,0,466402,1
1109811,166154,0,466420,1
1109861,166163,0,466438,0
1109912,166169,0,466458,0
1109962,166173,0,466484,1
1110013,166175,0,466508,0
1110063,166182,0,466531,0
1110118,166188,0,466555,1
1110169,166195,0,466577,0
1110219,166202,0,466594,1
1110269,166213,0,466604,0
1110320,166221,0,466621,1
1110371,166236,0,466638,0
1110421,166250,0,466652,0
1110472,166259,0,466671,0
1110522,166265,0,466684,0
1110574,166269,0,466706,0
1110626,166276,0,466728,0
1110680,166282,0,466751,0
1110730,166289,0,466773,0
1110780,166300,0,466794,0
1110831,166309,0,466826,1
1110881,166313,0,466851,0
1110933,166321,0,466875,0
1110983,166324,0,466894,0
1111034,166328,0,466912,1
1111086,166335,0,466934,0
1111136,166339,0,466956,1
1111191,166347,0,466973,0
1111241,166357,0,466995,3
1111296,166366,0,467008,1
1111346,166377,0,467032,3
1111396,166390,0,467043,1
1111446,166405,0,467061,0
1111496,166412,0,467076,0
1111546,166416,0,467099,0
1111597,166423,0,467132,0
1111650,166429,0,467154,1
1111700,166434,0,467174,0
1111750,166442,0,467195,1
1111801,166452,0,467212,0
1111852,166461,0,467228,0
1111902,166468,0,467254,1
1111952,166472,0,467281,0
1112003,166475,0,467309,0
1112054,166480,0,467331,0
1112105,166486,0,467363,0
1112155,166494,0,467379,4
1112205,166500,0,467394,0
1112255,166509,0,467413,2
1112307,166519,0,467431,0
1112358,166533,0,467449,1
1112408,166547,0,467462,1
1112459,166557,0,467482,0
1112512,166563,0,467505,1
1112563,166567,0,467527,0
1112613,166574,0,467545,0
1112663,166582,0,467568,0
1112714,166587,0,467596,1
1112764,166595,0,467612,3
1112814,166605,0,467627,2
1112864,166613,0,467647,0
1112916,166619,0,467670,0
1112966,166623,0,467690,1
1113016,166625,0,467715,0
1113075,166633,0,467727,1
1113125,166638,0,467740,0
1113176,166645,0,467764,0
1113226,166653,0,467781,1
1113277,166663,0,467800,1
1113328,166672,0,467821,1
1113380,166687,0,467842,1
1113430,166702,0,467856,1
1113483,166710,0,467868,1
1113533,166715,0,467890,0
1113586,166721,0,467904,1
1113638,166728,0,467927,1
1113688,166732,0,467950,0
1113739,166739,0,467983,0
1113789,166751,0,467993,2
1113839,166759,0,468020,1
1113889,166763,0,468043,0
1113940,166771,0,468061,0
1113990,166775,0,468078,0
1114041,166777,0,468103,0
1114091,166784,0,468120,0
1114141,166789,0,468138,0
1114192,166797,0,468169,1
1114242,166806,0,468189,1
1114297,166815,0,468204,1
1114347,166825,0,468221,1
1114398,166839,0,468235,1
1114449,166854,0,468244,1
1114501,166862,0,468251,0
1114551,166867,0,468269,0
1114604,166873,0,468286,0
1114657,166879,0,468315,1
1114707,166884,0,468342,0
1114758,166892,0,468368,1
1114808,166902,0,468395,0
1114860,166912,0,468408,1
1114910,166917,0,468423,1
1114963,166922,0,468440,0
1115014,166925,0,468475,0
1115064,166932,0,468500,2
1115114,166937,0,468527,1
1115164,166942,0,468550,1
1115214,166951,0,468563,0
1115265,166960,0,468580,0
1115315,166969,0,468607,0
1115368,166983,0,468623,1
1115418,166997,0,468638,3
1115469,167008,0,468650,1
1115520,167013,0,468673,0
1115570,167017,0,468692,0
1115620,167025,0,468713,1
1115671,167031,0,468746,0
1115721,167038,0,468765,1
1115771,167046,0,468784,1
1115821,167055,0,468788,1
1115875,167063,0,468802,0
1115926,167070,0,468820,1
1115980,167073,0,468850,0
1116030,167076,0,468882,0
1116082,167083,0,468900,1
1116134,167088,0,468921,0
1116184,167096,0,468935,0
1116235,167103,0,468949,1
1116288,167114,0,468962,1
1116339,167123,0,468979,1
1116389,167138,0,469002,2
1116441,167152,0,469008,0
1116493,167159,0,469031,0
1116544,167166,0,469055,0
1116595,167173,0,469068,3
1116648,167178,0,469087,0
1116698,167183,0,469104,1
1116750,167190,0,469129,1
1116800,167201,0,469145,0
1116851,167209,0,469163,0
1116903,167215,0,469186,1
1116959,167222,0,469204,1
1117010,167225,0,469228,0
1117064,167230,0,469250,1
1117127,167237,0,469278,1
1117177,167245,0,469302,1
1117228,167252,0,469319,0
1117279,167262,0,469337,0
1117333,167271,0,469349,1
1117384,167284,0,469363,1
1117434,167301,0,469372,1
1117484,167309,0,469403,0
1117536,167315,0,469427,0
1117587,167318,0,469459,0
1117637,167326,0,469484,1
1117688,167332,0,469508,0
1117738,167339,0,469531,1
1117789,167347,0,469550,1
1117839,167356,0,469560,1
1117890,167363,0,469586,0
1117941,167371,0,469604,0
1117993,167374,0,469632,0
1118045,167377,0,469654,0
1118097,167384,0,469681,0
1118147,167389,0,469710,0
1118198,167396,0,469733,0
1118249,167406,0,469764,1
1118300,167415,0,469791,1
1118350,167425,0,469812,1
1118400,167439,0,469824,1
1118452,167452,0,469840,0
1118502,167462,0,469855,1
1118552,167466,0,469895,0
1118602,167471,0,469924,1
1118654,167478,0,469942,0
1118704,167484,0,469976,2
1118754,167491,0,470010,1
1118804,167501,0,470037,0
1118855,167509,0,470061,0
1118909,167516,0,470082,1
1118959,167521,0,470112,0
1119009,167525,0,470140,0
1119060,167529,0,470215,1
1119110,167536,0,470239,1
1119160,167539,0,470265,0
1119210,167548,0,470284,0
1119261,167558,0,470303,1
1119311,167568,0,470326,1
1119367,167579,0,470341,1
1119417,167591,0,470360,1
1119470,167605,0,470383,1
1119521,167613,0,470410,1
1119572,167617,0,470442,0
1119624,167624,0,470462,0
1119674,167632,0,470486,1
1119727,167637,0,470510,1
1119779,167644,0,470537,1
1119829,167652,0,470556,0
1119880,167663,0,470576,0
1119931,167670,0,470594,0
1119982,167673,0,470621,0
1120032,167675,0,470651,0
1120085,167683,0,470678,1
1120137,167688,0,470701,1
1120189,167696,0,470721,1
1120242,167704,0,470751,1
1120292,167714,0,470764,2
1120344,167722,0,470794,0
1120394,167736,0,470815,2
1120446,167752,0,470821,0
1120496,167760,0,470843,1
1120552,167766,0,470874,0
1120602,167770,0,470903,0
1120653,167777,0,470919,1
1120707,167783,0,470936,1
1120757,167791,0,470953,1
1120807,167801,0,470972,1
1120858,167806,0,470987,1
1120908,167815,0,471006,1
1120958,167821,0,471039,0
1121009,167825,0,471069,0
1121059,167828,0,471088,0
1121112,167836,0,471107,1
1121162,167839,0,471137,0
1121218,167848,0,471156,1
1121268,167858,0,471173,0
1121319,167869,0,471192,0
1121369,167878,0,471210,0
1121419,167891,0,471226,1
1121470,167904,0,471240,0
1121522,167912,0,471251,0
1121576,167917,0,471275,0
1121627,167924,0,471296,0
1121685,167932,0,471311,0
1121737,167938,0,471341,1
1121788,167946,0,471359,1
1121839,167953,0,471379,0
1121889,167963,0,471405,0
1121940,167970,0,471428,0
1121990,167974,0,471461,0
1122043,167976,0,471495,0
1122094,167983,0,471520,0
1122144,167988,0,471549,0
1122195,167996,0,471560,0
1122247,168005,0,471578,1
1122302,168014,0,471597,0
1122352,168024,0,471608,2
1122409,168037,0,471626,1
1122460,168053,0,471687,1
1122516,168062,0,471752,1
1122566,168067,0,471771,1
1122616,168074,0,471790,1
1122667,168079,0,471810,1
1122718,168085,0,471834,0
1122768,168092,0,471852,0
1122818,168101,0,471863,1
1122870,168109,0,471881,1
1122924,168117,0,471897,1
1122974,168122,0,471926,0
1123024,168125,0,471955,0
1123076,168132,0,471986,1
1123126,168136,0,472011,0
1123176,168142,0,472025,1
1123226,168149,0,472046,0
1123276,168159,0,472054,0
1123326,168169,0,472075,0
1123379,168179,0,472089,1
1123429,168195,0,472103,1
1123479,168205,0,472123,1
1123530,168213,0,472141,1
1123580,168217,0,472161,0
1123630,168224,0,472185,0
1123681,168232,0,472202,0
1123732,168237,0,472223,0
1123782,168243,0,472244,0
1123835,168252,0,472265,0
1123886,168263,0,472281,0
1123936,168270,0,472305,1
1123986,168273,0,472338,0
1124039,168276,0,472366,1
1124089,168283,0,472384,1
1124140,168287,0,472411,1
1124191,168293,0,472429,1
1124241,168300,0,472452,0
1124291,168310,0,472462,0
1124341,168322,0,472477,1
1124392,168333,0,472495,3
1124442,168347,0,472503,1
1124493,168357,0,472522,1
1124546,168366,0,472547,1
1124598,168368,0,472575,0
1124651,168376,0,472596,0
1124701,168382,0,472621,0
1124752,168390,0,472645,1
1124803,168398,0,472663,1
1124853,168405,0,472682,0
1124904,168413,0,472705,0
1124956,168421,0,472730,0
1125006,168425,0,472761,1
1125057,168428,0,472793,1
1125107,168434,0,472818,1
1125158,168439,0,472841,1
1125213,168446,0,472861,0
1125263,168456,0,472891,1
1125313,168466,0,472903,1
1125366,168476,0,472917,1
1125417,168488,0,472936,1
1125467,168503,0,472948,0
1125518,168512,0,472974,1
1125569,168517,0,472999,1
1125623,168524,0,473017,0
1125674,168530,0,473042,2
1125724,168535,0,473055,0
1125774,168543,0,473072,1
1125825,168551,0,473096,0
1125878,168559,0,473109,1
1125928,168565,0,473124,1
1125980,168573,0,473150,1
1126033,168575,0,473173,0
1126083,168581,0,473195,1
1126133,168586,0,473226,0
1126186,168592,0,473249,0
1126236,168600,0,473265,1
1126290,168610,0,473279,0
1126341,168621,0,473293,1
1126391,168630,0,473317,1
1126445,168643,0,473332,1
1126495,168658,0,473345,1
1126545,168665,0,473366,0
1126595,168667,0,473399,0
1126646,168676,0,473426,1
1126698,168682,0,473449,0
1126749,168689,0,473460,1
1126799,168697,0,473483,2
1126849,168705,0,473503,0
1126900,168713,0,473529,0
1126950,168721,0,473552,0
1127000,168724,0,473584,0
1127050,168727,0,473615,1
1127101,168733,0,473638,0
1127151,168737,0,473668,0
1127204,168746,0,473682,1
1127255,168753,0,473700,1
1127308,168762,0,473717,1
1127358,168772,0,473739,0
1127408,168784,0,473758,0
1127459,168799,0,473773,1
1127511,168810,0,473788,1
1127563,168816,0,473808,0
1127613,168821,0,473834,0
1127663,168827,0,473857,1
1127713,168832,0,473879,0
1127763,168840,0,473899,0
1127820,168850,0,473917,0
1127871,168857,0,473947,1
1127921,168864,0,473968,0
1127971,168871,0,473992,0
1128022,168875,0,474011,0
1128073,168879,0,474040,0
1128123,168886,0,474059,0
1128175,168889,0,474093,0
1128225,168898,0,474113,0
1128277,168907,0,474140,0
1128327,168918,0,474156,2
1128381,168928,0,474175,1
1128432,168941,0,474184,1
1128485,168954,0,474202,0
1128535,168963,0,474218,1
1128587,168967,0,474245,0
1128640,168974,0,474271,0
1128690,168982,0,474298,0
1128740,168986,0,474323,0
1128790,168994,0,474348,1
1128840,169002,0,474371,0
1128890,169012,0,474383,0
1128941,169017,0,474400,0
1128992,169023,0,474410,0
1129042,169025,0,474425,0
1129092,169033,0,474450,1
1129143,169036,0,474476,0
1129193,169042,0,474494,0
1129243,169050,0,474521,0
1129296,169060,0,474538,0
1129348,169072,0,474549,1
1129399,169082,0,474571,1
1129449,169092,0,474598,0
1129501,169106,0,474608,1
1129555,169116,0,474625,1
1129605,169119,0,474643,1
1129662,169126,0,474660,0
1129712,169132,0,474700,0
1129762,169140,0,474728,0
1129813,169148,0,474746,1
1129864,169155,0,474775,0
1129914,169163,0,474800,0
1129969,169171,0,474820,0
1130021,169175,0,474842,0
1130071,169179,0,474865,0
1130122,169184,0,474876,1
1130175,169189,0,474897,0
1130227,169197,0,474908,1
1130278,169207,0,474925,0
1130331,169215,0,474946,1
1130381,169227,0,474958,1
1130432,169239,0,475023,0
1130482,169254,0,475031,2
1130533,169262,0,475049,0
1130583,169267,0,475068,0
1130635,169274,0,475090,0
1130685,169281,0,475118,1
1130735,169286,0,475148,1
1130788,169293,0,475172,0
1130838,169302,0,475183,1
1130888,169312,0,475202,3
1130941,169316,0,475234,1
1130991,169323,0,475253,1
1131041,169325,0,475279,0
1131093,169331,0,475302,1
1131143,169336,0,475337,0
1131193,169342,0,475355,0
1131243,169350,0,475373,0
1131293,169360,0,475394,0
1131344,169366,0,475406,1
1131394,169380,0,475415,1
1131444,169392,0,475431,1
1131495,169405,0,475444,1
1131547,169414,0,475460,1
1131597,169417,0,475479,0
1131653,169425,0,475494,0
1131704,169432,0,475517,0
1131754,169440,0,475534,2
1131804,169445,0,475558,0
1131855,169455,0,475570,1
1131912,169463,0,475588,0
1131962,169471,0,475606,0
1132012,169475,0,475635,1
1132063,169477,0,475663,0
1132113,169483,0,475693,0
1132164,169488,0,475718,1
1132214,169495,0,475740,0
1132264,169502,0,475761,0
1132315,169510,0,475793,0
1132368,169523,0,475808,0
1132418,169535,0,475825,1
1132469,169547,0,475843,1
1132520,169557,0,475858,0
1132570,169566,0,475878,0
1132621,169570,0,475896,1
1132671,169576,0,475924,0
1132721,169582,0,475949,0
1132771,169590,0,475973,0
1132821,169598,0,475990,1
1132873,169606,0,476001,1
1132923,169613,0,476017,0
1132973,169621,0,476038,0
1133024,169625,0,476065,0
1133074,169629,0,476087,0
1133126,169635,0,476112,1
1133177,169639,0,476136,1
1133227,169646,0,476152,0
1133278,169654,0,476173,1
1133329,169664,0,476187,1
1133383,169675,0,476203,1
1133433,169689,0,476231,0
1133484,169699,0,476237,1
1133539,169711,0,476254,1
1133589,169717,0,476277,0
1133640,169722,0,476305,1
1133692,169731,0,476328,1
1133742,169736,0,476357,0
1133794,169743,0,476378,0
1133845,169751,0,476403,0
1133895,169760,0,476412,2
1133947,169767,0,476437,1
1133997,169773,0,476462,1
1134049,169775,0,476493,0
1134101,169783,0,476513,1
1134151,169787,0,476536,1
1134201,169792,0,476567,2
1134256,169800,0,476584,0
1134306,169810,0,476613,0
1134357,169821,0,476638,2
1134407,169833,0,476655,1
1134459,169843,0,476681,1
1134509,169855,0,476698,1
1134559,169866,0,476715,1
1134617,169868,0,476744,1
1134667,169876,0,476762,0
1134718,169882,0,476788,0
1134768,169890,0,476806,0
1134818,169897,0,476820,0
1134870,169905,0,476881,0
1134920,169913,0,476901,0
1134971,169921,0,476915,0
1135023,169925,0,476942,0
1135073,169929,0,476959,2
1135123,169934,0,476981,1
1135173,169938,0,477012,0
1135231,169947,0,477032,1
1135281,169954,0,477057,1
1135331,169963,0,477074,1
1135381,169974,0,477083,1
1135431,169987,0,477093,1
1135481,169998,0,477118,1
1135531,170010,0,477146,1
1135585,170017,0,477165,1
1135635,170020,0,477191,1
1135686,170030,0,477206,2
1135736,170034,0,477228,0
1135786,170041,0,477251,1
1135837,170050,0,477270,2
1135888,170058,0,477288,0
1135938,170065,0,477315,1
1135988,170071,0,477344,0
1136038,170075,0,477363,0
1136088,170080,0,477393,0
1136138,170086,0,477412,1
1136189,170090,0,477431,1
1136239,170099,0,477447,2
1136289,170108,0,477471,0
1136340,170114,0,477493,1
1136391,170125,0,477512,0
1136441,170139,0,477525,0
1136493,170149,0,477538,0
1136543,170162,0,477549,1
1136593,170167,0,477574,0
1136645,170171,0,477595,1
1136695,170180,0,477619,0
1136745,170186,0,477637,1
1136795,170193,0,477703,2
1136846,170202,0,477718,1
1136904,170209,0,477751,1
1136954,170218,0,477775,0
1137004,170223,0,477797,0
1137054,170225,0,477824,0
1137107,170233,0,477840,1
1137157,170237,0,477863,0
1137208,170243,0,477887,0
1137258,170250,0,477909,0
1137310,170260,0,477931,0
1137363,170269,0,477952,1
1137415,170280,0,477959,1
1137465,170294,0,477976,1
1137517,170306,0,477995,1
1137567,170316,0,478021,0
1137617,170317,0,478046,0
1137668,170326,0,478063,0
1137721,170332,0,478082,0
1137778,170340,0,478103,0
1137828,170348,0,478123,0
1137883,170356,0,478143,1
1137933,170363,0,478159,0
1137985,170371,0,478173,0
1138035,170375,0,478203,0
1138086,170379,0,478237,1
1138137,170385,0,478257,1
1138188,170389,0,478286,0
1138238,170397,0,478306,0
1138288,170407,0,478330,3
1138339,170413,0,478355,0
1138389,170425,0,478380,1
1138439,170439,0,478389,2
1138489,170448,0,478411,0
1138541,170461,0,478427,1
1138591,170467,0,478448,1
1138641,170470,0,478479,0
1138691,170478,0,478498,0
1138741,170484,0,478528,0
1138792,170491,0,478544,0
1138844,170500,0,478568,1
1138896,170508,0,478638,0
1138946,170515,0,478658,0
1138997,170522,0,478686,0
1139047,170525,0,478706,0
1139097,170530,0,478738,0
1139149,170536,0,478763,0
1139201,170540,0,478794,1
1139254,170550,0,478816,0
1139305,170560,0,478833,0
1139355,170567,0,478862,1
1139405,170576,0,478879,1
1139459,170588,0,478886,1
1139517,170603,0,478900,1
1139567,170616,0,478914,0
1139617,170617,0,478947,0
1139671,170626,0,478976,0
1139721,170632,0,478991,0
1139773,170639,0,479011,1
1139825,170646,0,479039,1
1139875,170655,0,479054,0
1139926,170663,0,479075,1
1139977,170671,0,479090,0
1140028,170675,0,479111,0
1140081,170677,0,479148,0
1140132,170683,0,479171,0
1140184,170689,0,479200,0
1140234,170696,0,479215,0
1140286,170704,0,479226,0
1140337,170713,0,479291,1
1140388,170724,0,479310,1
1140442,170734,0,479328,1
1140494,170749,0,479337,1
1140544,170761,0,479353,1
1140594,170767,0,479372,1
1140644,170770,0,479411,0
1140696,170778,0,479423,1
1140746,170784,0,479444,1
1140797,170791,0,479466,0
1140849,170800,0,479489,1
1140899,170808,0,479509,0
1140950,170815,0,479523,0
1141001,170822,0,479549,0
1141051,170825,0,479567,0
1141103,170832,0,479591,1
1141153,170837,0,479626,1
1141204,170839,0,479650,0
1141255,170849,0,479664,0
1141305,170860,0,479694,2
1141355,170865,0,479721,0
1141410,170876,0,479732,1
1141462,170889,0,479754,1
1141516,170902,0,479762,1
1141567,170915,0,479776,1
1141624,170918,0,479801,1
1141674,170926,0,479830,0
1141727,170932,0,479858,0
1141777,170940,0,479878,1
1141828,170947,0,479899,2
1141879,170955,0,479917,0
1141929,170963,0,479931,0
1141981,170971,0,479949,0
1142032,170975,0,479971,0
1142082,170978,0,480005,1
1142132,170983,0,480024,0
1142183,170989,0,480040,0
1142235,170996,0,480068,1
1142289,171004,0,480079,0
1142339,171012,0,480096,0
1142390,171021,0,480121,1
1142442,171033,0,480148,0
1142493,171042,0,480154,1
1142550,171061,0,480160,1
1142601,171067,0,480176,0
1142651,171070,0,480209,0
1142701,171079,0,480230,0
1142752,171085,0,480254,0
1142802,171092,0,480276,1
1142865,171102,0,480290,1
1142915,171109,0,480310,0
1142969,171118,0,480336,1
1143020,171124,0,480358,0
1143072,171127,0,480385,1
1143122,171133,0,480411,0
1143175,171138,0,480430,1
1143225,171143,0,480449,0
1143275,171151,0,480470,1
1143326,171160,0,480491,0
1143377,171169,0,480504,0
1143428,171179,0,480528,1
1143479,171189,0,480543,0
1143529,171203,0,480554,0
1143581,171215,0,480561,1
1143631,171219,0,480578,1
1143681,171226,0,480598,0
1143736,171232,0,480620,0
1143786,171240,0,480636,1
1143838,171248,0,480648,1
1143888,171255,0,480666,0
1143938,171263,0,480685,0
1143988,171271,0,480706,0
1144038,171275,0,480738,0
1144088,171278,0,480750,0
1144141,171284,0,480769,1
1144192,171289,0,480791,0
1144244,171296,0,480805,0
1144296,171304,0,480830,0
1144347,171313,0,480857,1
1144398,171322,0,480874,1
1144449,171334,0,480881,0
1144499,171343,0,480904,1
1144549,171358,0,480922,0
1144600,171366,0,480944,0
1144653,171370,0,480962,0
1144704,171379,0,480986,0
1144756,171384,0,481011,1
1144809,171393,0,481031,1
1144859,171401,0,481043,2
1144910,171408,0,481066,0
1144961,171417,0,481095,1
1145012,171423,0,481110,1
1145062,171425,0,481146,0
1145112,171432,0,481171,1
1145162,171436,0,481195,0
1145213,171440,0,481217,1
1145263,171450,0,481242,0
1145313,171458,0,481260,2
1145363,171465,0,481274,0
1145413,171476,0,481293,1
1145465,171487,0,481314,1
1145515,171498,0,481332,0
1145569,171511,0,481339,1
1145620,171517,0,481360,0
1145670,171524,0,481380,1
1145720,171532,0,481401,1
1145772,171537,0,481432,1
1145823,171545,0,481451,0
1145873,171554,0,481470,1
1145923,171559,0,481500,0
1145976,171569,0,481516,1
1146030,171575,0,481541,1
1146080,171577,0,481564,0
1146130,171583,0,481583,0
1146183,171589,0,481603,1
1146233,171593,0,481633,0
1146284,171603,0,481655,0
1146338,171611,0,481675,1
1146388,171620,0,481700,1
1146438,171630,0,481732,0
1146489,171640,0,481756,0
1146539,171654,0,481779,0
1146589,171666,0,481787,1
1146642,171670,0,481806,1
1146693,171677,0,481819,1
1146745,171683,0,481837,0
1146795,171691,0,481860,1
1146845,171697,0,481884,1
1146896,171706,0,481912,1
1146948,171713,0,481924,0
1146998,171721,0,481939,0
1147048,171725,0,481973,0
1147098,171729,0,482005,1
1147150,171734,0,482021,1
1147200,171739,0,482096,0
1147250,171748,0,482115,1
1147301,171754,0,482131,0
1147352,171764,0,482143,1
1147402,171773,0,482161,2
1147452,171785,0,482175,1
1147505,171793,0,482196,1
1147557,171807,0,482208,0
1147609,171816,0,482224,0
1147668,171821,0,482252,1
1147718,171830,0,482273,0
1147768,171835,0,482291,1
1147819,171844,0,482313,0
1147872,171851,0,482337,1
1147923,171859,0,482351,0
1147977,171868,0,482376,1
1148027,171874,0,482407,0
1148079,171877,0,482433,0
1148129,171883,0,482456,0
1148180,171888,0,482474,1
1148235,171893,0,482497,0
1148290,171902,0,482518,1
1148342,171911,0,482536,0
1148392,171920,0,482550,0
1148443,171931,0,482568,0
1148496,171941,0,482592,1
1148546,171956,0,482614,2
1148598,171966,0,482641,0
1148650,171970,0,482664,0
1148700,171977,0,482682,0
1148750,171983,0,482706,0
1148800,171991,0,482729,2
1148850,171997,0,482742,1
1148900,172006,0,482757,1
1148951,172013,0,482773,0
1149001,172021,0,482793,0
1149051,172025,0,482834,0
1149101,172028,0,482858,0
1149156,172034,0,482881,1
1149207,172039,0,482902,0
1149258,172048,0,482913,1
1149309,172054,0,482935,0
1149360,172064,0,482955,0
1149411,172074,0,482978,0
1149461,172086,0,482998,2
1149511,172095,0,483013,3
1149562,172108,0,483033,1
1149614,172117,0,483059,1
1149668,172120,0,483080,0
1149718,172130,0,483094,0
1149772,172135,0,483117,1
1149822,172142,0,483147,0
1149878,172151,0,483158,1
1149931,172159,0,483185,0
1149981,172170,0,483206,2
1150033,172175,0,483225,1
1150083,172177,0,483238,0
1150135,172183,0,483255,0
1150185,172188,0,483278,0
1150235,172193,0,483299,1
1150287,172201,0,483310,1
1150340,172210,0,483320,1
1150390,172220,0,483341,1
1150442,172231,0,483370,1
1150493,172240,0,483394,1
1150544,172252,0,483409,1
1150597,172266,0,483433,0
1150648,172270,0,483462,1
1150698,172277,0,483476,1
1150748,172283,0,483500,0
1150802,172290,0,483523,1
1150852,172297,0,483542,1
1150903,172306,0,483561,0
1150955,172313,0,483576,0
1151010,172322,0,483602,1
1151060,172325,0,483642,0
1151111,172330,0,483666,1
1151161,172336,0,483686,1
1151213,172339,0,483709,0
1151263,172348,0,483729,1
1151316,172355,0,483754,1
1151369,172365,0,483773,0
1151419,172375,0,483786,0
1151472,172386,0,483805,1
1151524,172398,0,483819,1
1151579,172410,0,483823,1
1151630,172417,0,483844,0
1151682,172422,0,483873,1
1151732,172431,0,483889,0
1151786,172437,0,483907,1
1151836,172444,0,483928,1
1151889,172452,0,483950,0
1151943,172460,0,483964,1
1151993,172471,0,483975,1
1152047,172475,0,484005,0
1152097,172478,0,484034,0
1152147,172483,0,484064,0
1152198,172489,0,484082,1
1152248,172494,0,484097,1
1152299,172502,0,484106,1
1152349,172512,0,484127,0
1152402,172521,0,484150,1
1152452,172531,0,484176,0
1152502,172542,0,484198,0
1152553,172556,0,484218,2
1152603,172566,0,484228,0
1152666,172570,0,484255,0
1152717,172579,0,484269,0
1152767,172584,0,484291,1
1152817,172591,0,484319,0
1152867,172599,0,484333,1
1152917,172607,0,484354,0
1152967,172614,0,484369,1
1153022,172622,0,484390,0
1153073,172625,0,484409,0
1153123,172632,0,484429,0
1153173,172636,0,484450,0
1153223,172640,0,484470,1
1153273,172647,0,484499,1
1153323,172655,0,484516,0
1153373,172665,0,484534,0
1153423,172677,0,484555,2
1153474,172686,0,484581,1
1153525,172698,0,484606,1
1153575,172709,0,484625,2
1153628,172717,0,484650,0
1153679,172720,0,484679,0
1153729,172731,0,484695,1
1153779,172735,0,484725,0
1153831,172743,0,484737,0
1153881,172750,0,484759,0
1153932,172759,0,484776,0
1153983,172768,0,484797,1
1154033,172774,0,484815,1
1154083,172776,0,484838,0
1154133,172782,0,484864,0
1154184,172787,0,484887,0
1154234,172791,0,484910,0
1154286,172800,0,484928,0
1154339,172807,0,484947,1
1154389,172820,0,484962,2
1154439,172828,0,484981,1
1154489,172839,0,484999,0
1154539,172846,0,485013,1
1154589,172860,0,485021,0
1154640,172869,0,485045,1
1154692,172872,0,485061,1
1154743,172882,0,485076,0
1154795,172889,0,485102,1
1154846,172895,0,485117,0
1154896,172902,0,485133,0
1154946,172910,0,485156,1
1154998,172920,0,485174,0
1155048,172925,0,485201,0
1155098,172928,0,485231,0
1155148,172933,0,485241,0
1155199,172939,0,485267,1
1155249,172942,0,485299,1
1155299,172951,0,485313,0
1155350,172961,0,485336,3
1155400,172970,0,485356,0
1155457,172981,0,485381,1
1155507,172991,0,485397,0
1155560,173002,0,485424,1
1155611,173016,0,485438,1
1155661,173020,0,485461,0
1155712,173028,0,485476,0
1155762,173033,0,485503,0
1155815,173040,0,485529,0
1155867,173047,0,485552,1
1155922,173058,0,485578,1
1155972,173063,0,485595,0
1156022,173072,0,485617,0
1156074,173075,0,485646,0
1156129,173081,0,485663,1
1156183,173087,0,485691,1
1156234,173091,0,485716,0
1156285,173099,0,485738,2
1156335,173106,0,485768,0
1156387,173118,0,485819,1
1156437,173127,0,485831,1
1156487,173136,0,485853,1
1156537,173145,0,485873,0
1156587,173160,0,485884,1
1156642,173168,0,485901,1
1156698,173172,0,485925,1
1156749,173183,0,485936,1
1156800,173189,0,485966,1
1156852,173195,0,485993,0
1156903,173203,0,486017,1
1156957,173210,0,486040,0
1157010,173221,0,486058,0
1157060,173225,0,486077,0
1157110,173229,0,486101,1
1157165,173234,0,486135,1
1157216,173239,0,486158,0
1157266,173245,0,486184,1
1157316,173254,0,486196,1
1157367,173262,0,486214,1
1157417,173272,0,486229,2
1157467,173283,0,486240,1
1157518,173292,0,486259,0
1157569,173302,0,486282,0
1157619,173316,0,486297,1
1157670,173320,0,486314,0
1157720,173326,0,486330,2
1157771,173334,0,486360,1
1157824,173342,0,486373,1
1157875,173349,0,486399,0
1157926,173358,0,486410,1
1157976,173363,0,486437,0
1158026,173372,0,486455,0
1158079,173376,0,486479,1
1158130,173381,0,486503,1
1158184,173387,0,486533,1
1158235,173390,0,486564,1
1158287,173398,0,486596,1
1158337,173406,0,486614,0
1158387,173417,0,486635,1
1158441,173425,0,486657,1
1158491,173436,0,486670,0
1158541,173445,0,486736,0
1158591,173461,0,486770,2
1158641,173467,0,486792,0
1158694,173471,0,486822,1
1158744,173482,0,486838,0
1158797,173487,0,486862,1
1158848,173494,0,486874,1
1158902,173502,0,486897,0
1158952,173510,0,486907,1
1159007,173521,0,486929,1
1159061,173525,0,486956,0
1159111,173528,0,486976,0
1159168,173534,0,486998,1
1159218,173539,0,487022,0
1159268,173545,0,487052,1
1159326,173555,0,487076,1
1159379,173565,0,487089,0
1159431,173574,0,487100,0
1159482,173585,0,487118,0
1159532,173593,0,487134,1
1159583,173607,0,487152,2
1159634,173617,0,487173,0
1159686,173620,0,487197,0
1159739,173628,0,487204,1
1159791,173636,0,487224,1
1159842,173643,0,487243,0
1159892,173650,0,487263,0
1159942,173658,0,487286,0
1159994,173667,0,487296,1
1160044,173674,0,487324,1
1160094,173677,0,487341,1
1160148,173683,0,487366,1
1160199,173688,0,487380,0
1160252,173691,0,487410,0
1160307,173701,0,487430,0
1160363,173709,0,487444,1
1160415,173720,0,487460,0
1160465,173728,0,487482,2
1160518,173742,0,487503,0
1160568,173752,0,487519,0
1160621,173765,0,487533,1
1160671,173770,0,487563,0
1160721,173773,0,487587,1
1160774,173783,0,487610,0
1160824,173791,0,487634,1
1160878,173797,0,487651,1
1160930,173808,0,487660,1
1160980,173813,0,487683,0
1161030,173822,0,487703,0
1161081,173825,0,487727,0
1161136,173831,0,487747,1
1161187,173837,0,487770,1
1161238,173841,0,487782,2
1161292,173848,0,487806,1
1161346,173857,0,487818,1
1161396,173867,0,487829,1
1161448,173876,0,487842,1
1161498,173887,0,487864,1
1161549,173897,0,487884,1
1161600,173910,0,487897,2
1161651,173918,0,487913,1
1161706,173921,0,487931,1
1161756,173932,0,487952,0
1161808,173938,0,487971,1
1161859,173945,0,487999,0
1161909,173952,0,488020,0
1161960,173960,0,488041,0
1162010,173971,0,488061,2
1162060,173975,0,488082,0
1162112,173978,0,488104,0
1162162,173983,0,488131,0
1162212,173989,0,488149,0
1162262,173992,0,488185,1
1162313,174001,0,488207,0
1162365,174009,0,488227,1
1162415,174020,0,488252,0
1162466,174027,0,488270,1
1162517,174042,0,488288,0
1162568,174052,0,488311,1
1162618,174064,0,488322,1
1162672,174070,0,488348,0
1162722,174073,0,488368,1
1162772,174083,0,488389,0
1162824,174090,0,488406,1
1162874,174096,0,488421,1
1162925,174107,0,488438,2
1162980,174113,0,488465,1
1163032,174122,0,488489,0
1163082,174125,0,488507,0
1163133,174130,0,488525,0
1163183,174135,0,488542,1
1163233,174139,0,488573,0
1163283,174145,0,488591,0
1163333,174156,0,488605,1
1163388,174166,0,488619,1
1163438,174174,0,488643,1
1163491,174185,0,488650,1
1163541,174195,0,488669,1
1163593,174204,0,488695,1
1163643,174217,0,488704,0
1163693,174220,0,488725,0
1163743,174227,0,488740,1
1163797,174236,0,488765,1
1163850,174244,0,488791,1
1163900,174250,0,488814,0
1163950,174259,0,488832,1
1164000,174265,0,488851,0
1164052,174275,0,488874,0
1164105,174276,0,488895,1
1164163,174283,0,488912,1
1164215,174289,0,488933,0
1164265,174292,0,488953,1
1164315,174301,0,488964,0
1164365,174308,0,488976,1
1164417,174320,0,488993,0
1164468,174327,0,489031,1
1164518,174340,0,489041,1
1164570,174351,0,489063,1
1164620,174361,0,489082,2
1164671,174370,0,489111,0
1164722,174372,0,489144,0
1164772,174383,0,489160,1
1164830,174390,0,489182,1
1164880,174397,0,489204,1
1164932,174405,0,489275,1
1164985,174413,0,489298,0
1165037,174422,0,489314,0
1165088,174425,0,489340,0
1165141,174431,0,489359,1
1165191,174436,0,489380,1
1165241,174439,0,489405,0
1165291,174446,0,489423,1
1165350,174456,0,489441,1
1165402,174468,0,489454,1
1165453,174476,0,489475,0
1165504,174487,0,489492,1
1165555,174497,0,489511,1
1165605,174507,0,489534,1
1165655,174518,0,489551,1
1165712,174521,0,489580,1
1165762,174532,0,489647,1
1165813,174537,0,489664,0
1165864,174545,0,489686,0
1165916,174551,0,489708,1
1165966,174560,0,489727,0
1166017,174568,0,489742,1
1166068,174575,0,489767,0
1166121,174578,0,489791,0
1166172,174583,0,489822,0
1166223,174589,0,489846,0
1166273,174593,0,489869,1
1166324,174602,0,489887,1
1166376,174610,0,489904,1
1166426,174621,0,489929,0
1166479,174628,0,489943,1
1166529,174641,0,489957,1
1166579,174652,0,489971,0
1166629,174664,0,489988,2
1166680,174670,0,490005,0
1166733,174673,0,490041,0
1166783,174684,0,490053,1
1166835,174691,0,490079,1
1166885,174698,0,490096,1
1166938,174705,0,490134,0
1166988,174713,0,490158,0
1167041,174722,0,490170,0
1167091,174725,0,490191,0
1167143,174731,0,490213,1
1167193,174736,0,490234,2
1167246,174739,0,490260,0
1167297,174747,0,490272,2
1167350,174755,0,490293,0
1167401,174767,0,490307,1
1167454,174774,0,490327,0
1167506,174787,0,490335,1
1167557,174797,0,490353,1
1167608,174806,0,490370,1
1167659,174818,0,490395,0
1167710,174820,0,490415,0
1167762,174829,0,490430,1
1167812,174837,0,490448,1
1167865,174845,0,490477,1
1167915,174850,0,490510,0
1167965,174860,0,490528,0
1168019,174867,0,490557,0
1168074,174875,0,490571,0
1168124,174878,0,490602,0
1168174,174883,0,490629,0
1168224,174889,0,490656,0
1168278,174893,0,490678,1
1168332,174902,0,490689,1
1168382,174910,0,490709,1
1168433,174921,0,490718,0
1168484,174928,0,490735,1
1168534,174942,0,490748,0
1168585,174952,0,490767,0
1168635,174966,0,490779,2
1168686,174970,0,490819,0
1168736,174972,0,490841,1
1168788,174984,0,490857,1
1168838,174991,0,490883,1
1168891,174998,0,490907,0
1168943,175006,0,490920,1
1168993,175013,0,490941,0
1169043,175022,0,490960,0
1169093,175025,0,490990,0
1169143,175031,0,491010,1
1169194,175035,0,491036,1
1169246,175039,0,491059,0
1169296,175044,0,491082,1
1169348,175055,0,491106,0
1169398,175066,0,491127,2
1169448,175074,0,491158,0
1169500,175082,0,491184,0
1169553,175095,0,491197,1
1169605,175105,0,491217,0
1169656,175118,0,491227,1
1169706,175120,0,491247,0
1169756,175128,0,491264,0
1169807,175135,0,491290,0
1169858,175143,0,491314,0
1169910,175150,0,491335,0
1169961,175159,0,491345,0
1170015,175167,0,491367,1
1170066,175175,0,491390,0
1170116,175178,0,491409,2
1170166,175182,0,491432,0
1170216,175189,0,491457,0
1170266,175191,0,491491,0
1170316,175200,0,491563,1
1170370,175208,0,491585,1
1170423,175220,0,491601,1
1170473,175226,0,491624,0
1170525,175239,0,491641,1
1170575,175251,0,491657,3
1170626,175260,0,491673,1
1170677,175269,0,491691,0
1170727,175271,0,491715,0
1170782,175282,0,491729,1
1170832,175289,0,491751,1
1170882,175296,0,491775,0
1170932,175303,0,491793,1
1170982,175311,0,491823,0
1171032,175319,0,491842,0
1171083,175325,0,491873,0
1171133,175328,0,491900,0
1171186,175333,0,491928,0
1171236,175339,0,491955,0
1171287,175343,0,491982,0
1171337,175352,0,492012,0
1171387,175360,0,492044,1
1171438,175371,0,492056,0
1171488,175378,0,492082,0
1171540,175392,0,492097,1
1171590,175402,0,492115,0
1171642,175414,0,492140,1
1171693,175420,0,492154,0
1171745,175423,0,492177,1
1171796,175434,0,492198,0
1171847,175442,0,492219,1
1171897,175448,0,492246,0
1171950,175456,0,492277,1
1172000,175463,0,492299,0
1172050,175473,0,492315,1
1172101,175475,0,492340,0
1172152,175481,0,492356,1
1172203,175486,0,492385,1
1172254,175489,0,492411,0
1172304,175496,0,492428,1
1172355,175506,0,492443,0
1172406,175514,0,492456,1
1172457,175524,0,492529,0
1172507,175533,0,492549,0
1172557,175545,0,492569,1
1172607,175554,0,492595,0
1172657,175567,0,492604,1
1172709,175570,0,492634,0
1172759,175578,0,492654,0
1172809,175586,0,492676,1
1172859,175593,0,492700,0
1172910,175600,0,492720,1
1172960,175606,0,492744,0
1173010,175614,0,492762,0
1173066,175625,0,492774,1
1173118,175627,0,492805,1
1173168,175632,0,492826,0
1173222,175639,0,492836,0
1173274,175641,0,492856,0
1173327,175651,0,492876,1
1173378,175658,0,492895,0
1173428,175670,0,492909,1
1173484,175677,0,492924,1
1173537,175690,0,492942,0
1173591,175702,0,492952,1
1173642,175712,0,492970,1
1173693,175720,0,492992,0
1173744,175722,0,493022,1
1173797,175734,0,493035,1
1173847,175741,0,493057,0
1173898,175748,0,493080,0
1173948,175755,0,493098,0
1173998,175763,0,493113,0
1174051,175773,0,493128,1
1174101,175775,0,493156,0
1174153,175781,0,493189,1
1174203,175785,0,493215,0
1174253,175789,0,493234,0
1174305,175796,0,493245,1
1174357,175806,0,493257,1
1174407,175814,0,493281,1
1174457,175824,0,493297,1
1174509,175833,0,493323,1
1174559,175845,0,493349,1
1174614,175855,0,493368,1
1174666,175868,0,493375,0
1174721,175870,0,493396,0
1174771,175877,0,493412,2
1174821,175887,0,493435,1
1174872,175895,0,493454,1
1174923,175901,0,493482,0
1174973,175909,0,493504,2
1175024,175917,0,493525,1
1175076,175925,0,493540,0
1175126,175928,0,493567,0
1175177,175933,0,493597,0
1175232,175939,0,493675,0
1175284,175942,0,493694,1
1175334,175950,0,493704,2
1175384,175958,0,493721,0
1175434,175971,0,493731,1
1175486,175977,0,493756,1
1175536,175990,0,493774,2
1175587,176000,0,493786,1
1175639,176010,0,493802,1
1175690,176020,0,493821,0
1175740,176021,0,493848,0
1175791,176032,0,493863,1
1175841,176038,0,493885,1
1175891,176046,0,493901,0
1175941,176054,0,493923,1
1175992,176060,0,493954,0
1176042,176070,0,493966,2
1176096,176075,0,493990,0
1176147,176079,0,494014,0
1176197,176084,0,494028,0
1176250,176089,0,494053,0
1176301,176095,0,494069,1
1176351,176105,0,494083,0
1176401,176111,0,494109,0
1176451,176122,0,494128,0
1176501,176129,0,494147,0
1176553,176143,0,494161,1
1176606,176154,0,494179,1
1176656,176164,0,494204,1
1176708,176170,0,494232,0
1176758,176172,0,494266,0
1176809,176185,0,494279,1
1176860,176193,0,494299,0
1176910,176199,0,494319,0
1176960,176206,0,494337,0
1177011,176214,0,494370,0
1177062,176223,0,494397,1
1177113,176225,0,494419,0
1177163,176231,0,494441,0
1177213,176236,0,494463,0
1177263,176239,0,494494,0
1177313,176246,0,494522,1
1177369,176256,0,494544,0
1177424,176269,0,494562,1
1177474,176275,0,494579,1
1177524,176285,0,494593,1
1177575,176297,0,494608,1
1177631,176307,0,494624,1
1177681,176319,0,494650,1
1177732,176320,0,494672,0
1177786,176330,0,494691,0
1177838,176337,0,494713,0
1177888,176346,0,494731,1
1177940,176353,0,494753,1
1177992,176360,0,494764,0
1178045,176370,0,494774,1
1178096,176375,0,494797,0
1178147,176379,0,494826,0
1178198,176384,0,494849,0
1178249,176389,0,494885,0
1178301,176394,0,494912,1
1178352,176403,0,494927,1
1178404,176411,0,494957,0
1178459,176422,0,494981,0
1178514,176431,0,495002,1
1178564,176445,0,495015,1
1178614,176454,0,495031,0
1178664,176466,0,495049,0
1178716,176470,0,495076,0
1178770,176473,0,495110,1
1178820,176486,0,495125,1
1178873,176494,0,495146,1
1178923,176500,0,495173,0
1178973,176507,0,495227,1
1179023,176514,0,495242,0
1179073,176525,0,495258,1
1179123,176526,0,495285,0
1179176,176532,0,495308,0
1179226,176539,0,495338,2
1179278,176540,0,495362,0
1179332,176548,0,495381,0
1179382,176557,0,495405,0
1179432,176569,0,495420,1
1179484,176576,0,495440,1
1179536,176586,0,495463,1
1179590,176598,0,495476,0
1179640,176609,0,495499,1
1179690,176619,0,495518,0
1179744,176621,0,495542,1
1179796,176628,0,495556,1
1179847,176638,0,495579,0
1179897,176646,0,495600,0
1179947,176654,0,495617,1
1179997,176661,0,495635,1
1180048,176670,0,495646,1
1180099,176675,0,495670,0
1180149,176679,0,495705,0
1180200,176684,0,495726,0
1180250,176689,0,495746,0
1180301,176693,0,495765,0
1180351,176702,0,495787,1
1180403,176711,0,495804,1
1180454,176722,0,495818,0
1180507,176730,0,495841,1
1180560,176741,0,495854,1
1180611,176754,0,495872,1
1180665,176764,0,495893,1
1180717,176770,0,495918,0
1180768,176772,0,495938,0
1180818,176785,0,495957,3
1180869,176793,0,495980,1
1180920,176800,0,496001,0
1180970,176805,0,496025,0
1181020,176813,0,496045,0
1181073,176824,0,496056,1
1181123,176826,0,496078,0
1181173,176832,0,496096,0
1181223,176837,0,496171,0
1181273,176840,0,496197,1
1181323,176848,0,496217,1
1181373,176856,0,496241,0
1181426,176864,0,496261,1
1181476,176874,0,496282,0
1181530,176882,0,496305,1
1181581,176896,0,496310,2
1181631,176906,0,496325,1
1181686,176919,0,496344,1
1181737,176920,0,496423,0
1181789,176925,0,496450,1
1181840,176937,0,496473,0
1181891,176946,0,496488,0
1181941,176952,0,496511,0
1181993,176960,0,496538,1
1182044,176967,0,496567,1
1182094,176975,0,496589,0
1182147,176979,0,496606,1
1182201,176984,0,496627,1
1182252,176989,0,496649,0
1182303,176993,0,496673,0
1182353,177000,0,496686,1
1182403,177010,0,496703,1
1182453,177022,0,496716,1
1182503,177027,0,496741,1
1182555,177037,0,496765,1
1182605,177050,0,496773,1
1182655,177061,0,496790,1
1182712,177070,0,496814,0
1182764,177072,0,496847,0
1182815,177080,0,496867,1
1182868,177091,0,496887,1
1182918,177100,0,496899,1
1182970,177105,0,496921,0
1183020,177113,0,496939,0
1183071,177123,0,496959,1
1183124,177126,0,496995,0
1183174,177131,0,497031,0
1183225,177138,0,497058,2
1183276,177140,0,497085,1
1183328,177147,0,497109,1
1183378,177157,0,497131,0
1183428,177164,0,497158,1
1183480,177175,0,497166,1
1183531,177182,0,497188,1
1183582,177194,0,497208,0
1183636,177207,0,497223,1
1183687,177218,0,497249,0
1183737,177220,0,497283,0
1183791,177224,0,497302,0
1183841,177237,0,497314,0
1183891,177246,0,497333,0
1183942,177252,0,497352,0
1183993,177259,0,497375,0
1184044,177266,0,497398,0
1184103,177275,0,497409,0
1184153,177279,0,497428,0
1184203,177284,0,497455,1
1184253,177289,0,497486,0
1184304,177293,0,497503,1
1184354,177299,0,497534,0
1184404,177310,0,497551,1
1184454,177322,0,497571,1
1184506,177328,0,497592,1
1184557,177337,0,497603,1
1184607,177350,0,497623,2
1184659,177361,0,497650,1
1184714,177370,0,497667,0
1184764,177372,0,497690,1
1184814,177378,0,497713,0
1184865,177390,0,497720,2
1184917,177398,0,497741,1
1184967,177405,0,497759,0
1185017,177413,0,497778,1
1185069,177421,0,497798,1
1185120,177426,0,497826,1
1185171,177431,0,497847,0
1185224,177436,0,497871,1
1185274,177439,0,497908,0
1185326,177446,0,497922,1
1185376,177455,0,497953,2
1185429,177463,0,497960,1
1185479,177474,0,497973,0
1185529,177480,0,497991,0
1185579,177493,0,498003,1
1185629,177505,0,498013,1
1185683,177516,0,498034,1
1185733,177520,0,498056,0
1185784,177523,0,498079,0
1185834,177535,0,498098,1
1185891,177545,0,498163,1
1185941,177552,0,498175,0
1185991,177558,0,498199,0
1186041,177565,0,498223,1
1186091,177575,0,498241,0
1186146,177578,0,498271,1
1186198,177583,0,498292,0
1186248,177589,0,498310,0
1186302,177590,0,498334,0
1186352,177599,0,498354,0
1186403,177609,0,498369,1
1186453,177620,0,498389,2
1186505,177627,0,498408,1
1186555,177636,0,498424,2
1186605,177648,0,498438,0
1186656,177660,0,498449,0
1186708,177670,0,498461,1
1186764,177671,0,498494,0
1186814,177678,0,498519,1
1186868,177689,0,498535,1
1186921,177698,0,498558,0
1186972,177705,0,498585,0
1187025,177714,0,498606,1
1187077,177722,0,498623,1
1187129,177726,0,498652,0
1187179,177731,0,498676,0
1187232,177737,0,498705,0
1187282,177740,0,498729,1
1187335,177746,0,498754,0
1187385,177757,0,498767,2
1187435,177765,0,498793,2
1187486,177775,0,498801,1
1187537,177781,0,498834,1
1187590,177795,0,498846,1
1187640,177807,0,498864,1
1187690,177817,0,498884,1
1187741,177820,0,498909,0
1187795,177825,0,498929,1
1187845,177836,0,498996,0
1187897,177845,0,499012,0
1187947,177852,0,499030,0
1187999,177859,0,499066,1
1188049,177865,0,499080,1
1188102,177875,0,499104,0
1188152,177879,0,499125,1
1188203,177883,0,499143,0
1188253,177889,0,499163,0
1188303,177890,0,499192,0
1188353,177899,0,499211,0
1188405,177909,0,499227,1
1188456,177917,0,499237,0
1188506,177926,0,499252,0
1188558,177934,0,499271,1
1188608,177949,0,499329,0
1188658,177960,0,499341,0
1188711,177969,0,499357,0
1188763,177971,0,499389,0
1188821,177977,0,499417,1
1188874,177989,0,499436,1
1188925,177998,0,499450,0
1188976,178005,0,499474,0
1189026,178014,0,499498,1
1189077,178022,0,499518,2
1189129,178026,0,499540,0
1189181,178031,0,499562,0
1189231,178037,0,499585,1
1189282,178040,0,499609,1
1189332,178046,0,499627,0
1189384,178054,0,499647,1
1189434,178063,0,499678,1
1189484,178074,0,499692,1
1189540,178081,0,499718,1
1189594,178095,0,499732,1
1189645,178104,0,499750,1
1189695,178118,0,499758,1
1189748,178120,0,499782,0
1189799,178125,0,499805,0
1189849,178136,0,499828,0
1189899,178145,0,499846,0
1189949,178152,0,499876,0
1190006,178159,0,499893,1
1190057,178166,0,499909,0
1190107,178175,0,499922,0
1190157,178179,0,499943,0
1190208,178183,0,499962,0
1190261,178189,0,499983,0
1190315,178191,0,500009,1
1190366,178200,0,500030,0
1190417,178211,0,500037,1
1190470,178219,0,500068,0
1190520,178228,0,500081,0
1190572,178237,0,500144,1
1190626,178250,0,500161,1
1190678,178262,0,500182,0
1190729,178270,0,500201,0
1190782,178272,0,500223,0
1190833,178280,0,500245,1
1190883,178291,0,500265,2
1190934,178298,0,500283,0
1190984,178307,0,500299,1
1191034,178314,0,500325,0
1191084,178321,0,500349,1
1191134,178326,0,500368,0
1191187,178332,0,500392,1
1191240,178338,0,500410,1
1191291,178340,0,500431,0
1191346,178347,0,500447,1
1191397,178357,0,500467,2
1191447,178365,0,500484,0
1191497,178376,0,500508,0
1191547,178382,0,500572,1
1191597,178395,0,500591,1
1191650,178404,0,500617,1
1191700,178418,0,500629,1
1191750,178420,0,500665,0
1191801,178425,0,500679,1
1191853,178436,0,500719,0
1191903,178445,0,500746,0
1191957,178451,0,500766,1
1192009,178459,0,500784,0
1192062,178467,0,500801,1
1192116,178475,0,500821,0
1192167,178479,0,500836,0
1192219,178485,0,500859,1
1192270,178489,0,500888,0
1192320,178491,0,500921,1
1192371,178500,0,500936,0
1192423,178511,0,500949,0
1192473,178519,0,500968,0
1192531,178529,0,500998,1
1192581,178538,0,501023,1
1192636,178552,0,501044,1
1192686,178564,0,501057,1
1192738,178570,0,501079,0
1192789,178573,0,501098,0
1192840,178583,0,501120,1
1192890,178592,0,501133,0
1192940,178598,0,501163,0
1192992,178607,0,501186,0
1193042,178614,0,501201,0
1193093,178622,0,501222,1
1193144,178626,0,501247,0
1193194,178632,0,501265,1
1193247,178637,0,501286,1
1193298,178640,0,501301,0
1193350,178647,0,501329,1
1193405,178657,0,501347,1
1193458,178667,0,501373,1
1193509,178676,0,501394,0
1193561,178683,0,501413,0
1193615,178698,0,501426,1
1193665,178708,0,501447,1
1193715,178719,0,501464,0
1193765,178721,0,501492,0
1193815,178726,0,501513,0
1193866,178737,0,501526,1
1193916,178745,0,501553,0
1193968,178755,0,501582,1
1194019,178759,0,501607,0
1194071,178769,0,501622,0
1194121,178775,0,501640,0
1194175,178780,0,501660,1
1194227,178785,0,501679,0
1194277,178789,0,501711,0
1194328,178793,0,501743,1
1194378,178801,0,501763,0
1194432,178812,0,501783,1
1194485,178819,0,501801,0
1194536,178829,0,501816,1
1194588,178839,0,501838,1
1194642,178852,0,501844,1
1194692,178864,0,501859,3
1194743,178870,0,501876,0
1194793,178873,0,501905,0
1194844,178882,0,501921,1
1194895,178892,0,501935,0
1194950,178898,0,501957,0
1195002,178907,0,501983,0
1195054,178914,0,501997,0
1195104,178923,0,502011,1
1195160,178928,0,502029,0
1195211,178933,0,502047,0
1195265,178939,0,502065,0
1195319,178940,0,502095,0
1195369,178950,0,502118,2
1195419,178959,0,502138,1
1195469,178968,0,502159,1
1195522,178978,0,502173,1
1195573,178984,0,502202,0
1195630,178997,0,502213,1
1195681,179010,0,502235,1
1195731,179020,0,502257,0
1195782,179022,0,502286,0
1195833,179028,0,502301,1
1195883,179040,0,502315,1
1195935,179048,0,502334,1
1195985,179056,0,502349,1
1196036,179061,0,502365,1
1196086,179070,0,502389,0
1196136,179075,0,502408,0
1196188,179080,0,502431,0
1196238,179085,0,502450,0
1196289,179090,0,502473,1
1196339,179095,0,502498,1
1196389,179102,0,502516,0
1196441,179113,0,502533,1
1196491,179120,0,502548,1
1196541,179130,0,502573,2
1196591,179139,0,502590,1
1196641,179151,0,502606,0
1196692,179162,0,502622,1
1196742,179170,0,502649,0
1196792,179173,0,502680,0
1196843,179181,0,502695,1
1196893,179192,0,502716,0
1196945,179198,0,502741,0
1196998,179207,0,502809,0
1197048,179214,0,502836,0
1197099,179221,0,502862,0
1197149,179227,0,502887,1
1197203,179232,0,502914,1
1197254,179237,0,502942,1
1197304,179240,0,502972,0
1197355,179246,0,502988,0
1197405,179256,0,503007,1
1197458,179266,0,503028,1
1197508,179276,0,503042,1
1197559,179283,0,503064,0
1197610,179292,0,503080,0
1197660,179305,0,503101,2
1197710,179317,0,503120,0
1197761,179321,0,503153,1
1197815,179326,0,503182,1
1197866,179335,0,503196,1
1197916,179345,0,503226,0
1197975,179350,0,503253,1
1198033,179360,0,503273,1
1198083,179370,0,503286,1
1198135,179375,0,503314,0
1198185,179380,0,503337,0
1198236,179385,0,503361,0
1198293,179390,0,503388,1
1198347,179396,0,503405,1
1198397,179404,0,503426,1
1198449,179414,0,503440,1
1198501,179422,0,503463,0
1198552,179431,0,503525,1
1198602,179439,0,503546,0
1198652,179451,0,503558,2
1198702,179463,0,503571,1
1198753,179470,0,503589,0
1198804,179474,0,503614,0
1198856,179483,0,503631,0
1198906,179495,0,503650,2
1198958,179498,0,503685,0
1199008,179507,0,503699,0
1199059,179515,0,503714,1
1199109,179522,0,503743,0
1199159,179528,0,503764,1
1199209,179532,0,503783,0
1199262,179538,0,503812,1
1199312,179540,0,503839,0
1199362,179547,0,503858,0
1199417,179558,0,503875,1
1199472,179567,0,503890,1
1199523,179577,0,503907,0
1199574,179584,0,503936,1
1199625,179594,0,503948,1
1199676,179606,0,503968,0
1199726,179620,0,503981,1
1199777,179622,0,504003,1
1199827,179626,0,504026,0
1199884,179638,0,504042,1
1199935,179647,0,504065,1
1199989,179653,0,504083,1
1200041,179661,0,504111,1
1200094,179670,0,504127,0
1200147,179676,0,504142,1
1200197,179681,0,504160,0
1200248,179686,0,504172,1
1200301,179690,0,504191,0
1200352,179696,0,504222,0
1200402,179704,0,504242,0
1200453,179714,0,504266,1
1200504,179722,0,504274,1
1200555,179730,0,504287,1
1200605,179739,0,504306,0
1200655,179750,0,504327,1
1200707,179764,0,504338,1
1200757,179770,0,504372,0
1200807,179774,0,504395,0
1200858,179783,0,504412,1
1200911,179794,0,504435,1
1200961,179799,0,504457,1
1201011,179807,0,504471,0
1201064,179815,0,504490,1
1201114,179823,0,504513,1
1201164,179828,0,504535,0
1201214,179832,0,504565,0
1201265,179837,0,504587,1
1201315,179840,0,504608,0
1201365,179847,0,504623,0
1201418,179857,0,504643,0
1201471,179866,0,504667,0
1201521,179877,0,504678,1
1201573,179883,0,504698,0
1201623,179893,0,504720,0
1201673,179906,0,504726,2
1201723,179918,0,504745,1
1201776,179921,0,504767,0
1201826,179926,0,504798,0
1201877,179936,0,504820,0
1201927,179945,0,504831,0
1201980,179950,0,504857,1
1202030,179959,0,504880,0
1202081,179968,0,504891,1
1202131,179975,0,504910,0
1202181,179979,0,504930,0
1202232,179984,0,504954,0
1202282,179989,0,504983,0
1202332,179992,0,505055,2
1202382,179999,0,505073,0
1202439,180011,0,505096,1
1202493,180019,0,505112,1
1202544,180028,0,505131,0
1202594,180038,0,505156,1
1202644,180044,0,505175,0
1202694,180060,0,505188,1
1202744,180070,0,505214,0
1202794,180073,0,505249,0
1202845,180079,0,505272,0
1202895,180089,0,505287,1
1202945,180098,0,505315,1
1202997,180103,0,505332,1
1203049,180112,0,505350,1
1203100,180121,0,505374,1
1203153,180126,0,505405,1
1203203,180131,0,505425,0
1203253,180136,0,505444,0
1203304,180140,0,505474,0
1203356,180146,0,505496,1
1203407,180154,0,505515,1
1203458,180164,0,505532,0
1203509,180172,0,505557,2
1203564,180181,0,505578,1
1203614,180189,0,505596,0
1203668,180199,0,505609,1
1203721,180214,0,505612,1
1203771,180221,0,505636,1
1203825,180226,0,505666,1
1203878,180235,0,505676,1
1203929,180245,0,505700,0
1203979,180249,0,505720,0
1204031,180259,0,505744,0
1204081,180267,0,505761,1
1204132,180274,0,505784,1
1204182,180279,0,505817,0
1204234,180284,0,505835,0
1204284,180289,0,505860,0
1204334,180292,0,505893,2
1204390,180299,0,505918,0
1204441,180311,0,505936,1
1204498,180319,0,505958,1
1204548,180328,0,505989,0
1204598,180336,0,506015,0
1204658,180346,0,506039,1
1204708,180359,0,506046,2
1204760,180370,0,506054,0
1204810,180374,0,506076,0
1204860,180383,0,506098,1
1204910,180390,0,506118,0
1204961,180398,0,506140,0
1205014,180407,0,506161,1
1205067,180415,0,506183,1
1205120,180423,0,506198,0
1205170,180428,0,506221,0
1205222,180434,0,506253,1
1205273,180437,0,506273,0
1205323,180440,0,506305,0
1205374,180448,0,506324,0
1205428,180458,0,506343,1
1205479,180466,0,506365,0
1205531,180477,0,506387,0
1205583,180485,0,506407,1
1205633,180491,0,506428,1
1205687,180500,0,506445,1
1205737,180518,0,506450,1
1205788,180521,0,506478,0
1205839,180527,0,506499,0
1205889,180537,0,506517,1
1205939,180546,0,506541,0
1205989,180552,0,506570,1
1206039,180560,0,506591,1
1206090,180568,0,506610,1
1206142,180575,0,506628,0
1206192,180580,0,506646,0
1206242,180585,0,506673,0
1206296,180589,0,506703,0
1206347,180594,0,506725,0
1206397,180600,0,506745,1
1206447,180612,0,506761,0
1206503,180619,0,506781,1
1206554,180628,0,506795,0
1206604,180639,0,506826,2
1206655,180645,0,506845,0
1206705,180657,0,506868,2
1206755,180670,0,506884,1
1206808,180674,0,506906,1
1206860,180682,0,506922,1
1206911,180690,0,506946,0
1206961,180698,0,506965,0
1207014,180706,0,506981,0
1207065,180714,0,507001,0
1207115,180723,0,507019,1
1207166,180728,0,507038,0
1207221,180732,0,507062,1
1207271,180737,0,507097,1
1207321,180740,0,507114,0
1207373,180747,0,507137,1
1207424,180757,0,507153,1
1207474,180764,0,507181,0
1207529,180775,0,507199,0
1207581,180784,0,507211,1
1207631,180790,0,507234,1
1207682,180799,0,507251,0
1207732,180812,0,507267,1
1207782,180821,0,507293,0
1207833,180826,0,507323,0
1207885,180836,0,507347,1
1207936,180845,0,507366,0
1207991,180851,0,507392,1
1208042,180859,0,507405,0
1208093,180868,0,507422,2
1208143,180875,0,507447,0
1208194,180880,0,507466,0
1208246,180885,0,507485,0
1208296,180889,0,507502,0
1208347,180894,0,507529,0
1208399,180900,0,507554,1
1208450,180913,0,507569,1
1208500,180918,0,507589,0
1208550,180928,0,507615,0
1208600,180936,0,507635,1
1208656,180944,0,507658,1
1208706,180954,0,507680,1
1208756,180967,0,507685,2
1208806,180973,0,507700,1
1208859,180981,0,507724,1
1208920,180989,0,507750,1
1208970,180998,0,507766,0
1209021,181007,0,507789,1
1209071,181013,0,507810,1
1209123,181023,0,507828,0
1209173,181028,0,507853,0
1209224,181032,0,507873,1
1209276,181037,0,507889,1
1209330,181040,0,507913,0
1209380,181048,0,507978,0
1209430,181056,0,508000,0
1209480,181064,0,508023,0
1209530,181075,0,508048,0
1209580,181083,0,508075,1
1209631,181089,0,508097,0
1209682,181098,0,508116,1
1209732,181111,0,508133,0
1209785,181121,0,508143,0
1209835,181126,0,508156,0
1209886,181136,0,508172,2
1209937,181146,0,508183,1
1209988,181150,0,508211,0
1210039,181158,0,508227,0
1210089,181165,0,508236,0
1210139,181174,0,508254,0
1210190,181179,0,508278,0
1210241,181184,0,508305,0
1210291,181188,0,508336,0
1210341,181193,0,508358,1
1210397,181199,0,508387,0
1210447,181212,0,508393,3
1210497,181218,0,508412,1
1210549,181228,0,508434,1
1210600,181235,0,508465,0
1210652,181243,0,508485,0
1210703,181253,0,508505,0
1210755,181265,0,508531,1
1210806,181271,0,508545,0
1210860,181280,0,508567,1
1210913,181288,0,508584,0
1210964,181298,0,508604,0
1211015,181306,0,508621,1
1211074,181312,0,508651,1
1211127,181322,0,508669,1
1211177,181328,0,508686,0
1211227,181333,0,508706,1
1211278,181337,0,508727,1
1211329,181340,0,508752,0
1211383,181348,0,508767,1
1211433,181354,0,508793,0
1211487,181365,0,508815,1
1211538,181376,0,508832,1
1211588,181385,0,508853,1
1211642,181391,0,508881,1
1211692,181400,0,508901,1
1211742,181412,0,508915,0
1211794,181421,0,508929,0
1211844,181428,0,508950,1
1211899,181437,0,508969,1
1211949,181447,0,508986,0
1212000,181452,0,509011,2
1212052,181460,0,509034,1
1212102,181467,0,509060,0
1212152,181475,0,509090,0
1212204,181480,0,509115,1
1212255,181485,0,509132,1
1212305,181489,0,509171,0
1212356,181494,0,509190,0
1212406,181500,0,509209,0
1212456,181512,0,509231,0
1212507,181519,0,509252,1
1212557,181528,0,509264,0
1212607,181535,0,509294,0
1212665,181544,0,509311,1
1212717,181555,0,509331,1
1212767,181566,0,509349,0
1212819,181574,0,509374,1
1212869,181581,0,509392,0
1212920,181588,0,509416,0
1212970,181598,0,509437,0
1213020,181606,0,509460,1
1213071,181611,0,509486,0
1213122,181621,0,509504,0
1213172,181628,0,509526,2
1213223,181631,0,509563,0
1213275,181636,0,509579,0
1213327,181640,0,509600,0
1213377,181647,0,509620,0
1213431,181653,0,509639,1
1213481,181664,0,509649,0
1213532,181673,0,509675,1
1213585,181683,0,509688,1
1213635,181689,0,509708,0
1213693,181699,0,509725,1
1213747,181712,0,509742,0
1213803,181721,0,509757,0
1213854,181729,0,509777,1
1213910,181738,0,509796,0
1213961,181747,0,509814,0
1214013,181753,0,509837,0
1214063,181761,0,509853,0
1214114,181770,0,509871,2
1214172,181776,0,509892,1
1214227,181782,0,509913,1
1214278,181786,0,509935,0
1214329,181790,0,510012,0
1214381,181797,0,510033,0
1214434,181803,0,510052,1
1214485,181814,0,510070,0
1214535,181823,0,510097,0
1214586,181833,0,510113,1
1214638,181840,0,510145,1
1214691,181848,0,510161,0
1214741,181861,0,510171,1
1214791,181871,0,510189,0
1214844,181875,0,510208,1
1214894,181885,0,510230,0
1214944,181894,0,510243,1
1214994,181900,0,510261,0
1215045,181908,0,510289,0
1215095,181914,0,510305,2
1215147,181925,0,510328,0
1215197,181929,0,510353,0
1215247,181934,0,510374,0
1215297,181939,0,510397,1
1215347,181943,0,510436,1
1215397,181949,0,510453,0
1215447,181957,0,510472,0
1215497,181966,0,510489,0
1215550,181975,0,510499,1
1215601,181984,0,510516,1
1215657,181991,0,510533,1
1215707,182003,0,510545,1
1215757,182014,0,510555,0
1215808,182021,0,510579,0
1215858,182029,0,510598,0
1215908,182038,0,510668,0
1215962,182047,0,510683,0
1216016,182053,0,510707,0
1216066,182061,0,510723,0
1216117,182070,0,510751,1
1216167,182075,0,510788,0
1216217,182081,0,510815,0
1216271,182086,0,510834,1
1216321,182090,0,510908,0
1216372,182095,0,510938,0
1216424,182101,0,510969,0
1216474,182113,0,510979,0
1216526,182121,0,510999,1
1216577,182130,0,511023,0
1216628,182139,0,511030,1
1216680,182146,0,511060,0
1216731,182156,0,511076,1
1216784,182169,0,511090,1
1216834,182174,0,511113,0
1216887,182184,0,511136,0
1216937,182190,0,511152,1
1216989,182198,0,511179,0
1217041,182207,0,511197,0
1217091,182212,0,511218,0
1217141,182224,0,511241,1
1217192,182229,0,511315,1
1217242,182232,0,511343,1
1217292,182237,0,511370,0
1217342,182241,0,511390,1
1217392,182248,0,511405,1
1217444,182253,0,511436,0
1217494,182264,0,511451,0
1217545,182274,0,511467,0
1217595,182283,0,511492,0
1217648,182290,0,511521,0
1217698,182299,0,511539,1
1217749,182310,0,511564,1
1217802,182321,0,511596,1
1217852,182326,0,511623,2
1217906,182337,0,511639,1
1217956,182346,0,511649,1
1218013,182350,0,511675,1
1218066,182361,0,511690,0
1218117,182368,0,511704,1
1218171,182375,0,511724,0
1218221,182381,0,511742,0
1218271,182386,0,511771,1
1218321,182389,0,511792,0
1218371,182395,0,511820,0
1218421,182401,0,511847,1
1218473,182413,0,511867,1
1218528,182421,0,511886,1
1218578,182430,0,511896,1
1218628,182439,0,511915,1
1218681,182446,0,511942,1
1218731,182455,0,511961,1
1218781,182468,0,511969,2
1218836,182474,0,511985,0
1218887,182484,0,512004,1
1218941,182490,0,512021,1
1218991,182498,0,512032,0
1219041,182507,0,512059,0
1219092,182512,0,512078,0
1219142,182524,0,512090,1
1219194,182528,0,512115,0
1219247,182533,0,512133,1
1219298,182538,0,512151,1
1219349,182542,0,512187,1
1219402,182548,0,512214,1
1219453,182554,0,512233,1
1219503,182565,0,512254,1
1219555,182575,0,512280,1
1219607,182584,0,512302,1
1219659,182591,0,512343,1
1219710,182601,0,512362,1
1219760,182613,0,512377,2
1219813,182621,0,512391,1
1219864,182628,0,512415,1
1219918,182638,0,512442,1
1219974,182648,0,512462,1
1220024,182654,0,512491,2
1220076,182661,0,512514,0
1220126,182669,0,512531,1
1220177,182675,0,512554,0
1220228,182681,0,512566,0
1220279,182686,0,512601,0
1220329,182690,0,512620,0
1220384,182696,0,512640,1
1220436,182702,0,512667,0
1220486,182714,0,512681,1
1220537,182722,0,512694,0
1220587,182731,0,512710,0
1220637,182739,0,512735,0
1220687,182746,0,512754,0
1220739,182757,0,512768,1
1220792,182769,0,512779,1
1220845,182774,0,512799,0
1220897,182784,0,512814,0
1220952,182793,0,512835,2
1221005,182798,0,512863,0
1221055,182808,0,512881,0
1221106,182813,0,512907,0
1221158,182825,0,512924,0
1221210,182829,0,512950,0
1221260,182834,0,512978,0
1221310,182839,0,512994,0
1221360,182844,0,513023,1
1221412,182849,0,513043,0
1221463,182857,0,513067,1
1221515,182868,0,513088,1
1221565,182876,0,513108,1
1221616,182885,0,513134,0
1221672,182892,0,513150,1
1221723,182903,0,513169,0
1221773,182915,0,513186,2
1221827,182922,0,513207,1
1221879,182931,0,513219,1
1221933,182938,0,513245,0
1221984,182948,0,513261,0
1222040,182956,0,513291,0
1222093,182962,0,513313,0
1222143,182974,0,513336,1
1222193,182978,0,513358,1
1222244,182982,0,513374,1
1222296,182987,0,513394,0
1222348,182991,0,513422,1
1222403,182998,0,513442,1
1222456,183004,0,513467,1
1222508,183015,0,513473,1
1222560,183025,0,513491,1
1222611,183035,0,513507,1
1222663,183041,0,513528,0
1222718,183050,0,513557,1
1222768,183062,0,513580,1
1222818,183071,0,513607,1
1222868,183079,0,513623,2
1222918,183088,0,513647,1
1222970,183097,0,513660,1
1223020,183100,0,513690,2
1223071,183109,0,513713,0
1223124,183116,0,513741,0
1223176,183125,0,513758,0
1223226,183131,0,513780,0
1223286,183136,0,513810,1
1223342,183140,0,513832,0
1223395,183147,0,513854,1
1223451,183153,0,513868,1
1223502,183164,0,513887,0
1223553,183173,0,513899,0
1223611,183184,0,513921,1
1223661,183191,0,513943,1
1223711,183199,0,513956,0
1223762,183210,0,513973,1
1223820,183221,0,513988,1
1223870,183229,0,514010,2
1223922,183238,0,514026,1
1223977,183247,0,514042,1
1224027,183253,0,514072,1
1224077,183261,0,514089,1
1224129,183267,0,514111,1
1224180,183275,0,514131,0
1224232,183281,0,514154,0
1224282,183285,0,514173,0
1224335,183290,0,514189,0
1224386,183296,0,514214,0
1224436,183302,0,514236,1
1224486,183310,0,514250,0
1224537,183322,0,514257,1
1224591,183330,0,514279,1
1224641,183339,0,514308,0
1224693,183346,0,514332,1
1224743,183355,0,514353,0
1224793,183369,0,514367,1
1224843,183373,0,514386,0
1224894,183383,0,514408,1
1224946,183389,0,514432,0
1224997,183398,0,514450,0
1225048,183407,0,514474,1
1225100,183412,0,514500,0
1225150,183421,0,514519,1
1225200,183428,0,514540,0
1225250,183432,0,514570,0
1225301,183437,0,514600,0
1225351,183441,0,514623,1
1225402,183447,0,514650,0
1225454,183452,0,514680,0
1225504,183462,0,514695,1
1225555,183473,0,514716,0
1225605,183480,0,514736,1
1225655,183489,0,514808,0
1225705,183499,0,514829,0
1225756,183509,0,514843,1
1225806,183520,0,514852,1
1225857,183525,0,514877,1
1225907,183534,0,514893,0
1225958,183541,0,514924,1
1226008,183548,0,514939,0
1226059,183558,0,514955,0
1226110,183563,0,514973,0
1226161,183573,0,514998,1
1226214,183578,0,515026,0
1226265,183584,0,515038,0
1226316,183589,0,515062,0
1226370,183593,0,515082,1
1226422,183600,0,515102,1
1226472,183608,0,515123,1
1226522,183616,0,515149,1
1226574,183625,0,515158,0
1226624,183636,0,515187,0
1226675,183642,0,515206,1
1226725,183649,0,515217,0
1226776,183663,0,515231,2
1226826,183671,0,515265,0
1226881,183678,0,515279,1
1226932,183688,0,515302,0
1226983,183697,0,515320,1
1227033,183701,0,515334,1
1227086,183710,0,515354,1
1227136,183718,0,515373,1
1227191,183726,0,515392,1
1227241,183731,0,515411,0
1227293,183737,0,515440,1
1227346,183740,0,515459,0
1227396,183746,0,515484,0
1227446,183752,0,515495,0
1227496,183760,0,515513,0
1227546,183772,0,515529,1
1227608,183780,0,515539,1
1227660,183789,0,515553,0
1227711,183798,0,515571,1
1227761,183809,0,515581,1
1227813,183820,0,515594,0
1227863,183825,0,515617,1
1227913,183836,0,515638,1
1227963,183843,0,515706,3
1228014,183848,0,515733,0
1228068,183858,0,515761,0
1228119,183864,0,515792,1
1228169,183875,0,515801,1
1228219,183878,0,515823,0
1228272,183885,0,515847,1
1228325,183889,0,515880,0
1228376,183894,0,515906,1
1228426,183900,0,515925,0
1228476,183907,0,515943,2
1228528,183917,0,515962,1
1228581,183925,0,515981,0
1228633,183936,0,515986,1
1228683,183943,0,516014,0
1228737,183952,0,516031,1
1228788,183964,0,516047,1
1228838,183972,0,516068,0
1228891,183980,0,516090,1
1228942,183989,0,516111,1
1228994,183997,0,516134,0
1229044,184004,0,516152,1
1229097,184012,0,516166,1
1229147,184020,0,516188,0
1229198,184026,0,516217,1
1229248,184031,0,516235,0
1229300,184037,0,516255,0
1229352,184040,0,516276,0
1229404,184047,0,516299,1
1229459,184053,0,516314,1
1229509,184062,0,516334,1
1229559,184073,0,516352,0
1229609,184079,0,516376,0
1229659,184089,0,516400,0
1229709,184097,0,516423,0
1229759,184106,0,516439,0
1229814,184120,0,516449,0
1229864,184125,0,516472,1
1229918,184135,0,516499,1
1229969,184141,0,516521,1
1230019,184148,0,516541,0
1230069,184158,0,516565,0
1230123,184164,0,516582,1
1230173,184175,0,516599,0
1230224,184178,0,516617,0
1230277,184185,0,516642,1
1230328,184189,0,516667,0
1230378,184194,0,516684,1
1230429,184200,0,516699,1
1230482,184206,0,516770,1
1230532,184217,0,516783,0
1230587,184226,0,516805,1
1230637,184237,0,516819,1
1230687,184243,0,516836,1
1230740,184250,0,516858,1
1230790,184263,0,516873,0
1230840,184272,0,516890,0
1230892,184279,0,516910,1
1230943,184289,0,516934,1
1230993,184297,0,516949,1
1231043,184303,0,516971,1
1231094,184310,0,517001,1
1231145,184319,0,517013,1
1231196,184325,0,517025,0
1231246,184331,0,517050,0
1231301,184336,0,517068,1
1231353,184340,0,517094,0
1231406,184347,0,517109,1
1231458,184352,0,517127,0
1231513,184361,0,517164,1
1231565,184373,0,517183,0
1231615,184379,0,517205,0
1231666,184389,0,517219,0
1231719,184398,0,517239,1
1231769,184407,0,517263,1
1231819,184420,0,517277,0
1231871,184424,0,517299,0
1231923,184435,0,517320,0
1231974,184441,0,517345,0
1232024,184448,0,517366,0
1232078,184459,0,517384,0
1232131,184464,0,517417,1
1232182,184475,0,517437,0
1232232,184479,0,517450,1
1232289,184485,0,517480,1
1232339,184490,0,517500,0
1232389,184494,0,517522,0
1232439,184500,0,517539,0
1232490,184509,0,517563,1
1232541,184517,0,517580,0
1232591,184527,0,517600,1
1232642,184535,0,517614,1
1232693,184544,0,517686,1
1232743,184550,0,517716,1
1232795,184564,0,517725,1
1232845,184572,0,517747,0
1232895,184580,0,517768,2
1232947,184589,0,517794,1
1232997,184597,0,517812,1
1233049,184603,0,517832,1
1233107,184612,0,517854,1
1233159,184621,0,517868,1
1233213,184628,0,517893,0
1233263,184633,0,517914,1
1233317,184638,0,517934,1
1233367,184642,0,517962,0
1233422,184649,0,517981,1
1233475,184654,0,518009,1
1233525,184665,0,518029,1
1233577,184675,0,518047,1
1233627,184681,0,518074,1
1233678,184692,0,518086,1
1233730,184699,0,518104,0
1233781,184708,0,518119,1
1233832,184721,0,518136,1
1233884,184727,0,518152,2
1233935,184737,0,518177,0
1233989,184743,0,518209,0
1234039,184751,0,518234,2
1234089,184759,0,518246,0
1234140,184765,0,518269,1
1234192,184775,0,518283,0
1234244,184781,0,518307,0
1234296,184785,0,518333,0
1234352,184790,0,518350,0
1234404,184796,0,518370,1
1234454,184802,0,518394,1
1234504,184810,0,518411,0
1234558,184819,0,518425,1
1234608,184829,0,518443,0
1234658,184839,0,518460,0
1234710,184845,0,518477,0
1234760,184853,0,518494,1
1234812,184868,0,518507,1
1234866,184874,0,518536,0
1234916,184884,0,518565,0
1234967,184889,0,518582,0
1235020,184898,0,518605,0
1235076,184909,0,518633,1
1235126,184913,0,518663,0
1235176,184925,0,518669,1
1235226,184928,0,518689,0
1235277,184933,0,518717,0
1235327,184939,0,518743,0
1235377,184942,0,518765,0
1235428,184949,0,518786,0
1235481,184954,0,518809,1
1235536,184965,0,518826,1
1235589,184975,0,518842,0
1235639,184983,0,518858,0
1235692,184993,0,518923,1
1235745,185000,0,518945,1
1235798,185010,0,518964,1
1235854,185022,0,518981,1
1235906,185032,0,519004,0
1235959,185039,0,519030,0
1236010,185048,0,519042,1
1236061,185055,0,519065,0
1236112,185062,0,519089,0
1236163,185068,0,519106,1
1236213,185078,0,519124,0
1236264,185082,0,519140,0
1236315,185087,0,519156,1
1236365,185091,0,519170,1
1236415,185097,0,519191,1
1236473,185103,0,519219,0
1236525,185113,0,519242,0
1236578,185124,0,519251,1
1236628,185130,0,519275,0
1236679,185140,0,519297,1
1236729,185148,0,519314,0
1236780,185157,0,519331,0
1236832,185170,0,519354,0
1236882,185176,0,519375,1
1236932,185185,0,519393,0
1236985,185191,0,519409,1
1237035,185199,0,519442,0
1237086,185209,0,519468,0
1237137,185214,0,519504,1
1237191,185225,0,519527,0
1237241,185230,0,519545,1
1237291,185234,0,519564,1
1237343,185239,0,519633,0
1237396,185244,0,519646,0
1237447,185250,0,519668,0
1237498,185256,0,519695,0
1237549,185267,0,519716,0
1237606,185278,0,519730,1
1237657,185287,0,519758,1
1237710,185295,0,519774,1
1237761,185302,0,519784,0
1237811,185317,0,519800,4
1237873,185323,0,519826,1
1237923,185335,0,519837,1
1237974,185340,0,519860,0
1238024,185348,0,519889,0
1238075,185357,0,519907,1
1238125,185363,0,519924,1
1238178,185372,0,519946,1
1238228,185378,0,519966,0
1238279,185383,0,519998,0
1238330,185389,0,520030,1
1238380,185393,0,520053,1
1238430,185399,0,520077,1
1238480,185403,0,520108,0
1238530,185413,0,520125,0
1238580,185421,0,520135,1
1238631,185430,0,520153,0
1238683,185440,0,520168,1
1238733,185448,0,520182,1
1238783,185455,0,520203,1
1238833,185470,0,520210,0
1238885,185475,0,520226,1
1238935,185486,0,520245,1
1238985,185490,0,520271,0
1239035,185499,0,520286,0
1239087,185509,0,520302,0
1239137,185514,0,520328,1
1239190,185525,0,520338,0
1239241,185529,0,520352,0
1239292,185534,0,520380,1
1239345,185539,0,520400,0
1239397,185544,0,520422,0
1239447,185550,0,520442,0
1239500,185556,0,520463,1
1239553,185566,0,520476,1
1239606,185577,0,520499,0
1239656,185586,0,520520,2
1239706,185594,0,520537,0
1239760,185602,0,520565,1
1239810,185611,0,520585,1
1239861,185622,0,520593,1
1239913,185632,0,520610,0
1239965,185639,0,520628,0
1240015,185648,0,520650,2
1240067,185655,0,520665,1
1240117,185662,0,520685,1
1240168,185668,0,520702,1
1240218,185677,0,520725,1
1240268,185683,0,520755,1
1240320,185687,0,520779,1
1240370,185691,0,520808,1
1240426,185698,0,520829,1
1240479,185703,0,520853,0
1240530,185713,0,520870,0
1240584,185721,0,520889,1
1240634,185730,0,520908,0
1240687,185740,0,520922,0
1240737,185748,0,520945,1
1240789,185756,0,520967,1
1240844,185769,0,520971,1
1240895,185777,0,520995,0
1240945,185787,0,521010,1
1240995,185791,0,521035,0
1241049,185801,0,521053,1
1241099,185809,0,521076,0
1241150,185815,0,521104,1
1241201,185825,0,521125,0
1241252,185831,0,521146,0
1241304,185835,0,521178,0
1241355,185839,0,521199,0
1241405,185845,0,521225,1
1241457,185850,0,521257,0
1241507,185856,0,521286,0
1241560,185867,0,521306,1
1241610,185878,0,521319,1
1241660,185885,0,521335,1
1241711,185895,0,521350,1
1241761,185902,0,521368,1
1241812,185910,0,521379,0
1241863,185922,0,521403,0
1241914,185930,0,521420,1
1241966,185939,0,521447,0
1242020,185946,0,521462,1
1242071,185956,0,521487,1
1242122,185962,0,521512,1
1242174,185969,0,521534,1
1242224,185976,0,521554,1
1242277,185983,0,521573,0
1242330,185987,0,521598,0
1242380,185992,0,521624,1
1242431,185999,0,521644,1
1242481,186003,0,521677,0
1242532,186013,0,521690,1
1242583,186020,0,521718,0
1242635,186030,0,521737,0
1242687,186040,0,521754,1
1242745,186047,0,521781,1
1242797,186057,0,521805,1
1242849,186070,0,521822,1
1242902,186077,0,521841,0
1242953,186088,0,521859,0
1243010,186093,0,521888,1
1243064,186103,0,521911,1
1243114,186111,0,521927,1
1243165,186116,0,521950,1
1243215,186125,0,521971,0
1243265,186131,0,521991,0
1243319,186136,0,522019,1
1243370,186140,0,522046,0
1243425,186147,0,522059,1
1243476,186153,0,522079,0
1243529,186162,0,522093,1
1243583,186168,0,522110,1
1243634,186180,0,522119,0
1243684,186189,0,522135,1
1243734,186196,0,522164,0
1243786,186203,0,522187,1
1243837,186215,0,522194,1
1243887,186224,0,522208,0
1243937,186235,0,522224,0
1243988,186240,0,522245,0
1244038,186249,0,522257,1
1244088,186259,0,522287,0
1244139,186263,0,522305,0
1244189,186271,0,522321,1
1244239,186278,0,522334,0
1244289,186283,0,522351,0
1244345,186289,0,522372,0
1244396,186294,0,522394,0
1244448,186300,0,522415,0
1244499,186305,0,522439,1
1244550,186315,0,522451,1
1244600,186323,0,522478,1
1244651,186333,0,522495,1
1244704,186342,0,522516,1
1244757,186349,0,522541,0
1244807,186358,0,522555,2
1244859,186371,0,522569,0
1244909,186378,0,522596,0
1244960,186388,0,522616,0
1245011,186393,0,522643,1
1245061,186402,0,522659,0
1245113,186410,0,522673,1
1245166,186415,0,522698,0
1245216,186425,0,522719,0
1245268,186431,0,522739,0
1245319,186435,0,522767,0
1245369,186440,0,522795,0
1245420,186446,0,522822,0
1245470,186452,0,522845,1
1245522,186459,0,522861,1
1245574,186467,0,522880,0
1245624,186478,0,522891,1
1245674,186485,0,522917,0
1245727,186495,0,522932,0
1245777,186502,0,522946,0
1245827,186510,0,522960,0
1245882,186523,0,522980,1
1245933,186533,0,522991,1
1245984,186540,0,523020,0
1246034,186548,0,523032,0
1246084,186557,0,523055,1
1246134,186562,0,523081,0
1246184,186568,0,523108,1
1246234,186577,0,523130,1
1246284,186583,0,523148,0
1246335,186587,0,523166,0
1246388,186593,0,523186,1
1246441,186599,0,523207,1
1246492,186603,0,523242,0
1246543,186611,0,523257,0
1246594,186621,0,523281,1
1246644,186630,0,523302,0
1246694,186640,0,523323,0
1246745,186646,0,523343,0
1246798,186654,0,523365,1
1246853,186664,0,523384,1
1246906,186676,0,523397,1
1246956,186688,0,523417,1
1247007,186691,0,523440,0
1247057,186700,0,523466,0
1247107,186709,0,523488,0
1247157,186714,0,523520,0
1247207,186722,0,523547,0
1247257,186730,0,523562,1
1247307,186734,0,523591,1
1247357,186739,0,523613,0
1247407,186744,0,523639,0
1247457,186750,0,523665,0
1247509,186756,0,523686,1
1247562,186766,0,523703,1
1247614,186777,0,523723,0
1247664,186785,0,523740,2
1247715,186793,0,523767,1
1247765,186800,0,523778,1
1247815,186808,0,523800,0
1247866,186819,0,523816,3
1247917,186828,0,523831,0
1247972,186839,0,523861,1
1248022,186843,0,523880,1
1248080,186851,0,523891,1
1248130,186861,0,523903,0
1248181,186867,0,523925,0
1248232,186876,0,523941,0
1248283,186883,0,523965,1
1248333,186887,0,523987,1
1248383,186891,0,524009,1
1248435,186897,0,524044,0
1248486,186903,0,524063,0
1248536,186911,0,524089,1
1248587,186918,0,524116,1
1248637,186930,0,524133,0
1248692,186938,0,524152,1
1248742,186946,0,524169,0
1248799,186953,0,524194,1
1248851,186963,0,524215,1
1248901,186975,0,524238,0
1248951,186986,0,524257,0
1249003,186991,0,524281,1
1249053,187000,0,524297,0
1249104,187008,0,524310,1
1249156,187014,0,524328,0
1249208,187022,0,524355,0
1249258,187030,0,524375,1
1249308,187034,0,524393,1
1249358,187039,0,524416,0
1249408,187044,0,524428,0
1249460,187050,0,524447,0
1249511,187056,0,524474,1
1249564,187065,0,524489,1
1249618,187073,0,524520,1
1249672,187085,0,524543,0
1249722,187093,0,524563,0
1249772,187101,0,524586,1
1249825,187110,0,524603,1
1249879,187118,0,524619,1
1249929,187130,0,524638,1
1249979,187139,0,524662,0
1250036,187145,0,524681,1
1250086,187152,0,524696,0
1250142,187162,0,524713,1
1250195,187169,0,524744,1
1250245,187178,0,524751,1
1250295,187183,0,524770,0
1250345,187188,0,524798,1
1250396,187193,0,524821,2
1250447,187199,0,524842,1
1250501,187204,0,524864,1
1250553,187213,0,524881,1
1250603,187222,0,524906,0
1250655,187231,0,524930,1
1250706,187240,0,524943,0
1250756,187248,0,524963,1
1250806,187256,0,524993,1
1250856,187263,0,525014,1
1250907,187275,0,525029,0
1250957,187287,0,525046,0
1251008,187291,0,525072,0
1251058,187300,0,525097,0
1251109,187306,0,525114,1
1251163,187315,0,525184,1
1251217,187323,0,525216,1
1251267,187331,0,525237,2
1251320,187335,0,525269,0
1251372,187340,0,525297,0
1251422,187346,0,525317,1
1251473,187351,0,525339,0
1251523,187358,0,525357,1
1251576,187367,0,525375,1
1251628,187374,0,525405,1
1251678,187385,0,525425,0
1251728,187393,0,525440,0
1251779,187401,0,525463,0
1251830,187410,0,525486,0
1251880,187417,0,525516,0
1251930,187429,0,525533,1
1251983,187439,0,525553,0
1252033,187444,0,525577,0
1252084,187451,0,525595,1
1252135,187461,0,525607,0
1252186,187467,0,525623,0
1252239,187476,0,525643,1
1252289,187483,0,525665,0
1252339,187487,0,525689,1
1252390,187490,0,525720,0
1252441,187498,0,525732,0
1252491,187503,0,525755,0
1252541,187510,0,525765,0
1252591,187518,0,525803,1
1252644,187529,0,525823,1
1252697,187538,0,525845,1
1252755,187547,0,525862,1
1252805,187555,0,525892,2
1252855,187562,0,525908,0
1252907,187575,0,525923,1
1252957,187587,0,525945,4
1253010,187591,0,525968,1
1253062,187600,0,525987,0
1253113,187606,0,526011,2
1253163,187615,0,526031,1
1253214,187622,0,526055,0
1253267,187629,0,526077,1
1253317,187634,0,526102,1
1253373,187640,0,526125,1
1253423,187646,0,526143,1
1253475,187652,0,526169,1
1253525,187655,0,526197,0
1253588,187667,0,526212,1
1253638,187677,0,526229,1
1253689,187687,0,526242,1
1253740,187694,0,526262,1
1253790,187702,0,526278,0
1253842,187710,0,526297,0
1253893,187718,0,526315,0
1253951,187732,0,526323,1
1254003,187740,0,526344,0
1254054,187748,0,526368,1
1254106,187753,0,526394,0
1254158,187764,0,526404,0
1254208,187772,0,526428,1
1254259,187778,0,526446,0
1254309,187783,0,526463,0
1254360,187789,0,526500,1
1254411,187794,0,526527,0
1254461,187800,0,526555,0
1254511,187805,0,526577,1
1254563,187813,0,526591,1
1254623,187822,0,526603,0
1254673,187833,0,526625,0
1254724,187843,0,526644,1
1254775,187851,0,526664,1
1254825,187858,0,526689,0
1254879,187867,0,526708,1
1254933,187876,0,526728,1
1254983,187889,0,526739,0
1255035,187894,0,526755,1
1255087,187901,0,526778,1
1255137,187911,0,526793,1
1255188,187917,0,526810,0
1255238,187925,0,526822,0
1255290,187933,0,526841,1
1255340,187936,0,526865,0
1255391,187940,0,526889,0
1255442,187947,0,526906,1
1255492,187953,0,526938,0
1255542,187958,0,526964,0
1255592,187968,0,526984,2
1255643,187978,0,527004,1
1255693,187987,0,527009,1
1255744,187993,0,527025,0
1255794,188002,0,527043,0
1255844,188010,0,527069,0
1255898,188019,0,527085,1
1255950,188030,0,527093,1
1256002,188040,0,527110,0
1256056,188048,0,527128,1
1256107,188052,0,527145,1
1256159,188064,0,527170,0
1256209,188072,0,527190,1
1256262,188078,0,527209,0
1256318,188084,0,527236,1
1256369,188089,0,527259,0
1256419,188095,0,527274,0
1256469,188100,0,527298,0
1256520,188105,0,527317,0
1256571,188114,0,527351,0
1256623,188122,0,527371,0
1256675,188133,0,527403,0
1256726,188143,0,527422,1
1256777,188150,0,527445,1
1256827,188158,0,527468,0
1256877,188166,0,527493,1
1256927,188171,0,527503,1
1256978,188188,0,527531,0
1257035,188193,0,527555,1
1257086,188200,0,527585,0
1257141,188211,0,527608,1
1257192,188217,0,527678,0
1257246,188226,0,527697,1
1257296,188233,0,527714,1
1257347,188237,0,527734,1
1257398,188240,0,527754,0
1257450,188248,0,527776,1
1257502,188253,0,527807,0
1257552,188260,0,527833,0
1257603,188269,0,527843,1
1257653,188279,0,527859,1
1257704,188287,0,527876,0
1257755,188296,0,527901,1
1257809,188303,0,527918,1
1257860,188312,0,527933,0
1257910,188320,0,527962,0
1257961,188332,0,527972,0
1258012,188341,0,527996,1
1258062,188348,0,528025,0
1258113,188352,0,528049,1
1258165,188364,0,528064,0
1258215,188372,0,528085,0
1258265,188378,0,528107,0
1258316,188383,0,528128,0
1258366,188389,0,528158,1
1258417,188393,0,528182,1
1258472,188400,0,528213,0
1258522,188405,0,528231,0
1258572,188412,0,528247,1
1258623,188422,0,528265,0
1258673,188433,0,528276,1
1258724,188441,0,528305,1
1258774,188449,0,528317,1
1258826,188458,0,528335,1
1258876,188465,0,528362,1
1258926,188470,0,528383,0
1258980,188488,0,528401,0
1259030,188492,0,528438,1
1259080,188500,0,528455,0
1259130,188507,0,528477,1
1259182,188516,0,528500,0
1259234,188523,0,528522,0
1259285,188531,0,528554,0
1259336,188536,0,528582,1
1259389,188540,0,528611,0
1259439,188546,0,528638,0
1259489,188553,0,528651,1
1259539,188556,0,528683,0
1259589,188566,0,528704,0
1259644,188573,0,528719,1
1259694,188586,0,528731,1
1259745,188593,0,528743,0
1259796,188602,0,528756,0
1259851,188610,0,528770,0
1259902,188618,0,528781,1
1259958,188627,0,528789,1
1260009,188640,0,528802,0
1260059,188647,0,528829,1
1260112,188651,0,528851,0
1260162,188663,0,528861,1
1260214,188669,0,528878,1
1260265,188678,0,528903,0
1260317,188683,0,528924,0
1260368,188689,0,528946,1
1260419,188693,0,528979,1
1260472,188700,0,528995,0
1260523,188705,0,529027,0
1260573,188711,0,529055,0
1260624,188722,0,529072,0
1260674,188733,0,529089,1
1260733,188741,0,529116,1
1260783,188750,0,529135,0
1260840,188759,0,529150,1
1260893,188767,0,529174,1
1260943,188774,0,529198,1
1260993,188789,0,529211,0
1261043,188793,0,529237,1
1261096,188801,0,529257,0
1261146,188811,0,529268,1
1261196,188817,0,529297,0
1261247,188825,0,529320,0
1261300,188832,0,529351,1
1261351,188836,0,529378,0
1261401,188840,0,529396,0
1261453,188847,0,529416,1
1261504,188853,0,529440,0
1261555,188858,0,529458,2
1261607,188868,0,529477,1
1261658,188877,0,529495,0
1261710,188888,0,529514,1
1261760,188895,0,529537,0
1261820,188903,0,529559,1
1261870,188913,0,529576,0
1261920,188920,0,529594,0
1261970,188929,0,529617,1
1262021,188941,0,529642,0
1262075,188949,0,529664,1
1262125,188953,0,529689,1
1262175,188965,0,529703,1
1262226,188972,0,529720,1
1262278,188980,0,529743,1
1262328,188984,0,529765,1
1262381,188990,0,529783,1
1262431,188995,0,529807,0
1262484,189002,0,529828,1
1262535,189005,0,529849,0
1262586,189012,0,529871,1
1262640,189022,0,529881,0
1262692,189034,0,529893,1
1262748,189043,0,529907,1
1262799,189052,0,529928,1
1262850,189060,0,529957,1
1262901,189067,0,529981,0
1262953,189074,0,529997,1
1263003,189090,0,530005,0
1263053,189095,0,530030,0
1263106,189101,0,530055,0
1263156,189111,0,530078,0
1263207,189117,0,530094,0
1263264,189128,0,530110,1
1263315,189133,0,530127,0
1263365,189138,0,530149,0
1263415,189140,0,530180,0
1263466,189150,0,530192,1
1263516,189154,0,530225,1
1263569,189160,0,530252,0
1263619,189171,0,530273,2
1263669,189179,0,530284,1
1263719,189189,0,530314,1
1263770,189196,0,530331,1
1263820,189203,0,530355,1
1263874,189214,0,530368,1
1263924,189220,0,530406,0
1263975,189229,0,530423,0
1264026,189241,0,530438,0
1264076,189249,0,530464,1
1264126,189253,0,530490,0
1264178,189265,0,530506,1
1264228,189273,0,530528,2
1264282,189280,0,530551,1
1264332,189284,0,530575,0
1264384,189290,0,530593,1
1264434,189296,0,530610,0
1264490,189302,0,530629,1
1264547,189306,0,530651,0
1264598,189313,0,530665,0
1264652,189323,0,530679,1
1264703,189336,0,530697,1
1264755,189345,0,530706,1
1264807,189352,0,530728,0
1264858,189360,0,530746,0
1264908,189368,0,530775,1
1264958,189374,0,530800,1
1265009,189390,0,530817,3
1265059,189395,0,530841,0
1265109,189401,0,530864,0
1265162,189412,0,530888,1
1265212,189417,0,530914,0
1265263,189426,0,530925,1
1265314,189433,0,530944,0
1265366,189437,0,530967,1
1265417,189441,0,530995,1
1265467,189449,0,531011,1
1265518,189453,0,531046,0
1265570,189460,0,531070,1
1265623,189470,0,531087,1
1265673,189480,0,531110,1
1265725,189489,0,531134,0
1265775,189496,0,531148,0
1265830,189504,0,531170,1
1265882,189515,0,531196,1
1265936,189522,0,531212,1
1265986,189531,0,531226,1
1266037,189542,0,531240,1
1266087,189550,0,531264,0
1266138,189555,0,531284,2
1266193,189567,0,531311,1
1266243,189574,0,531329,0
1266293,189581,0,531347,1
1266344,189585,0,531365,0
1266399,189590,0,531386,0
1266453,189596,0,531414,0
1266504,189603,0,531435,0
1266554,189606,0,531457,0
1266604,189617,0,531476,4
1266656,189623,0,531501,0
1266710,189635,0,531517,1
1266761,189645,0,531541,1
1266816,189652,0,531559,0
1266870,189662,0,531579,1
1266921,189670,0,531593,0
1266971,189677,0,531613,1
1267021,189691,0,531626,0
1267072,189696,0,531655,1
1267124,189701,0,531673,0
1267177,189714,0,531689,1
1267228,189721,0,531709,1
1267280,189729,0,531730,1
1267330,189733,0,531755,0
1267384,189737,0,531785,1
1267434,189743,0,531807,1
1267484,189751,0,531834,1
1267534,189755,0,531862,0
1267584,189761,0,531898,1
1267635,189772,0,531923,1
1267686,189781,0,531939,1
1267738,189790,0,531957,0
1267792,189800,0,531973,0
1267842,189807,0,531986,1
1267893,189816,0,532008,1
1267943,189822,0,532029,0
1267996,189832,0,532059,1
1268048,189843,0,532078,0
1268098,189851,0,532095,1
1268152,189857,0,532113,1
1268203,189867,0,532133,1
1268253,189875,0,532151,0
1268305,189881,0,532173,0
1268355,189886,0,532193,0
1268408,189890,0,532215,0
1268458,189896,0,532233,0
1268508,189903,0,532256,0
1268558,189907,0,532292,1
1268608,189915,0,532318,1
1268658,189923,0,532345,0
1268709,189934,0,532366,0
1268764,189944,0,532429,1
1268814,189952,0,532443,0
1268865,189960,0,532468,0
1268915,189967,0,532492,0
1268968,189975,0,532516,1
1269018,189990,0,532531,0
1269068,189995,0,532543,0
1269118,190001,0,532572,0
1269169,190012,0,532592,2
1269219,190019,0,532611,1
1269269,190026,0,532632,0
1269322,190033,0,532646,0
1269372,190036,0,532668,0
1269422,190041,0,532694,1
1269473,190048,0,532718,0
1269525,190054,0,532750,1
1269575,190060,0,532777,1
1269625,190069,0,532783,1
1269676,190079,0,532807,1
1269726,190088,0,532825,1
1269776,190095,0,532847,0
1269829,190103,0,532863,0
1269881,190114,0,532874,1
1269932,190120,0,532902,0
1269989,190128,0,532924,1
1270039,190141,0,532942,0
1270093,190150,0,532966,1
1270149,190154,0,532993,1
1270199,190166,0,533006,0
1270250,190174,0,533027,2
1270302,190180,0,533044,0
1270352,190186,0,533074,1
1270404,190190,0,533102,0
1270454,190196,0,533118,0
1270506,190203,0,533138,1
1270558,190206,0,533167,0
1270612,190215,0,533186,1
1270666,190224,0,533206,1
1270718,190236,0,533228,1
1270768,190244,0,533244,1
1270819,190252,0,533274,0
1270870,190261,0,533300,0
1270920,190268,0,533316,1
1270971,190274,0,533334,1
1271023,190290,0,533339,0
1271074,190295,0,533352,0
1271124,190301,0,533384,0
1271175,190312,0,533411,1
1271226,190320,0,533428,1
1271277,190327,0,533456,0
1271328,190333,0,533476,0
1271378,190336,0,533501,0
1271430,190341,0,533526,0
1271482,190348,0,533546,0
1271532,190355,0,533568,1
1271582,190360,0,533579,0
1271635,190371,0,533593,0
1271687,190380,0,533615,1
1271737,190390,0,533631,0
1271789,190398,0,533646,1
1271840,190406,0,533666,1
1271890,190414,0,533682,0
1271941,190420,0,533703,0
1271991,190428,0,533726,1
1272041,190442,0,533743,1
1272091,190449,0,533762,0
1272143,190453,0,533788,0
1272199,190465,0,533800,1
1272250,190473,0,533824,1
1272301,190480,0,533845,0
1272351,190485,0,533882,0
1272401,190490,0,533899,1
1272454,190494,0,533915,1
1272504,190501,0,533939,0
1272554,190506,0,533968,0
1272604,190513,0,533978,1
1272654,190522,0,533998,0
1272704,190532,0,534013,0
1272754,190541,0,534019,0
1272806,190550,0,534037,0
1272856,190557,0,534056,0
1272906,190566,0,534075,0
1272959,190572,0,534087,0
1273009,190583,0,534115,1
1273059,190594,0,534132,0
1273110,190601,0,534151,0
1273160,190605,0,534182,1
1273211,190617,0,534196,0
1273263,190625,0,534216,0
1273315,190632,0,534233,1
1273368,190636,0,534250,0
1273418,190640,0,534278,0
1273468,190648,0,534297,1
1273520,190653,0,534318,0
1273574,190657,0,534346,1
1273627,190668,0,534365,1
1273678,190676,0,534385,1
1273729,190687,0,534403,1
1273781,190695,0,534419,1
1273832,190704,0,534448,1
1273882,190713,0,534459,0
1273933,190719,0,534493,0
1273983,190726,0,534517,0
1274033,190740,0,534537,1
1274083,190747,0,534567,0
1274133,190751,0,534592,0
1274183,190762,0,534615,0
1274233,190770,0,534633,1
1274285,190777,0,534666,0
1274335,190783,0,534686,0
1274386,190786,0,534710,0
1274437,190791,0,534729,0
1274490,190798,0,534758,0
1274541,190806,0,534783,1
1274593,190811,0,534812,1
1274643,190821,0,534834,0
1274696,190831,0,534861,0
1274755,190841,0,534886,1
1274811,190850,0,534908,0
1274862,190858,0,534931,1
1274915,190867,0,534959,0
1274966,190873,0,534978,0
1275018,190886,0,534990,1
1275071,190895,0,535015,0
1275124,190901,0,535033,0
1275174,190906,0,535047,1
1275224,190919,0,535058,0
1275274,190926,0,535091,0
1275324,190933,0,535125,0
1275374,190936,0,535155,0
1275424,190940,0,535181,0
1275474,190948,0,535190,2
1275524,190953,0,535211,0
1275574,190957,0,535235,1
1275624,190967,0,535262,0
1275674,190973,0,535282,0
1275727,190985,0,535300,1
1275778,190994,0,535314,0
1275828,191002,0,535333,0
1275878,191012,0,535353,1
1275928,191018,0,535375,0
1275978,191024,0,535398,1
1276030,191037,0,535415,0
1276081,191045,0,535427,0
1276133,191051,0,535447,0
1276184,191059,0,535470,2
1276235,191070,0,535489,1
1276285,191077,0,535514,0
1276336,191083,0,535540,0
1276387,191086,0,535565,0
1276437,191091,0,535590,1
1276487,191098,0,535615,0
1276539,191105,0,535633,1
1276589,191109,0,535661,1
1276641,191120,0,535665,1
1276691,191128,0,535690,1
1276741,191139,0,535703,1
1276791,191146,0,535726,0
1276842,191154,0,535741,0
1276892,191164,0,535757,0
1276947,191170,0,535772,0
1276998,191177,0,535785,0
1277050,191192,0,535800,0
1277100,191199,0,535813,0
1277152,191203,0,535841,0
1277203,191213,0,535911,1
1277254,191222,0,535922,0
1277304,191230,0,535941,0
1277358,191235,0,535964,0
1277408,191238,0,535987,0
1277458,191242,0,536002,0
1277508,191251,0,536031,0
1277561,191256,0,536060,0
1277613,191262,0,536079,1
1277663,191273,0,536092,1
1277713,191282,0,536111,1
1277763,191291,0,536133,0
1277815,191301,0,536145,1
1277866,191308,0,536170,1
1277919,191317,0,536197,0
1277971,191322,0,536219,1
1278026,191334,0,536239,1
1278077,191345,0,536261,0
1278129,191351,0,536280,0
1278180,191357,0,536302,1
1278231,191369,0,536310,1
1278283,191376,0,536331,0
1278333,191383,0,536354,0
1278383,191386,0,536389,0
1278434,191390,0,536414,0
1278484,191398,0,536444,0
1278536,191404,0,536470,1
1278586,191407,0,536497,0
1278638,191418,0,536515,1
1278688,191427,0,536534,1
1278739,191437,0,536553,1
1278789,191446,0,536573,1
1278844,191454,0,536596,1
1278895,191464,0,536613,0
1278948,191470,0,536635,0
1278999,191477,0,536654,0
1279050,191492,0,536668,0
1279100,191498,0,536691,1
1279150,191503,0,536705,0
1279206,191512,0,536726,1
1279257,191522,0,536748,0
1279310,191530,0,536766,1
1279362,191535,0,536796,0
1279412,191538,0,536817,1
1279463,191543,0,536837,0
1279515,191552,0,536859,1
1279565,191556,0,536884,0
1279615,191562,0,536897,1
1279665,191572,0,536914,1
1279715,191580,0,536972,0
1279766,191591,0,536988,0
1279818,191599,0,536994,1
1279868,191608,0,537015,0
1279919,191617,0,537037,1
1279969,191621,0,537063,0
1280019,191632,0,537088,1
1280069,191644,0,537120,0
1280120,191651,0,537131,1
1280170,191655,0,537153,1
1280221,191665,0,537170,1
1280272,191675,0,537182,1
1280322,191681,0,537205,0
1280373,191686,0,537221,1
1280425,191689,0,537242,0
1280478,191695,0,537267,1
1280529,191703,0,537299,0
1280580,191706,0,537325,0
1280633,191717,0,537338,0
1280683,191725,0,537360,1
1280734,191735,0,537379,0
1280785,191742,0,537402,1
1280835,191753,0,537418,1
1280888,191762,0,537440,0
1280939,191768,0,537457,1
1280989,191774,0,537479,1
1281039,191788,0,537489,1
1281092,191796,0,537507,0
1281143,191801,0,537529,0
1281198,191809,0,537545,1
1281251,191821,0,537559,0
1281302,191828,0,537581,0
1281353,191835,0,537600,0
1281403,191837,0,537622,1
1281453,191841,0,537642,1
1281503,191849,0,537659,0
1281553,191856,0,537673,1
1281604,191859,0,537693,0
1281655,191870,0,537703,1
1281709,191879,0,537724,1
1281761,191890,0,537735,1
1281811,191896,0,537759,0
1281865,191906,0,537781,1
1281916,191916,0,537797,1
1281967,191921,0,537819,0
1282018,191930,0,537846,0
1282068,191944,0,537870,0
1282123,191951,0,537891,1
1282173,191955,0,537918,1
1282224,191965,0,537948,1
1282275,191975,0,537969,1
1282325,191982,0,537992,1
1282375,191986,0,538010,1
1282426,191989,0,538047,0
1282477,191994,0,538065,1
1282527,192003,0,538079,0
1282580,192006,0,538102,0
1282631,192016,0,538119,1
1282682,192024,0,538132,1
1282733,192034,0,538161,1
1282783,192041,0,538180,0
1282833,192053,0,538200,2
1282884,192061,0,538217,1
1282939,192067,0,538245,0
1282990,192074,0,538273,1
1283041,192086,0,538297,1
1283092,192096,0,538320,0
1283143,192101,0,538341,0
1283193,192108,0,538361,0
1283244,192120,0,538383,0
1283299,192127,0,538413,0
1283349,192133,0,538435,0
1283400,192136,0,538450,0
1283451,192141,0,538466,1
1283501,192149,0,538489,0
1283551,192154,0,538506,0
1283601,192159,0,538535,0
1283651,192169,0,538550,1
1283703,192178,0,538570,0
1283753,192187,0,538587,1
1283803,192195,0,538611,1
1283854,192204,0,538628,0
1283904,192214,0,538636,2
1283954,192220,0,538653,0
1284004,192227,0,538672,2
1284059,192241,0,538685,1
1284112,192248,0,538707,1
1284163,192253,0,538740,1
1284214,192263,0,538758,1
1284264,192272,0,538832,0
1284314,192280,0,538851,1
1284365,192285,0,538876,0
1284421,192287,0,538906,1
1284473,192292,0,538928,0
1284525,192303,0,538946,2
1284575,192306,0,538970,0
1284626,192313,0,538992,1
1284678,192323,0,539002,0
1284728,192332,0,539063,2
1284779,192341,0,539090,0
1284833,192348,0,539112,1
1284883,192359,0,539142,2
1284933,192367,0,539157,0
1284983,192373,0,539179,0
1285033,192383,0,539258,1
1285086,192394,0,539276,0
1285136,192401,0,539300,0
1285186,192406,0,539328,0
1285237,192417,0,539331,1
1285290,192426,0,539348,0
1285340,192433,0,539375,1
1285390,192436,0,539396,0
1285440,192440,0,539428,0
1285493,192446,0,539458,0
1285543,192453,0,539484,0
1285594,192457,0,539502,1
1285646,192467,0,539525,0
1285696,192476,0,539549,0
1285749,192486,0,539564,1
1285801,192493,0,539589,1
1285852,192503,0,539601,1
1285906,192513,0,539617,1
1285956,192520,0,539643,1
1286007,192526,0,539671,0
1286062,192539,0,539685,1
1286113,192548,0,539710,1
1286163,192553,0,539732,1
1286213,192562,0,539751,1
1286263,192572,0,539766,0
1286313,192579,0,539788,0
1286363,192585,0,539813,0
1286415,192586,0,539855,0
1286468,192592,0,539877,0
1286518,192600,0,539894,0
1286568,192606,0,539908,1
1286618,192611,0,539930,1
1286670,192620,0,539951,1
1286720,192629,0,539969,1
1286774,192640,0,539983,1
1286825,192646,0,540001,1
1286875,192657,0,540022,1
1286928,192667,0,540046,1
1286978,192671,0,540062,0
1287028,192682,0,540075,1
1287078,192694,0,540089,1
1287128,192700,0,540124,1
1287179,192705,0,540150,1
1287233,192715,0,540159,1
1287286,192724,0,540178,1
1287337,192732,0,540202,0
1287387,192736,0,540228,0
1287438,192740,0,540248,0
1287490,192746,0,540271,1
1287543,192752,0,540299,0
1287595,192757,0,540326,1
1287646,192767,0,540349,1
1287702,192776,0,540367,1
1287754,192786,0,540382,1
1287804,192793,0,540411,0
1287855,192803,0,540422,2
1287909,192812,0,540440,0
1287959,192820,0,540466,0
1288011,192826,0,540488,0
1288061,192838,0,540510,1
1288114,192848,0,540525,1
1288165,192853,0,540550,0
1288215,192861,0,540570,3
1288265,192872,0,540593,0
1288316,192879,0,540612,0
1288366,192885,0,540625,0
1288418,192886,0,540648,0
1288469,192892,0,540673,0
1288519,192900,0,540695,0
1288570,192906,0,540722,0
1288620,192911,0,540734,1
1288670,192920,0,540743,1
1288720,192929,0,540765,1
1288770,192939,0,540783,1
1288825,192945,0,540807,1
1288877,192956,0,540817,1
1288930,192966,0,540837,1
1288980,192972,0,540858,1
1289030,192981,0,540873,2
1289080,192994,0,540892,1
1289130,193000,0,540912,1
1289186,193005,0,540934,1
1289240,193015,0,540956,1
1289291,193024,0,540974,1
1289341,193033,0,540991,1
1289394,193036,0,541019,0
1289444,193040,0,541042,0
1289494,193045,0,541067,1
1289544,193052,0,541089,0
1289596,193057,0,541115,1
1289647,193066,0,541133,0
1289698,193075,0,541145,0
1289748,193083,0,541163,0
1289800,193092,0,541183,0
1289853,193100,0,541207,0
1289903,193111,0,541222,1
1289954,193118,0,541239,1
1290006,193126,0,541260,1
1290057,193136,0,541271,1
1290107,193146,0,541287,0
1290158,193152,0,541305,0
1290208,193157,0,541327,1
1290260,193172,0,541345,1
1290312,193178,0,541365,0
1290362,193184,0,541394,0
1290415,193186,0,541418,0
1290465,193192,0,541440,2
1290517,193200,0,541462,1
1290569,193205,0,541486,1
1290619,193210,0,541560,0
1290669,193219,0,541577,0
1290719,193228,0,541588,1
1290770,193238,0,541609,0
1290821,193244,0,541624,0
1290875,193255,0,541649,1
1290926,193265,0,541660,1
1290979,193271,0,541681,0
1291030,193277,0,541697,1
1291081,193294,0,541708,1
1291131,193300,0,541727,1
1291181,193304,0,541756,0
1291232,193314,0,541776,0
1291283,193323,0,541788,1
1291333,193330,0,541807,0
1291383,193335,0,541830,0
1291435,193338,0,541849,1
1291489,193343,0,541876,1
1291543,193352,0,541893,0
1291593,193356,0,541922,0
1291643,193365,0,541943,2
1291695,193373,0,541958,1
1291745,193382,0,541975,0
1291795,193392,0,541995,1
1291849,193397,0,542016,1
1291900,193409,0,542034,0
1291951,193417,0,542054,0
1292001,193423,0,542069,0
1292055,193435,0,542094,1
1292105,193445,0,542110,1
1292156,193451,0,542127,0
1292207,193456,0,542149,0
1292257,193469,0,542162,2
1292308,193476,0,542179,1
1292358,193483,0,542202,0
1292411,193486,0,542240,0
1292461,193490,0,542260,0
1292514,193499,0,542280,0
1292566,193504,0,542303,0
1292616,193510,0,542328,1
1292666,193518,0,542336,1
1292717,193527,0,542345,1
1292767,193536,0,542365,1
1292819,193544,0,542381,1
1292869,193554,0,542395,0
1292919,193563,0,542423,1
1292972,193571,0,542443,1
1293022,193576,0,542464,0
1293072,193588,0,542479,0
1293123,193598,0,542488,1
1293173,193603,0,542515,1
1293228,193610,0,542538,1
1293280,193622,0,542547,0
1293330,193630,0,542578,0
1293380,193635,0,542592,0
1293435,193637,0,542606,1
1293487,193642,0,542626,0
1293537,193651,0,542642,0
1293588,193656,0,542668,0
1293639,193662,0,542689,0
1293690,193672,0,542708,0
1293743,193682,0,542724,0
1293796,193692,0,542742,1
1293852,193696,0,542772,1
1293912,193710,0,542794,1
1293964,193718,0,542813,1
1294014,193725,0,542837,1
1294064,193735,0,542866,1
1294117,193747,0,542887,1
1294171,193752,0,542914,0
1294221,193758,0,542936,1
1294271,193771,0,542950,2
1294322,193779,0,542969,0
1294372,193785,0,542994,1
1294422,193786,0,543008,0
1294476,193792,0,543025,0
1294526,193800,0,543044,1
1294577,193806,0,543062,1
1294627,193811,0,543084,0
1294679,193819,0,543104,0
1294734,193830,0,543122,1
1294784,193840,0,543139,3
1294835,193845,0,543170,0
1294886,193855,0,543197,0
1294938,193866,0,543217,1
1294988,193872,0,543239,1
1295038,193879,0,543262,1
1295089,193891,0,543281,1
1295142,193901,0,543299,1
1295194,193904,0,543317,0
1295247,193913,0,543339,1
1295297,193923,0,543358,0
1295347,193930,0,543386,0
1295398,193936,0,543406,0
1295448,193939,0,543424,0
1295499,193943,0,543448,1
1295549,193952,0,543473,0
1295599,193957,0,543496,1
1295651,193965,0,543510,1
1295702,193973,0,543526,0
1295753,193983,0,543543,0
1295805,193992,0,543562,0
1295855,193996,0,543599,1
1295905,194009,0,543607,1
1295955,194017,0,543620,0
1296006,194023,0,543646,0
1296061,194033,0,543662,1
1296113,194046,0,543684,1
1296165,194052,0,543707,1
1296215,194057,0,543726,0
1296270,194067,0,543737,1
1296320,194079,0,543753,2
1296372,194084,0,543781,0
1296422,194086,0,543804,0
1296474,194092,0,543821,1
1296526,194099,0,543836,0
1296582,194105,0,543865,1
1296635,194112,0,543899,1
1296687,194120,0,543912,1
1296737,194131,0,543928,2
1296787,194140,0,543951,1
1296841,194145,0,543975,0
1296898,194156,0,543999,1
1296948,194167,0,544012,0
1296998,194172,0,544030,0
1297048,194180,0,544039,3
1297098,194194,0,544061,1
1297148,194201,0,544081,0
1297199,194204,0,544118,0
1297251,194213,0,544136,1
1297303,194224,0,544152,1
1297353,194231,0,544176,1
1297403,194236,0,544193,0
1297453,194238,0,544216,1
1297507,194244,0,544235,1
1297560,194253,0,544266,1
1297611,194257,0,544291,0
1297662,194266,0,544311,0
1297713,194274,0,544330,0
1297766,194284,0,544359,1
1297816,194293,0,544377,0
1297874,194299,0,544399,1
1297924,194311,0,544410,0
1297974,194319,0,544438,0
1298024,194326,0,544460,0
1298077,194336,0,544491,0
1298127,194348,0,544499,0
1298177,194354,0,544519,2
1298227,194358,0,544540,1
1298277,194368,0,544565,1
1298327,194379,0,544580,1
1298377,194382,0,544596,1
1298427,194386,0,544628,0
1298481,194392,0,544643,1
1298532,194399,0,544662,1
1298584,194405,0,544688,1
1298635,194412,0,544711,1
1298688,194420,0,544724,1
1298738,194431,0,544742,2
1298793,194438,0,544771,1
1298844,194445,0,544791,0
1298894,194455,0,544805,0
1298944,194466,0,544826,0
1298996,194470,0,544850,1
1299046,194477,0,544870,1
1299097,194491,0,544877,0
1299147,194501,0,544889,1
1299197,194504,0,544914,0
1299247,194512,0,544939,2
1299297,194523,0,544967,1
1299348,194530,0,544981,0
1299401,194536,0,545006,0
1299452,194537,0,545027,0
1299502,194542,0,545047,0
1299555,194552,0,545113,0
1299607,194557,0,545139,0
1299657,194563,0,545157,1
1299710,194574,0,545170,0
1299760,194583,0,545190,0
1299810,194592,0,545219,0
1299863,194597,0,545237,1
1299914,194606,0,545255,1
1299967,194618,0,545272,1
1300020,194625,0,545302,1
1300075,194632,0,545317,1
1300127,194647,0,545325,1
1300182,194652,0,545360,0
1300238,194659,0,545376,1
1300289,194670,0,545394,1
1300339,194680,0,545413,0
1300389,194685,0,545441,1
1300442,194686,0,545470,0
1300492,194692,0,545501,1
1300542,194701,0,545517,1
1300592,194706,0,545536,0
1300642,194712,0,545563,0
1300695,194721,0,545579,1
1300745,194732,0,545595,3
1300798,194738,0,545615,1
1300848,194745,0,545629,0
1300899,194755,0,545653,1
1300951,194766,0,545676,1
1301003,194771,0,545713,1
1301056,194777,0,545735,1
1301107,194790,0,545748,1
1301158,194801,0,545766,0
1301208,194806,0,545833,1
1301259,194813,0,545853,0
1301313,194825,0,545865,0
1301363,194831,0,545885,0
1301413,194836,0,545905,0
1301464,194838,0,545983,0
1301514,194844,0,546007,1
1301565,194853,0,546025,1
1301615,194857,0,546044,0
1301669,194866,0,546067,1
1301721,194874,0,546088,0
1301771,194884,0,546107,0
1301821,194893,0,546115,0
1301872,194898,0,546145,0
1301922,194908,0,546163,1
1301974,194919,0,546181,1
1302024,194926,0,546205,2
1302078,194932,0,546225,1
1302128,194948,0,546229,2
1302180,194952,0,546258,0
1302230,194958,0,546278,0
1302280,194967,0,546306,0
1302335,194979,0,546318,1
1302385,194982,0,546350,1
1302435,194986,0,546379,0
1302485,194991,0,546409,0
1302535,194998,0,546427,1
1302585,195004,0,546448,0
1302636,195011,0,546480,1
1302687,195019,0,546500,0
1302738,195025,0,546526,0
1302788,195037,0,546538,1
1302839,195044,0,546557,0
1302889,195050,0,546634,0
1302939,195063,0,546654,1
1302989,195069,0,546668,0
1303040,195076,0,546686,0
1303092,195084,0,546706,1
1303143,195098,0,546715,0
1303193,195104,0,546739,1
1303243,195110,0,546757,1
1303293,195118,0,546779,0
1303343,195130,0,546799,0
1303394,195135,0,546834,1
1303445,195136,0,546860,0
1303497,195141,0,546893,0
1303551,195151,0,546918,1
1303604,195156,0,546938,1
1303654,195162,0,546959,0
1303704,195172,0,546971,1
1303754,195180,0,546987,1
1303804,195188,0,547008,1
1303855,195195,0,547033,0
1303909,195205,0,547041,0
1303962,195217,0,547065,0
1304012,195223,0,547089,0
1304063,195228,0,547107,1
1304113,195237,0,547133,1
1304163,195251,0,547145,0
1304213,195256,0,547168,0
1304267,195264,0,547188,1
1304318,195275,0,547212,1
1304370,195281,0,547240,0
1304420,195286,0,547279,0
1304470,195288,0,547300,0
1304520,195295,0,547324,0
1304571,195303,0,547342,0
1304621,195307,0,547368,0
1304674,195315,0,547391,0
1304724,195324,0,547411,0
1304777,195334,0,547429,0
1304827,195343,0,547501,0
1304882,195347,0,547524,1
1304932,195359,0,547537,1
1304988,195369,0,547555,0
1305039,195376,0,547578,0
1305091,195383,0,547600,0
1305142,195398,0,547618,2
1305192,195404,0,547639,1
1305245,195409,0,547653,1
1305298,195419,0,547669,1
1305349,195430,0,547697,0
1305402,195435,0,547716,0
1305453,195437,0,547739,0
1305503,195442,0,547771,0
1305553,195450,0,547789,0
1305605,195455,0,547800,1
1305655,195462,0,547823,0
1305705,195472,0,547848,1
1305755,195479,0,547869,0
1305805,195488,0,547882,1
1305857,195495,0,547908,0
1305907,195505,0,547927,1
1305957,195515,0,547945,1
1306010,195523,0,547971,1
1306061,195527,0,547990,1
1306111,195536,0,548009,1
1306167,195551,0,548028,0
1306222,195557,0,548057,1
1306278,195565,0,548074,0
1306328,195576,0,548086,2
1306379,195581,0,548103,0
1306429,195586,0,548125,0
1306480,195590,0,548165,1
1306533,195596,0,548192,0
1306583,195604,0,548210,0
1306634,195608,0,548237,1
1306686,195618,0,548255,0
1306738,195624,0,548273,0
1306790,195636,0,548295,1
1306842,195643,0,548320,0
1306892,195650,0,548336,1
1306943,195662,0,548354,1
1306993,195669,0,548380,0
1307043,195676,0,548399,1
1307094,195684,0,548419,1
1307145,195698,0,548439,0
1307195,195704,0,548514,1
1307245,195709,0,548541,1
1307297,195718,0,548556,1
1307347,195728,0,548573,1
1307397,195733,0,548598,1
1307447,195736,0,548619,0
1307500,195741,0,548642,0
1307551,195749,0,548655,1
1307601,195754,0,548686,0
1307653,195761,0,548710,1
1307703,195771,0,548732,2
1307754,195777,0,548757,1
1307804,195788,0,548772,1
1307856,195795,0,548803,0
1307910,195804,0,548831,1
1307960,195815,0,548839,1
1308010,195822,0,548866,1
1308061,195826,0,548886,0
1308113,195836,0,548905,1
1308166,195851,0,548929,0
1308219,195856,0,548959,0
1308271,195864,0,548974,1
1308325,195872,0,548998,1
1308378,195881,0,549019,0
1308432,195886,0,549038,0
1308483,195889,0,549065,0
1308533,195896,0,549088,0
1308585,195904,0,549098,0
1308635,195907,0,549114,0
1308686,195917,0,549130,1
1308737,195924,0,549159,0
1308787,195935,0,549180,0
1308837,195943,0,549199,0
1308889,195947,0,549224,1
1308939,195958,0,549242,1
1308989,195969,0,549264,1
1309040,195975,0,549287,1
1309091,195983,0,549309,1
1309144,195995,0,549325,1
1309194,196003,0,549344,0
1309244,196008,0,549374,0
1309294,196017,0,549389,0
1309344,196027,0,549405,0
1309395,196032,0,549427,1
1309445,196036,0,549456,0
1309498,196041,0,549481,0
1309548,196048,0,549502,1
1309599,196054,0,549520,0
1309650,196059,0,549534,1
1309702,196070,0,549554,1
1309752,196076,0,549569,0
1309804,196087,0,549588,0
1309854,196095,0,549605,1
1309904,196103,0,549625,2
1309954,196113,0,549646,1
1310004,196120,0,549677,1
1310055,196126,0,549706,0
1310106,196134,0,549724,0
1310156,196145,0,549732,1
1310206,196154,0,549757,0
1310256,196160,0,549775,1
1310307,196169,0,549795,1
1310357,196180,0,549816,0
1310407,196185,0,549834,1
1310458,196187,0,549859,1
1310508,196192,0,549875,1
1310560,196199,0,549895,0
1310610,196204,0,549924,0
1310663,196212,0,549944,1
1310715,196222,0,549959,0
1310765,196228,0,549986,1
1310815,196239,0,550016,0
1310868,196245,0,550033,0
1310918,196253,0,550046,3
1310968,196266,0,550062,1
1311021,196273,0,550086,0
1311074,196278,0,550110,0
1311124,196287,0,550136,0
1311178,196301,0,550150,0
1311231,196307,0,550177,0
1311281,196315,0,550197,1
1311331,196323,0,550213,2
1311382,196331,0,550230,0
1311432,196336,0,550254,0
1311483,196339,0,550289,1
1311533,196346,0,550306,1
1311583,196354,0,550328,1
1311633,196356,0,550357,0
1311686,196366,0,550370,1
1311737,196374,0,550438,0
1311787,196385,0,550468,1
1311838,196393,0,550494,1
1311889,196397,0,550520,1
1311939,196407,0,550545,1
1311989,196419,0,550557,1
1312039,196424,0,550587,0
1312090,196431,0,550606,1
1312143,196442,0,550621,1
1312195,196453,0,550638,1
1312246,196458,0,550666,0
1312296,196467,0,550685,0
1312347,196477,0,550709,0
1312398,196481,0,550734,0
1312451,196486,0,550766,0
1312503,196491,0,550784,0
1312554,196499,0,550809,1
1312604,196504,0,550832,0
1312655,196508,0,550857,0
1312705,196521,0,550875,2
1312755,196527,0,550899,1
1312805,196537,0,550925,0
1312859,196544,0,550942,1
1312909,196548,0,550981,0
1312959,196561,0,550990,1
1313009,196570,0,551007,0
1313060,196576,0,551029,0
1313115,196584,0,551050,0
1313168,196598,0,551065,1
1313219,196606,0,551089,1
1313269,196611,0,551115,0
1313322,196621,0,551131,0
1313372,196631,0,551147,0
1313425,196636,0,551167,1
1313475,196637,0,551196,0
1313529,196643,0,551223,1
1313579,196652,0,551240,0
1313635,196656,0,551265,0
1313686,196664,0,551288,1
1313736,196674,0,551309,0
1313789,196685,0,551325,2
1313840,196693,0,551349,1
1313891,196697,0,551365,0
1313945,196707,0,551392,1
1313998,196719,0,551411,0
1314050,196726,0,551433,1
1314101,196732,0,551452,1
1314153,196744,0,551467,1
1314206,196754,0,551481,1
1314260,196760,0,551500,1
1314311,196768,0,551521,0
1314361,196780,0,551540,1
1314411,196784,0,551563,3
1314461,196786,0,551592,0
1314511,196792,0,551621,0
1314561,196799,0,551634,0
1314612,196804,0,551662,0
1314662,196808,0,551681,0
1314712,196821,0,551699,0
1314763,196827,0,551723,0
1314814,196838,0,551739,1
1314866,196845,0,551765,1
1314917,196848,0,551782,0
1314968,196864,0,551796,2
1315019,196872,0,551809,2
1315074,196878,0,551834,0
1315124,196884,0,551868,0
1315175,196897,0,551930,0
1315225,196906,0,551999,0
1315276,196911,0,552013,0
1315328,196921,0,552036,0
1315378,196931,0,552060,0
1315429,196936,0,552081,1
1315480,196937,0,552113,0
1315530,196942,0,552130,0
1315580,196952,0,552150,0
1315631,196955,0,552173,1
1315687,196964,0,552188,1
1315748,196975,0,552203,1
1315798,196985,0,552219,1
1315853,196993,0,552250,0
1315903,196997,0,552275,0
1315960,197008,0,552281,1
1316011,197020,0,552345,1
1316061,197026,0,552364,0
1316117,197034,0,552384,0
1316169,197047,0,552399,0
1316219,197056,0,552425,1
1316270,197060,0,552449,0
1316320,197071,0,552469,1
1316373,197081,0,552486,0
1316423,197085,0,552510,2
1316473,197087,0,552538,0
1316523,197092,0,552556,1
1316573,197100,0,552584,0
1316631,197105,0,552608,1
1316681,197112,0,552629,1
1316732,197124,0,552637,2
1316783,197130,0,552657,1
1316834,197140,0,552667,1
1316886,197146,0,552684,1
1316938,197151,0,552702,0
1316989,197168,0,552718,1
1317040,197174,0,552738,0
1317094,197180,0,552760,1
1317145,197189,0,552783,1
1317195,197202,0,552796,1
1317250,197208,0,552819,1
1317301,197217,0,552837,1
1317352,197225,0,552856,0
1317404,197231,0,552931,0
1317455,197236,0,552952,0
1317505,197238,0,552976,0
1317555,197248,0,552990,1
1317605,197254,0,553010,0
1317655,197257,0,553033,1
1317705,197269,0,553047,1
1317755,197275,0,553068,0
1317807,197285,0,553089,0
1317857,197293,0,553113,0
1317907,197297,0,553134,0
1317961,197308,0,553144,1
1318013,197320,0,553168,1
1318064,197326,0,553190,0
1318117,197334,0,553207,0
1318167,197347,0,553219,2
1318219,197355,0,553241,0
1318269,197360,0,553267,0
1318319,197369,0,553282,1
1318373,197381,0,553301,0
1318424,197383,0,553330,1
1318475,197387,0,553348,0
1318527,197392,0,553374,1
1318577,197401,0,553397,1
1318629,197404,0,553425,0
1318680,197411,0,553447,0
1318731,197422,0,553471,0
1318781,197429,0,553509,0
1318835,197440,0,553525,1
1318885,197445,0,553545,0
1318935,197450,0,553572,0
1318985,197461,0,553587,2
1319035,197474,0,553654,0
1319087,197478,0,553679,0
1319137,197487,0,553703,2
1319187,197498,0,553720,1
1319239,197507,0,553742,1
1319291,197513,0,553761,0
1319345,197522,0,553776,1
1319397,197531,0,553786,0
1319447,197536,0,553812,0
1319501,197538,0,553839,0
1319551,197546,0,553865,1
1319602,197554,0,553899,0
1319655,197557,0,553927,1
1319706,197568,0,553945,1
1319757,197575,0,553964,0
1319807,197585,0,553985,0
1319859,197593,0,554004,0
1319909,197597,0,554026,0
1319961,197607,0,554046,1
1320012,197619,0,554065,0
1320063,197626,0,554136,0
1320113,197634,0,554158,1
1320166,197644,0,554175,1
1320217,197655,0,554183,1
1320267,197659,0,554215,0
1320317,197667,0,554234,0
1320368,197677,0,554247,1
1320419,197682,0,554265,1
1320469,197687,0,554286,1
1320520,197689,0,554310,1
1320576,197700,0,554331,1
1320628,197704,0,554348,0
1320679,197708,0,554374,1
1320731,197722,0,554398,0
1320782,197729,0,554426,0
1320832,197739,0,554449,0
1320885,197745,0,554479,0
1320936,197750,0,554500,1
1320990,197760,0,554525,1
1321040,197774,0,554542,1
1321092,197778,0,554573,0
1321144,197787,0,554591,1
1321195,197799,0,554608,2
1321247,197807,0,554626,0
1321297,197813,0,554646,0
1321349,197822,0,554667,1
1321402,197831,0,554682,0
1321452,197836,0,554704,0
1321504,197838,0,554731,0
1321556,197848,0,554749,2
1321606,197854,0,554769,0
1321657,197857,0,554790,1
1321710,197868,0,554803,1
1321760,197876,0,554821,0
1321810,197885,0,554845,0
1321860,197893,0,554867,0
1321910,197897,0,554886,0
1321961,197906,0,554917,0
1322011,197919,0,554935,2
1322061,197926,0,554999,1
1322112,197933,0,555022,1
1322163,197942,0,555042,0
1322213,197953,0,555060,0
1322264,197959,0,555090,0
1322315,197967,0,555111,0
1322366,197976,0,555131,0
1322416,197981,0,555160,0
1322466,197986,0,555182,0
1322516,197988,0,555212,0
1322568,197999,0,555228,0
1322624,198004,0,555241,0
1322675,198007,0,555264,0
1322726,198020,0,555283,0
1322779,198029,0,555293,1
1322830,198038,0,555318,0
1322880,198045,0,555342,0
1322930,198048,0,555368,0
1322981,198059,0,555377,1
1323033,198072,0,555389,1
1323085,198078,0,555408,0
1323138,198085,0,555423,1
1323188,198097,0,555447,0
1323238,198106,0,555471,0
1323291,198113,0,555493,1
1323345,198121,0,555512,1
1323395,198131,0,555528,0
1323448,198136,0,555562,0
1323498,198138,0,555589,1
1323549,198145,0,555612,2
1323599,198153,0,555627,1
1323652,198156,0,555655,1
1323702,198164,0,555678,1
1323755,198175,0,555692,0
1323805,198183,0,555721,1
1323857,198193,0,555739,1
1323907,198197,0,555763,0
1323958,198203,0,555779,0
1324013,198214,0,555795,1
1324063,198226,0,555814,1
1324114,198232,0,555843,1
1324165,198242,0,555864,0
1324215,198253,0,555880,1
1324266,198259,0,555904,0
1324316,198267,0,555926,2
1324370,198275,0,555944,1
1324420,198281,0,555973,0
1324472,198287,0,556005,1
1324524,198288,0,556037,0
1324575,198299,0,556049,0
1324626,198304,0,556072,0
1324676,198307,0,556097,0
1324726,198320,0,556109,0
1324777,198328,0,556125,0
1324830,198338,0,556146,0
1324880,198344,0,556164,1
1324931,198348,0,556193,0
1324981,198359,0,556218,1
1325032,198371,0,556230,1
1325082,198378,0,556255,0
1325133,198384,0,556283,0
1325183,198397,0,556296,1
1325233,198406,0,556310,0
1325288,198411,0,556334,1
1325338,198420,0,556353,0
1325388,198430,0,556377,0
1325439,198433,0,556444,1
1325489,198437,0,556462,0
1325540,198440,0,556489,1
1325590,198452,0,556502,1
1325640,198455,0,556530,0
1325691,198459,0,556563,1
1325746,198472,0,556586,1
1325796,198480,0,556610,0
1325846,198491,0,556620,1
1325896,198495,0,556659,0
1325946,198500,0,556735,0
1325999,198511,0,556750,1
1326049,198524,0,556763,0
1326100,198530,0,556785,2
1326150,198536,0,556803,0
1326200,198547,0,556812,0
1326252,198557,0,556825,1
1326306,198564,0,556848,1
1326356,198572,0,556868,0
1326408,198581,0,556877,0
1326459,198586,0,556895,0
1326511,198588,0,556920,0
1326561,198596,0,556933,1
1326613,198604,0,556951,1
1326664,198607,0,556985,0
1326715,198618,0,557001,3
1326765,198626,0,557023,1
1326815,198634,0,557050,2
1326866,198643,0,557075,0
1326916,198647,0,557092,0
1326966,198654,0,557122,1
1327016,198664,0,557140,1
1327066,198675,0,557169,0
1327118,198681,0,557183,1
1327168,198691,0,557204,3
1327218,198704,0,557217,2
1327269,198709,0,557236,0
1327319,198717,0,557258,2
1327370,198724,0,557272,1
1327420,198731,0,557292,0
1327470,198736,0,557324,0
1327521,198738,0,557358,0
1327571,198747,0,557380,0
1327622,198754,0,557408,0
1327672,198757,0,557428,0
1327726,198769,0,557448,0
1327776,198777,0,557473,0
1327826,198786,0,557490,0
1327880,198794,0,557516,1
1327930,198798,0,557537,1
1327981,198807,0,557553,1
1328031,198818,0,557568,2
1328081,198827,0,557582,0
1328133,198834,0,557601,1
1328186,198846,0,557628,1
1328239,198855,0,557646,0
1328293,198860,0,557668,0
1328343,198870,0,557688,0
1328394,198880,0,557700,1
1328444,198884,0,557720,1
1328494,198887,0,557741,0
1328544,198890,0,557770,2
1328595,198902,0,557787,0
1328645,198905,0,557817,0
1328695,198910,0,557841,1
1328747,198921,0,557856,1
1328797,198930,0,557873,0
1328847,198941,0,557903,1
1328897,198945,0,557922,0
1328947,198949,0,557944,0
1328999,198960,0,557950,0
1329051,198973,0,557963,1
1329101,198979,0,557985,0
1329152,198986,0,558005,0
1329202,198997,0,558031,0
1329253,199006,0,558052,0
1329305,199013,0,558125,1
1329355,199022,0,558148,1
1329406,199031,0,558167,0
1329456,199036,0,558188,0
1329506,199038,0,558224,0
1329558,199042,0,558245,0
1329608,199053,0,558261,0
1329658,199056,0,558295,1
1329708,199063,0,558318,2
1329760,199074,0,558337,0
1329812,199081,0,558354,1
1329862,199093,0,558377,1
1329914,199097,0,558404,1
1329964,199103,0,558427,0
1330015,199113,0,558452,0
1330075,199125,0,558466,1
1330129,199132,0,558478,1
1330180,199139,0,558490,1
1330233,199154,0,558506,1
1330283,199160,0,558530,1
1330333,199167,0,558550,0
1330384,199177,0,558574,1
1330434,199181,0,558590,0
1330487,199187,0,558617,1
1330539,199188,0,558641,0
1330589,199200,0,558661,0
1330641,199205,0,558692,0
1330691,199208,0,558719,0
1330741,199220,0,558727,0
1330793,199230,0,558744,1
1330844,199238,0,558757,1
1330897,199245,0,558778,1
1330948,199249,0,558814,0
1330999,199260,0,558828,1
1331050,199269,0,558845,1
1331101,199279,0,558872,1
1331151,199285,0,558895,1
1331205,199297,0,558926,1
1331255,199306,0,558938,0
1331306,199312,0,558955,0
1331357,199322,0,558978,1
1331410,199330,0,558996,1
1331461,199336,0,559025,0
1331512,199338,0,559057,0
1331564,199342,0,559078,0
1331615,199354,0,559088,1
1331667,199357,0,559113,1
1331718,199362,0,559129,1
1331772,199376,0,559150,1
1331822,199382,0,559168,0
1331872,199393,0,559188,0
1331922,199397,0,559209,0
1331972,199403,0,559236,0
1332023,199414,0,559248,0
1332073,199424,0,559267,0
1332125,199431,0,559289,1
1332178,199437,0,559320,1
1332231,199452,0,559331,1
1332283,199460,0,559359,1
1332333,199467,0,559380,1
1332386,199476,0,559397,1
1332436,199481,0,559429,0
1332486,199486,0,559454,0
1332538,199488,0,559481,0
1332590,199500,0,559499,2
1332643,199505,0,559522,0
1332693,199508,0,559550,1
1332745,199520,0,559560,0
1332797,199528,0,559579,0
1332847,199537,0,559601,0
1332898,199545,0,559614,1
1332949,199549,0,559647,0
1332999,199559,0,559659,0
1333054,199568,0,559682,1
1333105,199580,0,559692,2
1333156,199586,0,559715,1
1333208,199595,0,559735,1
1333262,199606,0,559748,0
1333315,199613,0,559768,1
1333366,199622,0,559796,0
1333418,199631,0,559812,0
1333474,199636,0,559839,0
1333526,199638,0,559867,0
1333578,199644,0,559897,0
1333630,199654,0,559915,0
1333680,199657,0,559949,0
1333731,199665,0,559968,1
1333784,199676,0,559984,1
1333835,199684,0,560001,1
1333889,199694,0,560019,1
1333939,199698,0,560045,1
1333990,199706,0,560074,0
1334041,199715,0,560091,0
1334093,199726,0,560113,0
1334143,199733,0,560129,0
1334196,199741,0,560152,1
1334247,199755,0,560169,1
1334297,199760,0,560198,0
1334349,199768,0,560215,1
1334399,199779,0,560237,1
1334450,199784,0,560265,1
1334501,199787,0,560295,0
1334552,199790,0,560328,1
1334607,199802,0,560354,0
1334660,199805,0,560382,0
1334710,199809,0,560417,0
1334763,199822,0,560432,1
1334819,199831,0,560449,1
1334869,199842,0,560465,1
1334923,199847,0,560490,1
1334974,199853,0,560505,0
1335027,199862,0,560538,1
1335082,199873,0,560562,1
1335133,199881,0,560583,1
1335191,199887,0,560603,1
1335241,199903,0,560613,1
1335291,199910,0,560628,0
1335342,199917,0,560655,0
1335392,199926,0,560672,2
1335445,199932,0,560691,1
1335498,199937,0,560717,0
1335548,199939,0,560741,1
1335599,199949,0,560753,1
1335649,199955,0,560768,0
1335699,199958,0,560794,1
1335750,199970,0,560809,0
1335805,199979,0,560834,1
1335857,199988,0,560850,1
1335911,199995,0,560867,0
1335961,200000,0,560894,1
1336011,200010,0,560911,2
1336063,200019,0,560923,1
1336113,200027,0,560936,0
1336163,200036,0,560950,1
1336217,200045,0,560976,1
1336268,200056,0,560993,0
1336324,200064,0,561016,1
1336378,200072,0,561047,0
1336430,200081,0,561066,0
1336480,200086,0,561093,0
1336531,200088,0,561121,0
1336581,200094,0,561144,1
1336631,200104,0,561154,0
1336681,200107,0,561185,0
1336732,200115,0,561212,1
1336783,200125,0,561227,1
1336834,200133,0,561247,0
1336884,200143,0,561269,1
1336935,200147,0,561278,0
1336986,200155,0,561302,1
1337036,200164,0,561326,2
1337091,200175,0,561350,1
1337142,200183,0,561371,0
1337194,200187,0,561398,1
1337244,200201,0,561419,1
1337294,200210,0,561441,0
1337345,200217,0,561458,0
1337396,200226,0,561475,1
1337447,200232,0,561495,1
1337497,200237,0,561522,0
1337547,200238,0,561546,0
1337597,200247,0,561576,1
1337648,200255,0,561599,0
1337703,200258,0,561621,1
1337753,200270,0,561629,3
1337803,200278,0,561646,0
1337853,200287,0,561659,1
1337903,200294,0,561685,1
1337954,200298,0,561714,0
1338006,200308,0,561739,0
1338056,200318,0,561748,1
1338106,200327,0,561770,0
1338156,200334,0,561795,0
1338220,200339,0,561821,1
1338270,200356,0,561829,0
1338331,200364,0,561857,1
1338381,200372,0,561883,0
1338433,200381,0,561900,0
1338486,200386,0,561918,0
1338538,200388,0,561948,0
1338589,200394,0,561975,0
1338639,200404,0,561993,0
1338689,200407,0,562017,0
1338741,200416,0,562032,1
1338792,200426,0,562047,0
1338843,200433,0,562078,1
1338896,200443,0,562088,0
1338947,200448,0,562118,0
1338997,200457,0,562129,0
1339047,200464,0,562159,2
1339097,200477,0,562173,1
1339147,200483,0,562191,1
1339200,200487,0,562224,1
1339251,200500,0,562236,1
1339302,200510,0,562251,0
1339352,200518,0,562280,0
1339402,200527,0,562295,0
1339454,200533,0,562317,1
1339507,200537,0,562352,0
1339558,200541,0,562373,2
1339617,200551,0,562398,1
1339667,200556,0,562422,1
1339722,200559,0,562450,1
1339776,200571,0,562463,0
1339827,200582,0,562475,1
1339877,200591,0,562489,0
1339927,200597,0,562512,1
1339979,200603,0,562533,1
1340031,200611,0,562555,1
1340081,200620,0,562575,0
1340134,200629,0,562603,0
1340184,200636,0,562619,0
1340238,200642,0,562638,1
1340289,200659,0,562649,2
1340340,200665,0,562672,0
1340390,200674,0,562688,0
1340440,200681,0,562719,0
1340490,200686,0,562746,0
1340540,200688,0,562772,0
1340594,200695,0,562793,1
1340645,200705,0,562815,0
1340695,200707,0,562835,0
1340748,200717,0,562849,1
1340800,200727,0,562856,1
1340850,200735,0,562878,1
1340901,200743,0,562891,0
1340954,200748,0,562917,0
1341006,200758,0,562937,1
1341056,200765,0,562961,1
1341106,200777,0,562977,0
1341156,200784,0,562996,0
1341207,200787,0,563017,1
1341257,200799,0,563040,2
1341307,200811,0,563056,1
1341357,200818,0,563075,0
1341409,200828,0,563088,1
1341463,200833,0,563105,0
1341526,200838,0,563123,1
1341579,200843,0,563145,1
1341630,200853,0,563159,0
1341683,200857,0,563181,1
1341737,200862,0,563201,1
1341790,200873,0,563215,1
1341843,200883,0,563230,1
1341894,200893,0,563256,1
1341944,200898,0,563276,1
1341994,200905,0,563298,1
1342046,200912,0,563321,1
1342096,200924,0,563334,1
1342146,200931,0,563352,1
1342196,200936,0,563383,0
1342248,200945,0,563401,1
1342300,200960,0,563413,0
1342352,200968,0,563437,1
1342402,200976,0,563453,1
1342452,200982,0,563474,1
1342502,200987,0,563504,1
1342553,200988,0,563536,0
1342604,200998,0,563563,2
1342656,201005,0,563587,0
1342710,201008,0,563610,1
1342763,201019,0,563635,1
1342817,201029,0,563653,0
1342873,201038,0,563675,1
1342925,201046,0,563702,0
1342975,201051,0,563726,0
1343025,201060,0,563746,0
1343080,201069,0,563769,1
1343132,201078,0,563789,1
1343186,201086,0,563801,0
1343237,201091,0,563823,1
1343287,201106,0,563848,0
1343337,201115,0,563868,1
1343388,201121,0,563892,0
1343449,201131,0,563913,0
1343501,201136,0,563935,0
1343551,201138,0,563964,0
1343604,201147,0,563981,1
1343655,201155,0,563997,0
1343707,201157,0,564027,0
1343758,201168,0,564055,1
1343810,201178,0,564072,1
1343860,201186,0,564097,1
1343910,201194,0,564123,1
1343965,201198,0,564147,0
1344018,201208,0,564166,0
1344069,201217,0,564183,1
1344121,201227,0,564215,0
1344171,201236,0,564236,1
1344225,201239,0,564250,1
1344275,201253,0,564263,1
1344325,201263,0,564281,1
1344375,201271,0,564294,1
1344428,201281,0,564306,2
1344480,201285,0,564374,1
1344532,201288,0,564410,0
1344584,201293,0,564433,1
1344635,201301,0,564449,1
1344685,201307,0,564470,1
1344736,201311,0,564501,0
1344786,201322,0,564527,0
1344839,201332,0,564531,0
1344890,201341,0,564541,2
1344941,201347,0,564569,0
1344993,201353,0,564580,0
1345044,201361,0,564595,0
1345095,201373,0,564620,1
1345145,201379,0,564640,0
1345195,201386,0,564666,0
1345246,201394,0,564688,2
1345296,201408,0,564702,1
1345347,201416,0,564723,0
1345400,201421,0,564753,0
1345450,201431,0,564774,0
1345501,201436,0,564796,0
1345551,201438,0,564815,0
1345604,201446,0,564859,0
1345655,201455,0,564886,0
1345708,201457,0,564906,0
1345759,201468,0,564930,1
1345811,201475,0,564956,1
1345863,201486,0,564976,1
1345913,201494,0,564995,1
1345966,201498,0,565029,0
1346016,201508,0,565060,0
1346067,201516,0,565074,0
1346117,201527,0,565093,0
1346169,201535,0,565107,1
1346220,201538,0,565130,1
1346271,201550,0,565142,1
1346322,201562,0,565155,0
1346372,201569,0,565177,0
1346425,201579,0,565207,1
1346476,201584,0,565227,1
1346533,201588,0,565244,1
1346583,201592,0,565269,0
1346634,201600,0,565289,0
1346684,201606,0,565316,0
1346735,201610,0,565339,1
1346790,201622,0,565357,0
1346842,201632,0,565374,0
1346893,201641,0,565395,1
1346944,201647,0,565413,0
1346994,201653,0,565435,1
1347047,201661,0,565448,0
1347101,201674,0,565463,1
1347153,201680,0,565485,0
1347206,201686,0,565516,0
1347256,201697,0,565534,2
1347308,201708,0,565550,0
1347360,201718,0,565563,0
1347410,201723,0,565585,1
1347460,201733,0,565604,1
1347510,201736,0,565633,0
1347562,201738,0,565657,0
1347612,201748,0,565674,0
1347662,201755,0,565696,0
1347713,201758,0,565729,1
1347763,201767,0,565741,1
1347816,201773,0,565757,1
1347866,201786,0,565765,1
1347916,201794,0,565794,0
1347967,201798,0,565819,0
1348017,201808,0,565846,0
1348068,201815,0,565870,2
1348118,201827,0,565888,2
1348168,201833,0,565908,1
1348221,201837,0,565933,0
1348271,201849,0,565947,0
1348327,201861,0,565961,1
1348377,201869,0,565983,0
1348427,201879,0,566005,1
1348480,201884,0,566029,1
1348530,201887,0,566049,0
1348582,201892,0,566073,0
1348634,201900,0,566089,0
1348688,201907,0,566114,1
1348739,201911,0,566133,1
1348789,201922,0,566159,0
1348840,201932,0,566183,0
1348897,201940,0,566203,1
1348948,201947,0,566230,0
1348998,201954,0,566253,2
1349050,201960,0,566268,1
1349106,201974,0,566277,1
1349156,201980,0,566296,1
1349210,201986,0,566325,0
1349264,201993,0,566345,1
1349314,202008,0,566358,0
1349367,202018,0,566378,0
1349417,202025,0,566405,1
1349470,202033,0,566427,0
1349521,202037,0,566452,0
1349576,202039,0,566472,1
1349629,202050,0,566484,0
1349681,202056,0,566499,1
1349733,202059,0,566530,0
1349785,202072,0,566541,1
1349837,202078,0,566560,1
1349889,202089,0,566577,0
1349940,202097,0,566599,0
1349990,202100,0,566631,0
1350045,202109,0,566657,0
1350096,202118,0,566677,1
1350147,202127,0,566696,0
1350198,202136,0,566723,0
1350248,202142,0,566743,1
1350298,202155,0,566752,3
1350349,202166,0,566766,1
1350399,202171,0,566796,0
1350449,202181,0,566824,0
1350501,202186,0,566840,0
1350551,202188,0,566863,0
1350602,202194,0,566882,0
1350653,202201,0,566900,1
1350703,202207,0,566923,0
1350753,202213,0,566943,0
1350804,202222,0,566962,0
1350854,202232,0,566985,0
1350906,202243,0,566999,1
1350960,202248,0,567024,1
1351014,202256,0,567043,1
1351065,202262,0,567065,0
1351119,202275,0,567087,0
1351170,202282,0,567105,1
1351220,202287,0,567129,0
1351272,202295,0,567152,1
1351324,202308,0,567169,0
1351374,202319,0,567189,1
1351424,202324,0,567214,2
1351477,202333,0,567230,0
1351527,202337,0,567252,0
1351577,202339,0,567279,1
1351628,202349,0,567289,1
1351678,202355,0,567310,0
1351728,202358,0,567329,0
1351778,202368,0,567349,1
1351829,202374,0,567371,0
1351880,202386,0,567377,2
1351930,202396,0,567389,1
1351980,202399,0,567410,0
1352034,202408,0,567437,0
1352084,202416,0,567453,1
1352134,202427,0,567471,0
1352184,202435,0,567491,1
1352235,202438,0,567516,1
1352287,202449,0,567533,1
1352338,202462,0,567552,1
1352388,202470,0,567569,0
1352438,202480,0,567596,1
1352489,202484,0,567622,1
1352539,202488,0,567650,1
1352590,202491,0,567673,1
1352640,202500,0,567696,0
1352690,202506,0,567719,0
1352740,202509,0,567750,0
1352795,202522,0,567767,0
1352845,202528,0,567795,1
1352895,202539,0,567811,1
1352946,202547,0,567842,0
1353006,202552,0,567869,1
1353057,202560,0,567880,1
1353108,202570,0,567904,1
1353160,202578,0,567932,0
1353212,202586,0,567968,0
1353262,202592,0,567994,0
1353312,202607,0,567997,2
1353364,202614,0,568004,1
1353414,202621,0,568022,0
1353465,202633,0,568042,1
1353517,202636,0,568056,0
1353569,202638,0,568081,0
1353620,202646,0,568108,0
1353670,202654,0,568121,2
1353723,202658,0,568140,1
1353776,202667,0,568170,1
1353827,202673,0,568189,1
1353878,202684,0,568205,1
1353929,202696,0,568224,1
1353979,202699,0,568246,1
1354031,202708,0,568266,0
1354083,202715,0,568298,0
1354133,202727,0,568306,1
1354184,202733,0,568326,0
1354234,202737,0,568346,0
1354289,202747,0,568360,1
1354339,202760,0,568373,1
1354389,202770,0,568385,1
1354439,202778,0,568410,1
1354493,202783,0,568427,0
1354543,202788,0,568450,0
1354593,202792,0,568473,3
1354649,202800,0,568496,0
1354699,202807,0,568512,1
1354749,202809,0,568540,0
1354804,202821,0,568547,1
1354857,202828,0,568564,1
1354910,202842,0,568582,1
1354960,202847,0,568608,0
1355013,202853,0,568626,1
1355063,202862,0,568645,1
1355118,202873,0,568657,1
1355170,202879,0,568679,0
1355223,202887,0,568702,1
1355273,202893,0,568722,0
1355324,202908,0,568737,1
1355374,202917,0,568755,2
1355426,202922,0,568774,1
1355477,202933,0,568791,0
1355530,202937,0,568813,0
1355580,202938,0,568833,0
1355633,202947,0,568849,0
1355685,202956,0,568873,1
1355735,202958,0,568898,0
1355787,202969,0,568916,1
1355837,202975,0,568939,1
1355887,202986,0,568960,2
1355938,202996,0,568976,0
1355990,203000,0,569001,0
1356040,203009,0,569017,0
1356092,203017,0,569035,0
1356142,203027,0,569053,0
1356193,203033,0,569075,0
1356244,203039,0,569094,0
1356294,203048,0,569126,1
1356348,203060,0,569160,1
1356399,203070,0,569178,0
1356449,203080,0,569195,1
1356500,203085,0,569225,2
1356553,203088,0,569244,0
1356606,203090,0,569266,1
1356662,203101,0,569279,1
1356713,203107,0,569296,0
1356765,203112,0,569320,1
1356816,203122,0,569343,0
1356867,203132,0,569375,0
1356919,203143,0,569391,0
1356970,203148,0,569416,1
1357021,203154,0,569430,1
1357072,203162,0,569455,0
1357123,203173,0,569462,0
1357173,203179,0,569496,0
1357226,203187,0,569507,1
1357276,203193,0,569528,0
1357326,203204,0,569540,1
1357376,203216,0,569553,1
1357426,203221,0,569577,0
1357477,203232,0,569598,1
1357527,203236,0,569620,0
1357578,203238,0,569643,0
1357629,203247,0,569666,2
1357679,203255,0,569689,0
1357730,203258,0,569711,0
1357781,203266,0,569728,0
1357831,203272,0,569752,0
1357881,203283,0,569771,0
1357932,203294,0,569787,1
1357982,203298,0,569817,0
1358033,203306,0,569831,1
1358084,203314,0,569851,1
1358136,203326,0,569863,1
1358186,203333,0,569886,2
1358237,203337,0,569916,0
1358293,203347,0,569942,1
1358343,203359,0,569962,1
1358394,203370,0,569979,0
1358446,203376,0,569999,1
1358497,203383,0,570075,0
1358548,203388,0,570094,1
1358598,203388,0,570119,0
1358649,203399,0,570146,0
1358701,203406,0,570185,0
1358754,203409,0,570210,0
1358804,203419,0,570224,0
1358854,203427,0,570248,0
1358914,203438,0,570265,1
1358964,203447,0,570289,0
1359014,203452,0,570318,0
1359065,203461,0,570333,1
1359115,203469,0,570349,1
1359171,203479,0,570380,1
1359224,203486,0,570400,0
1359277,203493,0,570418,1
1359327,203505,0,570439,2
1359377,203515,0,570446,1
1359427,203521,0,570464,0
1359481,203532,0,570488,1
1359535,203537,0,570513,1
1359585,203538,0,570535,0
1359639,203547,0,570552,1
1359689,203556,0,570572,1
1359740,203558,0,570594,0
1359791,203568,0,570607,0
1359842,203576,0,570640,1
1359893,203585,0,570657,1
1359943,203596,0,570671,0
1359995,203600,0,570698,1
1360045,203609,0,570720,0
1360095,203616,0,570746,0
1360149,203627,0,570777,0
1360199,203633,0,570803,0
1360254,203639,0,570822,1
1360309,203650,0,570840,1
1360362,203661,0,570856,1
1360412,203671,0,570882,0
1360462,203681,0,570900,1
1360513,203685,0,570925,1
1360564,203688,0,570949,0
1360615,203691,0,570965,1
1360665,203700,0,570990,0
1360715,203707,0,571007,0
1360765,203710,0,571040,0
1360816,203722,0,571055,1
1360866,203730,0,571069,0
1360916,203737,0,571094,0
1360966,203747,0,571112,0
1361017,203752,0,571132,1
1361067,203761,0,571151,2
1361117,203769,0,571178,2
1361168,203778,0,571195,1
1361218,203785,0,571221,1
1361268,203792,0,571245,0
1361318,203802,0,571265,0
1361370,203813,0,571282,1
1361420,203821,0,571297,0
1361471,203831,0,571321,0
1361525,203836,0,571344,0
1361576,203838,0,571371,0
1361626,203845,0,571386,1
1361680,203854,0,571404,1
1361730,203858,0,571428,0
1361782,203866,0,571447,1
1361832,203872,0,571465,0
1361882,203883,0,571485,2
1361932,203891,0,571509,1
1361982,203898,0,571537,0
1362041,203906,0,571556,1
1362091,203915,0,571563,1
1362141,203926,0,571585,1
1362191,203932,0,571617,1
1362242,203937,0,571639,0
1362296,203947,0,571661,1
1362346,203958,0,571679,0
1362400,203968,0,571685,0
1362450,203974,0,571709,1
1362501,203983,0,571728,0
1362552,203988,0,571755,0
1362602,203989,0,571781,1
1362652,204000,0,571807,0
1362702,204006,0,571822,1
1362752,204009,0,571857,1
1362804,204019,0,571881,0
1362856,204027,0,571911,0
1362908,204037,0,571930,0
1362958,204047,0,571950,0
1363010,204050,0,571985,0
1363067,204060,0,572003,1
1363117,204068,0,572021,1
1363167,204077,0,572048,0
1363217,204084,0,572071,0
1363271,204092,0,572090,0
1363322,204103,0,572110,2
1363372,204112,0,572122,1
1363426,204121,0,572145,0
1363477,204131,0,572160,2
1363527,204136,0,572184,0
1363578,204138,0,572210,0
1363630,204144,0,572225,1
1363681,204153,0,572239,1
1363731,204158,0,572255,1
1363783,204165,0,572281,0
1363847,204173,0,572299,1
1363897,204186,0,572306,2
1363947,204195,0,572318,2
1363998,204199,0,572336,0
1364048,204207,0,572362,1
1364099,204215,0,572380,1
1364150,204226,0,572398,1
1364204,204233,0,572416,0
1364257,204239,0,572446,1
1364307,204248,0,572454,1
1364361,204260,0,572467,1
1364411,204270,0,572485,0
1364461,204274,0,572514,0
1364513,204284,0,572532,1
1364563,204288,0,572561,0
1364614,204290,0,572585,1
1364666,204300,0,572603,0
1364717,204307,0,572621,0
1364767,204309,0,572687,0
1364817,204319,0,572706,0
1364867,204327,0,572729,0
1364918,204337,0,572749,0
1364970,204347,0,572763,0
1365021,204351,0,572791,0
1365073,204360,0,572805,0
1365123,204369,0,572823,1
1365173,204378,0,572844,0
1365223,204385,0,572866,1
1365274,204392,0,572887,0
1365324,204401,0,572907,1
1365375,204412,0,572922,1
1365426,204421,0,572942,0
1365476,204428,0,572965,0
1365527,204436,0,572989,1
1365577,204438,0,573024,0
1365628,204443,0,573055,2
1365678,204452,0,573068,1
1365731,204458,0,573089,1
1365785,204464,0,573108,2
1365835,204472,0,573124,0
1365885,204480,0,573154,0
1365935,204489,0,573188,0
1365985,204498,0,573206,0
1366036,204504,0,573230,1
1366088,204511,0,573257,1
1366138,204521,0,573273,1
1366188,204530,0,573288,0
1366239,204536,0,573313,1
1366289,204542,0,573347,0
1366342,204554,0,573368,0
1366393,204567,0,573389,1
1366443,204571,0,573423,0
1366494,204583,0,573439,2
1366546,204587,0,573463,1
1366596,204588,0,573492,0
1366648,204595,0,573513,1
1366698,204605,0,573529,0
1366748,204608,0,573572,0
1366798,204618,0,573584,2
1366850,204622,0,573599,0
1366901,204635,0,573623,1
1366955,204642,0,573644,1
1367007,204650,0,573674,0
1367057,204658,0,573689,0
1367107,204666,0,573706,1
1367157,204677,0,573735,1
1367207,204683,0,573762,0
1367258,204688,0,573778,0
1367308,204698,0,573797,1
1367358,204709,0,573814,2
1367409,204719,0,573835,0
1367459,204724,0,573863,1
1367510,204733,0,573881,0
1367561,204738,0,573909,0
1367616,204740,0,573944,1
1367667,204750,0,573956,0
1367717,204757,0,573979,0
1367767,204759,0,574003,0
1367818,204769,0,574024,0
1367872,204777,0,574043,0
1367922,204787,0,574056,0
1367974,204797,0,574076,0
1368024,204801,0,574105,0
1368081,204810,0,574123,0
1368133,204819,0,574144,0
1368184,204829,0,574157,0
1368234,204835,0,574176,0
1368284,204842,0,574202,0
1368341,204853,0,574215,1
1368391,204864,0,574225,2
1368443,204871,0,574250,0
1368493,204881,0,574269,0
1368544,204886,0,574289,0
1368594,204888,0,574317,0
1368644,204894,0,574339,0
1368694,204905,0,574356,1
1368745,204908,0,574387,0
1368796,204913,0,574407,1
1368847,204922,0,574421,0
1368898,204933,0,574440,2
1368948,204940,0,574465,1
1368999,204948,0,574474,0
1369049,204955,0,574490,0
1369104,204962,0,574499,1
1369156,204975,0,574507,2
1369207,204982,0,574525,2
1369259,204989,0,574540,1
1369309,204997,0,574562,1
1369359,205006,0,574575,0
1369411,205020,0,574587,1
1369461,205023,0,574612,0
1369514,205033,0,574617,1
1369564,205038,0,574638,0
1369614,205039,0,574659,0
1369665,205048,0,574684,1
1369717,205056,0,574703,1
1369768,205059,0,574731,0
1369818,205069,0,574751,0
1369869,205077,0,574767,2
1369920,205087,0,574783,0
1369970,205094,0,574805,2
1370020,205101,0,574827,1
1370070,205108,0,574854,0
1370120,205115,0,574874,1
1370175,205128,0,574889,1
1370226,205132,0,574909,1
1370276,205142,0,574935,0
1370326,205150,0,574958,1
1370377,205161,0,574974,1
1370428,205171,0,574989,1
1370481,205175,0,575009,1
1370531,205185,0,575025,0
1370582,205188,0,575047,0
1370634,205192,0,575070,0
1370684,205200,0,575092,0
1370734,205207,0,575118,0
1370784,205211,0,575145,2
1370845,205220,0,575162,1
1370896,205232,0,575180,1
1370946,205239,0,575197,0
1370998,205248,0,575219,0
1371053,205255,0,575248,1
1371106,205261,0,575270,0
1371156,205273,0,575286,1
1371207,205280,0,575309,0
1371257,205288,0,575338,0
1371307,205296,0,575356,1
1371361,205305,0,575374,0
1371414,205319,0,575395,1
1371466,205323,0,575418,0
1371520,205333,0,575438,1
1371570,205338,0,575459,0
1371620,205340,0,575484,1
1371670,205350,0,575508,3
1371721,205356,0,575528,1
1371771,205359,0,575553,0
1371822,205369,0,575568,0
1371877,205377,0,575586,0
1371928,205387,0,575605,0
1371980,205395,0,575618,1
1372030,205401,0,575649,0
1372080,205408,0,575671,0
1372136,205417,0,575694,1
1372187,205429,0,575704,0
1372238,205435,0,575728,0
1372288,205442,0,575752,0
1372339,205452,0,575766,1
1372389,205462,0,575797,0
1372439,205471,0,575817,0
1372489,205476,0,575838,0
1372539,205486,0,575854,0
1372593,205488,0,575869,0
1372644,205494,0,575898,1
1372695,205504,0,575924,2
1372749,205508,0,575949,0
1372799,205512,0,575977,1
1372849,205521,0,575996,1
1372900,205531,0,576010,1
1372950,205539,0,576032,0
1373000,205548,0,576056,0
1373052,205554,0,576070,0
1373102,205561,0,576096,1
1373152,205571,0,576118,0
1373203,205580,0,576138,0
1373253,205587,0,576157,0
1373303,205593,0,576187,0
1373353,205604,0,576205,0
1373403,205615,0,576234,1
1373453,205622,0,576262,0
1373503,205632,0,576293,4
1373553,205636,0,576320,0
1373606,205638,0,576336,0
1373659,205645,0,576352,1
1373709,205655,0,576374,0
1373760,205658,0,576403,0
1373810,205665,0,576428,1
1373861,205673,0,576448,1
1373912,205684,0,576458,0
1373963,205692,0,576480,0
1374014,205699,0,576557,0
1374064,205708,0,576582,2
1374115,205713,0,576604,1
1374166,205725,0,576623,0
1374218,205731,0,576646,0
1374269,205739,0,576665,1
1374320,205747,0,576688,1
1374371,205756,0,576704,1
1374421,205770,0,576716,1
1374474,205773,0,576743,0
1374527,205784,0,576763,1
1374578,205788,0,576787,0
1374629,205790,0,576812,0
1374679,205800,0,576822,1
1374729,205807,0,576851,0
1374782,205809,0,576867,0
1374833,205819,0,576877,0
1374883,205827,0,576894,1
1374934,205837,0,576917,0
1374984,205844,0,576939,1
1375034,205850,0,576961,0
1375085,205858,0,576988,0
1375137,205866,0,577014,0
1375187,205879,0,577035,0
1375237,205885,0,577059,2
1375291,205892,0,577095,0
1375344,205902,0,577127,0
1375401,205913,0,577139,1
1375451,205921,0,577144,0
1375501,205927,0,577159,1
1375552,205936,0,577181,0
1375603,205938,0,577202,0
1375654,205944,0,577237,0
1375707,205955,0,577248,1
1375764,205958,0,577282,0
1375818,205966,0,577300,1
1375868,205975,0,577322,2
1375918,205985,0,577337,3
1375969,205992,0,577358,1
1376020,205999,0,577381,0
1376070,206008,0,577396,2
1376126,206014,0,577424,1
1376177,206027,0,577443,0
1376227,206031,0,577464,0
1376280,206041,0,577492,0
1376331,206048,0,577506,1
1376383,206058,0,577526,1
1376438,206071,0,577538,1
1376490,206074,0,577563,0
1376540,206086,0,577576,0
1376590,206088,0,577596,0
1376642,206092,0,577614,1
1376694,206101,0,577629,1
1376746,206107,0,577649,0
1376796,206110,0,577673,1
1376846,206119,0,577686,0
1376900,206130,0,577703,1
1376955,206139,0,577726,1
1377005,206148,0,577748,0
1377058,206154,0,577782,1
1377108,206161,0,577809,1
1377163,206171,0,577817,1
1377214,206181,0,577835,1
1377268,206188,0,577847,1
1377319,206196,0,577864,1
1377369,206205,0,577879,0
1377421,206216,0,577895,1
1377471,206223,0,577915,0
1377526,206232,0,577933,0
1377576,206238,0,577957,0
1377631,206240,0,577982,0
1377682,206247,0,577999,1
1377732,206257,0,578024,0
1377784,206259,0,578054,0
1377834,206269,0,578079,0
1377886,206277,0,578096,1
1377938,206286,0,578114,1
1377990,206295,0,578140,1
1378040,206301,0,578161,0
1378090,206308,0,578187,0
1378145,206317,0,578208,1
1378196,206329,0,578227,1
1378248,206335,0,578252,0
1378300,206342,0,578276,0
1378350,206349,0,578298,1
1378402,206362,0,578315,0
1378453,206371,0,578330,0
1378506,206376,0,578346,1
1378557,206386,0,578361,0
1378608,206388,0,578392,0
1378660,206394,0,578415,1
1378714,206405,0,578424,0
1378765,206408,0,578449,0
1378815,206415,0,578467,1
1378866,206422,0,578486,1
1378918,206432,0,578554,1
1378970,206441,0,578574,0
1379020,206449,0,578588,0
1379071,206456,0,578604,1
1379121,206463,0,578631,1
1379173,206474,0,578648,1
1379228,206481,0,578664,0
1379281,206489,0,578678,1
1379333,206497,0,578693,1
1379384,206507,0,578710,0
1379434,206519,0,578727,1
1379485,206524,0,578752,0
1379535,206533,0,578775,0
1379586,206538,0,578805,0
1379637,206540,0,578838,0
1379689,206547,0,578867,1
1379740,206557,0,578880,0
1379792,206559,0,578910,0
1379842,206569,0,578924,0
1379892,206578,0,578946,0
1379943,206586,0,578962,1
1379993,206594,0,578991,0
1380063,206602,0,579011,1
1380113,206611,0,579031,0
1380163,206620,0,579052,1
1380214,206630,0,579066,0
1380267,206637,0,579085,0
1380317,206644,0,579107,1
1380367,206653,0,579128,1
1380418,206664,0,579149,1
1380471,206673,0,579167,0
1380521,206682,0,579198,0
1380575,206688,0,579217,1
1380626,206689,0,579240,0
1380678,206695,0,579267,1
1380730,206706,0,579286,1
1380781,206709,0,579319,0
1380831,206718,0,579334,2
1380882,206725,0,579354,1
1380933,206734,0,579364,1
1380985,206743,0,579377,0
1381035,206750,0,579392,0
1381085,206758,0,579406,0
1381135,206765,0,579430,2
1381188,206778,0,579448,1
1381238,206782,0,579465,1
1381294,206790,0,579493,1
1381344,206797,0,579514,0
1381394,206809,0,579536,0
1381445,206819,0,579551,1
1381497,206824,0,579571,0
1381547,206835,0,579580,0
1381598,206838,0,579607,0
1381651,206841,0,579626,0
1381702,206850,0,579641,1
1381752,206857,0,579670,0
1381806,206861,0,579690,1
1381857,206869,0,579707,0
1381908,206880,0,579731,0
1381958,206889,0,579750,1
1382008,206896,0,579784,0
1382059,206901,0,579809,0
1382109,206910,0,579833,0
1382164,206918,0,579853,1
1382215,206930,0,579872,0
1382266,206937,0,579889,1
1382321,206943,0,579909,1
1382372,206953,0,579918,1
1382422,206965,0,579933,0
1382472,206973,0,579952,0
1382522,206981,0,579990,2
1382572,206987,0,580009,0
1382622,206988,0,580035,0
1382672,206994,0,580056,0
1382725,207005,0,580074,0
1382777,207008,0,580109,0
1382834,207014,0,580132,1
1382884,207025,0,580151,0
1382934,207034,0,580181,1
1382987,207043,0,580202,0
1383039,207050,0,580228,0
1383090,207058,0,580247,0
1383140,207065,0,580274,1
1383191,207078,0,580280,1
1383241,207082,0,580305,1
1383291,207089,0,580328,0
1383342,207097,0,580344,1
1383392,207107,0,580371,1
1383442,207116,0,580394,1
1383492,207124,0,580409,0
1383545,207134,0,580428,1
1383595,207138,0,580457,0
1383646,207141,0,580481,0
1383696,207147,0,580500,1
1383748,207157,0,580518,0
1383799,207159,0,580552,0
1383850,207169,0,580563,1
1383904,207178,0,580575,1
1383954,207188,0,580598,0
1384004,207196,0,580617,1
1384054,207201,0,580648,0
1384104,207209,0,580667,0
1384154,207217,0,580686,2
1384204,207229,0,580701,1
1384255,207235,0,580729,1
1384306,207242,0,580749,1
1384358,207247,0,580767,0
1384409,207262,0,580785,0
1384461,207268,0,580798,1
1384513,207276,0,580815,1
1384566,207286,0,580829,0
1384618,207288,0,580855,0
1384669,207294,0,580871,1
1384721,207303,0,580888,1
1384772,207308,0,580912,0
1384822,207312,0,580937,0
1384873,207321,0,580962,0
1384923,207332,0,580976,0
1384976,207341,0,581006,1
1385030,207349,0,581023,0
1385080,207355,0,581040,1
1385131,207363,0,581063,0
1385181,207371,0,581086,1
1385231,207381,0,581105,0
1385282,207388,0,581119,0
1385333,207395,0,581138,1
1385384,207405,0,581156,1
1385434,207415,0,581176,0
1385485,207423,0,581200,0
1385538,207432,0,581208,1
1385592,207438,0,581235,0
1385645,207441,0,581254,1
1385696,207447,0,581281,1
1385746,207457,0,581306,0
1385796,207459,0,581334,0
1385846,207466,0,581352,2
1385898,207477,0,581367,1
1385950,207487,0,581388,2
1386000,207494,0,581407,0
1386050,207501,0,581425,0
1386106,207509,0,581448,1
1386161,207517,0,581476,1
1386211,207529,0,581491,1
1386262,207535,0,581520,0
1386312,207542,0,581545,0
1386362,207548,0,581571,1
1386413,207562,0,581586,1
1386463,207568,0,581608,1
1386513,207575,0,581630,0
1386564,207586,0,581642,0
1386614,207588,0,581662,0
1386664,207593,0,581690,1
1386714,207601,0,581709,0
1386764,207608,0,581720,0
1386814,207611,0,581750,1
1386864,207620,0,581775,1
1386915,207630,0,581794,2
1386966,207639,0,581810,1
1387016,207647,0,581821,1
1387066,207651,0,581846,0
1387117,207661,0,581865,0
1387170,207668,0,581896,1
1387223,207680,0,581913,1
1387276,207687,0,581935,1
1387328,207694,0,581964,1
1387383,207702,0,581992,1
1387434,207715,0,582006,1
1387484,207723,0,582023,0
1387535,207729,0,582045,1
1387587,207738,0,582064,0
1387638,207739,0,582093,0
1387688,207745,0,582108,0
1387739,207756,0,582119,1
1387789,207759,0,582146,0
1387840,207763,0,582172,0
1387890,207775,0,582192,2
1387940,207784,0,582206,0
1387990,207793,0,582222,1
1388040,207800,0,582242,1
1388091,207806,0,582264,1
1388141,207813,0,582287,0
1388192,207821,0,582316,0
1388245,207832,0,582343,1
1388295,207839,0,582358,1
1388348,207847,0,582379,1
1388401,207855,0,582391,1
1388455,207867,0,582408,1
1388505,207874,0,582430,0
1388556,207883,0,582440,1
1388613,207888,0,582460,0
1388667,207892,0,582495,1
1388717,207902,0,582517,1
1388767,207908,0,582532,1
1388819,207911,0,582572,0
1388869,207920,0,582596,0
1388919,207930,0,582610,1
1388970,207939,0,582639,0
1389021,207946,0,582659,1
1389071,207952,0,582677,1
1389121,207961,0,582699,0
1389171,207968,0,582721,1
1389221,207979,0,582736,0
1389271,207986,0,582751,1
1389322,207992,0,582771,1
1389372,207998,0,582796,0
1389425,208012,0,582869,0
1389480,208021,0,582882,1
1389533,208026,0,582907,1
1389589,208037,0,582923,1
1389639,208039,0,582949,0
1389689,208045,0,582972,0
1389739,208055,0,582996,1
1389789,208059,0,583027,0
1389840,208063,0,583043,0
1389890,208072,0,583068,0
1389940,208084,0,583086,1
1389993,208093,0,583100,1
1390045,208100,0,583124,0
1390100,208107,0,583156,1
1390151,208114,0,583176,0
1390203,208124,0,583191,1
1390254,208132,0,583211,0
1390305,208139,0,583231,0
1390355,208146,0,583256,0
1390405,208157,0,583277,1
1390455,208167,0,583288,1
1390508,208174,0,583311,0
1390558,208183,0,583386,1
1390612,208188,0,583404,0
1390663,208191,0,583420,0
1390713,208200,0,583487,1
1390765,208207,0,583513,0
1390819,208210,0,583547,1
1390870,208220,0,583561,0
1390921,208230,0,583577,1
1390971,208239,0,583600,0
1391022,208246,0,583625,1
1391073,208252,0,583649,0
1391127,208261,0,583653,0
1391177,208269,0,583669,1
1391229,208280,0,583692,1
1391281,208287,0,583708,1
1391337,208293,0,583726,1
1391389,208301,0,583742,1
1391441,208315,0,583754,1
1391495,208323,0,583775,0
1391545,208328,0,583793,1
1391598,208338,0,583805,1
1391648,208339,0,583843,0
1391700,208346,0,583879,1
1391755,208357,0,583896,1
1391806,208359,0,583924,0
1391862,208367,0,583960,1
1391912,208377,0,583975,1
1391962,208386,0,584000,0
1392015,208395,0,584015,1
1392066,208401,0,584035,0
1392117,208410,0,584106,1
1392167,208416,0,584123,1
1392217,208428,0,584141,2
1392269,208434,0,584167,0
1392319,208440,0,584182,0
1392373,208448,0,584212,0
1392424,208458,0,584230,1
1392475,208468,0,584251,0
1392529,208475,0,584266,0
1392582,208486,0,584287,0
1392633,208489,0,584313,0
1392683,208492,0,584344,0
1392733,208502,0,584360,0
1392783,208508,0,584393,0
1392833,208512,0,584413,1
1392884,208521,0,584438,0
1392934,208532,0,584448,0
1392985,208540,0,584461,0
1393036,208546,0,584477,0
1393086,208554,0,584497,0
1393138,208563,0,584520,0
1393189,208570,0,584537,0
1393239,208581,0,584562,0
1393289,208588,0,584586,1
1393339,208592,0,584606,0
1393389,208600,0,584639,0
1393440,208614,0,584651,2
1393490,208620,0,584669,1
1393540,208627,0,584696,1
1393590,208636,0,584716,0
1393641,208639,0,584745,0
1393691,208645,0,584762,1
1393742,208654,0,584781,1
1393792,208659,0,584799,0
1393845,208663,0,584830,0
1393896,208671,0,584862,0
1393946,208684,0,584887,0
1393996,208692,0,584908,0
1394047,208699,0,584930,0
1394098,208704,0,584951,0
1394149,208713,0,584961,0
1394202,208722,0,584967,1
1394252,208731,0,584988,0
1394306,208739,0,585003,0
1394357,208747,0,585031,1
1394407,208754,0,585053,2
1394457,208766,0,585075,1
1394508,208774,0,585098,0
1394562,208779,0,585129,1
1394616,208788,0,585154,0
1394666,208791,0,585176,0
1394717,208800,0,585199,1
1394768,208807,0,585229,0
1394820,208809,0,585266,0
1394875,208818,0,585286,1
1394928,208830,0,585296,1
1394981,208839,0,585315,0
1395031,208846,0,585336,0
1395081,208853,0,585358,1
1395132,208862,0,585370,0
1395182,208869,0,585399,2
1395232,208880,0,585414,1
1395286,208887,0,585439,1
1395336,208892,0,585463,0
1395388,208900,0,585481,1
1395438,208913,0,585487,1
1395492,208920,0,585504,1
1395542,208926,0,585519,1
1395593,208936,0,585535,0
1395651,208939,0,585555,0
1395702,208945,0,585576,0
1395753,208956,0,585602,1
1395803,208959,0,585623,0
1395856,208965,0,585654,1
1395906,208974,0,585671,0
1395956,208985,0,585688,1
1396006,208993,0,585710,0
1396056,209000,0,585735,0
1396106,209004,0,585758,0
1396156,209014,0,585774,0
1396215,209022,0,585795,1
1396266,209033,0,585817,1
1396317,209039,0,585847,0
1396369,209047,0,585868,0
1396420,209056,0,585885,1
1396472,209067,0,585899,1
1396522,209075,0,585913,1
1396572,209082,0,585924,2
1396622,209088,0,585938,0
1396675,209091,0,585963,0
1396725,209101,0,585980,0
1396780,209107,0,585999,0
1396831,209111,0,586031,1
1396884,209120,0,586047,1
1396935,209130,0,586070,0
1396989,209140,0,586080,1
1397039,209146,0,586101,0
1397089,209153,0,586121,0
1397139,209163,0,586142,1
1397190,209170,0,586158,1
1397241,209180,0,586174,0
1397291,209188,0,586202,1
1397341,209192,0,586222,0
1397391,209200,0,586236,1
1397441,209209,0,586247,1
1397495,209219,0,586262,0
1397545,209226,0,586294,0
1397596,209236,0,586311,0
1397646,209239,0,586341,0
1397696,209243,0,586367,1
1397747,209254,0,586382,1
1397799,209259,0,586404,0
1397851,209264,0,586430,1
1397901,209271,0,586455,0
1397955,209283,0,586468,1
1398006,209292,0,586487,0
1398057,209300,0,586515,1
1398108,209304,0,586539,0
1398161,209314,0,586560,0
1398212,209321,0,586577,0
1398262,209332,0,586594,1
1398312,209339,0,586609,0
1398362,209346,0,586630,1
1398417,209354,0,586656,1
1398468,209366,0,586671,0
1398524,209375,0,586694,1
1398575,209380,0,586710,1
1398627,209388,0,586728,0
1398680,209392,0,586757,1
1398730,209401,0,586778,0
1398780,209407,0,586797,0
1398830,209410,0,586824,0
1398880,209418,0,586841,0
1398932,209430,0,586858,2
1398982,209439,0,586880,1
1399034,209446,0,586900,0
1399085,209453,0,586925,1
1399138,209462,0,586934,1
1399188,209468,0,586962,1
1399238,209480,0,586972,2
1399288,209487,0,586992,2
1399338,209490,0,587013,0
1399390,209499,0,587025,1
1399440,209508,0,587044,0
1399491,209519,0,587064,1
1399541,209525,0,587083,0
1399592,209536,0,587095,2
1399642,209539,0,587132,0
1399692,209542,0,587152,0
1399742,209553,0,587253,1
1399795,209557,0,587286,0
1399846,209562,0,587306,0
1399896,209571,0,587329,0
1399946,209580,0,587354,0
1399997,209590,0,587366,1
1400048,209598,0,587380,2
1400099,209603,0,587406,0
1400150,209613,0,587421,0
1400208,209617,0,587488,1
1400260,209631,0,587499,0
1400315,209639,0,587519,1
1400365,209647,0,587543,1
1400419,209653,0,587563,1
1400471,209666,0,587575,1
1400522,209674,0,587616,0
1400572,209679,0,587647,1
1400622,209688,0,587672,0
1400672,209691,0,587683,0
1400723,209698,0,587699,1
1400776,209707,0,587723,0
1400827,209709,0,587743,0
1400878,209717,0,587760,0
1400931,209728,0,587784,1
1400982,209737,0,587808,0
1401033,209746,0,587831,0
1401083,209752,0,587850,0
1401133,209759,0,587859,1
1401184,209766,0,587881,1
1401234,209775,0,587896,1
1401286,209785,0,587918,1
1401337,209790,0,587945,0
1401389,209798,0,587966,0
1401443,209808,0,587985,0
1401493,209819,0,588006,1
1401544,209825,0,588028,0
1401594,209835,0,588035,2
1401644,209839,0,588052,0
1401695,209842,0,588074,0
1401746,209853,0,588114,1
1401796,209857,0,588134,0
1401846,209862,0,588162,1
1401897,209871,0,588186,1
1401947,209880,0,588193,0
1401998,209890,0,588216,1
1402049,209897,0,588244,1
1402100,209903,0,588265,0
1402151,209913,0,588293,0
1402201,209916,0,588327,0
1402251,209929,0,588336,1
1402302,209938,0,588352,0
1402352,209942,0,588374,1
1402405,209950,0,588391,0
1402455,209961,0,588404,1
1402511,209971,0,588423,1
1402562,209977,0,588450,1
1402615,209988,0,588469,1
1402668,209990,0,588493,1
1402721,209997,0,588511,1
1402771,210007,0,588538,1
1402824,210009,0,588562,0
1402874,210017,0,588576,1
1402924,210025,0,588593,1
1402975,210037,0,588619,1
1403027,210045,0,588647,1
1403080,210051,0,588670,0
1403131,210057,0,588736,2
1403182,210065,0,588760,0
1403233,210071,0,588781,1
1403289,210085,0,588801,1
1403342,210090,0,588825,0
1403396,210098,0,588847,0
1403447,210109,0,588875,1
1403500,210119,0,588882,0
1403552,210126,0,588896,1
1403605,210135,0,588918,1
1403657,210139,0,588942,0
1403707,210144,0,588961,1
1403758,210154,0,588976,0
1403809,210157,0,589007,0
1403859,210163,0,589029,0
1403915,210172,0,589053,1
1403969,210182,0,589068,1
1404020,210194,0,589088,0
1404070,210199,0,589116,0
1404121,210204,0,589140,0
1404172,210215,0,589169,0
1404222,210218,0,589200,1
1404272,210232,0,589214,0
1404322,210238,0,589233,0
1404372,210247,0,589252,1
1404422,210254,0,589279,2
1404475,210263,0,589298,1
1404526,210274,0,589313,1
1404576,210277,0,589348,0
1404626,210288,0,589367,0
1404680,210291,0,589385,0
1404731,210299,0,589393,0
1404782,210307,0,589427,0
1404834,210309,0,589451,0
1404885,210318,0,589472,0
1404938,210328,0,589491,1
1404989,210338,0,589514,1
1405041,210346,0,589534,0
1405091,210352,0,589561,0
1405141,210360,0,589583,1
1405192,210366,0,589609,0
1405243,210372,0,589628,1
1405294,210386,0,589642,1
1405346,210391,0,589675,1
1405396,210398,0,589686,0
1405449,210409,0,589700,1
1405502,210417,0,589719,1
1405556,210426,0,589729,1
1405606,210435,0,589750,1
1405656,210439,0,589783,0
1405708,210442,0,589810,0
1405758,210454,0,589826,0
1405812,210457,0,589853,0
1405862,210464,0,589875,1
1405912,210471,0,589896,0
1405964,210480,0,589913,0
1406016,210493,0,589930,0
1406069,210499,0,589954,0
1406120,210504,0,589981,0
1406171,210515,0,589997,1
1406221,210517,0,590015,0
1406272,210532,0,590029,1
1406323,210538,0,590053,0
1406374,210547,0,590082,1
1406425,210553,0,590095,3
1406476,210563,0,590104,1
1406527,210573,0,590127,1
1406577,210577,0,590152,0
1406629,210588,0,590173,0
1406679,210591,0,590200,0
1406731,210599,0,590215,1
1406781,210606,0,590229,0
1406831,210609,0,590254,0
1406881,210617,0,590277,1
1406931,210624,0,590300,1
1406982,210633,0,590312,1
1407032,210644,0,590329,0
1407084,210652,0,590352,1
1407134,210656,0,590427,1
1407185,210665,0,590449,0
1407235,210669,0,590470,0
1407285,210684,0,590479,0
1407336,210689,0,590516,0
1407388,210698,0,590534,0
1407439,210706,0,590549,0
1407493,210716,0,590563,1
1407544,210725,0,590581,0
1407596,210732,0,590601,1
1407648,210739,0,590636,0
1407699,210742,0,590657,0
1407749,210753,0,590680,2
1407802,210757,0,590701,0
1407853,210761,0,590730,0
1407904,210769,0,590749,0
1407955,210780,0,590770,0
1408006,210791,0,590781,1
1408056,210797,0,590803,0
1408108,210803,0,590822,0
1408158,210814,0,590853,3
1408208,210816,0,590882,0
1408258,210826,0,590906,1
1408308,210838,0,590925,0
1408358,210842,0,590946,1
1408408,210848,0,590977,0
1408460,210861,0,590991,0
1408510,210869,0,591008,2
1408560,210876,0,591029,0
1408612,210885,0,591042,0
1408662,210889,0,591066,0
1408716,210892,0,591096,0
1408766,210905,0,591114,1
1408816,210908,0,591131,1
1408867,210914,0,591151,1
1408919,210922,0,591169,1
1408969,210930,0,591179,0
1409020,210943,0,591195,1
1409078,210950,0,591215,1
1409128,210955,0,591238,1
1409178,210965,0,591256,0
1409233,210968,0,591281,1
1409283,210984,0,591303,2
1409335,210989,0,591325,0
1409387,210998,0,591354,1
1409438,211004,0,591376,2
1409489,211014,0,591396,0
1409540,211025,0,591412,1
1409590,211029,0,591441,0
1409640,211038,0,591470,0
1409693,211041,0,591487,1
1409746,211050,0,591499,0
1409799,211057,0,591522,0
1409853,211060,0,591550,1
1409906,211069,0,591568,0
1409956,211077,0,591595,1
1410008,211089,0,591612,1
1410058,211097,0,591630,0
1410111,211103,0,591645,0
1410164,211114,0,591659,1
1410216,211117,0,591689,1
1410267,211127,0,591704,0
1410318,211138,0,591709,0
1410371,211144,0,591735,1
1410422,211149,0,591752,1
1410472,211162,0,591759,0
1410522,211170,0,591769,0
1410572,211176,0,591795,0
1410622,211186,0,591824,1
1410673,211190,0,591842,0
1410723,211193,0,591866,0
1410776,211205,0,591891,1
1410829,211208,0,591906,1
1410887,211215,0,591919,1
1410937,211223,0,591942,1
1410988,211233,0,591965,0
1411038,211245,0,591979,0
1411100,211252,0,591995,1
1411151,211258,0,592011,1
1411202,211266,0,592027,1
1411254,211272,0,592049,1
1411304,211286,0,592112,1
1411354,211291,0,592137,1
1411405,211298,0,592159,0
1411455,211308,0,592171,1
1411512,211317,0,592196,1
1411562,211326,0,592222,0
1411612,211335,0,592253,0
1411663,211339,0,592274,0
1411713,211342,0,592295,0
1411765,211353,0,592320,0
1411815,211357,0,592340,0
1411865,211361,0,592358,0
1411915,211369,0,592371,0
1411965,211379,0,592384,1
1412015,211391,0,592393,1
1412066,211398,0,592409,1
1412116,211404,0,592436,1
1412170,211414,0,592464,0
1412220,211417,0,592482,0
1412270,211427,0,592503,0
1412320,211438,0,592526,0
1412371,211443,0,592546,0
1412421,211448,0,592562,0
1412472,211462,0,592580,1
1412522,211470,0,592599,1
1412576,211476,0,592625,0
1412626,211486,0,592650,0
1412676,211490,0,592667,1
1412727,211493,0,592736,0
1412778,211505,0,592743,1
1412830,211507,0,592776,0
1412886,211513,0,592795,1
1412937,211523,0,592814,1
1412994,211533,0,592831,1
1413044,211545,0,592849,1
1413094,211551,0,592867,0
1413144,211556,0,592885,1
1413194,211565,0,592897,1
1413244,211567,0,592923,0
1413295,211583,0,592938,1
1413348,211589,0,592958,0
1413398,211598,0,592984,0
1413450,211604,0,593009,1
1413500,211616,0,593029,1
1413551,211625,0,593057,1
1413601,211631,0,593076,1
1413652,211639,0,593099,1
1413705,211642,0,593116,1
1413755,211650,0,593132,2
1413806,211657,0,593151,0
1413856,211660,0,593172,1
1413906,211669,0,593195,2
1413960,211677,0,593210,1
1414012,211688,0,593230,1
1414062,211697,0,593251,0
1414116,211704,0,593281,1
1414172,211712,0,593302,1
1414222,211717,0,593328,0
1414272,211727,0,593351,1
1414322,211738,0,593373,0
1414378,211743,0,593398,0
1414429,211749,0,593426,0
1414479,211762,0,593452,0
1414529,211770,0,593472,0
1414580,211777,0,593497,0
1414630,211786,0,593518,0
1414680,211789,0,593541,0
1414730,211794,0,593556,1
1414782,211804,0,593586,0
1414833,211807,0,593616,0
1414884,211812,0,593639,0
1414934,211822,0,593646,1
1414984,211831,0,593661,1
1415035,211843,0,593689,1
1415087,211850,0,593720,1
1415137,211855,0,593737,1
1415189,211864,0,593751,0
1415242,211867,0,593830,0
1415297,211881,0,593846,1
1415347,211889,0,593864,0
1415401,211898,0,593889,0
1415451,211904,0,593909,1
1415501,211916,0,593937,2
1415551,211925,0,593955,1
1415601,211931,0,593980,1
1415658,211939,0,593992,1
1415711,211942,0,594015,1
1415761,211951,0,594034,1
1415812,211957,0,594059,0
1415866,211961,0,594087,1
1415917,211967,0,594113,1
1415970,211978,0,594130,0
1416021,211990,0,594147,1
1416071,211997,0,594158,0
1416124,212004,0,594179,1
1416175,212013,0,594197,2
1416226,212017,0,594228,0
1416276,212027,0,594241,2
1416326,212038,0,594253,0
1416376,212043,0,594286,0
1416428,212049,0,594309,0
1416478,212062,0,594318,2
1416528,212070,0,594329,1
1416581,212077,0,594354,0
1416636,212086,0,594376,0
1416686,212089,0,594401,0
1416738,212096,0,594430,1
1416788,212104,0,594449,0
1416840,212108,0,594470,1
1416891,212115,0,594484,1
1416941,212122,0,594516,1
1416993,212131,0,594534,1
1417044,212144,0,594551,1
1417094,212151,0,594570,1
1417145,212156,0,594590,1
1417197,212164,0,594610,0
1417247,212168,0,594628,1
1417303,212181,0,594642,1
1417354,212190,0,594668,1
1417406,212198,0,594690,0
1417459,212204,0,594707,1
1417509,212215,0,594722,0
1417560,212225,0,594741,0
1417611,212232,0,594750,0
1417661,212239,0,594759,1
1417712,212242,0,594782,1
1417764,212250,0,594805,1
1417823,212257,0,594832,0
1417874,212261,0,594864,0
1417925,212268,0,594889,1
1417977,212279,0,594910,2
1418028,212291,0,594924,1
1418079,212298,0,594935,0
1418129,212304,0,594949,1
1418179,212312,0,594967,1
1418230,212317,0,594990,0
1418280,212325,0,595012,1
1418338,212339,0,595032,1
1418388,212344,0,595052,0
1418441,212350,0,595073,1
1418491,212362,0,595090,0
1418541,212371,0,595107,1
1418594,212378,0,595131,0
1418647,212387,0,595150,1
1418697,212390,0,595169,0
1418747,212396,0,595189,1
1418799,212405,0,595207,1
1418853,212409,0,595235,0
1418903,212415,0,595247,0
1418953,212423,0,595266,0
1419006,212433,0,595282,1
1419056,212445,0,595297,1
1419110,212451,0,595314,0
1419160,212458,0,595328,1
1419215,212466,0,595351,0
1419269,212471,0,595378,1
1419322,212487,0,595394,1
1419375,212493,0,595414,0
1419428,212499,0,595443,1
1419478,212510,0,595474,1
1419534,212517,0,595481,1
1419584,212527,0,595506,1
1419634,212536,0,595530,1
1419684,212539,0,595549,0
1419734,212543,0,595574,0
1419784,212554,0,595594,0
1419834,212557,0,595624,0
1419888,212562,0,595644,1
1419938,212569,0,595659,1
1419988,212580,0,595726,0
1420040,212592,0,595743,0
1420091,212599,0,595768,0
1420141,212605,0,595796,0
1420192,212614,0,595818,0
1420243,212617,0,595845,0
1420295,212629,0,595864,1
1420347,212639,0,595883,0
1420397,212645,0,595900,0
1420447,212651,0,595925,1
1420497,212663,0,595932,0
1420547,212673,0,595948,3
1420601,212679,0,595969,1
1420655,212687,0,595986,1
1420707,212691,0,596024,1
1420758,212698,0,596045,1
1420809,212707,0,596071,1
1420861,212709,0,596100,0
1420915,212716,0,596121,0
1420966,212724,0,596137,0
1421019,212735,0,596146,1
1421071,212747,0,596158,1
1421122,212753,0,596183,1
1421172,212758,0,596203,0
1421222,212766,0,596217,0
1421273,212772,0,596238,1
1421324,212787,0,596251,1
1421375,212792,0,596276,1
1421425,212798,0,596301,0
1421475,212808,0,596322,1
1421527,212816,0,596337,1
1421579,212826,0,596369,0
1421632,212833,0,596382,1
1421683,212839,0,596406,0
1421737,212843,0,596434,0
1421787,212854,0,596446,0
1421841,212857,0,596471,0
1421892,212862,0,596489,0
1421943,212870,0,596501,1
1421994,212880,0,596518,0
1422044,212891,0,596533,1
1422094,212899,0,596556,1
1422145,212905,0,596586,0
1422199,212914,0,596609,0
1422249,212917,0,596629,0
1422300,212929,0,596643,1
1422353,212939,0,596668,0
1422405,212946,0,596686,1
1422455,212950,0,596695,1
1422505,212964,0,596713,1
1422555,212973,0,596737,1
1422605,212980,0,596761,1
1422660,212987,0,596777,1
1422710,212991,0,596793,0
1422761,212997,0,596823,0
1422814,213007,0,596841,1
1422867,213009,0,596862,0
1422921,213016,0,596889,0
1422972,213024,0,596903,0
1423022,213035,0,596915,2
1423073,213047,0,596933,1
1423125,213053,0,596963,1
1423176,213058,0,596982,0
1423226,213066,0,597002,0
1423277,213072,0,597023,1
1423328,213087,0,597046,2
1423378,213092,0,597066,1
1423440,213098,0,597085,0
1423491,213112,0,597094,1
1423543,213117,0,597116,1
1423594,213127,0,597135,0
1423644,213135,0,597156,0
1423695,213139,0,597190,0
1423746,213143,0,597209,0
1423797,213154,0,597230,0
1423849,213157,0,597255,0
1423899,213163,0,597270,0
1423949,213170,0,597292,1
1424000,213181,0,597309,1
1424050,213192,0,597323,0
1424100,213200,0,597353,0
1424150,213205,0,597373,0
1424202,213214,0,597403,0
1424252,213217,0,597424,0
1424302,213230,0,597445,2
1424352,213239,0,597469,0
1424402,213245,0,597493,0
1424453,213249,0,597512,0
1424503,213263,0,597523,0
1424553,213269,0,597542,1
1424605,213279,0,597568,0
1424655,213286,0,597597,0
1424706,213290,0,597625,0
1424761,213296,0,597643,1
1424813,213306,0,597656,1
1424863,213309,0,597682,0
1424913,213316,0,597694,2
1424966,213323,0,597716,0
1425016,213332,0,597734,0
1425066,213345,0,597756,1
1425116,213351,0,597770,0
1425167,213357,0,597793,0
1425218,213366,0,597809,1
1425269,213369,0,597828,0
1425320,213381,0,597834,0
1425370,213390,0,597865,0
1425420,213397,0,597881,1
1425470,213403,0,597906,1
1425520,213415,0,597918,0
1425570,213425,0,597983,2
1425622,213432,0,598008,0
1425674,213439,0,598027,0
1425730,213442,0,598062,1
1425780,213448,0,598089,0
1425834,213457,0,598102,0
1425885,213460,0,598130,1
1425935,213467,0,598147,1
1425986,213477,0,598172,1
1426037,213488,0,598190,1
1426094,213499,0,598210,1
1426147,213505,0,598236,1
1426198,213514,0,598257,2
1426249,213517,0,598280,0
1426302,213528,0,598298,1
1426357,213539,0,598319,0
1426407,213545,0,598351,0
1426457,213550,0,598372,1
1426509,213564,0,598380,1
1426560,213569,0,598402,1
1426610,213580,0,598450,0
1426662,213586,0,598480,0
1426714,213591,0,598507,1
1426764,213596,0,598530,1
1426818,213606,0,598553,1
1426868,213609,0,598571,0
1426918,213616,0,598599,1
1426968,213623,0,598618,0
1427018,213633,0,598637,1
1427068,213645,0,598654,0
1427118,213652,0,598672,1
1427169,213657,0,598694,0
1427224,213666,0,598715,1
1427274,213669,0,598734,0
1427325,213683,0,598744,1
1427376,213690,0,598765,0
1427427,213697,0,598777,1
1427477,213705,0,598804,3
1427527,213715,0,598817,0
1427580,213723,0,598851,1
1427630,213732,0,598870,0
1427681,213739,0,598887,0
1427731,213742,0,598919,1
1427783,213749,0,598938,1
1427833,213757,0,598953,0
1427886,213760,0,598985,1
1427936,213767,0,599017,1
1427989,213777,0,599036,1
1428041,213787,0,599055,1
1428091,213798,0,599072,0
1428141,213804,0,599106,1
1428191,213810,0,599129,1
1428242,213816,0,599151,0
1428294,213824,0,599177,1
1428346,213839,0,599188,1
1428397,213844,0,599217,0
1428447,213848,0,599250,0
1428499,213859,0,599266,0
1428549,213867,0,599283,1
1428601,213877,0,599294,0
1428651,213886,0,599317,2
1428702,213889,0,599345,0
1428752,213893,0,599367,0
1428803,213902,0,599385,1
1428853,213907,0,599402,0
1428908,213914,0,599423,1
1428959,213921,0,599439,1
1429011,213931,0,599466,0
1429068,213944,0,599493,1
1429118,213952,0,599515,1
1429170,213957,0,599539,0
1429220,213965,0,599561,1
1429270,213969,0,599582,1
1429332,213981,0,599603,1
1429382,213990,0,599628,0
1429436,213998,0,599645,0
1429487,214007,0,599663,1
1429537,214016,0,599676,1
1429587,214025,0,599701,2
1429637,214033,0,599706,1
1429687,214039,0,599732,0
1429739,214042,0,599762,0
1429791,214049,0,599779,1
1429843,214057,0,599796,0
1429896,214062,0,599822,1
1429948,214067,0,599850,0
1430000,214078,0,599877,1
1430055,214089,0,599897,1
1430105,214099,0,599920,0
1430159,214105,0,599939,1
1430213,214114,0,599959,0
1430263,214118,0,599984,0
1430318,214129,0,600002,1
1430373,214140,0,600014,1
1430423,214145,0,600027,0
1430479,214153,0,600044,1
1430530,214165,0,600064,0
1430580,214172,0,600083,1
1430630,214181,0,600110,0
1430680,214189,0,600122,1
1430738,214192,0,600145,1
1430788,214198,0,600163,0
1430838,214207,0,600183,0
1430888,214210,0,600207,1
1430938,214216,0,600227,0
1430991,214226,0,600253,1
1431041,214236,0,600267,1
1431091,214248,0,600278,0
1431146,214254,0,600305,1
1431205,214261,0,600332,1
1431255,214267,0,600350,0
1431305,214275,0,600371,1
1431355,214287,0,600382,1
1431405,214294,0,600409,0
1431456,214298,0,600426,0
1431506,214310,0,600449,1
1431569,214318,0,600475,1
1431625,214331,0,600497,1
1431675,214338,0,600520,1
1431729,214341,0,600536,0
1431785,214348,0,600553,1
1431836,214357,0,600561,0
1431890,214360,0,600591,1
1431940,214366,0,600616,0
1431993,214376,0,600691,1
1432043,214387,0,600714,2
1432093,214398,0,600733,0
1432143,214403,0,600755,0
1432193,214409,0,600780,0
1432245,214416,0,600799,0
1432295,214423,0,600819,0
1432347,214432,0,600849,1
1432399,214442,0,600870,1
1432449,214448,0,600894,0
1432501,214458,0,600906,1
1432555,214467,0,600930,0
1432606,214477,0,600951,1
1432656,214485,0,600965,1
1432706,214489,0,600992,0
1432756,214493,0,601019,0
1432806,214499,0,601039,1
1432856,214507,0,601059,0
1432908,214513,0,601088,0
1432958,214520,0,601112,1
1433008,214529,0,601140,1
1433058,214540,0,601156,2
1433118,214550,0,601173,1
1433169,214556,0,601194,1
1433220,214563,0,601213,1
1433271,214568,0,601228,0
1433324,214579,0,601292,1
1433374,214590,0,601313,0
1433425,214595,0,601335,0
1433476,214602,0,601398,1
1433527,214615,0,601417,1
1433579,214620,0,601440,1
1433631,214631,0,601446,1
1433686,214639,0,601475,0
1433745,214642,0,601496,1
1433795,214648,0,601517,0
1433850,214657,0,601537,0
1433905,214663,0,601564,1
1433956,214668,0,601590,1
1434007,214676,0,601605,1
1434058,214689,0,601615,1
1434108,214699,0,601634,0
1434161,214705,0,601665,1
1434212,214710,0,601696,0
1434269,214718,0,601720,1
1434320,214728,0,601741,0
1434370,214739,0,601758,0
1434422,214745,0,601770,0
1434473,214751,0,601793,1
1434523,214763,0,601804,1
1434576,214769,0,601826,1
1434628,214780,0,601836,1
1434680,214789,0,601859,1
1434730,214791,0,601882,0
1434781,214797,0,601898,1
1434831,214806,0,601918,1
1434883,214809,0,601944,0
1434933,214816,0,601960,1
1434984,214825,0,601975,1
1435035,214834,0,602000,0
1435086,214844,0,602016,1
1435138,214852,0,602040,0
1435190,214859,0,602068,1
1435244,214866,0,602089,0
1435294,214872,0,602113,1
1435347,214881,0,602135,1
1435400,214890,0,602156,0
1435451,214898,0,602176,0
1435501,214908,0,602190,2
1435554,214917,0,602214,1
1435610,214926,0,602234,0
1435660,214934,0,602246,0
1435711,214939,0,602276,0
1435761,214943,0,602299,0
1435813,214949,0,602323,1
1435865,214957,0,602350,0
1435915,214963,0,602374,0
1435965,214969,0,602393,1
1436017,214978,0,602413,1
1436067,214990,0,602431,0
1436122,215000,0,602439,1
1436172,215006,0,602457,1
1436222,215012,0,602481,1
1436272,215018,0,602506,0
1436324,215028,0,602527,0
1436374,215039,0,602544,0
1436424,215045,0,602566,0
1436476,215051,0,602587,1
1436527,215064,0,602600,1
1436583,215069,0,602622,1
1436633,215081,0,602642,1
1436683,215089,0,602653,1
1436733,215091,0,602678,1
1436783,215097,0,602693,1
1436833,215106,0,602716,1
1436883,215109,0,602735,0
1436933,215115,0,602762,1
1436983,215124,0,602789,3
1437033,215134,0,602859,1
1437084,215142,0,602880,1
1437134,215151,0,602895,0
1437185,215158,0,602915,1
1437237,215166,0,602944,0
1437287,215170,0,603019,1
1437340,215179,0,603035,0
1437390,215190,0,603044,0
1437440,215197,0,603068,1
1437492,215202,0,603101,0
1437542,215215,0,603118,0
1437593,215222,0,603137,1
1437645,215231,0,603163,0
1437699,215239,0,603177,0
1437752,215242,0,603201,1
1437802,215248,0,603222,0
1437853,215257,0,603241,0
1437903,215261,0,603265,0
1437953,215267,0,603286,0
1438004,215275,0,603308,0
1438054,215286,0,603320,0
1438104,215298,0,603335,1
1438154,215304,0,603367,0
1438204,215310,0,603390,1
1438256,215316,0,603422,0
1438307,215324,0,603436,1
1438362,215332,0,603451,1
1438412,215344,0,603469,2
1438466,215349,0,603506,1
1438517,215361,0,603524,1
1438569,215367,0,603545,0
1438622,215378,0,603569,1
1438672,215385,0,603597,0
1438727,215390,0,603618,1
1438778,215396,0,603646,1
1438832,215404,0,603664,1
1438886,215409,0,603679,1
1438942,215416,0,603750,1
1438992,215425,0,603770,0
1439043,215434,0,603790,0
1439093,215444,0,603812,1
1439147,215453,0,603830,1
1439199,215459,0,603849,0
1439249,215466,0,603871,0
1439300,215472,0,603901,0
1439355,215481,0,603922,1
1439405,215491,0,603942,1
1439457,215498,0,603962,0
1439507,215506,0,603986,0
1439564,215517,0,604012,1
1439614,215526,0,604035,0
1439664,215534,0,604045,0
1439714,215539,0,604064,0
1439764,215543,0,604092,0
1439814,215548,0,604115,0
1439864,215557,0,604132,0
1439914,215563,0,604156,0
1439964,215568,0,604178,0
1440016,215576,0,604206,1
1440066,215588,0,604218,0
1440116,215599,0,604236,1
1440167,215605,0,604251,0
1440218,215610,0,604273,0
1440273,215617,0,604288,0
1440327,215626,0,604304,1
1440377,215638,0,604314,3
1440427,215645,0,604337,0
1440478,215650,0,604358,1
1440528,215664,0,604372,1
1440578,215667,0,604398,0
1440632,215679,0,604420,1
1440683,215688,0,604443,1
1440733,215690,0,604473,0
1440783,215696,0,604504,0
1440835,215703,0,604525,1
1440885,215708,0,604559,0
1440937,215715,0,604576,1
1440987,215722,0,604593,1
1441037,215731,0,604612,1
1441088,215741,0,604627,0
1441140,215752,0,604647,1
1441195,215758,0,604671,1
1441245,215765,0,604707,1
1441296,215769,0,604729,1
1441346,215780,0,604747,1
1441400,215790,0,604777,0
1441450,215797,0,604798,1
1441509,215803,0,604822,1
1441564,215816,0,604830,0
1441614,215826,0,604854,0
1441664,215834,0,604874,2
1441715,215839,0,604902,0
1441765,215843,0,604920,1
1441815,215848,0,604940,0
1441865,215857,0,604960,0
1441915,215863,0,604978,0
1441966,215868,0,604998,0
1442018,215876,0,605026,1
1442070,215888,0,605045,1
1442120,215899,0,605066,1
1442171,215905,0,605084,0
1442221,215911,0,605109,1
1442273,215917,0,605128,0
1442325,215925,0,605150,0
1442382,215934,0,605161,1
1442433,215945,0,605187,0
1442483,215950,0,605204,0
1442535,215961,0,605216,1
1442587,215968,0,605230,1
1442637,215979,0,605252,0
1442687,215988,0,605267,1
1442737,215990,0,605292,0
1442789,215996,0,605317,0
1442839,216003,0,605343,2
1442890,216009,0,605368,0
1442940,216015,0,605384,1
1442990,216024,0,605412,3
1443046,216030,0,605438,1
1443097,216043,0,605451,1
1443148,216052,0,605465,0
1443198,216058,0,605483,1
1443250,216065,0,605513,2
1443300,216069,0,605544,1
1443350,216080,0,605551,1
1443400,216090,0,605569,0
1443450,216096,0,605590,0
1443500,216102,0,605601,1
1443557,216115,0,605630,1
1443608,216123,0,605653,1
1443660,216132,0,605665,1
1443711,216139,0,605687,0
1443761,216142,0,605713,0
1443812,216148,0,605730,0
1443869,216157,0,605743,0
1443922,216163,0,605762,0
1443972,216169,0,605781,1
1444024,216177,0,605801,1
1444074,216188,0,605819,1
1444124,216199,0,605832,1
1444176,216205,0,605847,0
1444229,216211,0,605869,0
1444279,216217,0,605882,0
1444330,216225,0,605896,0
1444383,216234,0,605914,1
1444433,216245,0,605934,0
1444488,216250,0,605961,1
1444538,216261,0,605971,1
1444588,216268,0,605982,1
1444639,216279,0,606002,2
1444691,216288,0,606023,1
1444741,216290,0,606042,0
1444792,216297,0,606068,1
1444842,216302,0,606095,2
1444896,216309,0,606121,0
1444948,216316,0,606134,1
1445001,216325,0,606152,0
1445052,216329,0,606167,0
1445102,216343,0,606182,1
1445152,216353,0,606192,0
1445205,216359,0,606219,1
1445256,216365,0,606241,1
1445306,216370,0,606256,1
1445356,216380,0,606268,0
1445410,216390,0,606287,1
1445461,216398,0,606304,1
1445513,216403,0,606331,1
1445564,216415,0,606354,1
1445620,216424,0,606374,1
1445671,216434,0,606400,1
1445721,216439,0,606419,0
1445772,216443,0,606439,1
1445823,216448,0,606472,0
1445873,216457,0,606483,0
1445928,216463,0,606503,0
1445979,216469,0,606516,0
1446034,216478,0,606543,0
1446085,216490,0,606572,0
1446135,216499,0,606598,0
1446185,216506,0,606613,0
1446236,216511,0,606638,0
1446286,216518,0,606658,1
1446336,216526,0,606677,1
1446387,216533,0,606691,1
1446438,216545,0,606707,0
1446488,216549,0,606722,0
1446538,216560,0,606739,1
1446588,216568,0,606757,1
1446643,216578,0,606775,1
1446694,216588,0,606784,1
1446744,216590,0,606814,0
1446800,216597,0,606842,1
1446851,216603,0,606866,0
1446902,216610,0,606883,1
1446952,216615,0,606900,0
1447003,216623,0,606924,1
1447053,216630,0,606940,1
1447106,216644,0,606950,1
1447156,216653,0,606966,1
1447212,216659,0,606983,1
1447262,216665,0,607008,0
1447313,216670,0,607033,0
1447363,216680,0,607053,0
1447413,216690,0,607077,1
1447463,216697,0,607098,0
1447514,216703,0,607115,1
1447564,216715,0,607133,1
1447615,216722,0,607154,1
1447668,216732,0,607170,1
1447718,216739,0,607186,0
1447768,216741,0,607210,0
1447818,216748,0,607242,0
1447868,216755,0,607257,1
1447918,216761,0,607283,1
1447970,216768,0,607302,1
1448022,216775,0,607321,0
1448072,216785,0,607335,2
1448122,216795,0,607351,0
1448172,216804,0,607371,0
1448222,216811,0,607386,1
1448272,216816,0,607415,0
1448328,216821,0,607429,1
1448380,216831,0,607448,0
1448431,216845,0,607465,1
1448485,216849,0,607484,0
1448540,216859,0,607500,1
1448590,216868,0,607528,1
1448641,216877,0,607547,0
1448695,216885,0,607562,1
1448745,216890,0,607596,0
1448798,216896,0,607619,0
1448853,216902,0,607642,1
1448904,216910,0,607658,1
1448955,216915,0,607689,0
1449005,216924,0,607704,2
1449056,216930,0,607715,0
1449106,216943,0,607724,1
1449164,216953,0,607741,1
1449214,216959,0,607757,1
1449266,216965,0,607774,0
1449316,216970,0,607787,0
1449366,216981,0,607810,1
1449416,216990,0,607822,3
1449466,216997,0,607841,0
1449517,217003,0,607866,0
1449569,217015,0,607876,1
1449619,217022,0,607894,0
1449669,217032,0,607917,1
1449719,217039,0,607942,0
1449769,217041,0,607970,0
1449821,217048,0,607988,0
1449871,217054,0,608006,0
1449922,217061,0,608015,1
1449974,217068,0,608031,0
1450025,217075,0,608054,0
1450075,217085,0,608069,3
1450125,217095,0,608090,0
1450175,217104,0,608115,1
1450226,217111,0,608144,0
1450278,217116,0,608160,0
1450328,217121,0,608188,1
1450380,217131,0,608202,0
1450432,217143,0,608226,0
1450482,217149,0,608255,0
1450540,217155,0,608286,1
1450590,217167,0,608304,0
1450643,217177,0,608333,0
1450704,217185,0,608348,1
1450754,217190,0,608365,0
1450806,217196,0,608388,0
1450857,217203,0,608412,1
1450907,217210,0,608484,1
1450957,217215,0,608501,1
1451007,217222,0,608520,1
1451058,217230,0,608543,0
1451108,217243,0,608562,2
1451158,217251,0,608592,1
1451211,217258,0,608615,1
1451264,217264,0,608629,1
1451318,217269,0,608655,1
1451369,217280,0,608673,0
1451419,217291,0,608701,3
1451472,217298,0,608722,1
1451522,217303,0,608746,0
1451573,217315,0,608759,1
1451625,217323,0,608775,1
1451676,217332,0,608794,1
1451729,217339,0,608813,0
1451780,217343,0,608832,1
1451832,217348,0,608856,0
1451882,217354,0,608876,0
1451939,217362,0,608895,1
1451989,217369,0,608914,1
1452042,217377,0,608927,1
1452095,217387,0,608949,1
1452146,217398,0,608976,1
1452196,217406,0,609004,0
1452248,217411,0,609022,0
1452298,217418,0,609046,0
1452348,217426,0,609053,3
1452400,217432,0,609081,1
1452450,217446,0,609104,1
1452500,217451,0,609134,1
1452552,217457,0,609152,0
1452605,217469,0,609175,1
1452656,217479,0,609202,1
1452708,217485,0,609231,1
1452760,217490,0,609257,0
1452813,217497,0,609278,1
1452863,217504,0,609302,0
1452917,217510,0,609328,0
1452968,217517,0,609349,1
1453018,217525,0,609368,1
1453071,217532,0,609385,1
1453121,217545,0,609409,0
1453171,217553,0,609425,1
1453223,217559,0,609446,1
1453273,217565,0,609470,2
1453326,217569,0,609501,1
1453378,217581,0,609518,0
1453428,217590,0,609539,2
1453479,217599,0,609561,1
1453530,217603,0,609584,0
1453583,217617,0,609596,0
1453633,217625,0,609615,1
1453683,217633,0,609629,1
1453733,217639,0,609647,0
1453784,217644,0,609662,1
1453836,217648,0,609686,0
1453886,217655,0,609708,1
1453936,217661,0,609733,0
1453990,217669,0,609742,1
1454043,217677,0,609759,1
1454097,217687,0,609775,1
1454148,217698,0,609789,1
1454199,217706,0,609809,0
1454249,217711,0,609833,0
1454300,217718,0,609854,0
1454350,217724,0,609873,2
1454401,217732,0,609891,1
1454452,217746,0,609899,1
1454503,217750,0,609921,1
1454555,217757,0,609943,0
1454605,217768,0,609962,0
1454656,217777,0,609979,0
1454708,217784,0,610006,0
1454758,217790,0,610019,0
1454808,217795,0,610046,0
1454859,217802,0,610073,1
1454910,217810,0,610096,1
1454961,217814,0,610121,1
1455012,217821,0,610148,0
1455064,217830,0,610164,0
1455114,217843,0,610185,2
1455166,217851,0,610210,1
1455216,217858,0,610230,0
1455270,217863,0,610254,1
1455320,217868,0,610271,0
1455371,217879,0,610289,0
1455421,217887,0,610311,2
1455471,217897,0,610345,1
1455523,217903,0,610361,1
1455574,217912,0,610371,1
1455625,217921,0,610395,0
1455677,217932,0,610415,1
1455728,217936,0,610435,0
1455781,217942,0,610455,1
1455831,217948,0,610486,0
1455882,217954,0,610503,0
1455932,217961,0,610522,1
1455983,217968,0,610552,1
1456033,217974,0,610572,1
1456084,217984,0,610587,1
1456135,217996,0,610603,1
1456185,218004,0,610667,0
1456235,218011,0,610680,1
1456288,218016,0,610707,0
1456338,218021,0,610725,1
1456388,218031,0,610744,0
1456438,218041,0,610761,0
1456488,218049,0,610770,0
1456539,218054,0,610792,0
1456591,218067,0,610812,0
1456648,218075,0,610829,1
1456698,218084,0,610845,0
1456748,218090,0,610862,0
1456804,218095,0,610887,0
1456855,218101,0,610903,0
1456905,218108,0,610918,1
1456957,218113,0,610938,1
1457007,218120,0,610964,0
1457057,218129,0,610983,1
1457110,218139,0,611014,1
1457162,218149,0,611034,0
1457213,218156,0,611060,0
1457265,218162,0,611089,1
1457315,218168,0,611103,0
1457365,218177,0,611123,1
1457416,218184,0,611143,2
1457469,218196,0,611162,0
1457520,218202,0,611185,0
1457570,218209,0,611209,1
1457621,218221,0,611213,1
1457671,218231,0,611230,2
1457724,218235,0,611255,1
1457774,218241,0,611283,0
1457830,218247,0,611317,1
1457880,218254,0,611333,0
1457930,218260,0,611353,0
1457980,218267,0,611375,0
1458032,218273,0,611405,0
1458085,218284,0,611417,1
1458135,218295,0,611429,0
1458185,218304,0,611450,0
1458236,218310,0,611471,2
1458286,218315,0,611494,1
1458336,218320,0,611515,0
1458386,218331,0,611544,0
1458436,218340,0,611556,1
1458488,218349,0,611576,1
1458538,218354,0,611606,0
1458588,218363,0,611632,0
1458638,218372,0,611656,1
1458689,218382,0,611677,0
1458740,218388,0,611694,0
1458790,218394,0,611705,1
1458840,218398,0,611739,0
1458890,218404,0,611761,0
1458944,218411,0,611787,0
1458996,218419,0,611797,1
1459047,218425,0,611825,0
1459099,218436,0,611841,0
1459149,218447,0,611855,0
1459199,218455,0,611878,0
1459249,218461,0,611910,0
1459303,218468,0,611932,1
1459356,218473,0,611955,1
1459409,218482,0,611976,0
1459461,218496,0,611993,1
1459513,218501,0,612014,0
1459566,218507,0,612032,0
1459616,218520,0,612053,0
1459666,218528,0,612073,2
1459717,218534,0,612093,0
1459767,218540,0,612111,0
1459819,218545,0,612132,0
1459870,218551,0,612156,0
1459926,218560,0,612178,1
1459978,218565,0,612209,0
1460031,218573,0,612225,0
1460086,218582,0,612243,0
1460137,218594,0,612261,0
1460191,218605,0,612286,1
1460241,218610,0,612320,1
1460291,218614,0,612391,1
1460343,218621,0,612413,0
1460399,218631,0,612426,0
1460453,218644,0,612446,1
1460504,218649,0,612467,0
1460554,218655,0,612493,0
1460605,218668,0,612506,1
1460658,218675,0,612532,1
1460708,218684,0,612551,0
1460758,218690,0,612566,1
1460812,218695,0,612641,0
1460866,218701,0,612666,0
1460916,218709,0,612694,0
1460966,218714,0,612709,1
1461016,218721,0,612736,0
1461071,218726,0,612753,1
1461122,218738,0,612767,1
1461172,218751,0,612779,1
1461222,218756,0,612807,0
1461272,218763,0,612826,2
1461325,218768,0,612844,0
1461376,218778,0,612863,0
1461428,218787,0,612887,1
1461484,218798,0,612897,1
1461534,218803,0,612922,0
1461585,218812,0,612937,2
1461641,218822,0,612954,1
1461691,218832,0,612972,0
1461743,218838,0,612998,0
1461795,218843,0,613023,1
1461845,218848,0,613045,0
1461897,218855,0,613069,1
1461947,218861,0,613094,0
1461997,218868,0,613117,0
1462050,218875,0,613132,1
1462102,218886,0,613151,1
1462152,218896,0,613177,0
1462203,218906,0,613188,1
1462256,218911,0,613209,1
1462306,218917,0,613235,0
1462357,218923,0,613259,1
1462407,218932,0,613275,1
1462458,218943,0,613295,1
1462510,218950,0,613312,1
1462563,218957,0,613341,1
1462613,218969,0,613358,1
1462665,218976,0,613382,0
1462715,218984,0,613398,0
1462765,218990,0,613417,0
1462818,218995,0,613435,0
1462869,219001,0,613453,0
1462919,219009,0,613483,1
1462971,219013,0,613502,1
1463023,219022,0,613522,1
1463073,219026,0,613552,1
1463127,219038,0,613575,1
1463178,219051,0,613593,1
1463228,219056,0,613615,0
1463279,219063,0,613638,0
1463329,219068,0,613657,0
1463379,219079,0,613681,1
1463429,219087,0,613715,1
1463479,219097,0,613733,0
1463530,219102,0,613750,0
1463582,219108,0,613762,0
1463632,219119,0,613762,2
1463682,219130,0,613772,0
1463733,219135,0,613796,1
1463789,219141,0,613817,1
1463839,219148,0,613842,0
1463889,219154,0,613869,1
1463939,219161,0,613899,1
1463990,219167,0,613925,1
1464042,219173,0,613942,0
1464093,219181,0,613962,1
1464151,219194,0,613977,1
1464204,219205,0,613997,0
1464254,219210,0,614028,1
1464305,219216,0,614050,0
1464356,219222,0,614066,1
1464409,219232,0,614079,1
1464459,219241,0,614096,1
1464511,219249,0,614111,0
1464561,219256,0,614136,0
1464612,219261,0,614157,0
1464663,219275,0,614172,0
1464715,219284,0,614191,0
1464765,219290,0,614210,0
1464816,219295,0,614235,0
1464866,219300,0,614256,0
1464916,219308,0,614278,0
1464971,219313,0,614292,1
1465021,219321,0,614313,0
1465072,219326,0,614342,1
1465122,219337,0,614357,0
1465180,219350,0,614375,1
1465230,219356,0,614411,0
1465282,219362,0,614429,1
1465334,219368,0,614443,0
1465385,219379,0,614453,1
1465440,219386,0,614468,1
1465493,219398,0,614480,1
1465543,219404,0,614509,1
1465593,219409,0,614534,0
1465647,219421,0,614562,1
1465700,219431,0,614585,1
1465751,219438,0,614612,1
1465804,219443,0,614640,1
1465857,219449,0,614667,0
1465907,219456,0,614691,1
1465959,219462,0,614710,1
1466009,219469,0,614730,0
1466059,219475,0,614754,0
1466109,219484,0,614777,1
1466162,219495,0,614797,1
1466212,219506,0,614824,1
1466263,219511,0,614844,0
1466315,219517,0,614859,1
1466368,219524,0,614888,1
1466419,219532,0,614911,0
1466469,219542,0,614924,0
1466525,219550,0,614951,1
1466575,219558,0,614971,1
1466625,219562,0,614998,1
1466675,219577,0,615009,0
1466725,219584,0,615025,0
1466775,219590,0,615053,0
1466825,219595,0,615072,0
1466875,219601,0,615097,0
1466925,219609,0,615116,1
1466975,219613,0,615141,0
1467025,219621,0,615158,0
1467077,219626,0,615179,0
1467127,219637,0,615193,0
1467179,219649,0,615208,0
1467232,219656,0,615234,0
1467284,219662,0,615249,1
1467334,219668,0,615271,0
1467388,219677,0,615291,1
1467438,219684,0,615316,2
1467491,219697,0,615325,1
1467542,219703,0,615350,1
1467596,219709,0,615378,0
1467647,219718,0,615396,1
1467697,219730,0,615408,1
1467755,219737,0,615433,1
1467805,219743,0,615453,2
1467866,219750,0,615472,1
1467917,219758,0,615497,1
1467969,219762,0,615521,0
1468020,219771,0,615532,0
1468070,219775,0,615559,0
1468121,219787,0,615573,0
1468171,219797,0,615636,1
1468221,219806,0,615658,0
1468271,219811,0,615674,0
1468324,219818,0,615692,1
1468375,219824,0,615719,0
1468425,219832,0,615763,0
1468475,219842,0,615798,2
1468525,219850,0,615819,1
1468580,219858,0,615832,1
1468632,219863,0,615858,1
1468682,219878,0,615872,1
1468735,219885,0,615901,1
1468785,219890,0,615926,0
1468836,219895,0,615989,0
1468886,219902,0,616008,0
1468936,219909,0,616032,0
1468990,219914,0,616052,1
1469040,219923,0,616065,0
1469091,219927,0,616090,1
1469143,219941,0,616107,1
1469193,219953,0,616121,1
1469245,219956,0,616149,0
1469299,219964,0,616172,1
1469350,219969,0,616199,0
1469402,219980,0,616220,1
1469455,219987,0,616247,0
1469505,219999,0,616257,0
1469557,220005,0,616269,1
1469608,220011,0,616299,1
1469658,220019,0,616317,1
1469708,220034,0,616337,1
1469758,220037,0,616354,1
1469812,220041,0,616378,1
1469862,220049,0,616403,0
1469912,220057,0,616449,1
1469967,220062,0,616488,0
1470018,220070,0,616512,1
1470069,220075,0,616525,0
1470121,220086,0,616533,1
1470171,220095,0,616545,1
1470222,220106,0,616563,0
1470272,220111,0,616594,1
1470322,220117,0,616611,0
1470372,220123,0,616642,0
1470422,220132,0,616657,0
1470472,220140,0,616679,0
1470522,220149,0,616703,0
1470573,220157,0,616727,1
1470623,220161,0,616747,0
1470673,220176,0,616764,3
1470723,220184,0,616777,0
1470774,220190,0,616803,0
1470825,220195,0,616823,1
1470875,220200,0,616844,0
1470929,220209,0,616871,1
1470981,220213,0,616892,0
1471031,220221,0,616912,0
1471083,220226,0,616935,0
1471138,220237,0,616943,1
1471188,220249,0,616962,0
1471238,220256,0,616979,0
1471288,220261,0,616992,0
1471339,220268,0,617008,0
1471391,220276,0,617028,1
1471442,220283,0,617048,1
1471493,220296,0,617063,0
1471543,220301,0,617085,0
1471593,220309,0,617097,1
1471643,220314,0,617122,1
1471695,220328,0,617140,0
1471748,220335,0,617164,0
1471800,220340,0,617191,0
1471850,220346,0,617216,1
1471900,220354,0,617237,1
1471953,220361,0,617262,1
1472003,220365,0,617282,0
1472054,220374,0,617305,0
1472105,220378,0,617332,0
1472156,220393,0,617351,1
1472206,220402,0,617369,0
1472256,220407,0,617400,0
1472308,220414,0,617419,0
1472360,220422,0,617440,0
1472416,220430,0,617456,1
1472466,220438,0,617481,1
1472518,220449,0,617505,0
1472568,220455,0,617531,0
1472619,220461,0,617551,0
1472671,220470,0,617569,1
1472721,220484,0,617585,0
1472771,220490,0,617609,1
1472821,220494,0,617642,3
1472874,220500,0,617661,1
1472926,220508,0,617682,0
1472980,220513,0,617706,0
1473030,220521,0,617727,1
1473081,220526,0,617753,1
1473131,220533,0,617777,0
1473183,220548,0,617791,1
1473238,220556,0,617819,0
1473288,220561,0,617847,0
1473338,220568,0,617875,0
1473389,220575,0,617898,1
1473439,220582,0,617914,0
1473492,220595,0,617932,1
1473545,220601,0,617951,0
1473596,220609,0,617964,0
1473646,220615,0,617990,1
1473696,220628,0,618008,1
1473746,220635,0,618027,0
1473797,220640,0,618046,0
1473850,220646,0,618069,1
1473902,220653,0,618088,1
1473954,220661,0,618103,1
1474006,220666,0,618130,1
1474057,220674,0,618149,0
1474107,220678,0,618173,0
1474157,220691,0,618189,1
1474207,220702,0,618211,0
1474259,220707,0,618236,0
1474309,220714,0,618265,1
1474360,220721,0,618293,0
1474410,220726,0,618311,0
1474461,220737,0,618326,1
1474520,220749,0,618335,0
1474570,220755,0,618360,0
1474621,220761,0,618387,0
1474671,220770,0,618404,1
1474721,220784,0,618415,1
1474775,220790,0,618438,1
1474826,220793,0,618465,1
1474876,220799,0,618484,0
1474926,220805,0,618509,0
1474977,220813,0,618521,0
1475027,220820,0,618547,1
1475084,220826,0,618569,1
1475134,220833,0,618595,0
1475184,220846,0,618607,1
1475234,220856,0,618623,0
1475289,220861,0,618654,0
1475341,220868,0,618664,1
1475395,220874,0,618689,0
1475445,220883,0,618713,1
1475495,220895,0,618732,2
1475545,220901,0,618766,0
1475598,220909,0,618784,1
1475649,220914,0,618803,0
1475701,220927,0,618821,1
1475753,220935,0,618845,0
1475803,220940,0,618872,0
1475853,220946,0,618898,1
1475905,220953,0,618916,1
1475957,220961,0,618943,1
1476008,220966,0,618967,1
1476059,220974,0,618991,0
1476115,220979,0,619013,1
1476165,220992,0,619030,3
1476216,221003,0,619044,0
1476266,221008,0,619058,1
1476317,221014,0,619078,1
1476371,221022,0,619103,0
1476422,221029,0,619120,1
1476474,221039,0,619144,1
1476526,221049,0,619157,0
1476577,221055,0,619180,0
1476628,221061,0,619209,0
1476679,221071,0,619223,1
1476730,221084,0,619244,0
1476781,221090,0,619273,0
1476831,221094,0,619295,1
1476881,221099,0,619331,0
1476931,221106,0,619353,0
1476984,221113,0,619425,0
1477034,221121,0,619450,1
1477084,221125,0,619476,0
1477134,221133,0,619494,0
1477184,221145,0,619504,1
1477235,221156,0,619525,0
1477289,221161,0,619540,0
1477341,221167,0,619567,0
1477392,221174,0,619584,0
1477444,221182,0,619601,0
1477494,221193,0,619618,1
1477548,221201,0,619640,0
1477598,221208,0,619661,0
1477654,221214,0,619683,1
1477704,221227,0,619702,1
1477757,221236,0,619717,1
1477807,221240,0,619748,0
1477858,221246,0,619766,1
1477908,221254,0,619786,2
1477959,221261,0,619810,1
1478015,221266,0,619833,1
1478065,221274,0,619850,0
1478115,221279,0,619876,1
1478165,221289,0,619890,2
1478218,221301,0,619911,1
1478268,221307,0,619930,0
1478318,221314,0,619957,2
1478368,221322,0,619976,1
1478418,221327,0,620005,0
1478468,221337,0,620020,1
1478521,221349,0,620042,0
1478571,221354,0,620071,0
1478623,221361,0,620104,0
1478673,221369,0,620129,1
1478726,221382,0,620140,1
1478777,221390,0,620158,1
1478829,221392,0,620175,1
1478879,221399,0,620202,0
1478933,221406,0,620226,1
1478983,221413,0,620252,0
1479033,221420,0,620265,0
1479085,221425,0,620285,0
1479137,221433,0,620305,0
1479187,221445,0,620324,1
1479237,221456,0,620333,0
1479289,221461,0,620351,1
1479340,221467,0,620368,0
1479391,221474,0,620398,0
1479442,221482,0,620419,1
1479495,221492,0,620441,1
1479545,221501,0,620456,0
1479595,221507,0,620478,0
1479648,221513,0,620505,1
1479701,221525,0,620521,1
1479754,221535,0,620540,0
1479805,221540,0,620576,0
1479855,221545,0,620604,0
1479905,221552,0,620620,1
1479958,221560,0,620644,0
1480008,221564,0,620662,0
1480060,221573,0,620675,1
1480110,221577,0,620695,0
1480160,221586,0,620718,0
1480211,221600,0,620728,1
1480262,221607,0,620745,0
1480313,221611,0,620770,0
1480363,221621,0,620795,1
1480413,221626,0,620820,0
1480466,221635,0,620840,1
1480517,221646,0,620847,1
1480568,221654,0,620874,1
1480619,221661,0,620891,0
1480670,221664,0,620915,1
1480720,221679,0,620927,0
1480771,221687,0,620955,0
1480821,221690,0,620972,0
1480871,221697,0,621000,0
1480921,221704,0,621026,0
1480972,221712,0,621051,0
1481023,221717,0,621088,1
1481074,221724,0,621115,0
1481125,221730,0,621130,1
1481177,221740,0,621152,1
1481227,221753,0,621169,0
1481280,221758,0,621194,1
1481330,221763,0,621215,1
1481381,221773,0,621237,1
1481431,221779,0,621257,1
1481481,221789,0,621273,0
1481531,221799,0,621289,0
1481581,221805,0,621306,0
1481632,221811,0,621329,0
1481682,221817,0,621342,2
1481734,221833,0,621402,1
1481784,221840,0,621416,1
1481836,221842,0,621442,0
1481888,221849,0,621469,0
1481938,221857,0,621496,1
1481988,221863,0,621525,0
1482040,221871,0,621550,1
1482093,221875,0,621586,0
1482143,221883,0,621605,0
1482196,221895,0,621629,1
1482250,221906,0,621644,0
1482300,221911,0,621670,0
1482350,221918,0,621693,1
1482402,221924,0,621724,0
1482457,221933,0,621745,1
1482510,221943,0,621757,1
1482560,221951,0,621773,0
1482610,221959,0,621797,1
1482660,221963,0,621820,0
1482710,221976,0,621840,0
1482760,221986,0,621853,1
1482812,221990,0,621883,0
1482863,221996,0,621908,1
1482915,222003,0,621922,1
1482965,222010,0,621945,0
1483015,222014,0,621966,0
1483068,222023,0,621988,1
1483120,222027,0,622007,0
1483171,222037,0,622024,1
1483221,222050,0,622031,0
1483276,222057,0,622052,0
1483332,222062,0,622082,1
1483383,222073,0,622100,1
1483433,222079,0,622111,1
1483483,222089,0,622134,1
1483533,222097,0,622151,1
1483584,222105,0,622176,0
1483635,222111,0,622196,0
1483690,222116,0,622219,1
1483741,222133,0,622223,0
1483793,222140,0,622242,0
1483843,222144,0,622264,1
1483893,222149,0,622283,0
1483943,222157,0,622302,1
1483993,222163,0,622322,0
1484044,222170,0,622348,0
1484096,222175,0,622368,0
1484146,222183,0,622395,1
1484198,222193,0,622408,1
1484250,222206,0,622414,1
1484300,222211,0,622433,0
1484350,222218,0,622460,1
1484401,222224,0,622485,0
1484454,222232,0,622505,0
1484504,222242,0,622516,0
1484554,222251,0,622535,1
1484604,222258,0,622555,0
1484654,222262,0,622579,0
1484708,222273,0,622591,1
1484758,222285,0,622607,0
1484809,222290,0,622627,0
1484862,222295,0,622644,0
1484912,222302,0,622670,1
1484963,222310,0,622695,0
1485013,222314,0,622718,0
1485069,222323,0,622750,1
1485119,222327,0,622783,0
1485173,222336,0,622800,1
1485225,222350,0,622814,0
1485275,222357,0,622846,0
1485326,222361,0,622879,0
1485376,222371,0,622902,0
1485427,222377,0,622928,0
1485477,222385,0,622943,0
1485527,222395,0,622957,0
1485582,222403,0,622977,1
1485635,222411,0,622993,0
1485685,222415,0,623001,1
1485736,222431,0,623019,1
1485786,222438,0,623034,1
1485839,222441,0,623060,1
1485889,222449,0,623081,1
1485940,222456,0,623106,1
1485990,222463,0,623132,0
1486041,222470,0,623157,1
1486094,222475,0,623178,1
1486144,222481,0,623197,1
1486195,222492,0,623219,1
1486247,222504,0,623241,1
1486297,222510,0,623263,0
1486347,222517,0,623284,1
1486397,222524,0,623307,1
1486447,222530,0,623335,0
1486497,222540,0,623357,1
1486549,222549,0,623376,0
1486603,222558,0,623397,1
1486653,222562,0,623419,0
1486704,222568,0,623444,1
1486756,222584,0,623453,1
1486808,222590,0,623463,0
1486861,222595,0,623486,0
1486912,222601,0,623511,0
1486962,222610,0,623534,2
1487013,222614,0,623555,1
1487063,222622,0,623571,0
1487115,222627,0,623595,1
1487168,222635,0,623618,0
1487218,222647,0,623633,2
1487268,222657,0,623659,1
1487318,222661,0,623677,0
1487368,222670,0,623698,0
1487418,222675,0,623725,1
1487470,222683,0,623751,0
1487520,222694,0,623766,1
1487571,222701,0,623789,0
1487621,222710,0,623803,1
1487671,222713,0,623825,0
1487721,222724,0,623840,1
1487776,222737,0,623862,1
1487827,222740,0,623882,0
1487877,222746,0,623955,0
1487927,222753,0,623970,1
1487981,222762,0,623997,1
1488033,222767,0,624020,0
1488083,222774,0,624041,0
1488133,222778,0,624071,1
1488184,222787,0,624085,1
1488234,222800,0,624106,1
1488287,222808,0,624135,1
1488337,222812,0,624167,1
1488387,222823,0,624192,1
1488438,222828,0,624217,0
1488489,222836,0,624238,1
1488539,222847,0,624260,1
1488589,222855,0,624284,0
1488639,222861,0,624297,0
1488689,222865,0,624326,1
1488739,222878,0,624342,0
1488789,222888,0,624358,1
1488839,222890,0,624388,0
1488889,222899,0,624403,1
1488939,222905,0,624427,0
1488989,222913,0,624454,1
1489039,222917,0,624478,0
1489089,222924,0,624498,0
1489144,222930,0,624519,0
1489195,222941,0,624538,0
1489250,222953,0,624554,1
1489304,222960,0,624582,1
1489358,222968,0,624604,1
1489408,222974,0,624624,0
1489461,222981,0,624648,0
1489514,222992,0,624672,1
1489565,223001,0,624740,0
1489615,223008,0,624764,0
1489667,223013,0,624785,0
1489717,223018,0,624800,0
1489771,223035,0,624804,0
1489823,223040,0,624826,0
1489873,223046,0,624838,0
1489923,223052,0,624863,1
1489974,223060,0,624931,0
1490032,223066,0,624948,1
1490082,223073,0,624975,0
1490133,223077,0,625000,0
1490184,223086,0,625069,1
1490235,223098,0,625089,1
1490285,223107,0,625119,0
1490335,223111,0,625147,0
1490386,223122,0,625163,1
1490437,223127,0,625190,0
1490488,223135,0,625210,0
1490538,223146,0,625277,1
1490588,223153,0,625307,0
1490647,223161,0,625332,0
1490701,223166,0,625352,1
1490753,223181,0,625366,1
1490803,223189,0,625386,0
1490854,223192,0,625415,1
1490905,223199,0,625430,0
1490957,223206,0,625447,0
1491010,223213,0,625468,0
1491060,223221,0,625483,1
1491111,223226,0,625506,0
1491161,223234,0,625531,1
1491211,223243,0,625547,0
1491261,223256,0,625555,0
1491312,223261,0,625579,0
1491363,223268,0,625600,1
1491415,223274,0,625615,0
1491465,223282,0,625642,1
1491516,223292,0,625655,0
1491566,223300,0,625671,1
1491619,223308,0,625692,0
1491669,223313,0,625718,0
1491719,223318,0,625738,1
1491769,223335,0,625755,0
1491820,223340,0,625785,0
1491872,223346,0,625806,0
1491922,223351,0,625828,1
1491975,223360,0,625845,0
1492026,223365,0,625869,2
1492077,223373,0,625881,1
1492127,223377,0,625905,0
1492177,223385,0,625921,0
1492233,223395,0,625933,1
1492284,223407,0,625937,0
1492335,223411,0,625961,0
1492385,223421,0,626032,1
1492438,223427,0,626061,1
1492489,223435,0,626075,0
1492542,223446,0,626098,1
1492592,223454,0,626128,1
1492644,223461,0,626150,0
1492694,223465,0,626168,2
1492746,223475,0,626192,1
1492804,223489,0,626212,1
1492854,223491,0,626242,0
1492904,223499,0,626257,0
1492956,223506,0,626284,0
1493007,223513,0,626313,0
1493059,223519,0,626332,1
1493110,223526,0,626356,1
1493160,223533,0,626379,0
1493213,223543,0,626395,0
1493265,223555,0,626418,0
1493315,223561,0,626436,1
1493369,223568,0,626462,0
1493419,223574,0,626492,0
1493469,223582,0,626508,1
1493519,223592,0,626523,0
1493569,223600,0,626550,0
1493619,223608,0,626575,0
1493671,223612,0,626611,0
1493721,223618,0,626627,1
1493771,223635,0,626633,1
1493821,223640,0,626660,0
1493871,223645,0,626685,1
1493921,223651,0,626708,1
1493971,223658,0,626734,1
1494021,223663,0,626758,0
1494071,223672,0,626768,0
1494121,223676,0,626793,0
1494171,223685,0,626809,0
1494222,223694,0,626829,0
1494272,223706,0,626851,0
1494322,223711,0,626874,0
1494372,223719,0,626894,1
1494422,223724,0,626907,0
1494474,223732,0,626922,0
1494524,223743,0,626935,1
1494574,223751,0,626950,1
1494624,223758,0,626975,0
1494674,223763,0,627001,1
1494724,223768,0,627029,0
1494776,223785,0,627044,1
1494826,223790,0,627063,0
1494876,223796,0,627090,0
1494926,223801,0,627115,0
1494976,223807,0,627129,1
1495026,223814,0,627143,1
1495077,223822,0,627168,0
1495127,223827,0,627189,0
1495181,223835,0,627216,0
1495234,223844,0,627225,0
1495285,223857,0,627245,0
1495335,223861,0,627267,0
1495385,223870,0,627277,1
1495440,223877,0,627297,1
1495495,223886,0,627317,1
1495545,223895,0,627340,0
1495596,223904,0,627359,1
1495648,223911,0,627383,0
1495698,223915,0,627412,0
1495750,223924,0,627435,1
1495801,223938,0,627446,0
1495851,223940,0,627475,0
1495901,223948,0,627497,1
1495952,223956,0,627528,1
1496002,223963,0,627559,0
1496052,223968,0,627581,2
1496102,223974,0,627605,1
1496153,223981,0,627631,1
1496204,223988,0,627649,1
1496256,224002,0,627678,0
1496306,224009,0,627695,1
1496360,224014,0,627730,1
1496410,224022,0,627748,0
1496460,224029,0,627771,1
1496511,224039,0,627781,1
1496562,224049,0,627791,1
1496612,224057,0,627815,0
1496669,224062,0,627834,0
1496722,224068,0,627860,1
1496772,224082,0,627868,1
1496823,224090,0,627884,0
1496877,224093,0,627910,1
1496927,224101,0,627930,0
1496977,224106,0,627946,0
1497027,224114,0,627962,1
1497077,224122,0,627984,0
1497127,224127,0,628012,0
1497177,224135,0,628030,0
1497230,224144,0,628051,1
1497280,224156,0,628071,0
1497332,224161,0,628096,0
1497383,224169,0,628113,0
1497434,224176,0,628136,1
1497485,224183,0,628158,1
1497535,224193,0,628174,0
1497585,224202,0,628206,0
1497635,224210,0,628235,1
1497685,224213,0,628263,0
1497735,224220,0,628294,2
1497786,224235,0,628312,1
1497843,224240,0,628336,0
1497894,224247,0,628355,0
1497944,224255,0,628378,1
1497996,224261,0,628402,1
1498046,224266,0,628421,2
1498098,224273,0,628439,0
1498149,224279,0,628461,0
1498199,224286,0,628485,0
1498252,224299,0,628497,1
1498303,224308,0,628513,1
1498354,224313,0,628541,0
1498405,224322,0,628562,0
1498455,224328,0,628585,1
1498505,224337,0,628611,0
1498555,224347,0,628635,1
1498605,224356,0,628651,1
1498658,224361,0,628679,0
1498709,224365,0,628701,0
1498759,224375,0,628720,0
1498813,224389,0,628736,1
1498863,224391,0,628763,1
1498913,224399,0,628786,0
1498963,224406,0,628806,0
1499016,224413,0,628830,0
1499066,224419,0,628853,1
1499121,224426,0,628881,0
1499172,224433,0,628903,1
1499223,224440,0,628922,1
1499273,224456,0,628934,1
1499325,224461,0,628960,0
1499382,224466,0,628987,1
1499432,224475,0,629003,1
1499489,224483,0,629031,1
1499542,224493,0,629050,0
1499592,224502,0,629065,0
1499647,224511,0,629091,1
1499697,224514,0,629116,1
1499747,224522,0,629131,1
1499797,224538,0,629148,3
1499847,224540,0,629168,0
1499897,224544,0,629205,1
1499947,224554,0,629232,0
1499997,224560,0,629249,2
1500049,224566,0,629263,1
1500099,224573,0,629292,0
1500152,224579,0,629316,0
1500204,224586,0,629342,0
1500256,224599,0,629360,1
1500306,224608,0,629379,1
1500356,224613,0,629396,1
1500410,224622,0,629412,0
1500463,224629,0,629440,1
1500513,224637,0,629454,0
1500568,224648,0,629475,1
1500619,224657,0,629499,0
1500669,224662,0,629516,0
1500724,224667,0,629534,1
1500774,224677,0,629547,1
1500824,224690,0,629568,0
1500874,224692,0,629592,0
1500925,224700,0,629613,0
1500977,224706,0,629627,0
1501027,224713,0,629643,0
1501078,224722,0,629656,2
1501128,224727,0,629678,1
1501178,224735,0,629700,1
1501230,224740,0,629723,0
1501282,224756,0,629743,0
1501333,224761,0,629769,0
1501384,224766,0,629789,1
1501434,224776,0,629813,1
1501484,224782,0,629839,0
1501534,224793,0,629855,0
1501584,224802,0,629868,1
1501634,224808,0,629889,0
1501685,224813,0,629911,0
1501736,224817,0,629930,0
1501787,224830,0,629946,0
1501838,224840,0,629969,0
1501889,224842,0,629992,0
1501940,224852,0,630019,1
1501990,224857,0,630040,1
1502040,224864,0,630050,0
1502091,224873,0,630072,1
1502143,224877,0,630110,0
1502195,224885,0,630128,0
1502246,224894,0,630146,1
1502298,224907,0,630161,0
1502348,224911,0,630200,0
1502400,224919,0,630215,1
1502451,224927,0,630240,0
1502502,224935,0,630269,0
1502552,224945,0,630282,1
1502602,224954,0,630304,2
1502654,224961,0,630324,1
1502704,224964,0,630349,0
1502754,224970,0,630371,1
1502804,224984,0,630388,1
1502854,224990,0,630407,0
1502904,224995,0,630438,1
1502958,225005,0,630450,0
1503011,225009,0,630474,1
1503062,225018,0,630489,1
1503112,225024,0,630511,1
1503162,225030,0,630530,0
1503214,225037,0,630554,1
1503266,225049,0,630569,1
1503316,225059,0,630588,0
1503366,225063,0,630618,1
1503417,225072,0,630637,0
1503467,225079,0,630664,0
1503518,225087,0,630676,0
1503570,225097,0,630689,1
1503621,225107,0,630712,0
1503671,225112,0,630737,1
1503721,225116,0,630754,0
1503772,225126,0,630767,0
1503822,225139,0,630789,0
1503872,225141,0,630825,1
1503922,225150,0,630832,1
1503972,225156,0,630852,0
1504022,225163,0,630873,0
1504073,225168,0,630892,0
1504123,225176,0,630914,0
1504175,225182,0,630940,1
1504225,225190,0,630952,1
1504275,225202,0,630966,0
1504328,225210,0,630987,0
1504378,225215,0,631014,0
1504428,225224,0,631033,0
1504479,225231,0,631055,0
1504529,225240,0,631075,2
1504587,225250,0,631095,1
1504638,225258,0,631107,0
1504688,225263,0,631129,1
1504739,225267,0,631152,0
1504791,225280,0,631168,1
1504842,225290,0,631188,0
1504897,225292,0,631210,0
1504947,225302,0,631230,1
1504997,225307,0,631245,0
1505048,225314,0,631271,0
1505099,225323,0,631284,0
1505149,225328,0,631304,0
1505199,225335,0,631322,0
1505250,225343,0,631343,1
1505304,225357,0,631367,0
1505357,225361,0,631391,0
1505411,225371,0,631419,1
1505467,225379,0,631445,1
1505517,225387,0,631469,0
1505568,225396,0,631492,0
1505623,225407,0,631505,1
1505676,225412,0,631527,0
1505728,225416,0,631641,0
1505778,225426,0,631668,0
1505834,225440,0,631688,1
1505884,225441,0,631718,0
1505937,225451,0,631743,0
1505987,225456,0,631767,0
1506039,225464,0,631782,1
1506090,225473,0,631804,3
1506141,225477,0,631825,0
1506192,225484,0,631846,1
1506242,225491,0,631859,1
1506294,225506,0,631871,1
1506344,225511,0,631895,0
1506397,225517,0,631917,1
1506448,225526,0,631938,0
1506502,225533,0,631953,1
1506555,225545,0,631968,1
1506607,225553,0,631997,1
1506657,225560,0,632017,0
1506707,225564,0,632045,0
1506758,225569,0,632061,0
1506811,225584,0,632086,1
1506864,225590,0,632107,0
1506915,225595,0,632138,1
1506969,225606,0,632149,1
1507020,225611,0,632171,0
1507071,225618,0,632197,1
1507121,225626,0,632216,1
1507173,225630,0,632275,0
1507226,225637,0,632295,1
1507276,225651,0,632305,2
1507328,225659,0,632326,0
1507378,225665,0,632346,1
1507429,225674,0,632366,1
1507479,225679,0,632380,1
1507530,225689,0,632406,1
1507580,225699,0,632425,1
1507630,225707,0,632439,0
1507684,225712,0,632463,0
1507734,225717,0,632492,1
1507785,225727,0,632511,1
1507835,225739,0,632524,0
1507886,225741,0,632550,0
1507937,225750,0,632571,1
1507988,225756,0,632588,0
1508039,225763,0,632608,0
1508089,225770,0,632626,1
1508140,225777,0,632648,1
1508190,225783,0,632666,0
1508241,225790,0,632690,0
1508292,225804,0,632707,0
1508344,225810,0,632730,1
1508395,225816,0,632747,0
1508445,225825,0,632761,1
1508495,225832,0,632789,0
1508547,225843,0,632810,1
1508598,225852,0,632827,2
1508650,225858,0,632849,0
1508701,225862,0,632871,0
1508751,225869,0,632895,0
1508802,225881,0,632909,0
1508852,225890,0,632934,0
1508902,225892,0,632959,0
1508952,225902,0,632978,1
1509002,225907,0,632997,1
1509057,225915,0,633021,1
1509108,225923,0,633036,0
1509158,225929,0,633060,1
1509208,225935,0,633083,0
1509258,225944,0,633106,1
1509308,225957,0,633173,2
1509358,225961,0,633188,0
1509409,225969,0,633203,1
1509459,225976,0,633225,0
1509509,225983,0,633250,1
1509561,225995,0,633260,1
1509612,226003,0,633279,1
1509664,226010,0,633301,1
1509714,226014,0,633323,1
1509765,226020,0,633345,1
1509815,226035,0,633365,0
1509865,226040,0,633393,0
1509917,226045,0,633420,1
1509968,226055,0,633436,0
1510018,226059,0,633458,1
1510071,226067,0,633483,0
1510125,226075,0,633506,1
1510176,226080,0,633533,0
1510227,226086,0,633555,0
1510278,226098,0,633561,1
1510328,226109,0,633569,0
1510378,226114,0,633593,1
1510428,226123,0,633604,0
1510478,226128,0,633633,0
1510530,226136,0,633653,0
1510582,226148,0,633672,1
1510632,226157,0,633694,0
1510683,226162,0,633713,0
1510734,226166,0,633745,0
1510784,226174,0,633759,1
1510840,226190,0,633769,1
1510890,226192,0,633808,0
1510943,226200,0,633827,1
1510993,226206,0,633854,0
1511043,226214,0,633873,1
1511093,226218,0,633899,0
1511143,226226,0,633925,0
1511197,226233,0,633951,0
1511254,226241,0,633977,1
1511304,226254,0,633998,0
1511354,226260,0,634013,0
1511404,226267,0,634035,1
1511454,226276,0,634056,2
1511507,226282,0,634080,0
1511558,226293,0,634103,0
1511611,226302,0,634116,1
1511664,226309,0,634136,1
1511715,226313,0,634155,1
1511766,226320,0,634180,1
1511817,226333,0,634197,1
1511874,226340,0,634228,0
1511925,226345,0,634257,0
1511976,226356,0,634282,0
1512026,226359,0,634305,0
1512078,226368,0,634327,1
1512128,226375,0,634348,1
1512178,226380,0,634369,0
1512229,226386,0,634390,0
1512282,226397,0,634412,1
1512333,226409,0,634433,0
1512383,226414,0,634453,1
1512434,226423,0,634469,0
1512484,226429,0,634495,1
1512536,226436,0,634519,1
1512586,226448,0,634534,1
1512638,226457,0,634554,0
1512689,226462,0,634578,0
1512739,226466,0,634608,0
1512789,226475,0,634623,0
1512839,226489,0,634639,1
1512893,226492,0,634668,1
1512943,226500,0,634694,3
1512993,226506,0,634717,0
1513043,226512,0,634734,1
1513093,226518,0,634753,0
1513144,226526,0,634764,0
1513196,226531,0,634798,0
1513246,226540,0,634823,1
1513299,226548,0,634840,1
1513349,226560,0,634848,1
1513402,226566,0,634876,0
1513453,226575,0,634900,1
1513503,226582,0,634929,0
1513553,226592,0,634940,1
1513604,226601,0,634957,1
1513655,226608,0,634977,0
1513705,226612,0,634999,0
1513758,226619,0,635024,0
1513811,226631,0,635034,1
1513861,226640,0,635054,0
1513912,226643,0,635078,1
1513962,226652,0,635095,1
1514012,226657,0,635114,0
1514066,226666,0,635130,1
1514117,226672,0,635146,0
1514171,226679,0,635158,0
1514221,226685,0,635180,0
1514282,226693,0,635196,1
1514333,226707,0,635209,1
1514384,226714,0,635234,2
1514435,226724,0,635258,1
1514487,226729,0,635274,1
1514537,226735,0,635291,1
1514587,226748,0,635311,1
1514637,226756,0,635334,1
1514687,226762,0,635363,1
1514737,226766,0,635393,0
1514787,226774,0,635412,1
1514837,226787,0,635422,0
1514887,226791,0,635447,0
1514937,226797,0,635468,1
1514987,226806,0,635487,0
1515039,226810,0,635504,1
1515089,226817,0,635521,0
1515140,226825,0,635541,1
1515193,226831,0,635560,1
1515245,226838,0,635577,1
1515295,226847,0,635594,0
1515350,226859,0,635618,0
1515401,226866,0,635636,0
1515451,226874,0,635654,0
1515506,226882,0,635679,0
1515556,226893,0,635710,0
1515609,226901,0,635725,1
1515660,226908,0,635748,0
1515713,226912,0,635771,0
1515765,226919,0,635789,0
1515819,226932,0,635801,1
1515870,226940,0,635832,0
1515922,226944,0,635859,0
1515973,226954,0,635878,0
1516026,226958,0,635898,0
1516078,226967,0,635916,1
1516128,226973,0,635934,0
1516178,226980,0,636003,0
1516228,226986,0,636033,0
1516278,226992,0,636056,0
1516329,227003,0,636069,1
1516379,227011,0,636088,0
1516432,227022,0,636112,1
1516482,227027,0,636132,0
1516536,227034,0,636146,0
1516587,227046,0,636178,1
1516642,227056,0,636188,1
1516693,227062,0,636212,0
1516749,227067,0,636233,1
1516800,227075,0,636256,1
1516850,227089,0,636269,3
1516907,227091,0,636289,0
1516957,227100,0,636303,1
1517007,227106,0,636334,0
1517061,227113,0,636356,1
1517118,227120,0,636367,1
1517170,227129,0,636380,1
1517220,227135,0,636406,0
1517272,227142,0,636428,0
1517324,227151,0,636444,1
1517374,227161,0,636463,0
1517424,227171,0,636482,1
1517474,227177,0,636504,1
1517524,227182,0,636530,0
1517575,227195,0,636542,1
1517630,227204,0,636558,1
1517686,227211,0,636579,1
1517736,227216,0,636604,2
1517790,227224,0,636624,1
1517841,227235,0,636648,0
1517894,227241,0,636682,0
1517946,227248,0,636710,1
1517997,227256,0,636739,0
1518048,227261,0,636767,1
1518098,227267,0,636787,0
1518148,227276,0,636816,1
1518198,227281,0,636839,1
1518254,227288,0,636855,1
1518306,227298,0,636883,1
1518356,227310,0,636912,0
1518407,227316,0,636931,0
1518457,227325,0,636957,1
1518507,227332,0,636981,0
1518560,227339,0,637012,1
1518610,227350,0,637019,1
1518662,227358,0,637032,0
1518712,227362,0,637055,0
1518763,227369,0,637082,0
1518813,227375,0,637101,1
1518863,227390,0,637117,0
1518914,227392,0,637146,1
1518965,227401,0,637156,1
1519016,227406,0,637189,0
1519066,227413,0,637214,0
1519118,227420,0,637240,1
1519168,227428,0,637254,0
1519218,227435,0,637284,1
1519268,227442,0,637312,0
1519318,227449,0,637340,1
1519372,227461,0,637366,1
1519423,227469,0,637380,1
1519474,227477,0,637403,1
1519525,227482,0,637427,0
1519576,227493,0,637438,2
1519628,227503,0,637463,0
1519679,227510,0,637483,0
1519729,227513,0,637499,0
1519780,227520,0,637517,1
1519830,227533,0,637529,2
1519881,227540,0,637559,0
1519933,227545,0,637581,1
1519983,227555,0,637597,1
1520035,227559,0,637622,1
1520086,227566,0,637638,1
1520145,227574,0,637665,1
1520196,227580,0,637688,0
1520252,227587,0,637709,0
1520302,227597,0,637726,0
1520353,227608,0,637736,0
1520404,227614,0,637765,0
1520454,227624,0,637783,0
1520504,227632,0,637801,0
1520556,227638,0,637825,2
1520607,227649,0,637838,1
1520657,227658,0,637858,1
1520708,227662,0,637888,0
1520758,227668,0,637906,1
1520808,227674,0,637934,0
1520860,227687,0,637945,1
1520911,227691,0,637976,0
1520962,227700,0,637990,3
1521014,227706,0,638010,0
1521064,227712,0,638024,0
1521114,227718,0,638047,0
1521166,227728,0,638064,0
1521220,227733,0,638082,1
1521270,227740,0,638102,2
1521321,227748,0,638126,0
1521371,227760,0,638142,0
1521422,227768,0,638162,1
1521472,227776,0,638187,1
1521522,227782,0,638212,0
1521572,227791,0,638233,1
1521625,227802,0,638254,1
1521676,227810,0,638274,1
1521726,227813,0,638304,0
1521778,227819,0,638321,0
1521828,227826,0,638340,1
1521878,227840,0,638370,0
1521928,227843,0,638393,1
1521979,227854,0,638411,0
1522029,227858,0,638440,1
1522081,227864,0,638455,1
1522132,227870,0,638472,1
1522189,227880,0,638489,0
1522239,227886,0,638511,0
1522292,227892,0,638536,0
1522347,227903,0,638557,1
1522400,227913,0,638573,1
1522451,227924,0,638590,0
1522501,227930,0,638614,0
1522554,227934,0,638643,1
1522609,227949,0,638649,1
1522662,227958,0,638677,1
1522714,227962,0,638708,0
1522765,227969,0,638741,1
1522815,227974,0,638772,0
1522866,227989,0,638782,1
1522917,227991,0,638811,0
1522967,228000,0,638828,2
1523017,228006,0,638848,0
1523073,228013,0,638867,1
1523123,228019,0,638882,1
1523175,228029,0,638899,1
1523226,228033,0,638926,1
1523276,228042,0,638934,1
1523326,228048,0,638959,0
1523380,228060,0,638976,1
1523430,228069,0,639042,0
1523481,228076,0,639069,0
1523531,228082,0,639098,0
1523581,228091,0,639124,0
1523633,228103,0,639135,1
1523683,228110,0,639150,0
1523733,228113,0,639188,0
1523783,228120,0,639208,1
1523834,228127,0,639237,0
1523885,228140,0,639247,0
1523935,228143,0,639272,1
1523987,228155,0,639289,1
1524038,228158,0,639314,1
1524088,228165,0,639340,0
1524139,228170,0,639361,1
1524189,228180,0,639383,0
1524241,228186,0,639406,0
1524293,228192,0,639436,0
1524344,228202,0,639455,0
1524394,228212,0,639468,1
1524446,228223,0,639476,1
1524496,228228,0,639501,1
1524546,228232,0,639532,0
1524603,228245,0,639544,1
1524653,228256,0,639560,1
1524703,228262,0,639629,0
1524754,228266,0,639658,1
1524804,228274,0,639678,1
1524857,228284,0,639699,1
1524912,228291,0,639720,0
1524962,228297,0,639748,0
1525015,228306,0,639764,0
1525065,228312,0,639788,0
1525120,228318,0,639818,0
1525170,228328,0,639837,1
1525222,228332,0,639872,0
1525272,228339,0,639895,1
1525327,228348,0,639937,0
1525382,228358,0,639967,1
1525434,228368,0,639985,1
1525484,228376,0,640009,0
1525536,228382,0,640018,0
1525597,228390,0,640038,1
1525648,228403,0,640049,0
1525698,228412,0,640064,1
1525748,228414,0,640093,0
1525799,228421,0,640126,0
1525854,228431,0,640149,1
1525905,228441,0,640168,0
1525955,228446,0,640193,0
1526007,228456,0,640211,1
1526057,228461,0,640231,1
1526107,228467,0,640253,0
1526159,228474,0,640280,0
1526214,228482,0,640297,1
1526265,228488,0,640315,1
1526315,228497,0,640340,0
1526365,228503,0,640362,0
1526416,228513,0,640378,1
1526467,228524,0,640398,0
1526517,228531,0,640415,0
1526567,228535,0,640440,0
1526621,228547,0,640459,1
1526671,228558,0,640477,0
1526728,228562,0,640508,0
1526780,228569,0,640521,0
1526830,228576,0,640547,1
1526881,228589,0,640566,0
1526936,228593,0,640626,1
1526986,228603,0,640649,3
1527041,228608,0,640681,1
1527091,228615,0,640701,0
1527142,228620,0,640729,1
1527193,228630,0,640740,1
1527244,228636,0,640763,0
1527296,228642,0,640788,0
1527352,228652,0,640804,1
1527402,228662,0,640825,0
1527453,228674,0,640842,1
1527510,228678,0,640873,1
1527561,228683,0,640890,1
1527613,228696,0,640904,1
1527663,228708,0,640920,1
1527714,228712,0,640946,0
1527764,228717,0,640976,1
1527817,228724,0,640997,0
1527870,228734,0,641014,1
1527920,228741,0,641041,0
1527971,228747,0,641059,0
1528021,228756,0,641074,0
1528073,228762,0,641092,0
1528123,228768,0,641112,0
1528173,228778,0,641142,2
1528223,228782,0,641169,0
1528274,228789,0,641188,1
1528326,228798,0,641207,1
1528376,228806,0,641225,1
1528433,228816,0,641238,1
1528485,228826,0,641259,1
1528538,228832,0,641282,0
1528588,228836,0,641301,1
1528638,228850,0,641317,1
1528688,228860,0,641328,0
1528740,228863,0,641363,0
1528791,228870,0,641434,1
1528850,228879,0,641457,1
1528901,228891,0,641466,1
1528951,228895,0,641491,0
1529001,228905,0,641517,1
1529051,228909,0,641531,0
1529102,228917,0,641557,1
1529152,228921,0,641575,2
1529202,228930,0,641594,0
1529252,228937,0,641623,1
1529303,228943,0,641645,1
1529353,228952,0,641660,1
1529403,228961,0,641686,1
1529453,228971,0,641695,1
1529506,228977,0,641715,0
1529556,228982,0,641734,0
1529611,228993,0,641755,1
1529661,229006,0,641777,1
1529712,229012,0,641792,1
1529763,229015,0,641811,1
1529814,229024,0,641826,0
1529866,229032,0,641857,1
1529916,229041,0,641874,0
1529967,229047,0,641897,0
1530017,229056,0,641919,0
1530070,229062,0,641943,0
1530120,229068,0,641963,1
1530170,229075,0,641990,1
1530221,229082,0,642007,1
1530274,229088,0,642028,0
1530324,229097,0,642054,0
1530378,229104,0,642071,1
1530432,229114,0,642090,1
1530483,229125,0,642104,1
1530533,229132,0,642137,0
1530583,229135,0,642164,0
1530636,229149,0,642189,1
1530686,229159,0,642206,0
1530737,229163,0,642229,0
1530787,229169,0,642253,0
1530838,229177,0,642276,1
1530895,229187,0,642295,1
1530949,229194,0,642311,1
1531002,229203,0,642331,1
1531056,229210,0,642350,1
1531108,229217,0,642379,1
1531160,229220,0,642396,1
1531210,229230,0,642416,0
1531260,229237,0,642438,0
1531311,229244,0,642461,0
1531361,229253,0,642475,1
1531411,229262,0,642490,1
1531463,229273,0,642507,1
1531514,229278,0,642536,0
1531565,229283,0,642556,1
1531619,229294,0,642577,1
1531669,229308,0,642643,1
1531720,229312,0,642670,0
1531774,229317,0,642689,1
1531827,229324,0,642707,0
1531877,229334,0,642721,0
1531928,229341,0,642739,0
1531979,229347,0,642759,0
1532030,229356,0,642775,0
1532082,229362,0,642791,0
1532143,229369,0,642814,0
1532194,229379,0,642830,0
1532245,229386,0,642851,1
1532295,229392,0,642876,0
1532347,229400,0,642893,1
1532400,229407,0,642926,1
1532450,229419,0,642945,1
1532502,229427,0,642964,0
1532554,229432,0,642990,0
1532606,229438,0,643004,1
1532656,229452,0,643022,0
1532708,229461,0,643039,1
1532760,229464,0,643055,0
1532812,229474,0,643080,0
1532865,229481,0,643102,1
1532916,229491,0,643123,2
1532967,229497,0,643146,0
1533017,229506,0,643214,0
1533069,229510,0,643233,0
1533119,229517,0,643265,0
1533169,229521,0,643290,2
1533222,229531,0,643304,1
1533273,229538,0,643325,1
1533323,229546,0,643345,1
1533373,229553,0,643363,0
1533424,229563,0,643376,0
1533475,229574,0,643399,0
1533528,229579,0,643426,1
1533580,229585,0,643449,0
1533632,229597,0,643464,0
1533682,229609,0,643476,1
1533736,229613,0,643502,0
1533787,229619,0,643526,0
1533842,229626,0,643551,1
1533894,229636,0,643573,0
1533944,229642,0,643596,0
1533999,229651,0,643617,1
1534052,229658,0,643636,1
1534103,229665,0,643656,0
1534154,229669,0,643677,0
1534204,229680,0,643696,0
1534254,229686,0,643712,1
1534305,229693,0,643732,1
1534356,229701,0,643754,0
1534406,229707,0,643784,1
1534456,229720,0,643813,1
1534508,229727,0,643833,0
1534561,229732,0,643844,0
1534611,229738,0,643867,0
1534662,229752,0,643887,0
1534713,229761,0,643908,1
1534766,229765,0,643942,1
1534816,229774,0,643964,0
1534866,229781,0,643987,1
1534917,229789,0,644013,1
1534969,229797,0,644035,0
1535020,229805,0,644049,2
1535070,229810,0,644083,0
1535120,229817,0,644101,0
1535173,229821,0,644128,1
1535223,229831,0,644149,1
1535273,229838,0,644166,1
1535326,229845,0,644192,1
1535376,229853,0,644214,0
1535426,229863,0,644240,0
1535476,229874,0,644304,0
1535533,229878,0,644330,1
1535583,229885,0,644353,1
1535635,229897,0,644366,0
1535686,229909,0,644379,1
1535739,229913,0,644399,0
1535790,229919,0,644425,0
1535840,229925,0,644459,0
1535892,229936,0,644478,0
1535943,229942,0,644494,0
1535993,229950,0,644520,1
1536043,229956,0,644540,0
1536094,229963,0,644561,0
1536144,229969,0,644587,0
1536199,229979,0,644611,1
1536252,229985,0,644631,1
1536302,229991,0,644653,1
1536352,230000,0,644669,1
1536407,230007,0,644700,1
1536458,230020,0,644709,1
1536508,230027,0,644725,0
1536560,230032,0,644750,0
1536613,230038,0,644773,0
1536664,230052,0,644786,0
1536719,230061,0,644807,1
1536769,230065,0,644837,1
1536821,230074,0,644866,0
1536871,230081,0,644885,1
1536932,230089,0,644899,1
1536983,230097,0,644916,0
1537036,230106,0,644929,1
1537086,230112,0,644950,0
1537138,230119,0,644983,1
1537189,230126,0,645003,1
1537239,230132,0,645028,0
1537290,230138,0,645047,0
1537340,230147,0,645061,1
1537390,230155,0,645080,1
1537443,230164,0,645100,0
1537493,230175,0,645123,0
1537544,230180,0,645139,1
1537596,230185,0,645161,0
1537648,230198,0,645174,0
1537699,230209,0,645196,0
1537749,230213,0,645218,0
1537804,230220,0,645243,1
1537857,230227,0,645257,0
1537910,230237,0,645282,0
1537961,230246,0,645304,2
1538011,230251,0,645336,0
1538062,230258,0,645357,0
1538113,230267,0,645380,1
1538163,230269,0,645404,0
1538216,230280,0,645420,0
1538268,230287,0,645435,0
1538320,230294,0,645465,0
1538370,230301,0,645483,0
1538421,230310,0,645503,1
1538471,230322,0,645516,1
1538521,230327,0,645540,0
1538572,230332,0,645559,0
1538625,230341,0,645573,1
1538675,230354,0,645595,1
1538725,230361,0,645625,0
1538776,230365,0,645648,0
1538828,230374,0,645670,0
1538878,230382,0,645697,0
1538928,230388,0,645721,0
1538978,230397,0,645747,0
1539028,230404,0,645773,0
1539078,230411,0,645788,1
1539128,230417,0,645807,0
1539178,230421,0,645829,1
1539229,230430,0,645854,0
1539279,230438,0,645869,1
1539329,230444,0,645886,0
1539379,230453,0,645915,1
1539432,230463,0,645942,0
1539483,230473,0,645968,0
1539534,230477,0,645989,0
1539584,230484,0,646017,0
1539637,230494,0,646029,1
1539689,230507,0,646046,1
1539739,230513,0,646067,0
1539789,230518,0,646097,1
1539840,230524,0,646115,0
1539894,230533,0,646128,0
1539944,230540,0,646153,1
1539994,230549,0,646174,1
1540045,230556,0,646246,0
1540098,230563,0,646269,1
1540148,230569,0,646288,0
1540200,230577,0,646310,1
1540251,230583,0,646335,1
1540304,230589,0,646360,1
1540355,230600,0,646370,1
1540407,230606,0,646443,0
1540457,230618,0,646456,1
1540512,230627,0,646480,0
1540562,230632,0,646509,0
1540612,230637,0,646532,0
1540662,230651,0,646539,2
1540717,230660,0,646560,0
1540768,230664,0,646580,0
1540818,230671,0,646595,1
1540868,230679,0,646620,2
1540920,230687,0,646641,0
1540970,230696,0,646658,1
1541020,230702,0,646676,1
1541071,230709,0,646703,0
1541122,230717,0,646721,1
1541174,230719,0,646746,0
1541224,230730,0,646766,0
1541282,230738,0,646781,1
1541332,230744,0,646801,0
1541382,230753,0,646832,0
1541432,230759,0,646850,1
1541482,230773,0,646866,2
1541532,230777,0,646887,0
1541586,230784,0,646906,1
1541636,230790,0,646928,0
1541686,230806,0,646936,1
1541737,230813,0,646961,1
1541788,230816,0,646986,0
1541838,230824,0,647005,0
1541889,230833,0,647023,1
1541943,230839,0,647042,1
1541994,230848,0,647064,0
1542044,230856,0,647089,0
1542094,230862,0,647111,1
1542144,230869,0,647128,0
1542195,230874,0,647153,1
1542245,230882,0,647176,0
1542298,230888,0,647205,0
1542348,230898,0,647224,2
1542398,230905,0,647250,0
1542448,230914,0,647271,0
1542498,230925,0,647294,0
1542548,230929,0,647311,1
1542598,230935,0,647336,0
1542648,230943,0,647366,1
1542701,230959,0,647386,0
1542752,230963,0,647412,0
1542803,230967,0,647439,1
1542855,230976,0,647466,1
1542905,230984,0,647482,0
1542956,230991,0,647500,0
1543007,231000,0,647527,0
1543059,231007,0,647549,1
1543109,231014,0,647573,0
1543162,231019,0,647595,0
1543213,231029,0,647613,0
1543265,231036,0,647635,1
1543315,231041,0,647659,0
1543366,231051,0,647684,0
1543416,231056,0,647713,0
1543467,231070,0,647717,1
1543518,231077,0,647747,0
1543574,231082,0,647774,0
1543624,231088,0,647792,1
1543674,231102,0,647804,1
1543725,231111,0,647819,1
1543776,231115,0,647849,1
1543826,231122,0,647869,0
1543882,231131,0,647883,1
1543936,231138,0,647903,0
1543988,231148,0,647914,1
1544038,231155,0,647929,1
1544088,231161,0,647945,1
1544145,231168,0,647961,1
1544196,231172,0,647982,1
1544247,231182,0,647992,0
1544297,231188,0,648010,0
1544352,231196,0,648032,1
1544404,231205,0,648053,0
1544458,231213,0,648067,1
1544508,231226,0,648077,0
1544561,231231,0,648101,1
1544615,231237,0,648123,1
1544666,231243,0,648129,1
1544719,231260,0,648147,0
1544772,231264,0,648171,0
1544823,231271,0,648185,1
1544874,231278,0,648216,1
1544926,231288,0,648280,1
1544977,231293,0,648348,0
1545029,231302,0,648366,1
1545080,231309,0,648387,1
1545130,231317,0,648400,0
1545181,231319,0,648436,0
1545231,231330,0,648448,0
1545281,231337,0,648469,0
1545332,231344,0,648488,1
1545384,231352,0,648509,1
1545434,231358,0,648528,0
1545488,231372,0,648542,1
1545538,231377,0,648559,0
1545589,231384,0,648578,1
1545639,231390,0,648609,0
1545690,231405,0,648623,3
1545744,231413,0,648640,1
1545795,231416,0,648663,0
1545849,231424,0,648679,0
1545900,231434,0,648702,1
1545950,231440,0,648722,1
1546004,231450,0,648737,1
1546054,231456,0,648763,0
1546106,231462,0,648787,0
1546157,231469,0,648809,0
1546210,231472,0,648843,1
1546261,231483,0,648859,1
1546312,231490,0,648878,0
1546363,231498,0,648898,1
1546414,231506,0,648916,0
1546465,231514,0,648938,1
1546517,231527,0,648960,1
1546567,231532,0,648985,2
1546622,231537,0,649002,0
1546672,231546,0,649018,1
1546735,231561,0,649035,1
1546787,231566,0,649064,0
1546847,231574,0,649093,1
1546899,231583,0,649129,0
1546950,231589,0,649150,1
1547002,231599,0,649172,1
1547052,231606,0,649189,0
1547102,231612,0,649213,0
1547156,231619,0,649231,1
1547206,231621,0,649260,0
1547257,231632,0,649271,0
1547308,231639,0,649300,1
1547360,231646,0,649335,1
1547410,231655,0,649352,0
1547463,231663,0,649383,0
1547519,231677,0,649398,1
1547569,231681,0,649417,1
1547622,231687,0,649435,0
1547675,231695,0,649452,1
1547726,231710,0,649462,0
1547776,231714,0,649496,0
1547829,231721,0,649518,1
1547879,231729,0,649537,2
1547932,231738,0,649556,1
1547982,231744,0,649581,0
1548033,231751,0,649604,1
1548090,231759,0,649627,1
1548143,231767,0,649657,0
1548193,231771,0,649684,0
1548245,231780,0,649705,0
1548299,231788,0,649725,0
1548357,231795,0,649737,1
1548408,231805,0,649747,0
1548458,231812,0,649770,0
1548509,231825,0,649781,0
1548560,231830,0,649815,1
1548613,231835,0,649839,0
1548666,231842,0,649869,0
1548716,231860,0,649877,2
1548766,231864,0,649901,1
1548817,231867,0,649928,1
1548868,231876,0,649948,0
1548918,231884,0,649974,0
1548968,231892,0,649992,1
1549019,231900,0,650017,0
1549069,231907,0,650031,1
1549120,231915,0,650045,1
1549170,231919,0,650065,0
1549220,231925,0,650087,1
1549270,231936,0,650103,2
1549321,231939,0,650129,1
1549371,231948,0,650144,0
1549422,231956,0,650162,0
1549472,231964,0,650182,0
1549522,231977,0,650201,1
1549572,231981,0,650224,1
1549623,231986,0,650251,1
1549673,231994,0,650269,0
1549725,232010,0,650280,0
1549777,232014,0,650308,0
1549827,232020,0,650334,1
1549882,232027,0,650354,1
1549932,232037,0,650372,0
1549984,232044,0,650387,1
1550034,232050,0,650411,0
1550084,232058,0,650435,0
1550136,232067,0,650462,1
1550186,232069,0,650486,0
1550240,232080,0,650500,0
1550295,232087,0,650522,1
1550345,232094,0,650550,0
1550395,232104,0,650569,2
1550445,232108,0,650596,0
1550499,232122,0,650608,0
1550550,232128,0,650641,0
1550601,232135,0,650662,1
1550653,232141,0,650681,1
1550705,232155,0,650696,1
1550755,232163,0,650716,1
1550805,232166,0,650733,0
1550855,232174,0,650758,1
1550910,232184,0,650778,0
1550960,232191,0,650798,2
1551011,232199,0,650810,1
1551061,232206,0,650838,0
1551111,232212,0,650859,0
1551166,232219,0,650889,0
1551216,232223,0,650913,0
1551267,232233,0,650937,1
1551326,232239,0,650970,1
1551377,232248,0,650994,1
1551427,232256,0,651019,0
1551480,232267,0,651037,2
1551530,232277,0,651050,0
1551583,232282,0,651072,1
1551634,232287,0,651098,0
1551684,232295,0,651116,1
1551735,232310,0,651129,0
1551787,232315,0,651142,0
1551838,232322,0,651173,2
1551889,232328,0,651199,1
1551942,232338,0,651220,1
1551994,232345,0,651238,1
1552044,232350,0,651269,0
1552097,232360,0,651290,1
1552149,232367,0,651308,0
1552199,232371,0,651328,1
1552249,232380,0,651349,0
1552301,232388,0,651363,0
1552351,232394,0,651386,0
1552401,232403,0,651404,1
1552452,232410,0,651429,1
1552506,232423,0,651450,1
1552562,232429,0,651472,1
1552612,232435,0,651492,0
1552662,232442,0,651509,1
1552712,232456,0,651519,1
1552763,232463,0,651544,1
1552813,232466,0,651575,0
1552868,232475,0,651598,1
1552919,232484,0,651612,0
1552969,232491,0,651642,0
1553019,232500,0,651663,0
1553070,232507,0,651682,1
1553122,232513,0,651703,1
1553178,232519,0,651726,0
1553228,232526,0,651754,1
1553279,232536,0,651778,0
1553331,232540,0,651802,1
1553383,232548,0,651815,1
1553433,232556,0,651828,0
1553483,232567,0,651843,1
1553533,232577,0,651865,0
1553585,232582,0,651884,1
1553639,232587,0,651910,1
1553698,232597,0,651926,1
1553749,232610,0,651948,0
1553800,232616,0,651970,1
1553851,232622,0,651989,1
1553901,232632,0,652017,2
1553952,232638,0,652046,0
1554002,232647,0,652068,2
1554055,232652,0,652082,1
1554107,232662,0,652105,1
1554161,232668,0,652129,1
1554212,232671,0,652153,0
1554263,232682,0,652169,0
1554313,232688,0,652193,0
1554364,232695,0,652208,0
1554414,232704,0,652231,0
1554465,232713,0,652241,1
1554515,232725,0,652255,1
1554566,232729,0,652275,1
1554618,232735,0,652298,0
1554669,232742,0,652315,0
1554721,232758,0,652336,1
1554772,232763,0,652356,0
1554829,232768,0,652375,1
1554882,232776,0,652399,0
1554933,232784,0,652420,0
1554983,232792,0,652440,1
1555037,232800,0,652466,0
1555088,232808,0,652495,0
1555138,232816,0,652508,0
1555188,232819,0,652538,0
1555240,232828,0,652547,1
1555291,232836,0,652571,0
1555342,232840,0,652594,0
1555392,232850,0,652604,1
1555442,232856,0,652638,0
1555495,232867,0,652648,1
1555548,232877,0,652666,0
1555599,232883,0,652681,0
1555649,232888,0,652715,1
1555703,232897,0,652736,1
1555754,232911,0,652754,0
1555806,232916,0,652783,0
1555860,232922,0,652804,1
1555911,232931,0,652813,1
1555961,232939,0,652834,1
1556011,232947,0,652857,0
1556063,232954,0,652875,1
1556114,232962,0,652899,0
1556165,232969,0,652923,1
1556222,232972,0,652946,1
1556272,232982,0,652968,0
1556323,232988,0,652986,0
1556373,232995,0,653010,0
1556424,233005,0,653022,1
1556475,233013,0,653042,0
1556525,233026,0,653053,0
1556581,233030,0,653082,0
1556637,233036,0,653096,1
1556693,233045,0,653111,1
1556744,233060,0,653116,2
1556796,233065,0,653129,0
1556847,233070,0,653151,0
1556900,233078,0,653173,0
1556951,233088,0,653191,1
1557002,233095,0,653209,1
1557052,233101,0,653239,1
1557105,233110,0,653262,1
1557156,233117,0,653285,0
1557208,233121,0,653306,1
1557258,233130,0,653323,0
1557313,233138,0,653339,0
1557365,233145,0,653362,1
1557415,233154,0,653382,0
1557466,233160,0,653399,1
1557517,233174,0,653409,1
1557569,233178,0,653440,1
1557621,233185,0,653462,0
1557671,233192,0,653484,0
1557721,233203,0,653510,1
1557774,233213,0,653530,1
1557825,233217,0,653609,0
1557876,233226,0,653626,1
1557927,233234,0,653645,0
1557982,233241,0,653658,0
1558032,233250,0,653681,0
1558082,233257,0,653710,0
1558132,233263,0,653735,0
1558192,233269,0,653765,0
1558251,233277,0,653785,1
1558303,233287,0,653807,0
1558358,233292,0,653826,1
1558410,233303,0,653844,1
1558463,233308,0,653862,1
1558514,233319,0,653874,1
1558565,233327,0,653892,0
1558615,233335,0,653907,0
1558667,233341,0,653939,1
1558717,233351,0,653953,1
1558767,233361,0,653975,0
1558820,233367,0,653998,1
1558873,233374,0,654036,1
1558923,233383,0,654050,1
1558975,233391,0,654068,0
1559025,233399,0,654092,1
1559075,233406,0,654122,1
1559125,233412,0,654147,0
1559176,233419,0,654164,0
1559228,233422,0,654186,0
1559281,233433,0,654202,1
1559331,233439,0,654214,1
1559381,233445,0,654225,0
1559431,233455,0,654245,1
1559483,233463,0,654262,0
1559535,233475,0,654273,1
1559586,233480,0,654289,0
1559636,233485,0,654310,0
1559686,233493,0,654328,1
1559737,233505,0,654338,1
1559789,233514,0,654356,1
1559839,233519,0,654386,1
1559889,233526,0,654411,0
1559942,233535,0,654423,1
1559992,233542,0,654439,1
1560042,233550,0,654461,0
1560092,233558,0,654480,0
1560142,233564,0,654502,0
1560193,233569,0,654522,0
1560243,233575,0,654538,1
1560293,233586,0,654559,1
1560344,233589,0,654586,0
1560398,233597,0,654608,1
1560448,233606,0,654628,0
1560498,233614,0,654647,1
1560548,233627,0,654668,2
1560598,233632,0,654690,1
1560648,233637,0,654715,1
1560702,233643,0,654727,1
1560754,233660,0,654734,1
1560805,233665,0,654753,0
1560856,233670,0,654771,1
1560906,233678,0,654788,0
1560956,233686,0,654809,0
1561012,233695,0,654878,1
1561062,233702,0,654908,1
1561116,233710,0,654927,1
1561167,233718,0,654944,0
1561223,233721,0,654958,0
1561274,233730,0,654975,1
1561325,233738,0,654998,0
1561376,233745,0,655020,0
1561428,233754,0,655034,0
1561478,233762,0,655058,1
1561529,233774,0,655080,1
1561579,233779,0,655109,1
1561629,233785,0,655123,0
1561680,233792,0,655150,0
1561730,233803,0,655161,2
1561781,233812,0,655175,0
1561831,233817,0,655199,0
1561883,233825,0,655219,1
1561933,233833,0,655233,0
1561983,233841,0,655251,1
1562034,233850,0,655266,1
1562086,233857,0,655290,0
1562136,233863,0,655309,0
1562188,233869,0,655323,0
1562239,233874,0,655339,1
1562290,233884,0,655363,1
1562340,233889,0,655384,0
1562390,233896,0,655404,0
1562441,233906,0,655419,0
1562492,233913,0,655445,0
1562542,233925,0,655466,0
1562592,233930,0,655488,0
1562644,233936,0,655505,1
1562698,233942,0,655526,0
1562749,233957,0,655545,2
1562800,233965,0,655562,0
1562851,233969,0,655584,0
1562901,233977,0,655599,1
1562951,233986,0,655608,1
1563002,233994,0,655634,1
1563052,234000,0,655654,0
1563104,234009,0,655668,0
1563156,234014,0,655684,1
1563207,234019,0,655705,0
1563259,234027,0,655721,1
1563317,234038,0,655745,1
1563367,234043,0,655759,2
1563417,234050,0,655780,1
1563472,234059,0,655796,1
1563522,234068,0,655821,0
1563572,234077,0,655847,0
1563628,234085,0,655872,0
1563680,234091,0,655894,1
1563730,234100,0,655911,3
1563780,234112,0,655927,1
1563830,234117,0,655955,0
1563883,234125,0,655978,1
1563934,234133,0,655997,0
1563985,234140,0,656017,1
1564036,234149,0,656026,1
1564086,234156,0,656041,1
1564137,234163,0,656071,1
1564187,234169,0,656102,0
1564238,234173,0,656132,1
1564288,234183,0,656153,1
1564339,234189,0,656179,0
1564389,234196,0,656205,1
1564440,234205,0,656225,1
1564490,234213,0,656249,0
1564540,234225,0,656274,3
1564590,234230,0,656295,0
1564640,234235,0,656311,0
1564691,234242,0,656336,0
1564742,234253,0,656364,1
1564794,234264,0,656384,1
1564847,234269,0,656399,0
1564902,234276,0,656425,1
1564952,234285,0,656443,0
1565002,234292,0,656461,1
1565054,234300,0,656484,0
1565105,234309,0,656496,0
1565156,234314,0,656515,1
1565206,234319,0,656537,0
1565256,234326,0,656559,0
1565306,234337,0,656568,1
1565356,234340,0,656596,0
1565406,234347,0,656608,1
1565457,234357,0,656638,0
1565511,234366,0,656664,1
1565564,234377,0,656685,1
1565615,234383,0,656711,0
1565666,234388,0,656731,0
1565718,234395,0,656746,1
1565768,234411,0,656758,1
1565818,234416,0,656776,1
1565869,234420,0,656793,1
1565919,234429,0,656811,0
1565971,234436,0,656835,0
1566027,234445,0,656853,0
1566077,234453,0,656864,1
1566129,234459,0,656890,0
1566183,234469,0,656919,0
1566233,234472,0,656942,1
1566284,234479,0,656982,0
1566334,234488,0,657006,0
1566385,234495,0,657029,2
1566438,234504,0,657053,0
1566489,234513,0,657073,1
1566539,234520,0,657095,0
1566590,234529,0,657112,1
1566642,234535,0,657134,0
1566693,234542,0,657149,1
1566743,234554,0,657162,4
1566794,234563,0,657180,0
1566845,234569,0,657198,2
1566895,234575,0,657213,0
1566952,234585,0,657231,1
1567002,234591,0,657245,0
1567052,234600,0,657253,1
1567102,234608,0,657271,1
1567152,234613,0,657289,0
1567204,234619,0,657321,0
1567254,234625,0,657333,0
1567309,234636,0,657350,1
1567362,234640,0,657373,0
1567421,234649,0,657397,1
1567471,234658,0,657419,1
1567521,234668,0,657439,0
1567571,234677,0,657468,0
1567621,234683,0,657489,0
1567673,234690,0,657556,1
1567729,234695,0,657572,1
1567781,234711,0,657585,0
1567832,234717,0,657608,1
1567882,234723,0,657631,2
1567933,234732,0,657649,1
1567984,234739,0,657667,2
1568034,234745,0,657691,0
1568084,234754,0,657710,1
1568134,234759,0,657738,0
1568186,234769,0,657752,0
1568236,234772,0,657774,0
1568290,234780,0,657799,1
1568341,234788,0,657824,0
1568393,234796,0,657843,1
1568447,234804,0,657863,0
1568498,234813,0,657896,0
1568550,234823,0,657916,1
1568606,234831,0,657933,1
1568657,234837,0,657948,1
1568708,234842,0,657965,0
1568760,234857,0,657993,1
1568812,234865,0,658013,0
1568862,234869,0,658035,0
1568913,234878,0,658056,1
1568963,234886,0,658080,0
1569013,234894,0,658092,0
1569063,234900,0,658169,0
1569113,234909,0,658174,1
1569171,234915,0,658195,1
1569224,234920,0,658218,1
1569280,234928,0,658242,0
1569331,234938,0,658300,0
1569382,234943,0,658324,1
1569432,234950,0,658353,0
1569482,234959,0,658379,0
1569533,234968,0,658389,0
1569586,234978,0,658405,0
1569637,234985,0,658426,0
1569692,234991,0,658450,1
1569742,234999,0,658463,1
1569796,235013,0,658484,0
1569846,235017,0,658511,0
1569897,235025,0,658530,1
1569947,235034,0,658541,1
1569999,235041,0,658568,1
1570049,235047,0,658588,2
1570100,235055,0,658617,1
1570150,235063,0,658648,0
1570201,235069,0,658663,0
1570252,235075,0,658693,0
1570302,235083,0,658726,0
1570352,235089,0,658751,0
1570410,235096,0,658763,0
1570460,235106,0,658772,1
1570514,235115,0,658791,1
1570567,235125,0,658813,1
1570617,235132,0,658838,0
1570667,235138,0,658855,1
1570719,235143,0,658871,1
1570770,235159,0,658883,1
1570820,235166,0,658905,1
1570879,235170,0,658933,1
1570930,235181,0,658953,1
1570981,235187,0,658987,0
1571033,235195,0,659010,0
1571083,235203,0,659024,0
1571137,235210,0,659036,1
1571189,235217,0,659056,1
1571239,235222,0,659082,1
1571290,235229,0,659095,1
1571343,235238,0,659118,0
1571393,235245,0,659136,1
1571443,235250,0,659164,0
1571493,235262,0,659185,0
1571545,235271,0,659207,1
1571595,235279,0,659229,1
1571646,235285,0,659244,0
1571698,235291,0,659264,0
1571748,235297,0,659281,1
1571798,235313,0,659305,0
1571848,235317,0,659335,0
1571901,235325,0,659360,0
1571951,235334,0,659382,1
1572007,235341,0,659401,1
1572059,235348,0,659422,1
1572109,235355,0,659454,0
1572159,235363,0,659481,0
1572216,235369,0,659507,0
1572267,235376,0,659524,0
1572317,235387,0,659542,1
1572367,235390,0,659578,0
1572417,235398,0,659594,0
1572471,235407,0,659615,0
1572522,235417,0,659629,1
1572575,235425,0,659649,1
1572628,235434,0,659671,1
1572679,235440,0,659693,1
1572730,235444,0,659711,0
1572781,235458,0,659720,1
1572831,235466,0,659744,0
1572881,235470,0,659770,0
1572933,235481,0,659786,1
1572983,235487,0,659814,0
1573033,235495,0,659839,0
1573093,235503,0,659907,1
1573144,235510,0,659931,0
1573194,235516,0,659954,0
1573244,235523,0,659976,1
1573299,235530,0,659997,1
1573349,235539,0,660014,0
1573399,235543,0,660043,1
1573450,235551,0,660052,1
1573502,235561,0,660071,1
1573553,235572,0,660091,0
1573603,235580,0,660112,1
1573655,235585,0,660144,0
1573707,235592,0,660163,0
1573758,235599,0,660183,2
1573808,235614,0,660195,1
1573864,235619,0,660213,1
1573914,235626,0,660232,1
1573964,235635,0,660254,1
1574016,235641,0,660279,0
1574067,235650,0,660304,2
1574118,235656,0,660319,1
1574168,235664,0,660330,1
1574221,235669,0,660357,0
1574271,235677,0,660377,1
1574321,235687,0,660412,0
1574374,235690,0,660441,0
1574426,235698,0,660460,0
1574476,235707,0,660472,0
1574530,235718,0,660487,1
1574582,235727,0,660508,2
1574633,235734,0,660532,1
1574683,235740,0,660565,0
1574734,235744,0,660601,0
1574784,235755,0,660616,0
1574835,235766,0,660630,0
1574890,235771,0,660650,1
1574940,235781,0,660666,1
1574995,235788,0,660686,1
1575045,235795,0,660705,0
1575100,235803,0,660733,1
1575157,235811,0,660746,1
1575209,235819,0,660765,0
1575259,235825,0,660780,1
1575310,235833,0,660804,1
1575360,235839,0,660822,0
1575410,235845,0,660840,1
1575460,235853,0,660853,1
1575510,235862,0,660871,2
1575560,235873,0,660883,0
1575617,235881,0,660898,1
1575667,235887,0,660921,0
1575718,235892,0,660938,0
1575768,235901,0,660966,1
1575818,235915,0,660981,0
1575869,235919,0,660999,1
1575920,235926,0,661019,0
1575972,235934,0,661033,1
1576022,235942,0,661050,0
1576073,235950,0,661087,0
1576123,235955,0,661107,0
1576174,235965,0,661121,1
1576224,235969,0,661144,0
1576275,235977,0,661165,1
1576325,235986,0,661190,0
1576377,235990,0,661212,0
1576430,235998,0,661229,1
1576483,236008,0,661253,1
1576536,236018,0,661280,0
1576586,236027,0,661293,0
1576636,236034,0,661327,0
1576686,236040,0,661359,0
1576737,236045,0,661378,1
1576787,236055,0,661438,1
1576838,236066,0,661460,0
1576890,236070,0,661489,0
1576945,236081,0,661511,1
1576999,236088,0,661536,1
1577055,236096,0,661551,1
1577106,236103,0,661574,1
1577163,236111,0,661597,1
1577215,236118,0,661613,0
1577265,236125,0,661637,0
1577315,236134,0,661662,1
1577365,236139,0,661684,0
1577415,236145,0,661703,0
1577467,236153,0,661722,0
1577517,236163,0,661734,1
1577567,236172,0,661753,1
1577617,236181,0,661772,1
1577667,236187,0,661814,1
1577717,236192,0,661832,0
1577771,236199,0,661853,1
1577821,236215,0,661857,1
1577871,236218,0,661879,0
1577921,236226,0,661906,0
1577972,236232,0,661927,0
1578022,236242,0,661945,1
1578075,236250,0,661972,0
1578125,236255,0,662001,0
1578176,236264,0,662016,1
1578227,236269,0,662045,0
1578277,236277,0,662064,1
1578328,236286,0,662087,1
1578379,236290,0,662116,0
1578434,236298,0,662145,1
1578485,236308,0,662172,1
1578536,236318,0,662185,1
1578586,236323,0,662204,0
1578636,236334,0,662220,1
1578686,236340,0,662244,1
1578736,236344,0,662278,1
1578786,236353,0,662302,0
1578838,236366,0,662320,0
1578892,236371,0,662399,1
1578942,236380,0,662413,1
1578992,236387,0,662437,0
1579043,236395,0,662457,0
1579096,236402,0,662475,0
1579146,236409,0,662491,1
1579197,236416,0,662511,0
1579249,236419,0,662538,0
1579302,236429,0,662561,0
1579353,236438,0,662578,0
1579405,236441,0,662605,1
1579455,236451,0,662624,1
1579505,236460,0,662653,1
1579556,236470,0,662669,1
1579609,236478,0,662685,1
1579659,236485,0,662713,0
1579709,236491,0,662737,1
1579760,236496,0,662759,0
1579811,236508,0,662776,1
1579862,236518,0,662791,1
1579912,236524,0,662818,1
1579962,236532,0,662845,0
1580017,236540,0,662864,1
1580067,236548,0,662888,2
1580122,236555,0,662909,0
1580174,236561,0,662935,0
1580224,236569,0,662961,0
1580274,236576,0,662993,0
1580324,236585,0,663008,1
1580375,236590,0,663035,1
1580426,236596,0,663050,1
1580476,236605,0,663062,1
1580530,236614,0,663091,1
1580581,236623,0,663112,1
1580636,236633,0,663128,0
1580686,236639,0,663153,0
1580736,236643,0,663180,0
1580786,236653,0,663193,0
1580838,236666,0,663204,1
1580889,236670,0,663231,0
1580940,236679,0,663246,0
1580997,236687,0,663261,1
1581047,236695,0,663293,0
1581099,236702,0,663309,0
1581150,236709,0,663324,0
1581207,236717,0,663348,1
1581258,236723,0,663375,1
1581308,236731,0,663399,1
1581359,236739,0,663416,0
1581409,236742,0,663436,1
1581460,236751,0,663459,0
1581510,236760,0,663482,1
1581560,236770,0,663495,1
1581610,236778,0,663517,1
1581661,236786,0,663538,1
1581718,236791,0,663563,1
1581768,236797,0,663590,0
1581819,236810,0,663603,0
1581869,236818,0,663631,0
1581919,236825,0,663656,1
1581970,236832,0,663680,0
1582021,236841,0,663701,0
1582072,236849,0,663714,1
1582124,236855,0,663742,0
1582176,236861,0,663773,0
1582226,236869,0,663789,0
1582276,236876,0,663811,1
1582326,236885,0,663834,1
1582379,236890,0,663855,1
1582429,236896,0,663871,0
1582480,236904,0,663893,1
1582534,236914,0,663914,1
1582585,236923,0,663922,1
1582636,236933,0,663942,0
1582686,236938,0,663962,0
1582736,236943,0,663990,0
1582787,236951,0,664008,1
1582839,236966,0,664023,1
1582889,236970,0,664040,0
1582940,236979,0,664054,1
1582998,236987,0,664069,1
1583048,236995,0,664097,0
1583100,237002,0,664118,0
1583151,237009,0,664142,0
1583204,237016,0,664174,0
1583257,237021,0,664196,1
1583309,237030,0,664224,1
1583359,237039,0,664245,1
1583409,237041,0,664275,1
1583460,237051,0,664289,0
1583510,237060,0,664304,1
1583563,237068,0,664324,1
1583614,237078,0,664345,1
1583665,237086,0,664369,1
1583719,237091,0,664392,1
1583777,237098,0,664408,1
1583827,237112,0,664426,1
1583878,237119,0,664458,0
1583928,237126,0,664487,1
1583978,237133,0,664503,1
1584029,237142,0,664512,1
1584079,237150,0,664531,0
1584129,237155,0,664556,0
1584180,237161,0,664583,0
1584230,237169,0,664597,0
1584282,237175,0,664612,1
1584333,237185,0,664626,0
1584383,237190,0,664649,1
1584433,237196,0,664674,0
1584483,237204,0,664694,1
1584534,237213,0,664713,1
1584584,237222,0,664738,0
1584635,237232,0,664764,1
1584686,237238,0,664784,0
1584737,237243,0,664807,0
1584787,237250,0,664827,1
1584837,237264,0,664836,1
1584887,237270,0,664854,0
1584939,237278,0,664870,0
1584989,237286,0,664891,1
1585040,237292,0,664918,0
1585091,237302,0,664937,1
1585141,237305,0,664957,0
1585191,237313,0,664978,0
1585241,237319,0,664995,0
1585291,237327,0,665017,0
1585342,237337,0,665033,1
1585393,237340,0,665053,0
1585444,237347,0,665085,0
1585495,237358,0,665112,0
1585546,237366,0,665131,1
1585597,237373,0,665160,0
1585648,237384,0,665176,0
1585698,237390,0,665205,1
1585748,237393,0,665223,0
1585798,237403,0,665240,1
1585848,237416,0,665263,0
1585899,237421,0,665280,1
1585952,237430,0,665307,1
1586002,237437,0,665321,0
1586053,237444,0,665339,1
1586105,237452,0,665365,0
1586159,237458,0,665385,1
1586212,237465,0,665405,0
1586262,237471,0,665433,1
1586313,237481,0,665457,1
1586363,237489,0,665483,0
1586414,237491,0,665516,0
1586465,237501,0,665536,0
1586515,237510,0,665561,1
1586565,237518,0,665584,1
1586617,237527,0,665606,1
1586669,237535,0,665635,0
1586719,237541,0,665657,1
1586769,237547,0,665675,1
1586820,237559,0,665699,2
1586872,237568,0,665721,1
1586923,237574,0,665737,1
1586973,237582,0,665766,0
1587023,237591,0,665796,1
1587077,237597,0,665812,1
1587128,237605,0,665831,1
1587178,237611,0,665861,0
1587234,237618,0,665883,1
1587287,237626,0,665913,1
1587338,237634,0,665927,1
1587391,237640,0,665952,0
1587441,237647,0,665964,0
1587493,237657,0,665978,1
1587546,237664,0,665995,1
1587599,237673,0,666018,0
1587650,237684,0,666036,1
1587701,237690,0,666053,1
1587752,237693,0,666081,0
1587803,237703,0,666090,0
1587853,237717,0,666113,1
1587903,237721,0,666144,1
1587956,237730,0,666176,1
1588012,237738,0,666191,1
1588064,237745,0,666206,0
1588116,237753,0,666226,1
1588166,237759,0,666244,1
1588216,237765,0,666286,0
1588266,237772,0,666330,0
1588316,237781,0,666351,1
1588366,237789,0,666366,0
1588420,237792,0,666390,1
1588471,237801,0,666411,0
1588523,237810,0,666420,1
1588573,237820,0,666445,1
1588624,237829,0,666462,1
1588675,237836,0,666490,1
1588726,237841,0,666514,1
1588776,237847,0,666536,0
1588827,237859,0,666552,0
1588878,237868,0,666575,0
1588929,237874,0,666602,0
1588981,237882,0,666620,0
1589033,237892,0,666643,1
1589084,237898,0,666673,1
1589134,237905,0,666685,1
1589184,237912,0,666705,1
1589234,237917,0,666721,0
1589286,237925,0,666746,0
1589338,237933,0,666773,1
1589388,237940,0,666795,1
1589440,237947,0,666828,1
1589490,237954,0,666854,1
1589540,237962,0,666873,0
1589591,237972,0,666883,0
1589641,237981,0,666903,0
1589691,237988,0,666911,0
1589741,237993,0,666931,1
1589792,237999,0,666954,0
1589846,238014,0,666979,0
1589898,238020,0,667000,0
1589948,238029,0,667013,1
1589998,238033,0,667040,1
1590049,238042,0,667055,0
1590101,238051,0,667074,1
1590152,238057,0,667097,1
1590203,238064,0,667128,0
1590253,238069,0,667157,0
1590303,238077,0,667178,1
1590353,238085,0,667203,1
1590410,238091,0,667234,1
1590460,238097,0,667264,0
1590516,238109,0,667285,1
1590567,238117,0,667355,1
1590617,238124,0,667372,0
1590667,238135,0,667391,0
1590717,238140,0,667418,0
1590769,238146,0,667438,1
1590819,238156,0,667450,1
1590870,238167,0,667470,0
1590922,238173,0,667499,1
1590972,238182,0,667508,0
1591022,238188,0,667525,1
1591072,238195,0,667548,0
1591122,238203,0,667578,0
1591172,238209,0,667602,1
1591222,238215,0,667623,0
1591274,238223,0,667647,1
1591324,238231,0,667665,1
1591374,238239,0,667689,0
1591427,238243,0,667717,1
1591477,238252,0,667732,0
1591528,238260,0,667764,0
1591579,238269,0,667787,1
1591635,238277,0,667807,1
1591685,238285,0,667826,0
1591736,238291,0,667839,0
1591786,238297,0,667860,0
1591836,238310,0,667870,0
1591886,238319,0,667889,0
1591936,238324,0,667915,0
1591988,238332,0,667937,0
1592038,238342,0,667959,0
1592091,238348,0,667976,1
1592142,238355,0,667992,0
1592197,238363,0,668012,1
1592247,238369,0,668030,1
1592297,238376,0,668059,0
1592347,238384,0,668087,0
1592398,238390,0,668116,0
1592454,238397,0,668143,1
1592506,238408,0,668155,1
1592559,238416,0,668176,1
1592609,238423,0,668192,0
1592661,238432,0,668200,1
1592714,238440,0,668217,1
1592764,238444,0,668247,1
1592815,238455,0,668259,1
1592865,238467,0,668273,0
1592925,238472,0,668296,1
1592976,238482,0,668316,0
1593026,238488,0,668335,1
1593077,238495,0,668351,0
1593127,238503,0,668377,0
1593179,238510,0,668392,1
1593230,238517,0,668416,1
1593282,238524,0,668446,1
1593332,238532,0,668472,1
1593382,238539,0,668505,0
1593432,238545,0,668526,2
1593482,238553,0,668544,1
1593535,238561,0,668579,1
1593587,238571,0,668600,1
1593639,238577,0,668621,1
1593689,238586,0,668641,1
1593739,238592,0,668666,1
1593792,238597,0,668694,0
1593843,238611,0,668715,1
1593893,238619,0,668727,2
1593943,238625,0,668757,1
1593994,238632,0,668785,0
1594045,238642,0,668806,1
1594102,238648,0,668821,1
1594152,238656,0,668845,1
1594203,238664,0,668857,1
1594259,238669,0,668875,1
1594309,238677,0,668898,1
1594359,238685,0,668922,1
1594416,238691,0,668952,1
1594466,238697,0,668981,0
1594516,238708,0,669001,0
1594571,238715,0,669018,1
1594622,238725,0,669043,1
1594675,238735,0,669060,0
1594725,238740,0,669088,0
1594777,238745,0,669116,1
1594830,238754,0,669131,1
1594883,238767,0,669151,0
1594935,238774,0,669170,0
1594987,238782,0,669183,0
1595037,238790,0,669205,1
1595087,238796,0,669233,0
1595137,238804,0,669253,0
1595187,238811,0,669274,0
1595237,238817,0,669291,0
1595287,238824,0,669299,2
1595338,238832,0,669329,0
1595389,238840,0,669346,1
1595440,238845,0,669364,1
1595491,238853,0,669391,0
1595548,238862,0,669416,1
1595601,238873,0,669430,1
1595651,238879,0,669449,1
1595702,238888,0,669455,0
1595755,238893,0,669472,0
1595805,238898,0,669491,0
1595856,238913,0,669505,1
1595906,238920,0,669524,0
1595957,238927,0,669548,2
1596007,238933,0,669572,1
1596057,238942,0,669591,0
1596107,238948,0,669607,1
1596157,238956,0,669625,1
1596207,238964,0,669641,1
1596257,238968,0,669669,0
1596309,238976,0,669686,0
1596361,238985,0,669704,1
1596413,238990,0,669734,0
1596464,238997,0,669757,0
1596514,239008,0,669776,1
1596566,239013,0,669804,1
1596617,239024,0,669828,0
1596670,239030,0,669844,1
1596722,239040,0,669859,1
1596772,239043,0,669894,0
1596824,239053,0,669914,0
1596874,239067,0,669938,1
1596924,239071,0,669967,0
1596974,239081,0,669989,0
1597024,239087,0,670020,0
1597076,239094,0,670040,1
1597126,239102,0,670053,1
1597176,239108,0,670071,0
1597234,239116,0,670086,1
1597285,239122,0,670109,1
1597336,239131,0,670125,0
1597386,239139,0,670139,0
1597440,239144,0,670168,1
1597490,239153,0,670189,2
1597540,239161,0,670208,0
1597593,239171,0,670221,0
1597643,239177,0,670249,1
1597698,239183,0,670274,1
1597750,239193,0,670288,1
1597800,239197,0,670315,0
1597854,239211,0,670329,1
1597904,239220,0,670347,0
1597954,239225,0,670372,0
1598004,239232,0,670394,0
1598054,239242,0,670412,0
1598104,239247,0,670436,0
1598156,239255,0,670457,0
1598207,239263,0,670481,0
1598259,239268,0,670508,0
1598309,239276,0,670536,0
1598360,239284,0,670560,0
1598411,239290,0,670579,0
1598461,239297,0,670609,1
1598514,239307,0,670635,1
1598564,239312,0,670654,0
1598614,239324,0,670665,0
1598668,239329,0,670689,0
1598721,239339,0,670705,0
1598772,239343,0,670734,0
1598823,239351,0,670750,1
1598875,239367,0,670765,1
1598925,239371,0,670788,0
1598976,239381,0,670812,0
1599029,239386,0,670833,1
1599081,239394,0,670851,1
1599132,239402,0,670874,1
1599185,239410,0,670895,1
1599237,239416,0,670915,1
1599288,239421,0,670928,1
1599338,239431,0,670938,0
1599395,239440,0,670947,1
1599445,239445,0,670975,1
1599495,239453,0,670997,1
1599548,239461,0,671017,0
1599601,239470,0,671025,1
1599655,239478,0,671047,1
1599705,239483,0,671065,0
1599756,239493,0,671078,1
1599806,239497,0,671100,0
1599856,239510,0,671111,1
1599908,239520,0,671122,0
1599958,239526,0,671156,1
1600008,239532,0,671181,0
1600059,239542,0,671196,0
1600113,239548,0,671208,1
1600167,239556,0,671228,1
1600217,239564,0,671253,0
1600268,239569,0,671275,1
1600318,239577,0,671297,0
1600370,239585,0,671309,0
1600420,239590,0,671340,0
1600470,239597,0,671373,0
1600520,239608,0,671392,1
1600570,239614,0,671417,2
1600620,239624,0,671432,0
1600672,239630,0,671459,1
1600723,239639,0,671475,0
1600774,239643,0,671507,0
1600824,239650,0,671531,0
1600874,239663,0,671544,0
1600928,239672,0,671563,1
1600978,239681,0,671581,1
1601032,239684,0,671601,1
1601089,239694,0,671622,1
1601139,239703,0,671636,1
1601190,239711,0,671658,1
1601244,239717,0,671678,1
1601294,239722,0,671703,0
1601344,239733,0,671725,0
1601396,239740,0,671741,1
1601447,239745,0,671767,1
1601502,239753,0,671784,1
1601558,239762,0,671806,1
1601615,239772,0,671821,1
1601665,239779,0,671844,0
1601716,239787,0,671867,3
1601768,239793,0,671883,0
1601818,239799,0,671953,1
1601870,239812,0,671962,1
1601920,239821,0,671980,1
1601971,239828,0,671997,0
1602024,239832,0,672023,0
1602074,239843,0,672042,0
1602125,239851,0,672066,1
1602179,239857,0,672087,1
1602230,239865,0,672100,0
1602280,239869,0,672122,0
1602332,239878,0,672146,1
1602385,239887,0,672164,1
1602435,239892,0,672186,0
1602485,239899,0,672202,1
1602536,239908,0,672224,0
1602586,239915,0,672253,0
1602636,239926,0,672275,1
1602686,239931,0,672308,0
1602736,239940,0,672336,1
1602786,239943,0,672358,0
1602836,239954,0,672377,2
1602893,239967,0,672391,1
1602944,239974,0,672401,1
1602996,239982,0,672427,0
1603050,239989,0,672454,1
1603104,239997,0,672467,1
1603155,240005,0,672491,1
1603208,240012,0,672520,0
1603259,240018,0,672544,0
1603309,240026,0,672566,2
1603363,240034,0,672587,1
1603414,240040,0,672610,0
1603466,240046,0,672632,0
1603518,240057,0,672650,1
1603570,240062,0,672678,0
1603623,240072,0,672692,1
1603678,240080,0,672706,1
1603728,240089,0,672727,1
1603780,240093,0,672756,0
1603830,240102,0,672780,2
1603882,240114,0,672798,0
1603932,240121,0,672822,0
1603984,240131,0,672835,1
1604034,240134,0,672865,1
1604084,240143,0,672882,0
1604137,240152,0,672891,1
1604187,240158,0,672917,0
1604237,240165,0,672932,0
1604289,240170,0,672952,1
1604340,240180,0,672966,1
1604392,240187,0,672990,0
1604442,240193,0,673013,0
1604494,240200,0,673028,1
1604547,240210,0,673044,1
1604599,240217,0,673070,1
1604649,240226,0,673091,0
1604699,240231,0,673110,0
1604749,240241,0,673131,0
1604800,240246,0,673152,1
1604850,240255,0,673177,0
1604901,240267,0,673187,0
1604951,240274,0,673214,0
1605002,240282,0,673232,0
1605055,240288,0,673255,1
1605105,240296,0,673276,0
1605157,240305,0,673293,1
1605208,240312,0,673310,0
1605259,240317,0,673328,0
1605310,240324,0,673345,2
1605364,240333,0,673357,0
1605414,240340,0,673375,0
1605466,240345,0,673391,1
1605516,240356,0,673406,1
1605569,240362,0,673435,0
1605622,240371,0,673446,0
1605674,240379,0,673467,0
1605724,240387,0,673490,1
1605775,240393,0,673508,0
1605826,240400,0,673532,1
1605880,240412,0,673554,1
1605932,240421,0,673570,0
1605984,240430,0,673586,1
1606034,240433,0,673623,0
1606084,240443,0,673640,0
1606136,240451,0,673658,0
1606186,240457,0,673677,1
1606239,240465,0,673706,1
1606289,240470,0,673729,1
1606339,240479,0,673748,1
1606390,240487,0,673764,0
1606440,240492,0,673782,0
1606490,240499,0,673803,1
1606540,240508,0,673817,0
1606594,240515,0,673831,1
1606648,240526,0,673841,1
1606701,240531,0,673862,0
1606752,240541,0,673879,0
1606806,240546,0,673914,0
1606857,240557,0,673929,1
1606907,240568,0,673940,1
1606959,240574,0,673961,0
1607009,240582,0,673976,0
1607061,240588,0,674001,1
1607111,240596,0,674031,0
1607167,240605,0,674056,0
1607217,240613,0,674077,1
1607268,240618,0,674103,1
1607320,240626,0,674119,1
1607371,240633,0,674132,0
1607423,240640,0,674154,0
1607474,240645,0,674189,0
1607524,240654,0,674204,1
1607575,240663,0,674222,1
1607629,240672,0,674239,1
1607680,240679,0,674270,0
1607731,240688,0,674297,0
1607781,240693,0,674312,0
1607831,240700,0,674337,0
1607883,240712,0,674355,1
1607936,240721,0,674374,0
1607987,240729,0,674400,0
1608040,240733,0,674419,0
1608090,240743,0,674441,0
1608145,240752,0,674464,1
1608196,240760,0,674488,0
1608251,240766,0,674513,1
1608301,240771,0,674535,1
1608352,240780,0,674546,0
1608402,240788,0,674562,0
1608453,240793,0,674575,0
1608503,240799,0,674600,0
1608553,240808,0,674617,0
1608607,240816,0,674643,1
1608661,240827,0,674665,1
1608712,240832,0,674692,0
1608764,240841,0,674710,0
1608814,240847,0,674729,2
1608864,240858,0,674746,0
1608915,240868,0,674765,0
1608966,240874,0,674788,0
1609018,240882,0,674809,0
1609071,240891,0,674830,0
1609121,240897,0,674854,1
1609177,240905,0,674877,0
1609227,240914,0,674896,1
1609280,240918,0,674914,0
1609330,240927,0,674930,1
1609380,240934,0,674951,1
1609431,240941,0,674974,0
1609481,240946,0,675001,0
1609533,240954,0,675016,1
1609588,240964,0,675023,1
1609638,240974,0,675090,0
1609690,240981,0,675116,1
1609740,240988,0,675137,0
1609793,240993,0,675164,0
1609844,241002,0,675174,1
1609894,241014,0,675233,1
1609946,241023,0,675258,0
1609996,241032,0,675273,1
1610046,241035,0,675299,1
1610096,241043,0,675321,0
1610146,241052,0,675334,1
1610197,241059,0,675351,1
1610248,241065,0,675379,1
1610298,241069,0,675402,0
1610348,241080,0,675416,1
1610398,241087,0,675429,0
1610450,241093,0,675448,1
1610500,241099,0,675471,1
1610552,241107,0,675489,1
1610603,241115,0,675510,0
1610653,241125,0,675534,0
1610703,241131,0,675563,0
1610756,241141,0,675586,1
1610810,241144,0,675606,1
1610861,241155,0,675628,1
1610913,241168,0,675647,0
1610967,241174,0,675677,0
1611017,241182,0,675694,0
1611068,241189,0,675716,1
1611119,241196,0,675733,0
1611170,241204,0,675765,0
1611220,241212,0,675785,0
1611271,241217,0,675805,0
1611322,241222,0,675833,1
1611377,241233,0,675859,1
1611428,241240,0,675879,0
1611478,241245,0,675898,0
1611528,241253,0,675918,0
1611579,241262,0,675934,1
1611630,241271,0,675950,1
1611680,241279,0,675977,0
1611730,241286,0,676007,2
1611781,241293,0,676029,0
1611831,241297,0,676054,1
1611883,241311,0,676080,1
1611934,241320,0,676151,1
1611990,241327,0,676177,1
1612040,241333,0,676195,0
1612091,241342,0,676209,1
1612141,241350,0,676226,1
1612195,241357,0,676253,0
1612245,241364,0,676275,0
1612295,241369,0,676303,0
1612345,241378,0,676317,0
1612396,241386,0,676333,2
1612446,241391,0,676361,0
1612496,241398,0,676382,0
1612546,241404,0,676405,0
1612596,241414,0,676422,0
1612649,241425,0,676431,1
1612700,241431,0,676452,0
1612751,241439,0,676474,0
1612803,241443,0,676498,0
1612858,241453,0,676519,1
1612908,241467,0,676541,1
1612960,241474,0,676615,0
1613012,241482,0,676632,0
1613063,241487,0,676654,1
1613116,241496,0,676667,1
1613167,241504,0,676693,0
1613220,241512,0,676725,0
1613271,241517,0,676759,0
1613322,241521,0,676784,0
1613374,241532,0,676797,0
1613428,241540,0,676817,0
1613479,241545,0,676843,1
1613531,241553,0,676870,0
1613582,241562,0,676894,1
1613634,241571,0,676916,1
1613684,241579,0,676940,0
1613734,241585,0,676971,2
1613790,241593,0,676998,0
1613841,241599,0,677018,1
1613891,241612,0,677028,0
1613943,241622,0,677046,1
1613994,241628,0,677069,1
1614044,241633,0,677084,1
1614096,241642,0,677106,1
1614146,241652,0,677125,1
1614196,241657,0,677156,0
1614247,241664,0,677184,0
1614298,241669,0,677206,0
1614348,241678,0,677225,2
1614399,241686,0,677248,1
1614449,241692,0,677278,1
1614499,241698,0,677303,1
1614549,241704,0,677329,0
1614599,241714,0,677347,0
1614649,241725,0,677354,1
1614706,241731,0,677373,0
1614761,241741,0,677388,1
1614812,241744,0,677423,1
1614862,241754,0,677448,1
1614912,241766,0,677469,1
1614962,241774,0,677484,0
1615014,241779,0,677515,1
1615065,241785,0,677535,0
1615115,241795,0,677552,0
1615171,241803,0,677567,1
1615221,241812,0,677581,0
1615272,241817,0,677603,0
1615322,241821,0,677635,0
1615373,241832,0,677653,0
1615423,241840,0,677672,1
1615475,241844,0,677690,0
1615525,241851,0,677717,0
1615576,241859,0,677740,1
1615626,241867,0,677760,1
1615679,241879,0,677787,1
1615730,241883,0,677819,1
1615780,241893,0,677842,0
1615834,241896,0,677870,0
1615884,241910,0,677881,1
1615934,241919,0,677897,0
1615985,241926,0,677926,0
1616041,241932,0,677949,0
1616094,241941,0,677959,0
1616144,241950,0,677975,0
1616198,241957,0,677993,0
1616250,241964,0,678011,0
1616300,241969,0,678034,0
1616354,241977,0,678062,1
1616404,241987,0,678087,0
1616456,241993,0,678120,1
1616507,241998,0,678144,0
1616557,242005,0,678168,1
1616607,242015,0,678183,1
1616662,242025,0,678201,1
1616712,242032,0,678218,1
1616762,242041,0,678240,1
1616820,242044,0,678262,1
1616870,242056,0,678283,1
1616920,242068,0,678298,2
1616971,242074,0,678321,0
1617022,242081,0,678346,1
1617079,242086,0,678362,0
1617130,242096,0,678383,0
1617180,242105,0,678403,1
1617230,242113,0,678429,0
1617280,242118,0,678455,0
1617330,242121,0,678482,0
1617380,242132,0,678505,0
1617430,242140,0,678522,0
1617480,242145,0,678556,1
1617536,242153,0,678570,1
1617591,242162,0,678589,1
1617641,242170,0,678619,0
1617696,242181,0,678632,1
1617746,242188,0,678656,2
1617796,242193,0,678675,0
1617847,242200,0,678703,1
1617900,242212,0,678725,1
1617959,242223,0,678754,1
1618009,242228,0,678784,0
1618061,242234,0,678809,0
1618114,242244,0,678829,1
1618164,242252,0,678844,0
1618214,242258,0,678875,1
1618264,242266,0,678900,0
1618314,242270,0,678923,0
1618364,242280,0,678937,2
1618417,242287,0,678955,0
1618474,242294,0,678976,1
1618524,242301,0,679001,1
1618576,242308,0,679018,0
1618626,242316,0,679042,1
1618677,242328,0,679061,1
1618727,242332,0,679090,0
1618780,242343,0,679118,1
1618830,242344,0,679140,0
1618886,242357,0,679166,1
1618937,242369,0,679186,0
1618989,242376,0,679213,1
1619039,242382,0,679230,0
1619090,242388,0,679258,0
1619140,242397,0,679276,1
1619191,242406,0,679293,0
1619243,242414,0,679313,0
1619295,242418,0,679342,0
1619347,242422,0,679371,1
1619397,242433,0,679391,0
1619448,242441,0,679411,0
1619498,242446,0,679447,1
1619549,242454,0,679472,0
1619600,242464,0,679489,0
1619654,242472,0,679505,1
1619704,242481,0,679520,0
1619755,242488,0,679538,0
1619808,242493,0,679567,0
1619859,242501,0,679584,0
1619909,242515,0,679600,2
1619961,242523,0,679620,1
1620012,242528,0,679636,0
1620062,242534,0,679663,0
1620113,242543,0,679677,0
1620167,242552,0,679695,0
1620217,242558,0,679719,0
1620269,242567,0,679737,1
1620319,242571,0,679763,1
1620369,242580,0,679783,1
1620419,242587,0,679804,0
1620469,242593,0,679824,0
1620527,242600,0,679840,1
1620578,242608,0,679852,0
1620628,242615,0,679870,0
1620686,242628,0,679880,1
1620736,242632,0,679898,0
1620788,242643,0,679910,0
1620839,242646,0,679941,1
1620889,242657,0,679959,0
1620940,242669,0,679971,0
1620994,242675,0,679998,1
1621045,242682,0,680019,0
1621095,242688,0,680041,0
1621146,242698,0,680061,1
1621200,242707,0,680084,1
1621251,242714,0,680110,0
1621303,242718,0,680132,0
1621353,242724,0,680160,2
1621404,242733,0,680169,0
1621454,242742,0,680196,1
1621504,242746,0,680222,0
1621558,242754,0,680243,0
1621610,242765,0,680256,1
1621660,242773,0,680270,0
1621713,242781,0,680291,0
1621763,242789,0,680312,1
1621813,242793,0,680333,0
1621864,242802,0,680353,1
1621914,242815,0,680371,1
1621964,242823,0,680390,1
1622014,242828,0,680410,0
1622067,242834,0,680433,0
1622118,242843,0,680454,0
1622173,242852,0,680464,0
1622229,242860,0,680486,1
1622283,242868,0,680508,1
1622336,242871,0,680533,0
1622386,242882,0,680548,1
1622436,242890,0,680567,0
1622487,242895,0,680600,1
1622539,242902,0,680618,0
1622592,242908,0,680638,1
1622644,242918,0,680664,0
1622694,242929,0,680668,2
1622745,242933,0,680701,0
1622795,242943,0,680716,0
1622849,242948,0,680744,1
1622899,242958,0,680760,1
1622949,242969,0,680775,0
1622999,242975,0,680794,0
1623050,242982,0,680825,0
1623101,242989,0,680850,0
1623151,242999,0,680869,1
1623201,243007,0,680890,1
1623251,243014,0,680913,0
1623302,243018,0,680933,0
1623353,243022,0,680942,1
1623406,243033,0,680962,0
1623456,243042,0,680988,0
1623506,243046,0,681009,0
1623556,243054,0,681025,0
1623606,243063,0,681043,1
1623661,243070,0,681068,1
1623712,243081,0,681074,0
1623763,243087,0,681107,1
1623813,243093,0,681129,0
1623864,243101,0,681147,1
1623916,243114,0,681161,1
1623969,243123,0,681173,1
1624019,243128,0,681191,0
1624073,243135,0,681216,1
1624126,243143,0,681240,0
1624176,243152,0,681263,0
1624226,243159,0,681283,0
1624279,243167,0,681301,1
1624336,243171,0,681324,1
1624390,243182,0,681342,1
1624442,243190,0,681366,0
1624497,243195,0,681391,0
1624563,243204,0,681402,1
1624614,243215,0,681425,0
1624664,243221,0,681447,2
1624714,243231,0,681470,0
1624764,243236,0,681492,1
1624819,243243,0,681515,0
1624871,243252,0,681526,1
1624921,243265,0,681544,1
1624972,243274,0,681565,1
1625023,243279,0,681590,1
1625074,243285,0,681617,1
1625124,243293,0,681644,0
1625176,243302,0,681657,0
1625230,243308,0,681669,1
1625282,243317,0,681691,0
1625332,243320,0,681721,0
1625382,243331,0,681733,1
1625436,243337,0,681750,1
1625487,243344,0,681782,0
1625537,243350,0,681808,0
1625594,243358,0,681826,1
1625646,243368,0,681841,1
1625703,243379,0,681861,1
1625757,243385,0,681894,1
1625807,243393,0,681918,0
1625860,243399,0,681953,1
1625910,243410,0,681971,1
1625963,243421,0,681992,0
1626014,243428,0,682008,1
1626067,243434,0,682033,1
1626118,243443,0,682043,1
1626168,243451,0,682064,1
1626218,243457,0,682089,0
1626269,243466,0,682104,0
1626324,243469,0,682126,1
1626376,243479,0,682150,3
1626426,243485,0,682166,1
1626477,243493,0,682178,0
1626527,243499,0,682200,1
1626580,243505,0,682221,0
1626631,243515,0,682245,0
1626681,243521,0,682271,0
1626736,243532,0,682291,0
1626787,243542,0,682307,1
1626837,243544,0,682338,0
1626887,243554,0,682359,0
1626942,243568,0,682381,1
1626992,243574,0,682415,0
1627043,243582,0,682443,0
1627093,243588,0,682470,1
1627145,243594,0,682478,1
1627195,243605,0,682492,1
1627248,243613,0,682516,0
1627298,243618,0,682540,0
1627348,243621,0,682580,0
1627399,243633,0,682594,2
1627450,243640,0,682615,1
1627501,243645,0,682626,0
1627553,243653,0,682648,1
1627607,243659,0,682670,1
1627657,243669,0,682683,0
1627707,243680,0,682702,0
1627757,243684,0,682713,1
1627808,243693,0,682742,0
1627858,243697,0,682764,1
1627909,243709,0,682779,1
1627965,243721,0,682791,1
1628015,243728,0,682809,1
1628065,243733,0,682833,1
1628116,243740,0,682853,1
1628169,243749,0,682879,1
1628221,243757,0,682903,0
1628272,243766,0,682923,0
1628323,243768,0,682948,0
1628374,243774,0,682965,1
1628425,243784,0,682976,0
1628477,243793,0,683004,0
1628527,243798,0,683021,0
1628578,243805,0,683038,1
1628628,243815,0,683054,0
1628679,243821,0,683067,0
1628732,243832,0,683090,0
1628782,243841,0,683108,1
1628832,243843,0,683135,0
1628882,243853,0,683149,3
1628932,243863,0,683168,1
1628989,243874,0,683195,1
1629040,243882,0,683214,1
1629094,243887,0,683235,1
1629146,243894,0,683258,1
1629197,243905,0,683273,1
1629252,243913,0,683285,1
1629302,243918,0,683304,0
1629352,243921,0,683378,0
1629403,243933,0,683397,1
1629455,243941,0,683418,1
1629506,243946,0,683434,1
1629556,243953,0,683452,1
1629608,243959,0,683473,1
1629658,243968,0,683493,0
1629711,243977,0,683514,1
1629762,243985,0,683534,1
1629815,243993,0,683560,0
1629865,243998,0,683581,2
1629917,244009,0,683607,1
1629967,244021,0,683626,1
1630018,244027,0,683649,1
1630068,244033,0,683676,0
1630118,244040,0,683701,1
1630169,244047,0,683716,1
1630229,244057,0,683740,0
1630281,244067,0,683757,1
1630336,244070,0,683786,0
1630386,244077,0,683813,1
1630437,244086,0,683826,0
1630488,244094,0,683848,0
1630538,244099,0,683872,0
1630588,244105,0,683891,0
1630638,244115,0,683912,0
1630690,244123,0,683929,0
1630740,244132,0,683996,0
1630793,244142,0,684004,1
1630845,244145,0,684032,1
1630895,244154,0,684043,0
1630945,244167,0,684054,0
1630995,244174,0,684083,0
1631049,244182,0,684100,0
1631099,244188,0,684115,1
1631150,244194,0,684149,1
1631201,244205,0,684167,0
1631252,244211,0,684195,1
1631303,244218,0,684223,0
1631353,244221,0,684250,0
1631403,244230,0,684270,2
1631458,244239,0,684288,1
1631508,244246,0,684307,1
1631558,244253,0,684330,1
1631609,244258,0,684345,1
1631659,244268,0,684357,0
1631710,244276,0,684380,0
1631762,244283,0,684406,0
1631812,244293,0,684423,0
1631862,244296,0,684455,0
1631913,244306,0,684475,1
1631964,244320,0,684493,0
1632015,244326,0,684519,0
1632065,244333,0,684534,0
1632119,244339,0,684561,1
1632170,244347,0,684578,1
1632227,244357,0,684601,0
1632279,244366,0,684624,0
1632329,244369,0,684639,0
1632380,244373,0,684660,0
1632430,244384,0,684682,0
1632480,244393,0,684694,1
1632533,244398,0,684713,0
1632585,244405,0,684740,0
1632636,244415,0,684759,0
1632690,244421,0,684784,1
1632740,244432,0,684797,0
1632790,244441,0,684826,0
1632840,244443,0,684847,0
1632891,244452,0,684863,1
1632941,244463,0,684874,1
1632993,244473,0,684952,0
1633045,244480,0,684973,1
1633095,244486,0,684996,0
1633146,244493,0,685014,0
1633204,244505,0,685031,1
1633260,244511,0,685048,1
1633311,244518,0,685076,0
1633362,244521,0,685101,0
1633417,244533,0,685121,0
1633469,244541,0,685137,1
1633519,244546,0,685149,0
1633569,244553,0,685161,0
1633619,244560,0,685180,1
1633670,244569,0,685196,0
1633721,244578,0,685215,1
1633772,244584,0,685228,1
1633826,244593,0,685251,0
1633878,244599,0,685270,1
1633930,244609,0,685295,0
1633982,244623,0,685313,1
1634034,244629,0,685333,1
1634084,244634,0,685366,0
1634137,244642,0,685390,0
1634189,244650,0,685413,0
1634242,244657,0,685428,0
1634294,244668,0,685442,1
1634345,244670,0,685467,0
1634395,244677,0,685494,2
1634447,244686,0,685510,0
1634498,244694,0,685526,1
1634548,244700,0,685548,0
1634598,244705,0,685572,0
1634648,244716,0,685582,0
1634698,244722,0,685599,1
1634748,244732,0,685612,1
1634798,244741,0,685637,4
1634851,244745,0,685664,1
1634905,244754,0,685696,0
1634957,244769,0,685715,0
1635009,244774,0,685734,0
1635059,244782,0,685750,0
1635109,244788,0,685775,0
1635160,244796,0,685794,2
1635212,244805,0,685810,1
1635262,244810,0,685838,0
1635319,244818,0,685849,0
1635371,244822,0,685874,1
1635427,244833,0,685897,0
1635482,244841,0,685926,0
1635539,244848,0,685954,1
1635593,244855,0,685976,0
1635643,244866,0,685995,3
1635693,244870,0,686015,1
1635748,244882,0,686030,1
1635801,244890,0,686048,1
1635855,244895,0,686078,1
1635906,244904,0,686101,0
1635956,244919,0,686124,1
1636006,244924,0,686148,0
1636057,244932,0,686174,0
1636111,244938,0,686192,1
1636162,244946,0,686218,2
1636215,244955,0,686231,1
1636265,244961,0,686250,1
1636317,244968,0,686278,0
1636372,244972,0,686301,1
1636422,244983,0,686319,2
1636472,244990,0,686347,1
1636524,244996,0,686371,1
1636574,245003,0,686393,0
1636625,245009,0,686409,1
1636675,245019,0,686428,0
1636725,245028,0,686454,1
1636775,245034,0,686479,0
1636828,245043,0,686502,0
1636878,245048,0,686524,0
1636929,245059,0,686542,1
1636979,245072,0,686553,0
1637029,245077,0,686581,0
1637085,245084,0,686601,0
1637136,245092,0,686623,1
1637189,245099,0,686645,1
1637239,245107,0,686660,0
1637289,245116,0,686676,0
1637343,245120,0,686703,0
1637394,245125,0,686732,0
1637444,245136,0,686746,0
1637494,245143,0,686766,0
1637546,245148,0,686787,1
1637596,245155,0,686817,0
1637646,245165,0,686834,1
1637700,245171,0,686859,1
1637752,245182,0,686873,0
1637803,245189,0,686893,1
1637853,245194,0,686918,0
1637908,245204,0,686938,1
1637962,245219,0,686951,1
1638014,245224,0,686977,0
1638064,245232,0,686994,1
1638114,245237,0,687021,0
1638169,245246,0,687037,1
1638220,245255,0,687046,1
1638272,245261,0,687067,0
1638324,245268,0,687104,0
1638374,245272,0,687131,1
1638424,245282,0,687147,1
1638475,245290,0,687161,1
1638525,245296,0,687179,1
1638576,245303,0,687195,0
1638627,245309,0,687262,1
1638678,245319,0,687277,0
1638728,245327,0,687295,1
1638779,245334,0,687316,0
1638832,245343,0,687334,0
1638883,245348,0,687354,0
1638933,245358,0,687377,1
1638984,245373,0,687396,1
1639035,245379,0,687426,0
1639085,245384,0,687453,0
1639137,245390,0,687480,1
1639188,245398,0,687504,1
1639239,245407,0,687525,0
1639291,245416,0,687546,0
1639341,245420,0,687566,0
1639392,245424,0,687592,1
1639443,245436,0,687612,0
1639493,245443,0,687639,1
1639543,245447,0,687660,0
1639593,245455,0,687738,0
1639643,245462,0,687761,0
1639693,245470,0,687782,1
1639746,245479,0,687802,1
1639803,245488,0,687821,1
1639857,245495,0,687850,1
1639907,245503,0,687868,0
1639958,245516,0,687885,1
1640008,245524,0,687898,1
1640061,245530,0,687918,1
1640111,245537,0,687939,0
1640161,245544,0,687960,1
1640211,245553,0,687976,1
1640261,245559,0,688004,1
1640315,245568,0,688013,0
1640365,245571,0,688040,0
1640417,245579,0,688060,0
1640468,245589,0,688082,1
1640520,245595,0,688097,0
1640572,245603,0,688119,1
1640622,245608,0,688149,2
1640676,245619,0,688172,0
1640730,245626,0,688193,1
1640781,245634,0,688219,0
1640831,245643,0,688237,0
1640883,245648,0,688262,0
1640933,245657,0,688284,0
1640985,245673,0,688299,1
1641037,245678,0,688320,1
1641089,245684,0,688346,0
1641139,245689,0,688369,0
1641191,245698,0,688385,1
1641242,245707,0,688403,0
1641294,245714,0,688431,1
1641344,245720,0,688451,0
1641401,245724,0,688474,1
1641451,245736,0,688492,0
1641503,245742,0,688517,0
1641554,245747,0,688544,0
1641606,245755,0,688564,0
1641656,245765,0,688584,0
1641706,245772,0,688606,1
1641756,245781,0,688625,2
1641809,245788,0,688651,1
1641862,245795,0,688668,1
1641914,245805,0,688681,1
1641966,245817,0,688699,1
1642016,245824,0,688717,0
1642066,245832,0,688726,2
1642116,245837,0,688746,0
1642167,245845,0,688770,1
1642218,245854,0,688791,0
1642271,245860,0,688821,1
1642321,245868,0,688846,0
1642374,245871,0,688865,0
1642425,245880,0,688885,1
1642477,245889,0,688901,0
1642527,245895,0,688923,0
1642577,245903,0,688945,0
1642632,245909,0,688973,1
1642683,245919,0,688989,0
1642734,245926,0,689004,0
1642785,245934,0,689033,0
1642835,245943,0,689056,0
1642886,245949,0,689127,1
1642939,245958,0,689142,1
1642991,245972,0,689160,1
1643042,245977,0,689187,1
1643097,245985,0,689205,1
1643150,245991,0,689232,1
1643201,245999,0,689248,0
1643255,246008,0,689271,1
1643305,246016,0,689342,1
1643357,246020,0,689363,0
1643410,246025,0,689435,0
1643460,246037,0,689454,1
1643512,246043,0,689469,0
1643570,246051,0,689493,1
1643621,246057,0,689519,1
1643671,246068,0,689541,0
1643722,246073,0,689573,0
1643775,246084,0,689594,1
1643826,246093,0,689613,0
1643877,246096,0,689637,0
1643927,246107,0,689653,1
1643977,246120,0,689673,1
1644027,246124,0,689696,0
1644078,246133,0,689723,0
1644129,246138,0,689741,1
1644179,246146,0,689759,0
1644229,246155,0,689779,0
1644280,246161,0,689855,1
1644330,246168,0,689870,0
1644380,246171,0,689899,0
1644431,246181,0,689913,1
1644483,246189,0,689922,1
1644535,246195,0,689954,0
1644586,246203,0,689975,0
1644637,246209,0,689999,0
1644689,246219,0,690003,0
1644742,246227,0,690016,1
1644792,246234,0,690030,0
1644842,246243,0,690052,0
1644893,246250,0,690081,0
1644943,246259,0,690142,0
1644993,246272,0,690162,1
1645046,246278,0,690186,1
1645096,246284,0,690207,0
1645146,246289,0,690224,0
1645198,246298,0,690241,0
1645249,246307,0,690267,0
1645299,246314,0,690282,2
1645349,246320,0,690313,1
1645399,246323,0,690339,1
1645449,246335,0,690346,1
1645499,246341,0,690383,0
1645550,246347,0,690408,0
1645603,246355,0,690432,0
1645655,246362,0,690456,0
1645710,246371,0,690479,1
1645761,246379,0,690507,1
1645811,246388,0,690519,2
1645864,246395,0,690541,1
1645914,246402,0,690561,1
1645965,246414,0,690569,1
1646015,246424,0,690588,0
1646066,246430,0,690622,1
1646120,246437,0,690644,0
1646170,246443,0,690660,1
1646220,246454,0,690679,0
1646270,246459,0,690711,1
1646320,246468,0,690734,0
1646374,246470,0,690771,0
1646428,246476,0,690788,1
1646480,246488,0,690804,1
1646531,246495,0,690822,0
1646581,246503,0,690842,0
1646634,246509,0,690866,1
1646685,246518,0,690884,1
1646735,246525,0,690911,1
1646786,246534,0,690933,0
1646837,246543,0,690955,0
1646888,246549,0,690979,1
1646938,246557,0,691047,1
1646991,246571,0,691061,0
1647041,246576,0,691082,0
1647091,246584,0,691103,1
1647142,246588,0,691129,0
1647194,246598,0,691144,1
1647246,246607,0,691169,0
1647296,246612,0,691185,1
1647346,246618,0,691211,0
1647397,246622,0,691225,0
1647448,246632,0,691243,1
1647498,246641,0,691266,1
1647551,246647,0,691298,0
1647603,246655,0,691314,0
1647653,246662,0,691345,1
1647705,246670,0,691360,1
1647755,246678,0,691392,0
1647805,246685,0,691414,1
1647855,246693,0,691431,0
1647907,246700,0,691456,0
1647957,246711,0,691463,1
1648007,246723,0,691477,1
1648057,246729,0,691504,0
1648107,246736,0,691534,1
1648166,246742,0,691552,1
1648216,246751,0,691571,1
1648266,246758,0,691590,0
1648319,246768,0,691607,1
1648369,246770,0,691629,0
1648419,246775,0,691658,0
1648469,246787,0,691669,0
1648519,246793,0,691699,0
1648569,246799,0,691721,1
1648619,246805,0,691745,0
1648674,246815,0,691759,1
1648726,246823,0,691771,0
1648776,246833,0,691789,2
1648827,246839,0,691814,1
1648880,246846,0,691837,0
1648930,246854,0,691853,1
1648980,246866,0,691861,1
1649030,246874,0,691888,0
1649082,246883,0,691900,0
1649136,246887,0,691932,0
1649186,246895,0,691949,2
1649244,246906,0,691966,1
1649294,246911,0,691988,0
1649349,246919,0,692001,1
1649400,246922,0,692035,0
1649450,246931,0,692060,1
1649500,246941,0,692086,1
1649553,246947,0,692103,0
1649603,246955,0,692125,1
1649655,246961,0,692144,1
1649706,246969,0,692169,0
1649756,246978,0,692194,0
1649806,246985,0,692221,0
1649857,246993,0,692241,0
1649907,247000,0,692257,0
1649957,247007,0,692277,0
1650008,247020,0,692342,1
1650060,247029,0,692360,0
1650113,247037,0,692378,1
1650166,247041,0,692402,0
1650219,247051,0,692411,1
1650277,247059,0,692442,1
1650328,247068,0,692462,0
1650378,247071,0,692491,1
1650436,247076,0,692515,1
1650487,247088,0,692529,0
1650537,247095,0,692548,0
1650588,247103,0,692565,0
1650640,247109,0,692582,1
1650691,247117,0,692603,1
1650744,247125,0,692622,0
1650799,247134,0,692649,0
1650849,247143,0,692682,0
1650899,247150,0,692707,0
1650951,247156,0,692733,1
1651001,247168,0,692758,1
1651052,247178,0,692773,1
1651105,247185,0,692794,1
1651155,247190,0,692824,0
1651207,247198,0,692851,1
1651262,247207,0,692872,0
1651312,247214,0,692896,1
1651364,247220,0,692926,0
1651416,247224,0,692945,1
1651469,247231,0,692963,1
1651519,247242,0,692983,0
1651569,247248,0,693004,1
1651619,247255,0,693025,0
1651669,247264,0,693046,1
1651722,247271,0,693067,1
1651772,247279,0,693085,1
1651822,247287,0,693111,0
1651874,247295,0,693123,0
1651925,247301,0,693141,1
1651976,247311,0,693157,1
1652026,247323,0,693173,0
1652076,247330,0,693194,1
1652126,247337,0,693221,0
1652176,247342,0,693247,0
1652228,247352,0,693270,1
1652278,247359,0,693295,1
1652329,247368,0,693310,0
1652380,247371,0,693341,1
1652433,247375,0,693365,0
1652483,247386,0,693397,1
1652536,247395,0,693420,0
1652586,247402,0,693435,1
1652636,247407,0,693464,1
1652686,247416,0,693476,0
1652737,247424,0,693495,1
1652793,247434,0,693516,0
1652843,247441,0,693538,2
1652894,247448,0,693563,1
1652947,247455,0,693583,1
1652998,247467,0,693597,0
1653051,247476,0,693612,1
1653102,247484,0,693633,1
1653152,247489,0,693659,0
1653203,247496,0,693678,1
1653253,247507,0,693689,0
1653304,247513,0,693714,1
1653354,247518,0,693738,0
1653407,247522,0,693759,0
1653457,247529,0,693785,1
1653508,247542,0,693795,1
1653561,247547,0,693824,0
1653612,247555,0,693836,0
1653663,247561,0,693850,1
1653713,247570,0,693864,0
1653763,247578,0,693880,0
1653813,247586,0,693906,1
1653866,247594,0,693934,1
1653918,247600,0,693951,0
1653969,247608,0,693971,0
1654019,247621,0,693991,1
1654071,247629,0,694010,0
1654121,247637,0,694028,1
1654173,247641,0,694053,0
1654224,247650,0,694066,1
1654276,247658,0,694088,0
1654327,247665,0,694153,1
1654379,247670,0,694188,0
1654429,247675,0,694201,0
1654480,247683,0,694215,1
1654531,247694,0,694232,1
1654583,247699,0,694259,1
1654634,247706,0,694283,1
1654687,247716,0,694305,1
1654737,247723,0,694328,1
1654787,247733,0,694336,2
1654838,247739,0,694358,1
1654888,247746,0,694379,1
1654938,247754,0,694402,1
1654988,247765,0,694424,3
1655039,247775,0,694435,0
1655093,247781,0,694460,0
1655144,247788,0,694478,1
1655194,247794,0,694494,1
1655245,247804,0,694508,1
1655296,247810,0,694525,0
1655346,247818,0,694555,0
1655397,247821,0,694583,1
1655448,247827,0,694609,0
1655498,247839,0,694665,1
1655549,247846,0,694682,1
1655599,247853,0,694704,0
1655649,247858,0,694730,2
1655699,247868,0,694747,2
1655749,247875,0,694767,1
1655802,247884,0,694787,0
1655856,247892,0,694805,1
1655906,247900,0,694835,0
1655957,247907,0,694856,1
1656007,247918,0,694882,1
1656058,247927,0,694908,1
1656108,247933,0,694934,0
1656158,247940,0,694952,0
1656209,247946,0,694972,1
1656259,247957,0,694989,0
1656309,247962,0,695015,1
1656360,247968,0,695040,0
1656411,247972,0,695061,0
1656462,247978,0,695084,0
1656512,247991,0,695087,1
1656562,247997,0,695101,1
1656615,248005,0,695118,0
1656668,248011,0,695145,1
1656720,248020,0,695159,0
1656771,248028,0,695186,0
1656822,248036,0,695215,0
1656873,248044,0,695238,0
1656925,248051,0,695249,1
1656975,248058,0,695272,0
1657025,248071,0,695278,0
1657076,248079,0,695301,0
1657126,248086,0,695320,0
1657176,248091,0,695342,0
1657226,248100,0,695356,1
1657277,248108,0,695377,0
1657328,248115,0,695409,1
1657378,248120,0,695430,0
1657430,248125,0,695448,0
1657481,248132,0,695470,2
1657534,248144,0,695491,1
1657585,248148,0,695512,0
1657640,248156,0,695531,0
1657697,248166,0,695548,1
1657748,248174,0,695561,0
1657798,248184,0,695582,0
1657849,248191,0,695606,1
1657900,248196,0,695628,0
1657951,248204,0,695650,0
1658004,248216,0,695672,1
1658058,248226,0,695696,1
1658108,248233,0,695716,0
1658158,248239,0,695734,1
1658210,248245,0,695755,1
1658260,248257,0,695773,0
1658312,248263,0,695808,1
1658367,248269,0,695826,1
1658417,248273,0,695850,1
1658468,248278,0,695881,0
1658520,248291,0,695895,0
1658570,248297,0,695918,0
1658622,248305,0,695933,0
1658672,248311,0,695955,1
1658724,248320,0,695968,0
1658776,248328,0,695981,0
1658827,248337,0,696004,1
1658879,248344,0,696017,0
1658932,248352,0,696037,1
1658983,248358,0,696059,0
1659033,248371,0,696059,2
1659084,248380,0,696081,0
1659138,248387,0,696107,0
1659190,248393,0,696130,1
1659240,248402,0,696153,1
1659290,248410,0,696174,1
1659340,248417,0,696200,1
1659393,248420,0,696232,0
1659444,248426,0,696254,0
1659494,248433,0,696276,2
1659545,248445,0,696296,0
1659599,248451,0,696317,1
1659650,248457,0,696335,1
1659700,248466,0,696347,1
1659751,248474,0,696365,0
1659803,248484,0,696390,0
1659854,248491,0,696407,1
1659906,248497,0,696418,0
1659957,248504,0,696443,0
1660008,248513,0,696455,0
1660058,248525,0,696472,0
1660108,248533,0,696546,0
1660165,248539,0,696579,1
1660215,248546,0,696599,1
1660268,248556,0,696615,0
1660325,248563,0,696635,0
1660376,248570,0,696656,0
1660426,248575,0,696682,2
1660478,248580,0,696705,1
1660531,248592,0,696725,0
1660582,248598,0,696741,1
1660632,248605,0,696759,0
1660683,248612,0,696786,1
1660742,248621,0,696806,1
1660793,248632,0,696820,1
1660850,248638,0,696848,1
1660900,248646,0,696872,0
1660950,248654,0,696944,1
1661001,248661,0,696967,1
1661052,248675,0,696990,0
1661102,248683,0,697006,2
1661152,248687,0,697023,0
1661202,248694,0,697045,1
1661252,248703,0,697070,1
1661306,248710,0,697085,0
1661357,248718,0,697107,0
1661408,248722,0,697133,1
1661458,248727,0,697160,0
1661509,248738,0,697177,2
1661560,248746,0,697201,0
1661614,248753,0,697224,1
1661664,248759,0,697250,0
1661718,248769,0,697265,0
1661769,248777,0,697291,1
1661819,248785,0,697316,1
1661869,248792,0,697332,1
1661919,248799,0,697353,1
1661971,248807,0,697369,0
1662021,248815,0,697388,1
1662072,248827,0,697402,1
1662124,248835,0,697417,0
1662180,248841,0,697446,0
1662232,248848,0,697464,0
1662282,248858,0,697482,0
1662333,248865,0,697509,1
1662384,248870,0,697530,0
1662434,248875,0,697565,0
1662486,248880,0,697583,1
1662537,248892,0,697599,0
1662587,248898,0,697620,0
1662637,248906,0,697635,1
1662687,248913,0,697660,1
1662737,248920,0,697677,0
1662787,248928,0,697693,0
1662837,248937,0,697710,0
1662888,248945,0,697735,0
1662940,248952,0,697754,0
1662990,248958,0,697766,0
1663040,248971,0,697784,1
1663092,248978,0,697801,1
1663143,248987,0,697815,0
1663194,248993,0,697842,1
1663246,249002,0,697859,1
1663296,249010,0,697876,1
1663347,249018,0,697895,0
1663397,249020,0,697908,0
1663450,249026,0,697932,0
1663501,249032,0,697956,1
1663553,249045,0,697979,1
1663605,249051,0,698005,1
1663657,249057,0,698025,1
1663707,249068,0,698053,1
1663758,249073,0,698073,1
1663809,249084,0,698092,0
1663859,249089,0,698116,1
1663909,249097,0,698146,0
1663960,249104,0,698168,0
1664010,249113,0,698188,1
1664064,249126,0,698200,1
1664115,249133,0,698215,1
1664165,249138,0,698235,0
1664215,249145,0,698261,1
1664267,249156,0,698277,1
1664321,249162,0,698302,1
1664376,249169,0,698327,1
1664428,249174,0,698352,1
1664482,249179,0,698372,0
1664537,249192,0,698384,0
1664590,249198,0,698415,1
1664641,249206,0,698431,0
1664696,249213,0,698449,1
1664749,249221,0,698455,1
1664803,249231,0,698462,1
1664856,249238,0,698479,1
1664907,249247,0,698491,1
1664958,249254,0,698511,1
1665011,249262,0,698535,1
1665061,249275,0,698552,3
1665111,249282,0,698579,0
1665161,249288,0,698603,1
1665211,249294,0,698623,0
1665261,249304,0,698637,1
1665316,249311,0,698660,1
1665367,249318,0,698679,0
1665418,249322,0,698708,0
1665471,249328,0,698722,1
1665521,249340,0,698732,1
1665571,249346,0,698748,0
1665622,249354,0,698763,1
1665672,249359,0,698786,0
1665722,249368,0,698808,0
1665773,249376,0,698825,2
1665823,249385,0,698840,1
1665873,249392,0,698860,1
1665924,249398,0,698881,1
1665975,249406,0,698907,1
1666025,249415,0,698930,1
1666075,249427,0,698946,1
1666126,249435,0,698969,0
1666179,249440,0,698988,1
1666230,249447,0,699018,1
1666280,249457,0,699032,0
1666331,249464,0,699048,1
1666385,249470,0,699069,1
1666436,249475,0,699102,1
1666486,249479,0,699127,0
1666536,249492,0,699138,1
1666592,249498,0,699165,1
1666642,249506,0,699183,0
1666695,249512,0,699211,1
1666745,249520,0,699232,0
1666795,249528,0,699252,0
1666845,249537,0,699274,0
1666895,249545,0,699297,0
1666946,249552,0,699319,0
1666996,249559,0,699336,0
1667046,249569,0,699363,2
1667099,249578,0,699388,0
1667152,249587,0,699400,0
1667202,249593,0,699427,0
1667252,249600,0,699454,0
1667309,249610,0,699472,0
1667362,249618,0,699488,0
1667412,249622,0,699507,1
1667462,249627,0,699529,0
1667512,249634,0,699542,1
1667564,249646,0,699551,1
1667614,249651,0,699577,0
1667665,249657,0,699601,1
1667715,249665,0,699616,1
1667767,249673,0,699637,1
1667817,249683,0,699657,0
1667867,249689,0,699676,0
1667919,249697,0,699697,0
1667971,249705,0,699726,1
1668030,249712,0,699757,1
1668080,249727,0,699770,0
1668130,249735,0,699790,0
1668180,249740,0,699816,1
1668232,249746,0,699883,0
1668282,249757,0,699901,2
1668332,249763,0,699913,1
1668383,249769,0,699937,0
1668433,249774,0,699957,1
1668484,249779,0,699981,1
1668535,249789,0,699995,1
1668588,249797,0,700005,0
1668638,249805,0,700028,1
1668688,249810,0,700048,0
1668739,249820,0,700056,1
1668791,249828,0,700077,1
1668843,249837,0,700100,0
1668893,249845,0,700124,0
1668945,249852,0,700140,1
1668995,249859,0,700160,1
1669045,249868,0,700186,2
1669095,249878,0,700207,1
1669145,249886,0,700228,1
1669199,249892,0,700249,1
1669250,249900,0,700270,0
1669303,249910,0,700282,1
1669354,249917,0,700352,1
1669404,249920,0,700377,0
1669457,249926,0,700398,1
1669507,249931,0,700419,1
1669557,249945,0,700431,1
1669607,249950,0,700462,1
1669657,249956,0,700481,0
1669709,249962,0,700504,0
1669760,249971,0,700527,0
1669811,249980,0,700554,0
1669861,249988,0,700577,1
1669911,249997,0,700595,2
1669961,250004,0,700623,0
1670013,250010,0,700643,1
1670063,250021,0,700656,1
1670113,250030,0,700666,1
1670169,250038,0,700691,1
1670221,250044,0,700708,1
1670271,250053,0,700740,1
1670322,250060,0,700758,0
1670372,250068,0,700786,0
1670422,250072,0,700814,0
1670472,250077,0,700831,0
1670524,250084,0,700847,1
1670574,250096,0,700860,0
1670628,250103,0,700874,1
1670678,250110,0,700893,3
1670730,250118,0,700908,1
1670780,250126,0,700931,2
1670831,250135,0,700957,0
1670882,250142,0,700975,0
1670937,250149,0,700991,1
1670994,250157,0,701001,1
1671047,250165,0,701017,1
1671097,250177,0,701037,0
1671151,250187,0,701053,1
1671201,250190,0,701086,0
1671252,250199,0,701099,2
1671306,250210,0,701119,1
1671356,250217,0,701146,1
1671406,250220,0,701176,0
1671456,250225,0,701194,0
1671507,250230,0,701223,0
1671557,250245,0,701243,2
1671607,250249,0,701261,0
1671658,250256,0,701285,0
1671708,250262,0,701303,0
1671762,250271,0,701318,1
1671812,250281,0,701338,1
1671862,250288,0,701357,1
1671915,250296,0,701381,1
1671967,250304,0,701409,0
1672019,250311,0,701434,1
1672071,250319,0,701460,1
1672123,250331,0,701476,0
1672173,250338,0,701488,0
1672223,250344,0,701512,1
1672274,250353,0,701532,1
1672324,250360,0,701557,0
1672374,250368,0,701580,0
1672424,250372,0,701603,0
1672474,250378,0,701676,1
1672524,250384,0,701698,1
1672574,250396,0,701725,1
1672624,250402,0,701751,0
1672676,250407,0,701781,0
1672726,250416,0,701806,1
1672779,250423,0,701831,1
1672829,250435,0,701852,1
1672879,250442,0,701875,0
1672929,250447,0,701897,0
1672980,250455,0,701917,0
1673030,250461,0,701957,0
1673082,250473,0,701969,1
1673133,250483,0,701982,1
1673184,250489,0,701996,0
1673234,250497,0,702017,1
1673286,250504,0,702027,1
1673336,250512,0,702042,0
1673387,250520,0,702055,1
1673439,250523,0,702087,0
1673489,250529,0,702114,0
1673540,250536,0,702138,0
1673591,250547,0,702156,0
1673643,250555,0,702178,1
1673694,250560,0,702208,0
1673744,250570,0,702222,0
1673794,250578,0,702234,1
1673845,250587,0,702256,1
1673895,250593,0,702278,0
1673945,250600,0,702308,0
1673996,250607,0,702319,1
1674048,250615,0,702347,1
1674098,250627,0,702360,0
1674149,250636,0,702371,1
1674200,250640,0,702392,0
1674250,250647,0,702405,0
1674300,250656,0,702422,1
1674350,250665,0,702435,1
1674400,250670,0,702461,0
1674451,250675,0,702496,1
1674502,250680,0,702514,1
1674553,250690,0,702532,1
1674604,250698,0,702558,0
1674658,250706,0,702577,0
1674708,250712,0,702599,1
1674760,250720,0,702614,0
1674812,250730,0,702627,0
1674867,250738,0,702640,1
1674921,250746,0,702661,1
1674977,250755,0,702681,1
1675029,250761,0,702708,0
1675079,250769,0,702727,0
1675129,250781,0,702747,0
1675182,250789,0,702772,1
1675234,250796,0,702784,1
1675285,250803,0,702812,0
1675335,250812,0,702822,1
1675386,250818,0,702844,0
1675438,250823,0,702866,0
1675488,250829,0,702893,0
1675539,250836,0,702920,0
1675589,250847,0,702937,0
1675640,250853,0,702950,0
1675692,250860,0,702967,0
1675742,250868,0,703029,1
1675793,250875,0,703048,1
1675844,250886,0,703075,0
1675894,250893,0,703095,0
1675947,250900,0,703114,1
1675999,250907,0,703140,0
1676049,250915,0,703152,1
1676099,250927,0,703159,0
1676152,250936,0,703180,0
1676202,250940,0,703202,0
1676259,250948,0,703226,1
1676312,250958,0,703243,1
1676362,250965,0,703270,0
1676412,250970,0,703286,0
1676463,250976,0,703302,1
1676515,250980,0,703333,0
1676566,250991,0,703342,1
1676617,250999,0,703362,1
1676667,251006,0,703387,0
1676719,251013,0,703408,1
1676770,251021,0,703432,0
1676823,251031,0,703450,1
1676878,251039,0,703474,0
1676928,251047,0,703488,1
1676979,251055,0,703502,1
1677030,251061,0,703524,0
1677083,251070,0,703544,1
1677135,251081,0,703561,0
1677187,251089,0,703578,1
1677239,251096,0,703597,1
1677290,251103,0,703607,0
1677340,251112,0,703626,0
1677391,251119,0,703649,1
1677446,251123,0,703683,0
1677501,251129,0,703706,0
1677553,251137,0,703721,1
1677604,251148,0,703736,1
1677655,251156,0,703756,1
1677706,251160,0,703787,0
1677756,251170,0,703805,0
1677806,251179,0,703827,2
1677856,251187,0,703851,0
1677908,251194,0,703877,1
1677958,251201,0,703894,1
1678008,251208,0,703904,1
1678058,251215,0,703924,0
1678109,251227,0,703935,1
1678159,251236,0,703957,0
1678209,251240,0,703988,0
1678262,251248,0,704046,1
1678313,251257,0,704067,1
1678363,251265,0,704082,0
1678413,251270,0,704104,0
1678466,251276,0,704130,1
1678516,251280,0,704152,0
1678567,251291,0,704171,1
1678617,251298,0,704192,0
1678672,251306,0,704209,0
1678722,251313,0,704223,1
1678774,251321,0,704241,0
1678824,251331,0,704257,1
1678875,251339,0,704273,0
1678927,251346,0,704292,1
1678978,251353,0,704311,0
1679029,251361,0,704337,0
1679079,251367,0,704363,0
1679130,251379,0,704386,1
1679181,251387,0,704417,0
1679241,251394,0,704437,1
1679291,251403,0,704442,0
1679341,251412,0,704460,1
1679394,251419,0,704478,1
1679444,251423,0,704494,0
1679494,251429,0,704566,0
1679544,251433,0,704596,1
1679594,251447,0,704611,0
1679645,251453,0,704627,0
1679696,251460,0,704653,0
1679747,251466,0,704682,1
1679798,251475,0,704703,1
1679848,251486,0,704718,2
1679898,251493,0,704738,0
1679950,251498,0,704767,0
1680002,251507,0,704787,0
1680052,251514,0,704824,1
1680102,251523,0,704838,1
1680155,251535,0,704865,1
1680205,251540,0,704880,1
1680259,251546,0,704902,1
1680310,251556,0,704934,1
1680360,251563,0,704951,0
1680410,251570,0,704974,0
1680460,251574,0,704989,0
1680511,251580,0,705010,0
1680562,251588,0,705032,0
1680613,251598,0,705054,0
1680663,251606,0,705076,0
1680713,251611,0,705103,1
1680763,251620,0,705121,0
1680813,251626,0,705140,1
1680865,251637,0,705160,0
1680915,251645,0,705182,1
1680965,251651,0,705201,2
1681015,251659,0,705216,1
1681065,251666,0,705244,1
1681118,251676,0,705256,1
1681168,251687,0,705268,1
1681218,251690,0,705300,0
1681268,251699,0,705319,1
1681321,251707,0,705341,1
1681374,251715,0,705354,0
1681425,251721,0,705373,1
1681475,251726,0,705389,0
1681525,251731,0,705407,1
1681577,251743,0,705423,1
1681627,251749,0,705442,0
1681678,251756,0,705466,0
1681729,251763,0,705486,0
1681779,251771,0,705503,0
1681833,251781,0,705514,1
1681883,251789,0,705534,0
1681933,251797,0,705596,1
1681983,251803,0,705617,0
1682034,251811,0,705634,0
1682084,251819,0,705654,1
1682134,251829,0,705683,1
1682184,251837,0,705699,0
1682236,251843,0,705722,0
1682290,251853,0,705736,0
1682340,251860,0,705754,0
1682390,251868,0,705772,1
1682441,251872,0,705800,0
1682491,251878,0,705817,0
1682541,251882,0,705843,0
1682593,251897,0,705857,0
1682643,251902,0,705874,0
1682694,251909,0,705896,0
1682744,251914,0,705911,1
1682795,251923,0,705934,1
1682846,251933,0,705955,0
1682901,251943,0,705967,1
1682952,251948,0,705996,0
1683002,251957,0,706023,1
1683053,251964,0,706054,1
1683106,251972,0,706074,0
1683157,251984,0,706098,0
1683210,251990,0,706127,1
1683260,251994,0,706149,0
1683310,252006,0,706161,0
1683361,252013,0,706186,0
1683411,252020,0,706214,0
1683468,252024,0,706239,1
1683518,252030,0,706255,0
1683568,252039,0,706281,1
1683621,252049,0,706295,1
1683673,252056,0,706318,0
1683725,252062,0,706348,0
1683776,252071,0,706369,0
1683830,252079,0,706385,1
1683880,252089,0,706401,1
1683930,252096,0,706422,1
1683980,252103,0,706440,1
1684037,252111,0,706450,1
1684087,252118,0,706477,1
1684139,252129,0,706501,0
1684200,252138,0,706517,1
1684250,252143,0,706541,0
1684301,252154,0,706562,0
1684352,252163,0,706576,2
1684402,252170,0,706594,1
1684452,252173,0,706618,0
1684502,252178,0,706639,0
1684552,252183,0,706654,1
1684603,252197,0,706669,0
1684654,252203,0,706698,0
1684705,252210,0,706720,0
1684755,252215,0,706741,1
1684806,252224,0,706761,1
1684856,252235,0,706780,1
1684906,252243,0,706797,0
1684956,252248,0,706817,0
1685008,252256,0,706837,1
1685058,252264,0,706860,1
1685108,252272,0,706883,0
1685160,252283,0,706900,1
1685213,252289,0,706927,1
1685263,252294,0,706952,0
1685314,252305,0,706964,1
1685365,252313,0,706985,0
1685415,252320,0,707002,0
1685465,252323,0,707030,0
1685515,252330,0,707049,1
1685565,252338,0,707078,2
1685617,252347,0,707103,0
1685669,252356,0,707124,1
1685720,252361,0,707144,1
1685771,252370,0,707166,2
1685822,252376,0,707196,1
1685872,252386,0,707212,1
1685923,252395,0,707227,1
1685973,252401,0,707250,0
1686023,252407,0,707266,2
1686074,252416,0,707295,0
1686126,252426,0,707310,1
1686176,252437,0,707330,1
1686228,252440,0,707407,0
1686278,252448,0,707420,1
1686329,252457,0,707446,0
1686381,252465,0,707465,1
1686432,252471,0,707493,0
1686483,252476,0,707510,1
1686533,252481,0,707534,0
1686583,252492,0,707548,1
1686635,252500,0,707563,1
1686685,252506,0,707577,0
1686740,252513,0,707591,0
1686790,252522,0,707612,1
1686846,252530,0,707636,0
1686896,252540,0,707653,0
1686948,252547,0,707682,0
1686998,252554,0,707704,0
1687050,252562,0,707727,1
1687100,252568,0,707750,1
1687152,252581,0,707766,1
1687202,252588,0,707781,1
1687252,252593,0,707803,0
1687304,252604,0,707815,0
1687354,252611,0,707846,1
1687405,252620,0,707870,0
1687455,252623,0,707895,0
1687507,252628,0,707917,0
1687559,252634,0,707949,1
1687616,252647,0,707967,0
1687666,252655,0,707990,0
1687718,252660,0,708012,0
1687768,252665,0,708031,1
1687819,252675,0,708049,0
1687871,252685,0,708065,0
1687922,252694,0,708079,0
1687977,252701,0,708103,1
1688027,252707,0,708123,1
1688079,252716,0,708146,0
1688129,252726,0,708167,2
1688183,252736,0,708192,1
1688233,252742,0,708216,1
1688285,252747,0,708234,1
1688336,252757,0,708252,0
1688386,252766,0,708267,3
1688438,252772,0,708293,1
1688488,252776,0,708311,1
1688540,252782,0,708343,1
1688593,252793,0,708361,1
1688645,252801,0,708393,0
1688695,252807,0,708421,0
1688750,252814,0,708433,1
1688800,252822,0,708454,0
1688851,252831,0,708475,1
1688902,252840,0,708490,0
1688954,252847,0,708508,0
1689004,252854,0,708524,0
1689054,252862,0,708535,0
1689104,252869,0,708568,2
1689155,252881,0,708587,1
1689205,252888,0,708610,0
1689261,252893,0,708625,0
1689314,252904,0,708642,0
1689364,252911,0,708657,1
1689414,252920,0,708676,0
1689464,252923,0,708704,0
1689522,252929,0,708727,1
1689573,252937,0,708749,1
1689625,252948,0,708768,1
1689675,252956,0,708791,0
1689725,252960,0,708813,0
1689775,252968,0,708832,2
1689825,252976,0,708853,1
1689875,252986,0,708877,1
1689925,252994,0,708901,0
1689978,253000,0,708970,0
1690029,253007,0,708997,1
1690079,253016,0,709020,0
1690129,253026,0,709095,2
1690184,253036,0,709109,1
1690234,253041,0,709133,0
1690285,253046,0,709150,0
1690335,253055,0,709176,0
1690386,253064,0,709193,1
1690436,253071,0,709221,0
1690487,253075,0,709254,0
1690546,253082,0,709273,1
1690596,253095,0,709289,2
1690646,253101,0,709311,0
1690696,253107,0,709337,0
1690747,253113,0,709360,0
1690798,253122,0,709383,0
1690849,253130,0,709399,0
1690899,253140,0,709419,0
1690950,253147,0,709437,1
1691000,253154,0,709454,1
1691052,253161,0,709476,1
1691102,253168,0,709503,1
1691155,253180,0,709514,1
1691209,253188,0,709581,0
1691259,253193,0,709611,0
1691318,253204,0,709635,0
1691368,253212,0,709655,1
1691419,253220,0,709669,1
1691471,253223,0,709696,0
1691526,253229,0,709719,1
1691577,253237,0,709740,1
1691632,253249,0,709752,1
1691685,253256,0,709763,0
1691736,253262,0,709784,1
1691787,253269,0,709810,1
1691838,253278,0,709822,1
1691888,253288,0,709839,0
1691940,253295,0,709862,0
1691991,253302,0,709880,1
1692042,253310,0,709900,1
1692092,253316,0,709923,0
1692142,253328,0,709942,0
1692193,253337,0,709959,0
1692245,253342,0,709982,1
1692298,253348,0,710000,1
1692348,253357,0,710012,0
1692402,253367,0,710033,1
1692452,253372,0,710062,0
1692503,253378,0,710087,0
1692553,253382,0,710109,0
1692605,253393,0,710129,0
1692655,253402,0,710155,1
1692712,253408,0,710173,1
1692765,253414,0,710191,0
1692818,253423,0,710211,1
1692868,253435,0,710216,2
1692918,253441,0,710240,0
1692971,253449,0,710264,1
1693023,253455,0,710287,0
1693073,253464,0,710315,0
1693123,253472,0,710339,1
1693173,253482,0,710355,0
1693223,253488,0,710374,0
1693275,253495,0,710386,1
1693331,253504,0,710397,0
1693381,253513,0,710408,0
1693431,253520,0,710442,0
1693488,253524,0,710465,1
1693539,253531,0,710492,0
1693589,253539,0,710513,0
1693640,253550,0,710538,1
1693692,253556,0,710564,0
1693742,253563,0,710589,1
1693792,253570,0,710615,2
1693842,253579,0,710636,1
1693892,253589,0,710657,1
1693943,253595,0,710681,0
1693994,253602,0,710701,1
1694047,253610,0,710721,1
1694098,253617,0,710740,1
1694154,253629,0,710752,0
1694206,253638,0,710772,0
1694259,253643,0,710801,0
1694310,253650,0,710823,1
1694360,253657,0,710843,0
1694414,253669,0,710861,1
1694465,253673,0,710889,0
1694517,253678,0,710906,0
1694574,253683,0,710921,0
1694628,253698,0,710928,1
1694678,253705,0,710953,1
1694732,253710,0,710979,1
1694783,253717,0,711006,1
1694833,253726,0,711031,1
1694883,253736,0,711057,1
1694935,253745,0,711072,0
1694985,253750,0,711096,1
1695035,253757,0,711113,2
1695085,253766,0,711133,0
1695138,253776,0,711152,1
1695193,253785,0,711176,1
1695243,253791,0,711198,0
1695294,253796,0,711217,1
1695346,253807,0,711239,1
1695398,253815,0,711259,1
1695448,253822,0,711281,1
1695500,253826,0,711308,1
1695550,253831,0,711331,0
1695600,253841,0,711340,2
1695653,253851,0,711351,0
1695703,253857,0,711370,1
1695754,253863,0,711390,0
1695804,253872,0,711417,1
1695854,253879,0,711434,1
1695908,253890,0,711454,1
1695959,253897,0,711476,1
1696010,253903,0,711510,0
1696060,253911,0,711533,1
1696110,253917,0,711550,1
1696164,253929,0,711560,1
1696215,253938,0,711579,0
1696266,253943,0,711607,0
1696317,253951,0,711630,1
1696368,253958,0,711657,0
1696421,253970,0,711677,1
1696471,253973,0,711699,0
1696522,253978,0,711727,0
1696573,253983,0,711756,1
1696623,253995,0,711776,1
1696673,254003,0,711795,0
1696724,254008,0,711817,0
1696777,254015,0,711847,0
1696827,254023,0,711866,0
1696882,254035,0,711877,0
1696933,254044,0,711899,1
1696984,254049,0,711926,0
1697037,254056,0,711946,1
1697087,254066,0,711963,0
1697137,254075,0,711974,1
1697187,254084,0,712004,1
1697237,254090,0,712030,2
1697287,254095,0,712067,0
1697337,254104,0,712086,0
1697389,254113,0,712110,0
1697440,254121,0,712133,0
1697490,254123,0,712158,0
1697540,254131,0,712175,1
1697593,254137,0,712201,1
1697643,254149,0,712219,0
1697694,254156,0,712243,0
1697744,254162,0,712271,1
1697794,254169,0,712293,1
1697848,254178,0,712311,1
1697900,254189,0,712326,0
1697956,254196,0,712353,1
1698007,254203,0,712384,1
1698057,254210,0,712407,0
1698111,254216,0,712429,0
1698161,254228,0,712448,0
1698214,254238,0,712468,1
1698266,254243,0,712493,0
1698317,254249,0,712519,1
1698370,254258,0,712537,0
1698420,254269,0,712547,1
1698473,254273,0,712579,0
1698523,254278,0,712591,0
1698575,254283,0,712608,1
1698626,254294,0,712630,2
1698676,254303,0,712654,0
1698726,254308,0,712682,0
1698778,254315,0,712708,0
1698830,254323,0,712731,1
1698880,254334,0,712753,0
1698931,254343,0,712775,1
1698981,254349,0,712803,1
1699031,254354,0,712823,0
1699086,254365,0,712835,1
1699136,254374,0,712853,3
1699188,254383,0,712872,0
1699239,254390,0,712887,1
1699290,254395,0,712913,0
1699341,254404,0,712938,0
1699397,254411,0,712956,1
1699450,254422,0,712967,1
1699502,254425,0,712988,1
1699552,254431,0,713017,0
1699602,254438,0,713041,1
1699657,254451,0,713053,0
1699707,254457,0,713073,1
1699759,254463,0,713091,0
1699809,254472,0,713102,0
1699860,254480,0,713162,1
1699910,254489,0,713189,0
1699960,254496,0,713200,1
1700012,254503,0,713231,0
1700062,254510,0,713252,0
1700114,254516,0,713274,0
1700166,254528,0,713339,0
1700224,254538,0,713355,1
1700274,254543,0,713371,0
1700324,254552,0,713390,2
1700378,254558,0,713418,0
1700429,254570,0,713429,1
1700479,254573,0,713454,0
1700530,254578,0,713475,0
1700581,254583,0,713508,0
1700631,254595,0,713527,2
1700682,254604,0,713544,1
1700732,254608,0,713568,0
1700783,254616,0,713589,1
1700833,254622,0,713611,0
1700883,254635,0,713626,1
1700933,254643,0,713651,1
1700984,254649,0,713673,0
1701034,254654,0,713697,0
1701089,254665,0,713716,1
1701140,254672,0,713732,2
1701191,254683,0,713746,0
1701242,254689,0,713761,1
1701297,254695,0,713779,0
1701348,254705,0,713809,1
1701398,254711,0,713830,1
1701449,254721,0,713842,0
1701500,254724,0,713860,1
1701552,254731,0,713880,0
1701602,254737,0,713899,0
1701652,254751,0,713924,1
1701704,254756,0,713957,0
1701754,254762,0,713979,1
1701805,254770,0,713995,1
1701859,254778,0,714018,1
1701909,254789,0,714035,0
1701959,254795,0,714061,0
1702010,254802,0,714086,1
1702060,254810,0,714107,0
1702110,254816,0,714122,0
1702161,254827,0,714141,1
1702214,254836,0,714150,1
1702265,254842,0,714179,0
1702315,254847,0,714208,0
1702365,254857,0,714221,0
1702415,254866,0,714249,1
1702466,254873,0,714279,1
1702516,254877,0,714310,1
1702566,254882,0,714321,1
1702616,254891,0,714340,0
1702667,254902,0,714356,1
1702719,254907,0,714379,0
1702770,254913,0,714410,0
1702820,254922,0,714425,0
1702871,254931,0,714455,1
1702922,254941,0,714471,0
1702972,254948,0,714497,0
1703022,254954,0,714522,1
1703081,254963,0,714548,1
1703131,254968,0,714575,1
1703182,254982,0,714598,2
1703233,254988,0,714621,0
1703285,254994,0,714644,0
1703344,255004,0,714659,1
1703395,255010,0,714679,1
1703448,255021,0,714704,0
1703502,255024,0,714726,1
1703552,255031,0,714745,0
1703602,255037,0,714766,0
1703652,255049,0,714782,1
1703702,255056,0,714807,0
1703753,255061,0,714834,0
1703808,255069,0,714857,1
1703861,255078,0,714868,1
1703911,255089,0,714884,0
1703965,255096,0,714901,1
1704017,255103,0,714926,0
1704067,255111,0,714940,2
1704117,255116,0,714975,0
1704169,255128,0,714994,0
1704221,255137,0,715011,0
1704277,255142,0,715030,0
1704332,255148,0,715062,1
1704383,255158,0,715075,0
1704433,255169,0,715091,0
1704488,255173,0,715114,0
1704540,255179,0,715130,1
1704590,255184,0,715145,1
1704648,255195,0,715168,1
1704700,255206,0,715188,1
1704752,255209,0,715204,1
1704805,255218,0,715220,0
1704855,255227,0,715244,1
1704907,255239,0,715264,3
1704957,255245,0,715291,0
1705012,255251,0,715303,1
1705067,255258,0,715318,1
1705120,255267,0,715344,1
1705171,255278,0,715359,2
1705224,255287,0,715380,0
1705274,255292,0,715397,0
1705324,255297,0,715432,0
1705376,255308,0,715449,1
1705426,255317,0,715469,1
1705476,255323,0,715486,0
1705528,255328,0,715507,1
1705578,255332,0,715528,0
1705630,255342,0,715546,1
1705681,255353,0,715559,0
1705733,255358,0,715585,1
1705784,255364,0,715612,0
1705836,255372,0,715627,0
1705891,255382,0,715648,0
1705941,255391,0,715674,0
1705995,255399,0,715697,0
1706048,255404,0,715719,0
1706098,255415,0,715730,1
1706154,255423,0,715746,1
1706204,255433,0,715764,0
1706255,255440,0,715783,0
1706305,255445,0,715802,0
1706355,255454,0,715813,1
1706406,255461,0,715843,1
1706458,255471,0,715867,0
1706508,255475,0,715893,1
1706563,255481,0,715915,0
1706618,255490,0,715930,1
1706669,255501,0,715951,1
1706720,255507,0,715981,0
1706772,255513,0,715997,0
1706823,255522,0,716023,0
1706873,255530,0,716035,1
1706926,255541,0,716059,1
1706977,255548,0,716081,1
1707027,255554,0,716117,1
1707078,255560,0,716141,1
1707128,255567,0,716169,0
1707182,255579,0,716177,1
1707233,255588,0,716186,1
1707283,255593,0,716213,0
1707333,255597,0,716236,0
1707384,255609,0,716250,1
1707436,255620,0,716263,3
1707487,255623,0,716284,0
1707538,255628,0,716305,0
1707588,255632,0,716332,0
1707639,255644,0,716351,1
1707693,255654,0,716375,1
1707743,255658,0,716388,0
1707793,255665,0,716410,1
1707843,255672,0,716435,0
1707897,255683,0,716453,1
1707951,255692,0,716471,1
1708001,255700,0,716486,0
1708053,255704,0,716514,0
1708103,255715,0,716529,0
1708153,255722,0,716553,1
1708203,255733,0,716569,0
1708253,255740,0,716589,1
1708303,255745,0,716607,0
1708354,255751,0,716625,1
1708406,255760,0,716654,1
1708456,255771,0,716667,0
1708507,255774,0,716691,0
1708559,255781,0,716716,1
1708609,255786,0,716744,0
1708663,255797,0,716754,1
1708713,255807,0,716775,2
1708763,255810,0,716800,1
1708813,255818,0,716822,0
1708863,255828,0,716840,1
1708914,255835,0,716864,1
1708964,255844,0,716885,1
1709021,255851,0,716903,1
1709079,255856,0,716922,1
1709129,255867,0,716943,0
1709183,255878,0,716960,1
1709234,255888,0,716990,1
1709284,255892,0,717019,0
1709334,255897,0,717043,0
1709388,255909,0,717061,1
1709438,255920,0,717085,1
1709489,255923,0,717103,0
1709540,255928,0,717131,0
1709593,255933,0,717155,1
1709643,255944,0,717180,0
1709695,255954,0,717206,1
1709747,255958,0,717227,0
1709800,255965,0,717254,1
1709852,255973,0,717276,0
1709902,255983,0,717307,0
1709952,255992,0,717325,1
1710002,256000,0,717339,0
1710057,256004,0,717355,0
1710110,256015,0,717366,0
1710161,256024,0,717384,1
1710213,256034,0,717402,1
1710266,256040,0,717428,0
1710316,256045,0,717452,0
1710366,256056,0,717470,1
1710416,256061,0,717490,0
1710467,256072,0,717501,1
1710518,256075,0,717529,0
1710571,256081,0,717556,0
1710622,256089,0,717587,1
1710673,256100,0,717603,1
1710724,256107,0,717631,0
1710774,256113,0,717658,2
1710825,256122,0,717678,1
1710877,256130,0,717694,0
1710931,256139,0,717724,1
1710982,256147,0,717743,1
1711035,256153,0,717762,1
1711085,256157,0,717781,0
1711135,256167,0,717799,0
1711185,256179,0,717821,2
1711238,256187,0,717841,1
1711290,256193,0,717862,0
1711341,256197,0,717888,0
1711391,256208,0,717917,0
1711441,256219,0,717935,3
1711493,256223,0,717972,0
1711544,256228,0,717998,0
1711594,256233,0,718015,1
1711649,256243,0,718035,1
1711703,256254,0,718053,1
1711755,256258,0,718091,0
1711806,256267,0,718104,1
1711861,256275,0,718176,1
1711914,256284,0,718190,0
1711966,256293,0,718205,1
1712019,256300,0,718221,0
1712071,256305,0,718237,0
1712121,256316,0,718257,0
1712176,256325,0,718270,1
1712226,256335,0,718283,0
1712280,256341,0,718304,0
1712330,256347,0,718332,0
1712383,256357,0,718349,1
1712433,256364,0,718379,2
1712484,256373,0,718395,0
1712536,256378,0,718424,1
1712592,256382,0,718447,0
1712643,256392,0,718519,1
1712693,256403,0,718544,0
1712745,256408,0,718572,0
1712797,256414,0,718598,0
1712847,256422,0,718600,0
1712897,256430,0,718623,0
1712947,256441,0,718691,0
1713000,256450,0,718709,1
1713051,256454,0,718732,0
1713101,256462,0,718758,2
1713151,256470,0,718786,1
1713211,256481,0,718800,1
1713261,256490,0,718816,1
1713313,256495,0,718836,0
1713364,256502,0,718860,1
1713414,256511,0,718875,1
1713464,256520,0,718892,0
1713521,256525,0,718918,1
1713574,256531,0,718942,0
1713626,256539,0,718970,1
1713680,256549,0,718984,1
1713730,256557,0,719001,0
1713782,256562,0,719024,1
1713832,256570,0,719034,1
1713883,256580,0,719048,0
1713933,256589,0,719074,2
1713984,256595,0,719088,0
1714034,256602,0,719109,0
1714086,256607,0,719123,1
1714139,256617,0,719140,1
1714191,256627,0,719159,1
1714243,256638,0,719180,1
1714294,256643,0,719211,0
1714352,256648,0,719235,1
1714403,256659,0,719248,0
1714460,256670,0,719270,1
1714512,256673,0,719302,0
1714562,256680,0,719331,1
1714612,256686,0,719350,1
1714663,256695,0,719369,0
1714714,256705,0,719385,1
1714764,256708,0,719421,0
1714814,256714,0,719440,0
1714864,256725,0,719454,1
1714916,256734,0,719479,0
1714968,256742,0,719499,0
1715022,256750,0,719514,0
1715072,256755,0,719537,0
1715122,256766,0,719558,0
1715172,256774,0,719586,0
1715223,256781,0,719610,1
1715276,256791,0,719628,1
1715328,256796,0,719655,1
1715378,256806,0,719681,1
1715430,256812,0,719698,1
1715480,256822,0,719724,0
1715530,256826,0,719746,1
1715581,256832,0,719772,1
1715632,256839,0,719790,1
1715682,256849,0,719815,1
1715732,256857,0,719845,0
1715783,256861,0,719871,0
1715833,256867,0,719890,2
1715887,256878,0,719902,1
1715937,256888,0,719910,1
1715987,256895,0,719937,1
1716040,256902,0,719957,0
1716092,256908,0,719979,1
1716144,256917,0,720009,1
1716197,256927,0,720030,1
1716247,256938,0,720053,0
1716301,256944,0,720075,1
1716351,256947,0,720101,0
1716403,256959,0,720118,1
1716454,256969,0,720140,1
1716508,256973,0,720158,0
1716561,256979,0,720184,0
1716613,256984,0,720212,0
1716663,256995,0,720222,0
1716715,257005,0,720245,1
1716765,257008,0,720272,0
1716824,257014,0,720291,0
1716875,257025,0,720312,0
1716926,257036,0,720331,1
1716976,257043,0,720345,1
1717026,257050,0,720371,0
1717076,257055,0,720385,0
1717128,257066,0,720408,0
1717180,257074,0,720430,0
1717232,257083,0,720450,1
1717283,257091,0,720467,0
1717334,257096,0,720492,0
1717386,257106,0,720515,1
1717436,257112,0,720538,0
1717488,257123,0,720552,0
1717538,257127,0,720572,1
1717595,257132,0,720593,0
1717645,257141,0,720623,0
1717699,257150,0,720644,1
1717753,257158,0,720669,0
1717804,257164,0,720686,1
1717854,257173,0,720702,1
1717905,257180,0,720717,0
1717958,257191,0,720732,0
1718008,257199,0,720749,0
1718061,257204,0,720777,0
1718113,257213,0,720801,1
1718164,257220,0,720829,0
1718214,257230,0,720850,0
1718265,257239,0,720867,0
1718316,257245,0,720887,0
1718369,257250,0,720908,1
1718419,257260,0,720925,0
1718477,257271,0,720941,1
1718530,257275,0,720965,1
1718583,257282,0,720990,1
1718634,257287,0,721012,1
1718684,257299,0,721033,1
1718737,257307,0,721054,0
1718788,257311,0,721078,0
1718838,257316,0,721099,1
1718888,257327,0,721112,0
1718939,257338,0,721131,1
1718989,257345,0,721153,0
1719042,257352,0,721175,0
1719092,257358,0,721198,2
1719144,257366,0,721227,0
1719194,257376,0,721251,0
1719248,257385,0,721276,1
1719298,257392,0,721294,0
1719349,257397,0,721315,0
1719400,257408,0,721338,1
1719451,257416,0,721361,0
1719501,257423,0,721380,0
1719552,257428,0,721401,0
1719602,257433,0,721418,0
1719652,257441,0,721430,0
1719702,257451,0,721447,1
1719754,257458,0,721475,0
1719814,257464,0,721500,1
1719867,257474,0,721515,1
1719919,257482,0,721530,1
1719969,257492,0,721548,0
1720020,257500,0,721567,0
1720073,257505,0,721589,1
1720124,257515,0,721608,1
1720174,257524,0,721631,1
1720226,257532,0,721653,1
1720276,257540,0,721668,0
1720326,257545,0,721698,0
1720380,257552,0,721733,1
1720434,257562,0,721741,1
1720484,257571,0,721752,1
1720538,257575,0,721774,0
1720589,257582,0,721795,0
1720641,257588,0,721826,1
1720694,257599,0,721845,1
1720744,257607,0,721863,0
1720795,257611,0,721893,0
1720846,257617,0,721913,1
1720897,257627,0,721930,0
1720947,257639,0,721934,1
1720997,257646,0,721957,1
1721051,257652,0,721974,0
1721101,257658,0,721998,0
1721151,257667,0,722019,1
1721201,257677,0,722036,1
1721253,257685,0,722057,1
1721303,257693,0,722080,1
1721357,257698,0,722098,1
1721408,257708,0,722169,0
1721459,257717,0,722192,0
1721510,257723,0,722207,0
1721561,257729,0,722230,1
1721611,257733,0,722249,0
1721662,257742,0,722270,1
1721717,257752,0,722297,1
1721767,257758,0,722327,0
1721818,257764,0,722349,1
1721869,257774,0,722360,1
1721919,257782,0,722389,1
1721969,257792,0,722410,1
1722019,257800,0,722428,1
1722069,257804,0,722456,0
1722120,257814,0,722471,1
1722171,257821,0,722489,1
1722222,257830,0,722506,0
1722274,257838,0,722525,1
1722325,257845,0,722541,0
1722375,257850,0,722569,0
1722425,257860,0,722580,0
1722477,257868,0,722597,1
1722527,257874,0,722619,1
1722577,257880,0,722635,1
1722627,257885,0,722659,0
1722679,257896,0,722679,1
1722729,257904,0,722712,0
1722780,257909,0,722738,1
1722831,257915,0,722761,1
1722882,257925,0,722785,0
1722932,257933,0,722848,0
1722982,257943,0,722862,0
1723036,257950,0,722885,0
1723086,257955,0,722915,0
1723147,257966,0,722934,0
1723199,257976,0,722953,0
1723249,257984,0,722985,0
1723301,257992,0,723007,0
1723355,257997,0,723033,0
1723414,258006,0,723053,1
1723468,258017,0,723073,0
1723518,258023,0,723096,0
1723573,258029,0,723121,0
1723623,258035,0,723145,1
1723674,258045,0,723164,0
1723724,258053,0,723182,0
1723775,258058,0,723197,0
1723826,258064,0,723223,0
1723876,258073,0,723233,1
1723927,258083,0,723247,1
1723980,258092,0,723265,1
1724030,258100,0,723284,0
1724081,258104,0,723305,0
1724133,258114,0,723328,1
1724187,258123,0,723348,1
1724246,258133,0,723379,1
1724296,258142,0,723400,1
1724346,258146,0,723425,0
1724397,258153,0,723450,1
1724448,258164,0,723472,1
1724500,258173,0,723496,0
1724550,258177,0,723522,1
1724601,258182,0,723548,0
1724651,258190,0,723575,1
1724705,258199,0,723598,1
1724755,258208,0,723606,0
1724807,258212,0,723632,1
1724857,258218,0,723653,1
1724908,258228,0,723670,0
1724961,258239,0,723682,0
1725012,258248,0,723697,1
1725067,258253,0,723729,0
1725120,258259,0,723746,1
1725170,258270,0,723761,1
1725220,258280,0,723780,1
1725270,258287,0,723797,0
1725320,258295,0,723819,0
1725372,258300,0,723839,1
1725426,258309,0,723853,1
1725479,258318,0,723872,1
1725529,258324,0,723895,1
1725580,258330,0,723925,0
1725631,258335,0,723944,0
1725681,258346,0,723965,1
1725732,258354,0,723985,1
1725782,258359,0,724004,1
1725835,258365,0,724023,1
1725887,258375,0,724036,1
1725937,258383,0,724047,0
1725990,258393,0,724073,0
1726040,258400,0,724089,0
1726090,258405,0,724107,0
1726142,258416,0,724129,0
1726192,258425,0,724152,2
1726243,258432,0,724177,0
1726294,258441,0,724199,0
1726344,258446,0,724221,0
1726394,258452,0,724242,1
1726445,258462,0,724258,1
1726495,258472,0,724277,2
1726547,258476,0,724303,1
1726597,258482,0,724327,0
1726647,258488,0,724345,1
1726698,258498,0,724373,0
1726749,258507,0,724400,0
1726801,258511,0,724431,0
1726853,258517,0,724453,1
1726903,258527,0,724472,1
1726956,258537,0,724484,1
1727007,258545,0,724505,1
1727057,258552,0,724523,0
1727107,258558,0,724539,1
1727157,258567,0,724547,1
1727209,258577,0,724566,1
1727263,258585,0,724589,1
1727317,258594,0,724606,1
1727367,258598,0,724628,0
1727417,258605,0,724648,0
1727467,258616,0,724665,1
1727517,258623,0,724682,0
1727568,258629,0,724702,0
1727618,258633,0,724726,0
1727668,258642,0,724738,1
1727719,258651,0,724757,1
1727771,258658,0,724785,0
1727821,258664,0,724813,1
1727875,258671,0,724830,1
1727925,258681,0,724848,1
1727976,258690,0,724859,0
1728026,258700,0,724890,0
1728076,258703,0,724921,0
1728132,258709,0,724946,1
1728182,258722,0,724962,1
1728232,258730,0,724988,0
1728282,258738,0,725006,0
1728334,258745,0,725026,0
1728385,258750,0,725058,0
1728437,258759,0,725085,2
1728490,258769,0,725106,1
1728542,258775,0,725129,1
1728592,258782,0,725140,1
1728643,258787,0,725205,1
1728693,258798,0,725227,2
1728745,258805,0,725289,1
1728797,258811,0,725319,1
1728847,258816,0,725338,1
1728898,258825,0,725356,1
1728949,258834,0,725383,1
1728999,258843,0,725403,0
1729050,258852,0,725421,1
1729100,258857,0,725445,1
1729150,258865,0,725459,2
1729200,258876,0,725479,1
1729250,258883,0,725505,1
1729301,258892,0,725525,1
1729351,258896,0,725554,0
1729401,258903,0,725581,0
1729454,258912,0,725601,1
1729509,258921,0,725611,1
1729559,258927,0,725629,0
1729611,258933,0,725650,0
1729662,258940,0,725673,0
1729713,258949,0,725686,1
1729764,258958,0,725704,0
1729818,258962,0,725726,0
1729868,258969,0,725747,0
1729918,258979,0,725760,1
1729968,258989,0,725780,0
1730018,258997,0,725797,1
1730068,259002,0,725811,0
1730119,259008,0,725833,0
1730171,259019,0,725852,0
1730223,259030,0,725870,0
1730273,259037,0,725892,0
1730323,259045,0,725910,1
1730374,259049,0,725931,1
1730424,259055,0,725953,0
1730474,259066,0,725971,0
1730524,259073,0,725998,0
1730574,259079,0,726017,0
1730624,259083,0,726044,0
1730674,259092,0,726062,1
1730725,259100,0,726080,1
1730775,259108,0,726096,0
1730829,259113,0,726120,1
1730880,259121,0,726138,1
1730933,259132,0,726161,1
1730983,259141,0,726183,0
1731033,259150,0,726210,0
1731083,259154,0,726243,1
1731137,259158,0,726264,0
1731190,259172,0,726274,1
1731242,259181,0,726283,0
1731292,259189,0,726297,0
1731342,259196,0,726307,0
1731395,259201,0,726329,0
1731447,259211,0,726341,1
1731497,259220,0,726356,2
1731547,259225,0,726369,1
1731597,259232,0,726400,1
1731650,259237,0,726427,1
1731704,259247,0,726447,1
1731756,259257,0,726460,1
1731806,259261,0,726478,0
1731856,259266,0,726511,0
1731906,259276,0,726533,1
1731959,259285,0,726546,1
1732011,259295,0,726564,1
1732061,259302,0,726594,0
1732119,259308,0,726608,1
1732174,259319,0,726629,1
1732230,259330,0,726647,1
1732280,259337,0,726670,0
1732332,259345,0,726696,1
1732383,259350,0,726711,0
1732436,259358,0,726730,1
1732486,259367,0,726743,0
1732539,259373,0,726772,0
1732592,259381,0,726789,1
1732642,259385,0,726804,0
1732693,259395,0,726822,0
1732743,259403,0,726835,0
1732793,259410,0,726850,1
1732846,259415,0,726869,1
1732896,259422,0,726886,0
1732951,259434,0,726896,1
1733002,259443,0,726918,0
1733052,259452,0,726935,1
1733103,259455,0,726953,1
1733162,259462,0,726968,1
1733214,259474,0,726995,0
1733264,259484,0,727009,0
1733314,259492,0,727028,0
1733367,259497,0,727045,1
1733420,259503,0,727062,1
1733472,259515,0,727079,1
1733522,259520,0,727100,0
1733572,259529,0,727125,1
1733623,259533,0,727157,0
1733680,259542,0,727181,1
1733734,259551,0,727197,0
1733784,259558,0,727213,0
1733835,259563,0,727234,1
1733887,259572,0,727257,1
1733937,259580,0,727276,0
1733991,259591,0,727288,1
1734041,259600,0,727318,0
1734091,259604,0,727342,0
1734150,259609,0,727367,1
1734200,259622,0,727393,0
1734250,259632,0,727408,3
1734301,259640,0,727427,1
1734351,259646,0,727453,0
1734401,259651,0,727475,0
1734452,259661,0,727486,1
1734503,259670,0,727517,0
1734553,259675,0,727554,1
1734604,259682,0,727577,0
1734655,259687,0,727604,0
1734705,259696,0,727621,0
1734755,259706,0,727641,1
1734805,259711,0,727661,0
1734855,259716,0,727680,1
1734907,259724,0,727698,0
1734958,259734,0,727718,0
1735008,259744,0,727725,2
1735064,259752,0,727741,0
1735114,259757,0,727767,2
1735165,259762,0,727791,1
1735215,259774,0,727822,0
1735266,259785,0,727834,1
1735317,259792,0,727852,0
1735370,259797,0,727876,1
1735423,259803,0,727915,1
1735473,259815,0,727934,0
1735523,259820,0,727953,0
1735573,259828,0,727967,1
1735626,259833,0,728053,0
1735676,259840,0,728071,1
1735729,259849,0,728086,1
1735781,259858,0,728100,0
1735831,259862,0,728127,0
1735881,259870,0,728142,1
1735932,259878,0,728164,2
1735982,259889,0,728187,1
1736032,259897,0,728253,0
1736086,259904,0,728274,1
1736140,259908,0,728298,0
1736191,259921,0,728316,1
1736242,259928,0,728335,0
1736292,259938,0,728357,0
1736343,259946,0,728385,0
1736394,259951,0,728417,1
1736447,259956,0,728436,1
1736498,259968,0,728502,0
1736548,259973,0,728520,0
1736598,259981,0,728539,1
1736648,259986,0,728564,1
1736699,259996,0,728592,1
1736750,260003,0,728616,0
1736800,260010,0,728635,1
1736854,260015,0,728676,0
1736904,260024,0,728702,1
1736955,260034,0,728717,1
1737010,260043,0,728733,1
1737061,260052,0,728741,1
1737111,260055,0,728764,0
1737162,260061,0,728804,1
1737212,260074,0,728823,0
1737263,260083,0,728845,0
1737315,260092,0,728866,0
1737366,260096,0,728892,0
1737416,260102,0,728912,1
1737469,260112,0,728920,1
1737522,260120,0,728937,0
1737573,260127,0,728958,1
1737623,260133,0,728984,0
1737676,260139,0,728998,1
1737728,260148,0,729023,0
1737781,260157,0,729037,1
1737832,260162,0,729059,1
1737883,260169,0,729065,1
1737936,260178,0,729084,1
1737986,260190,0,729105,1
1738036,260198,0,729129,0
1738086,260202,0,729158,0
1738136,260208,0,729183,0
1738189,260218,0,729207,1
1738241,260227,0,729227,1
1738300,260238,0,729247,1
1738352,260246,0,729261,0
1738405,260251,0,729278,0
1738455,260257,0,729302,1
1738506,260270,0,729312,1
1738556,260273,0,729348,0
1738606,260282,0,729365,0
1738658,260287,0,729383,0
1738708,260296,0,729412,0
1738758,260303,0,729425,0
1738808,260311,0,729501,0
1738858,260316,0,729523,1
1738908,260324,0,729547,1
1738958,260333,0,729559,1
1739008,260342,0,729572,0
1739058,260351,0,729597,0
1739108,260355,0,729619,1
1739158,260360,0,729642,1
1739213,260373,0,729660,1
1739263,260383,0,729683,0
1739319,260391,0,729714,1
1739371,260396,0,729742,0
1739422,260402,0,729766,0
1739472,260411,0,729779,1
1739522,260420,0,729795,0
1739573,260426,0,729817,1
1739623,260432,0,729839,0
1739675,260438,0,729872,0
1739725,260448,0,729893,0
1739776,260456,0,729913,0
1739826,260461,0,729929,0
1739878,260467,0,729948,1
1739930,260476,0,729979,0
1739986,260487,0,729995,1
1740036,260497,0,730011,0
1740087,260502,0,730034,0
1740137,260508,0,730054,1
1740189,260517,0,730076,1
1740239,260526,0,730089,0
1740289,260536,0,730112,0
1740343,260544,0,730136,1
1740394,260549,0,730153,1
1740448,260555,0,730174,1
1740498,260568,0,730190,0
1740554,260573,0,730212,0
1740605,260582,0,730225,1
1740657,260587,0,730251,1
1740708,260596,0,730269,0
1740758,260603,0,730285,1
1740814,260611,0,730304,1
1740867,260616,0,730320,1
1740918,260624,0,730337,0
1740968,260633,0,730365,1
1741019,260644,0,730378,1
1741069,260651,0,730396,0
1741119,260656,0,730413,0
1741171,260661,0,730428,1
1741222,260674,0,730446,0
1741272,260685,0,730467,1
1741323,260692,0,730490,0
1741374,260696,0,730527,0
1741424,260702,0,730593,0
1741474,260711,0,730611,2
1741526,260721,0,730633,1
1741576,260726,0,730664,1
1741626,260733,0,730679,0
1741679,260739,0,730705,1
1741731,260748,0,730729,0
1741781,260756,0,730746,0
1741831,260761,0,730761,0
1741884,260768,0,730781,1
1741937,260777,0,730799,1
1741994,260788,0,730826,1
1742044,260798,0,730843,1
1742095,260803,0,730873,1
1742145,260808,0,730899,0
1742196,260819,0,730923,1
1742249,260828,0,730944,0
1742299,260837,0,730968,0
1742350,260846,0,730989,1
1742401,260850,0,731012,1
1742451,260854,0,731035,0
1742501,260868,0,731049,0
1742551,260873,0,731073,0
1742601,260879,0,731092,0
1742651,260885,0,731108,1
1742703,260894,0,731128,1
1742757,260902,0,731143,1
1742808,260909,0,731159,1
1742860,260914,0,731189,1
1742914,260924,0,731206,1
1742964,260932,0,731240,1
1743016,260943,0,731259,1
1743067,260951,0,731288,0
1743118,260955,0,731316,1
1743172,260961,0,731337,1
1743223,260974,0,731358,1
1743278,260985,0,731386,1
1743328,260992,0,731410,0
1743379,260997,0,731420,0
1743429,261002,0,731434,1
1743484,261010,0,731454,1
1743534,261022,0,731471,0
1743585,261028,0,731487,2
1743640,261034,0,731516,1
1743690,261039,0,731545,0
1743740,261049,0,731561,0
1743790,261056,0,731579,0
1743844,261062,0,731600,1
1743897,261071,0,731628,1
1743951,261078,0,731649,1
1744007,261088,0,731662,1
1744057,261100,0,731682,0
1744107,261104,0,731698,0
1744157,261109,0,731732,1
1744214,261120,0,731759,1
1744264,261131,0,731768,0
1744314,261140,0,731794,0
1744366,261146,0,731816,0
1744416,261151,0,731830,0
1744466,261156,0,731847,1
1744518,261169,0,731862,0
1744571,261174,0,731881,1
1744621,261182,0,731907,0
1744672,261187,0,731926,0
1744726,261197,0,731946,1
1744778,261206,0,731973,1
1744828,261211,0,731994,0
1744882,261217,0,732016,1
1744932,261226,0,732041,1
1744985,261236,0,732058,0
1745036,261246,0,732073,0
1745094,261252,0,732095,0
1745146,261258,0,732120,0
1745196,261267,0,732145,1
1745246,261276,0,732157,1
1745296,261287,0,732171,1
1745348,261293,0,732190,0
1745401,261298,0,732221,1
1745451,261304,0,732252,0
1745503,261315,0,732270,1
1745557,261323,0,732287,0
1745609,261332,0,732310,1
1745660,261337,0,732337,1
1745711,261344,0,732360,0
1745761,261352,0,732382,0
1745811,261359,0,732405,1
1745862,261363,0,732426,0
1745912,261373,0,732450,0
1745962,261379,0,732473,1
1746013,261389,0,732493,1
1746063,261400,0,732508,1
1746114,261404,0,732534,0
1746165,261410,0,732563,0
1746218,261419,0,732585,0
1746273,261432,0,732600,1
1746323,261441,0,732620,0
1746374,261446,0,732646,0
1746425,261451,0,732668,0
1746476,261459,0,732689,1
1746527,261470,0,732708,0
1746583,261475,0,732733,1
1746634,261483,0,732750,1
1746684,261489,0,732776,1
1746735,261498,0,732803,1
1746785,261506,0,732818,1
1746836,261511,0,732841,0
1746889,261517,0,732860,1
1746939,261526,0,732875,0
1746990,261536,0,732895,1
1747040,261546,0,732913,0
1747091,261552,0,732936,0
1747143,261558,0,732971,1
1747195,261566,0,732987,1
1747245,261575,0,733007,3
1747295,261586,0,733022,0
1747350,261594,0,733038,1
1747401,261597,0,733065,0
1747453,261604,0,733089,0
1747503,261614,0,733098,1
1747555,261623,0,733112,0
1747605,261629,0,733133,2
1747655,261635,0,733158,0
1747705,261640,0,733184,0
1747755,261651,0,733203,1
1747806,261657,0,733219,0
1747858,261663,0,733233,1
1747911,261672,0,733260,1
1747962,261679,0,733283,1
1748012,261688,0,733294,0
1748062,261699,0,733311,0
1748114,261704,0,733336,0
1748168,261709,0,733354,0
1748225,261720,0,733374,1
1748275,261731,0,733385,1
1748327,261741,0,733397,1
1748379,261746,0,733424,0
1748432,261751,0,733448,0
1748483,261758,0,733457,1
1748535,261771,0,733473,0
1748587,261775,0,733498,0
1748638,261783,0,733511,0
1748689,261789,0,733535,1
1748740,261798,0,733551,1
1748790,261806,0,733571,0
1748842,261811,0,733595,0
1748897,261819,0,733619,1
1748947,261827,0,733638,1
1749001,261837,0,733652,0
1749052,261848,0,733679,0
1749106,261854,0,733710,1
1749158,261858,0,733727,1
1749208,261869,0,733746,1
1749262,261874,0,733766,1
1749314,261889,0,733781,0
1749365,261896,0,733800,1
1749416,261899,0,733821,1
1749466,261904,0,733845,0
1749516,261916,0,733914,0
1749569,261923,0,733940,0
1749619,261931,0,733970,1
1749669,261937,0,733992,0
1749720,261943,0,734018,1
1749770,261952,0,734043,0
1749822,261960,0,734069,1
1749873,261965,0,734099,0
1749923,261974,0,734122,0
1749973,261980,0,734151,0
1750025,261991,0,734180,1
1750075,262000,0,734198,0
1750125,262005,0,734221,1
1750175,262010,0,734249,1
1750225,262020,0,734271,1
1750275,262028,0,734288,2
1750327,262040,0,734307,0
1750379,262046,0,734333,0
1750429,262051,0,734372,0
1750479,262057,0,734395,2
1750529,262069,0,734410,1
1750584,262075,0,734441,1
1750635,262083,0,734459,1
1750686,262088,0,734479,0
1750736,262096,0,734503,1
1750786,262106,0,734521,2
1750836,262111,0,734545,0
1750887,262116,0,734566,0
1750941,262126,0,734591,0
1750993,262132,0,734623,1
1751043,262146,0,734634,0
1751094,262152,0,734662,0
1751148,262157,0,734694,0
1751201,262166,0,734712,1
1751255,262172,0,734734,1
1751308,262188,0,734753,1
1751359,262195,0,734778,1
1751410,262198,0,734800,1
1751462,262204,0,734826,0
1751512,262213,0,734852,2
1751566,262223,0,734875,0
1751617,262229,0,734892,1
1751669,262237,0,734914,0
1751719,262242,0,734932,1
1751769,262252,0,734945,0
1751820,262259,0,734963,1
1751870,262264,0,734980,0
1751920,262272,0,734999,1
1751972,262280,0,735017,1
1752022,262289,0,735039,1
1752078,262300,0,735056,0
1752129,262305,0,735079,0
1752180,262310,0,735106,0
1752234,262321,0,735123,0
1752286,262328,0,735152,0
1752337,262342,0,735163,1
1752388,262347,0,735187,1
1752440,262352,0,735209,1
1752491,262358,0,735240,0
1752545,262372,0,735259,0
1752595,262375,0,735289,0
1752651,262384,0,735305,1
1752707,262389,0,735327,0
1752757,262399,0,735349,0
1752808,262407,0,735366,1
1752860,262411,0,735389,0
1752914,262420,0,735412,1
1752965,262428,0,735428,0
1753017,262438,0,735442,0
1753067,262449,0,735463,0
1753117,262454,0,735479,0
1753168,262459,0,735506,0
1753219,262469,0,735531,1
1753270,262476,0,735556,1
1753321,262489,0,735616,0
1753371,262496,0,735641,1
1753421,262500,0,735665,1
1753471,262504,0,735687,0
1753524,262515,0,735709,1
1753574,262523,0,735728,0
1753624,262530,0,735738,2
1753674,262537,0,735755,0
1753725,262543,0,735786,1
1753778,262553,0,735817,1
1753829,262560,0,735837,0
1753879,262565,0,735852,0
1753930,262572,0,735879,1
1753983,262581,0,735908,1
1754033,262593,0,735929,3
1754083,262600,0,735955,0
1754134,262606,0,735975,0
1754184,262610,0,736003,0
1754237,262621,0,736017,0
1754287,262628,0,736046,0
1754340,262642,0,736063,1
1754392,262647,0,736089,0
1754443,262652,0,736126,0
1754500,262659,0,736142,1
1754550,262672,0,736152,0
1754600,262675,0,736174,0
1754656,262684,0,736192,1
1754709,262689,0,736210,0
1754759,262699,0,736224,1
1754813,262707,0,736247,0
1754863,262711,0,736274,0
1754914,262720,0,736294,1
1754965,262728,0,736311,0
1755018,262737,0,736336,1
1755068,262749,0,736350,0
1755120,262754,0,736368,0
1755170,262759,0,736388,0
1755221,262769,0,736409,1
1755276,262776,0,736423,1
1755326,262788,0,736426,1
1755377,262796,0,736443,0
1755430,262801,0,736467,0
1755480,262806,0,736493,2
1755531,262815,0,736498,1
1755582,262824,0,736515,1
1755632,262830,0,736543,1
1755683,262837,0,736566,0
1755735,262844,0,736595,0
1755785,262854,0,736610,0
1755836,262861,0,736631,0
1755888,262865,0,736654,0
1755942,262875,0,736679,1
1755992,262881,0,736702,1
1756047,262894,0,736715,1
1756098,262902,0,736732,0
1756148,262907,0,736759,0
1756200,262913,0,736783,1
1756250,262921,0,736802,0
1756303,262933,0,736814,1
1756353,262942,0,736830,0
1756405,262947,0,736908,0
1756458,262953,0,736927,1
1756508,262959,0,736942,1
1756562,262973,0,736954,0
1756612,262976,0,736984,1
1756664,262985,0,737002,0
