time,aceptados,rechazados_lleno,rechazados_tasa,ocupacion_buffer
2,1,0,0,1
52,36,0,0,5
102,71,0,0,1
152,98,0,0,1
205,112,0,0,1
255,148,0,0,2
306,178,0,0,1
356,200,0,3,0
406,200,0,37,0
456,200,0,66,0
509,200,0,91,0
560,200,0,120,0
610,200,0,206,0
669,200,0,231,0
719,207,0,245,1
769,225,0,245,1
820,249,0,245,1
871,277,0,245,3
921,306,0,245,1
974,337,0,245,3
1025,378,0,245,1
1081,400,0,245,1
1133,400,0,271,0
1185,400,0,296,0
1235,400,0,320,0
1285,400,0,347,0
1335,400,0,375,0
1385,400,0,410,0
1435,413,0,424,2
1487,434,0,433,1
1538,454,0,450,0
1589,476,0,451,1
1639,499,0,451,2
1690,534,0,451,2
1740,563,0,451,3
1791,595,0,451,1
1842,600,0,471,0
1892,600,0,505,0
1946,600,0,539,0
1999,600,0,577,0
2050,600,0,604,0
2100,600,0,633,0
2150,616,0,648,1
2201,635,0,655,1
2251,660,0,658,1
2301,677,0,674,1
2352,700,0,674,1
2402,733,0,674,2
2452,761,0,674,5
2502,786,0,674,2
2554,800,0,688,0
2605,800,0,716,0
2657,800,0,760,0
2707,800,0,787,0
2757,800,0,823,0
2807,802,0,842,1
2857,819,0,856,0
2908,837,0,871,1
2959,862,0,881,1
3009,879,0,898,1
3070,899,0,898,1
3120,924,0,898,2
3177,960,0,898,1
3229,985,0,898,1
3284,1000,0,909,0
3335,1000,0,935,0
3386,1000,0,958,0
3442,1000,0,987,0
3493,1000,0,1016,0
3543,1012,0,1024,2
3594,1031,0,1034,0
3644,1051,0,1047,1
3694,1075,0,1047,3
3744,1093,0,1064,3
3795,1110,0,1083,1
3845,1137,0,1086,1
3895,1165,0,1092,1
3947,1190,0,1096,1
3998,1200,0,1116,0
4049,1200,0,1144,0
4104,1200,0,1176,0
4155,1200,0,1210,0
4205,1200,0,1235,0
4257,1214,0,1244,1
4307,1231,0,1244,3
4357,1253,0,1247,1
4407,1267,0,1247,1
4459,1290,0,1247,1
4512,1312,0,1247,1
4563,1340,0,1247,1
4617,1375,0,1247,1
4667,1399,0,1255,1
4717,1400,0,1287,0
4771,1400,0,1313,0
4821,1400,0,1336,0
4873,1400,0,1372,0
4924,1404,0,1394,0
4975,1419,0,1408,1
5026,1437,0,1412,1
5076,1459,0,1414,2
5130,1476,0,1469,1
5180,1499,0,1471,5
5230,1521,0,1479,1
5280,1543,0,1480,1
5330,1570,0,1480,1
5380,1600,0,1481,0
5432,1600,0,1519,0
5483,1600,0,1542,0
5534,1600,0,1564,0
5586,1600,0,1586,0
5636,1607,0,1620,0
5686,1622,0,1633,2
5738,1641,0,1639,1
5789,1660,0,1639,1
5839,1680,0,1645,1
5891,1694,0,1656,1
5941,1720,0,1656,1
5991,1746,0,1661,1
6044,1773,0,1671,1
6094,1798,0,1671,1
6144,1800,0,1695,0
6195,1800,0,1718,0
6247,1800,0,1749,0
6297,1800,0,1787,0
6347,1808,0,1813,1
6397,1823,0,1823,1
6448,1844,0,1840,1
6498,1864,0,1849,3
6548,1880,0,1865,2
6600,1896,0,1885,1
6651,1921,0,1889,1
6701,1950,0,1889,1
6751,1973,0,1889,2
6802,1992,0,1900,2
6852,2000,0,1951,0
6902,2000,0,2000,0
6952,2000,0,2038,0
7002,2000,0,2059,0
7052,2009,0,2078,1
7106,2026,0,2093,1
7158,2048,0,2097,1
7208,2066,0,2100,1
7258,2082,0,2119,0
7308,2098,0,2134,1
7359,2123,0,2134,1
7411,2153,0,2138,1
7462,2172,0,2146,1
7513,2192,0,2160,1
7565,2200,0,2178,0
7615,2200,0,2201,0
7670,2200,0,2275,0
7720,2203,0,2305,1
7770,2215,0,2322,0
7820,2230,0,2339,1
7873,2251,0,2351,1
7926,2271,0,2359,1
7976,2286,0,2365,0
8026,2304,0,2378,1
8076,2328,0,2384,1
8126,2356,0,2386,1
8176,2378,0,2397,2
8226,2398,0,2407,0
8279,2400,0,2439,0
8331,2400,0,2468,0
8382,2400,0,2500,0
8432,2405,0,2521,1
8483,2417,0,2539,0
8534,2436,0,2556,1
8587,2454,0,2562,1
8637,2474,0,2578,0
8687,2487,0,2581,1
8737,2506,0,2591,1
8793,2534,0,2604,1
8847,2561,0,2604,1
8897,2588,0,2614,3
8948,2600,0,2639,0
9000,2600,0,2670,0
9050,2600,0,2696,0
9101,2600,0,2719,0
9153,2607,0,2746,0
9204,2624,0,2756,1
9254,2643,0,2760,1
9304,2663,0,2772,1
9357,2676,0,2787,0
9407,2696,0,2796,3
9458,2713,0,2806,1
9509,2739,0,2807,4
9560,2763,0,2811,1
9611,2791,0,2811,1
9663,2800,0,2827,0
9713,2800,0,2848,0
9765,2800,0,2877,0
9818,2801,0,2901,1
9868,2810,0,2931,1
9918,2828,0,2942,0
9970,2847,0,2948,1
10025,2868,0,2961,1
10078,2879,0,2993,1
10130,2902,0,3001,1
10180,2919,0,3016,0
10232,2934,0,3016,1
10282,2964,0,3016,3
10332,2998,0,3018,1
10383,3000,0,3042,0
10433,3000,0,3071,0
10486,3000,0,3107,0
10536,3004,0,3129,0
10586,3013,0,3143,1
10637,3031,0,3161,1
10687,3053,0,3164,1
10737,3072,0,3174,1
10787,3085,0,3186,2
10840,3105,0,3207,1
10892,3122,0,3217,1
10942,3138,0,3222,2
10992,3165,0,3269,3
11042,3187,0,3269,2
11092,3200,0,3283,0
11143,3200,0,3308,0
11196,3200,0,3335,0
11251,3207,0,3353,0
11302,3220,0,3376,1
11353,3237,0,3383,1
11404,3257,0,3395,0
11454,3275,0,3405,0
11505,3286,0,3409,1
11555,3309,0,3413,0
11605,3325,0,3423,0
11655,3344,0,3434,2
11708,3369,0,3443,1
11758,3393,0,3455,1
11808,3400,0,3482,0
11858,3400,0,3519,0
11912,3400,0,3545,0
11962,3407,0,3565,0
12021,3424,0,3572,1
12074,3442,0,3577,1
12126,3465,0,3580,1
12178,3478,0,3597,0
12228,3495,0,3606,1
12279,3517,0,3612,0
12331,3532,0,3621,1
12381,3558,0,3630,1
12434,3577,0,3637,1
12486,3600,0,3645,0
12536,3600,0,3674,0
12593,3600,0,3696,0
12644,3605,0,3725,1
12694,3613,0,3742,1
12746,3631,0,3754,0
12798,3650,0,3768,1
12849,3674,0,3775,0
12901,3684,0,3802,0
12953,3703,0,3806,1
13003,3723,0,3819,1
13053,3740,0,3835,0
13103,3766,0,3849,1
13153,3786,0,3859,1
13206,3800,0,3873,0
13256,3800,0,3918,0
13306,3800,0,3941,0
13356,3807,0,3962,0
13409,3817,0,3978,1
13459,3836,0,3988,1
13510,3853,0,3994,1
13560,3875,0,3998,0
13610,3885,0,4018,0
13663,3905,0,4031,1
13714,3927,0,4040,1
13766,3946,0,4051,1
13818,3969,0,4054,1
13868,3996,0,4055,5
13921,4000,0,4081,0
13972,4000,0,4107,0
14024,4001,0,4133,1
14074,4008,0,4153,1
14125,4022,0,4165,1
14180,4037,0,4176,1
14230,4061,0,4189,0
14280,4078,0,4204,0
14331,4092,0,4223,1
14384,4110,0,4224,1
14437,4133,0,4235,1
14487,4156,0,4238,6
14537,4173,0,4257,1
14588,4200,0,4263,1
14640,4200,0,4286,0
14692,4200,0,4318,0
14743,4204,0,4333,0
14794,4211,0,4350,1
14845,4229,0,4366,1
14898,4247,0,4380,1
14948,4264,0,4388,1
14998,4282,0,4406,1
15049,4296,0,4416,1
15099,4316,0,4433,0
15159,4335,0,4438,1
15209,4359,0,4438,2
15264,4381,0,4438,1
15317,4400,0,4457,0
15367,4400,0,4482,0
15418,4400,0,4515,0
15477,4407,0,4540,0
15529,4420,0,4548,1
15579,4436,0,4563,0
15629,4456,0,4565,1
15682,4478,0,4580,0
15737,4490,0,4606,1
15789,4511,0,4606,1
15839,4531,0,4610,1
15894,4544,0,4625,1
15944,4573,0,4635,2
15995,4600,0,4638,1
16046,4600,0,4672,0
16096,4600,0,4702,0
16146,4602,0,4726,2
16196,4611,0,4740,1
16247,4629,0,4750,1
16298,4642,0,4766,1
16348,4663,0,4777,0
16399,4682,0,4790,1
16451,4694,0,4813,1
16501,4716,0,4831,0
16551,4734,0,4843,0
16601,4745,0,4864,1
16652,4775,0,4865,1
16702,4799,0,4870,1
16756,4800,0,4890,0
16807,4800,0,4914,0
16857,4805,0,4932,1
16907,4813,0,4955,1
16963,4831,0,4963,1
17013,4844,0,4986,1
17063,4865,0,4992,1
17113,4885,0,5004,0
17164,4900,0,5015,1
17214,4919,0,5032,0
17271,4937,0,5053,1
17321,4956,0,5062,1
17372,4983,0,5114,1
17424,5000,0,5123,0
17480,5000,0,5157,0
17530,5000,0,5193,0
17584,5008,0,5221,1
17634,5020,0,5233,1
17684,5037,0,5249,1
17734,5053,0,5263,2
17784,5077,0,5268,1
17834,5089,0,5277,0
17886,5108,0,5286,1
17937,5125,0,5301,1
17987,5142,0,5314,1
18038,5158,0,5323,1
18088,5187,0,5323,1
18139,5200,0,5332,0
18189,5200,0,5357,0
18239,5200,0,5376,0
18292,5208,0,5400,0
18342,5223,0,5413,0
18392,5238,0,5420,1
18442,5253,0,5435,1
18492,5279,0,5439,3
18549,5290,0,5470,1
18602,5311,0,5470,1
18652,5332,0,5481,2
18703,5345,0,5489,1
18753,5363,0,5503,2
18807,5395,0,5504,1
18858,5400,0,5533,0
18908,5400,0,5564,0
18959,5405,0,5585,1
19010,5413,0,5605,1
19060,5428,0,5620,1
19110,5442,0,5633,0
19162,5461,0,5637,1
19212,5484,0,5639,1
19263,5496,0,5654,1
19314,5515,0,5663,1
19366,5535,0,5671,1
19418,5550,0,5677,0
19469,5566,0,5681,1
19519,5586,0,5681,1
19569,5600,0,5696,0
19622,5600,0,5732,0
19673,5607,0,5751,0
19726,5617,0,5762,1
19776,5630,0,5771,1
19826,5646,0,5788,1
19876,5667,0,5793,3
19929,5685,0,5808,0
19979,5701,0,5825,1
20032,5720,0,5835,1
20084,5737,0,5843,0
20136,5754,0,5860,1
20187,5773,0,5865,1
20237,5797,0,5870,1
20289,5800,0,5942,0
20340,5800,0,5968,0
20390,5808,0,5979,1
20444,5820,0,5997,1
20495,5837,0,6011,0
20545,5851,0,6015,0
20595,5873,0,6021,1
20647,5889,0,6037,0
20698,5904,0,6047,1
20748,5922,0,6062,0
20798,5942,0,6073,0
20850,5958,0,6088,1
20901,5975,0,6097,1
20952,5999,0,6104,1
21004,6000,0,6137,0
21057,6001,0,6166,1
21108,6011,0,6184,1
21158,6025,0,6200,1
21208,6040,0,6217,2
21260,6054,0,6234,0
21312,6077,0,6236,1
21364,6092,0,6258,1
21418,6112,0,6262,1
21470,6131,0,6265,1
21522,6149,0,6278,1
21573,6166,0,6288,1
21623,6182,0,6304,1
21675,6200,0,6317,0
21726,6200,0,6348,0
21778,6207,0,6375,1
21831,6216,0,6391,1
21882,6229,0,6409,0
21935,6244,0,6424,1
21985,6264,0,6437,1
22035,6285,0,6440,0
22088,6299,0,6451,1
22139,6319,0,6463,1
22191,6337,0,6469,1
22242,6354,0,6476,1
22292,6370,0,6485,1
22344,6394,0,6492,3
22398,6400,0,6517,0
22449,6400,0,6556,0
22499,6409,0,6569,1
22558,6421,0,6588,1
22608,6439,0,6604,6
22658,6451,0,6616,1
22709,6471,0,6625,1
22761,6491,0,6627,0
22811,6505,0,6631,1
22861,6526,0,6639,2
22911,6543,0,6646,1
22961,6559,0,6655,1
23011,6573,0,6667,0
23062,6595,0,6668,1
23112,6600,0,6688,0
23162,6602,0,6710,0
23213,6611,0,6727,0
23266,6623,0,6744,1
23317,6637,0,6751,1
23371,6655,0,6760,1
23421,6674,0,6765,1
23473,6692,0,6771,0
23525,6712,0,6779,1
23575,6732,0,6800,1
23626,6748,0,6832,0
23676,6764,0,6835,1
23727,6777,0,6844,1
23779,6800,0,6851,0
23833,6800,0,6875,0
23888,6806,0,6906,1
23942,6817,0,6920,1
23994,6829,0,6932,1
24045,6843,0,6940,1
24095,6865,0,6943,0
24147,6881,0,6950,1
24197,6900,0,6961,1
24247,6917,0,6968,1
24308,6938,0,6971,1
24358,6955,0,6983,1
24409,6972,0,6993,1
24463,6990,0,7012,1
24514,7000,0,7032,0
24566,7002,0,7053,0
24617,7011,0,7070,0
24669,7023,0,7095,1
24720,7035,0,7109,1
24771,7052,0,7125,1
24821,7072,0,7131,0
24872,7092,0,7145,1
24923,7107,0,7162,1
24973,7124,0,7177,0
25025,7143,0,7183,1
25076,7158,0,7206,1
25126,7175,0,7221,2
25176,7193,0,7233,1
25229,7200,0,7257,0
25281,7205,0,7287,1
25332,7215,0,7309,1
25382,7227,0,7324,1
25434,7238,0,7334,1
25484,7257,0,7342,1
25534,7275,0,7354,0
25584,7294,0,7410,1
25636,7309,0,7424,0
25688,7328,0,7434,1
25739,7349,0,7442,0
25789,7360,0,7462,1
25840,7379,0,7472,1
25895,7399,0,7480,1
25946,7400,0,7498,0
25997,7407,0,7513,1
26047,7418,0,7578,1
26098,7430,0,7604,1
26149,7443,0,7628,0
26204,7462,0,7636,1
26255,7483,0,7653,1
26305,7498,0,7675,0
26355,7515,0,7688,2
26405,7533,0,7695,1
26455,7553,0,7707,0
26506,7566,0,7720,1
26556,7583,0,7733,1
26607,7600,0,7740,0
26657,7600,0,7764,0
26710,7609,0,7785,1
26761,7620,0,7798,0
26811,7631,0,7819,1
26862,7644,0,7836,0
26917,7667,0,7852,0
26967,7685,0,7856,1
27017,7699,0,7874,0
27068,7719,0,7880,1
27122,7741,0,7883,1
27174,7755,0,7893,0
27225,7773,0,7914,0
27276,7789,0,7925,1
27330,7800,0,7935,0
27383,7804,0,7960,1
27435,7815,0,7972,0
27486,7826,0,7985,0
27536,7837,0,8001,0
27588,7850,0,8013,1
27638,7873,0,8019,1
27689,7893,0,8025,2
27742,7907,0,8046,1
27795,7927,0,8107,0
27845,7947,0,8112,1
27897,7961,0,8117,1
27947,7977,0,8124,1
27999,7994,0,8142,0
28050,8000,0,8158,0
28102,8006,0,8183,1
28152,8017,0,8203,0
28202,8028,0,8226,1
28252,8043,0,8247,0
28303,8056,0,8263,1
28353,8077,0,8263,3
28403,8098,0,8275,0
28453,8111,0,8295,2
28503,8129,0,8313,1
28553,8151,0,8326,1
28603,8162,0,8349,0
28654,8181,0,8403,1
28705,8195,0,8418,1
28756,8200,0,8456,0
28806,8207,0,8481,1
28857,8218,0,8503,1
28908,8230,0,8517,1
28960,8243,0,8525,1
29019,8258,0,8543,1
29069,8282,0,8549,0
29119,8299,0,8567,0
29169,8314,0,8582,1
29222,8336,0,8593,1
29274,8355,0,8601,1
29324,8369,0,8613,2
29376,8388,0,8632,1
29426,8400,0,8650,0
29480,8403,0,8677,1
29530,8413,0,8688,1
29580,8424,0,8709,1
29630,8432,0,8720,1
29682,8447,0,8725,1
29732,8463,0,8739,0
29783,8487,0,8746,2
29833,8503,0,8759,1
29884,8519,0,8777,1
29934,8538,0,8784,1
29984,8556,0,8788,0
30034,8572,0,8798,1
30084,8589,0,8817,0
30136,8600,0,8834,0
30186,8604,0,8856,0
30236,8614,0,8873,0
30286,8625,0,8892,1
30340,8634,0,8915,1
30390,8649,0,8936,0
30440,8666,0,8943,2
30491,8684,0,8946,1
30541,8705,0,8958,1
30592,8723,0,8961,2
30647,8740,0,8974,1
30698,8758,0,8981,1
30752,8775,0,8991,1
30802,8791,0,8995,0
30857,8800,0,9017,0
30907,8807,0,9034,1
30959,8817,0,9053,1
31009,8828,0,9073,1
31060,8840,0,9088,1
31110,8856,0,9108,3
31162,8871,0,9117,1
31220,8894,0,9123,1
31271,8911,0,9132,1
31324,8933,0,9136,1
31376,8953,0,9145,1
31426,8964,0,9160,1
31476,8983,0,9164,1
31527,8998,0,9173,1
31577,9001,0,9194,1
31629,9011,0,9208,1
31684,9022,0,9224,1
31736,9032,0,9241,1
31786,9046,0,9252,0
31836,9062,0,9262,1
31886,9083,0,9272,2
31936,9100,0,9286,1
31986,9115,0,9294,2
32037,9137,0,9298,1
32087,9156,0,9312,1
32138,9167,0,9321,0
32188,9183,0,9325,1
32239,9200,0,9346,0
32289,9203,0,9373,0
32341,9215,0,9394,1
32392,9225,0,9414,1
32445,9234,0,9427,1
32498,9247,0,9431,1
32551,9265,0,9440,1
32604,9285,0,9442,1
32655,9305,0,9444,0
32705,9321,0,9449,2
32756,9341,0,9454,1
32808,9360,0,9468,1
32859,9375,0,9485,0
32910,9391,0,9495,0
32961,9400,0,9512,0
33011,9407,0,9528,0
33062,9416,0,9542,0
33112,9427,0,9559,0
33163,9438,0,9576,0
33215,9451,0,9593,1
33266,9471,0,9608,1
33317,9490,0,9619,1
33370,9509,0,9630,1
33420,9526,0,9636,1
33472,9545,0,9642,1
33522,9563,0,9647,0
33572,9576,0,9653,1
33623,9595,0,9664,3
33673,9600,0,9688,0
33723,9609,0,9703,0
33774,9620,0,9724,2
33824,9628,0,9738,1
33884,9640,0,9748,1
33934,9659,0,9754,1
33985,9673,0,9772,0
34036,9690,0,9777,1
34086,9712,0,9777,1
34138,9731,0,9784,1
34189,9751,0,9790,1
34241,9764,0,9796,1
34294,9783,0,9815,1
34344,9800,0,9823,0
34394,9803,0,9850,0
34447,9814,0,9867,1
34498,9825,0,9879,1
34548,9834,0,9898,1
34598,9845,0,9913,1
34648,9864,0,9928,3
34702,9877,0,9947,0
34752,9897,0,9955,0
34804,9916,0,9972,1
34861,9940,0,9977,1
34917,9957,0,9982,1
34973,9973,0,9998,1
35025,9992,0,10001,1
35078,10001,0,10017,1
35128,10010,0,10026,1
35179,10017,0,10038,1
35229,10029,0,10050,1
35279,10039,0,10062,0
35329,10051,0,10081,0
35379,10068,0,10085,1
35433,10087,0,10100,1
35484,10109,0,10117,1
35535,10126,0,10123,1
35587,10149,0,10133,0
35637,10163,0,10146,0
35689,10179,0,10159,1
35739,10197,0,10168,1
35790,10201,0,10192,0
35840,10211,0,10259,1
35892,10221,0,10281,1
35942,10231,0,10301,0
35994,10241,0,10314,0
36044,10252,0,10342,0
36096,10276,0,10361,1
36147,10294,0,10372,1
36197,10313,0,10377,0
36247,10334,0,10388,1
36297,10350,0,10398,0
36351,10364,0,10409,1
36401,10382,0,10421,0
36459,10400,0,10438,0
36509,10404,0,10461,1
36559,10415,0,10483,1
36613,10427,0,10500,0
36665,10436,0,10517,1
36721,10450,0,10538,1
36771,10462,0,10555,1
36821,10481,0,10568,1
36873,10502,0,10579,1
36924,10516,0,10592,1
36974,10542,0,10596,0
37024,10558,0,10610,2
37074,10572,0,10629,0
37125,10584,0,10633,1
37176,10600,0,10649,0
37228,10609,0,10663,1
37278,10616,0,10683,0
37330,10628,0,10700,1
37384,10639,0,10726,0
37435,10651,0,10741,0
37485,10665,0,10754,1
37535,10685,0,10764,1
37585,10707,0,10773,2
37640,10722,0,10784,1
37690,10749,0,10790,2
37743,10763,0,10804,0
37793,10777,0,10822,0
37844,10795,0,10827,1
37894,10801,0,10846,0
37944,10811,0,10866,1
37995,10819,0,10887,1
38046,10831,0,10904,1
38098,10841,0,10930,1
38148,10852,0,10946,0
38203,10872,0,10963,1
38254,10892,0,10971,1
38305,10914,0,10975,3
38357,10928,0,10987,1
38410,10952,0,10993,1
38465,10967,0,11005,1
38515,10980,0,11015,0
38566,11000,0,11022,0
38618,11003,0,11043,1
38668,11016,0,11052,0
38719,11027,0,11077,0
38771,11036,0,11093,1
38821,11048,0,11109,1
38871,11062,0,11120,1
38924,11077,0,11124,1
38976,11100,0,11139,1
39026,11116,0,11146,1
39077,11136,0,11154,1
39128,11158,0,11165,1
39179,11172,0,11185,3
39234,11184,0,11205,1
39284,11200,0,11217,0
39334,11207,0,11226,2
39384,11216,0,11248,0
39434,11228,0,11272,0
39485,11239,0,11300,0
39541,11251,0,11317,1
39591,11265,0,11328,1
39642,11287,0,11340,0
39694,11307,0,11346,1
39745,11320,0,11362,1
39795,11338,0,11365,1
39848,11360,0,11365,1
39898,11377,0,11375,1
39948,11388,0,11383,2
40005,11401,0,11398,0
40056,11411,0,11422,1
40107,11423,0,11442,1
40157,11434,0,11460,0
40212,11443,0,11481,1
40262,11455,0,11497,1
40312,11472,0,11504,1
40364,11492,0,11521,1
40416,11512,0,11536,1
40468,11528,0,11552,1
40522,11545,0,11555,1
40575,11566,0,11557,1
40625,11582,0,11569,0
40679,11599,0,11581,1
40729,11603,0,11600,1
40780,11616,0,11615,0
40830,11627,0,11630,0
40880,11636,0,11642,0
40930,11650,0,11663,1
40982,11660,0,11679,1
41032,11680,0,11696,1
41088,11701,0,11701,1
41139,11718,0,11718,0
41189,11734,0,11720,0
41241,11750,0,11731,1
41292,11771,0,11741,1
41342,11784,0,11751,0
41392,11801,0,11765,1
41443,11808,0,11794,1
41494,11817,0,11815,0
41547,11830,0,11830,1
41597,11840,0,11852,0
41651,11852,0,11862,1
41703,11867,0,11879,1
41753,11888,0,11887,4
41806,11904,0,11890,1
41861,11922,0,11900,1
41911,11937,0,11901,1
41962,11959,0,11912,1
42012,11978,0,11916,1
42065,11990,0,11934,1
42117,12002,0,11957,0
42168,12014,0,11973,1
42218,12023,0,11991,1
42275,12033,0,12015,1
42327,12047,0,12032,1
42378,12058,0,12055,1
42429,12073,0,12074,1
42482,12091,0,12074,1
42536,12113,0,12085,1
42586,12127,0,12102,0
42636,12144,0,12108,1
42688,12168,0,12108,2
42739,12184,0,12120,1
42789,12199,0,12125,1
42842,12204,0,12149,1
42893,12217,0,12163,0
42943,12229,0,12176,1
42993,12239,0,12198,1
43043,12250,0,12215,0
43095,12259,0,12227,1
43145,12276,0,12231,1
43195,12295,0,12243,1
43245,12314,0,12252,0
43295,12328,0,12267,1
43346,12345,0,12281,1
43396,12365,0,12287,1
43448,12384,0,12305,0
43499,12401,0,12316,0
43550,12408,0,12329,4
43602,12419,0,12351,1
43653,12430,0,12369,1
43703,12440,0,12382,0
43753,12451,0,12402,1
43803,12462,0,12420,1
43855,12479,0,12440,1
43905,12499,0,12449,1
43955,12518,0,12466,1
44007,12534,0,12483,1
44058,12548,0,12499,1
44109,12572,0,12504,1
44160,12586,0,12530,1
44211,12601,0,12537,1
44263,12608,0,12559,1
44314,12620,0,12630,0
44364,12631,0,12651,0
44416,12642,0,12673,1
44466,12654,0,12694,1
44516,12666,0,12714,1
44569,12683,0,12722,1
44623,12702,0,12737,1
44673,12721,0,12737,2
44724,12738,0,12741,2
44774,12746,0,12754,1
44827,12778,0,12755,1
44878,12789,0,12766,1
44934,12802,0,12796,0
44985,12816,0,12813,1
45038,12826,0,12838,1
45089,12836,0,12857,1
45142,12850,0,12880,1
45192,12857,0,12903,1
45244,12873,0,12914,0
45297,12893,0,12925,0
45353,12909,0,12953,1
45405,12930,0,12963,1
45456,12944,0,12977,1
45510,12965,0,12984,1
45563,12985,0,12994,0
45614,13000,0,13013,1
45664,13008,0,13040,1
45715,13021,0,13056,1
45765,13031,0,13062,0
45815,13041,0,13081,0
45867,13053,0,13098,1
45920,13065,0,13112,1
45971,13082,0,13124,1
46022,13100,0,13130,1
46078,13114,0,13139,1
46128,13136,0,13142,2
46180,13147,0,13157,1
46230,13177,0,13163,1
46280,13190,0,13171,2
46330,13202,0,13182,0
46385,13215,0,13197,1
46439,13225,0,13218,0
46492,13234,0,13239,1
46545,13247,0,13255,0
46595,13257,0,13269,1
46648,13274,0,13283,1
46699,13290,0,13294,1
46749,13308,0,13303,0
46800,13326,0,13320,3
46850,13342,0,13334,1
46904,13352,0,13347,1
46955,13383,0,13348,1
47005,13398,0,13356,2
47055,13404,0,13374,0
47106,13419,0,13387,1
47157,13429,0,13409,1
47209,13441,0,13434,1
47259,13451,0,13461,1
47312,13462,0,13473,1
47362,13476,0,13489,0
47412,13496,0,13501,1
47466,13510,0,13523,1
47517,13530,0,13531,1
47570,13545,0,13544,1
47620,13561,0,13564,1
47671,13586,0,13575,1
47723,13602,0,13597,1
47780,13608,0,13617,1
47834,13623,0,13632,1
47884,13632,0,13654,0
47935,13644,0,13677,1
47985,13655,0,13750,0
48035,13668,0,13770,0
48085,13685,0,13780,1
48136,13701,0,13790,1
48187,13716,0,13804,1
48237,13734,0,13811,2
48287,13747,0,13830,1
48338,13763,0,13844,1
48390,13789,0,13845,1
48442,13802,0,13856,0
48492,13811,0,13871,1
48543,13825,0,13890,0
48593,13833,0,13919,0
48645,13847,0,13945,0
48697,13856,0,13966,0
48747,13869,0,13973,1
48797,13886,0,13979,1
48849,13902,0,13983,1
48899,13919,0,13988,1
48949,13938,0,13998,1
48999,13950,0,14007,1
49051,13972,0,14028,1
49101,13994,0,14030,1
49151,14003,0,14042,0
49203,14016,0,14067,1
49258,14027,0,14083,1
49308,14038,0,14107,3
49359,14049,0,14121,1
49409,14059,0,14142,1
49462,14076,0,14162,0
49513,14094,0,14174,1
49564,14107,0,14193,1
49615,14122,0,14213,0
49668,14144,0,14219,1
49718,14159,0,14239,3
49769,14176,0,14248,1
49825,14199,0,14263,1
49876,14207,0,14282,0
49928,14221,0,14296,0
49979,14232,0,14315,0
50031,14242,0,14332,0
50082,14255,0,14342,0
50132,14266,0,14353,1
50185,14278,0,14366,0
50235,14297,0,14376,0
50286,14312,0,14388,1
50336,14328,0,14398,1
50387,14346,0,14414,1
50437,14362,0,14429,0
50487,14381,0,14451,1
50543,14402,0,14457,0
50594,14410,0,14479,0
50644,14424,0,14487,1
50694,14433,0,14518,0
50744,14444,0,14539,1
50794,14456,0,14556,0
50844,14467,0,14568,0
50894,14481,0,14577,1
50944,14500,0,14580,1
50994,14515,0,14599,1
51048,14530,0,14618,1
51099,14548,0,14625,0
51150,14569,0,14633,1
51200,14587,0,14656,2
51250,14603,0,14680,0
51300,14610,0,14712,0
51353,14626,0,14723,1
51403,14634,0,14743,1
51454,14646,0,14766,0
51504,14656,0,14799,0
51559,14670,0,14810,0
51610,14685,0,14823,1
51660,14703,0,14834,0
51710,14720,0,14842,2
51763,14736,0,14858,1
51815,14753,0,14882,1
51865,14774,0,14887,2
51918,14790,0,14898,1
51972,14805,0,14913,0
52024,14821,0,14933,1
52074,14830,0,14949,1
52126,14841,0,14968,1
52179,14852,0,14981,1
52232,14863,0,15001,1
52282,14877,0,15019,1
52334,14892,0,15026,1
52386,14909,0,15036,1
52436,14927,0,15046,2
52489,14943,0,15057,1
52541,14959,0,15073,0
52592,14981,0,15083,1
52644,14999,0,15091,1
52697,15008,0,15101,1
52747,15024,0,15113,1
52800,15033,0,15134,0
52852,15045,0,15142,1
52906,15057,0,15164,1
52956,15070,0,15177,0
53008,15084,0,15192,1
53059,15101,0,15202,0
53109,15117,0,15213,1
53159,15132,0,15224,1
53209,15148,0,15224,2
53259,15164,0,15231,1
53310,15187,0,15243,1
53360,15204,0,15253,0
53410,15211,0,15276,0
53460,15226,0,15297,0
53514,15235,0,15326,1
53564,15247,0,15341,1
53614,15258,0,15356,0
53664,15270,0,15375,0
53715,15286,0,15393,1
53765,15303,0,15395,1
53816,15318,0,15412,1
53868,15335,0,15426,1
53918,15352,0,15439,1
53970,15368,0,15448,2
54021,15387,0,15454,1
54072,15405,0,15465,0
54122,15415,0,15491,1
54175,15429,0,15505,1
54225,15439,0,15573,1
54275,15449,0,15585,2
54325,15458,0,15606,0
54378,15473,0,15631,0
54436,15490,0,15643,1
54486,15507,0,15651,1
54537,15525,0,15663,1
54587,15540,0,15676,0
54638,15557,0,15687,1
54692,15577,0,15704,1
54744,15594,0,15725,1
54794,15607,0,15742,0
54846,15622,0,15757,0
54903,15633,0,15766,1
54965,15644,0,15782,1
55017,15658,0,15795,0
55068,15671,0,15815,0
55121,15686,0,15827,1
55173,15701,0,15839,1
55226,15719,0,15846,1
55277,15738,0,15850,1
55327,15752,0,15862,1
55378,15765,0,15880,1
55431,15785,0,15880,1
55481,15805,0,15883,1
55533,15814,0,15902,1
55583,15830,0,15919,1
55633,15840,0,15941,1
55684,15850,0,15958,2
55734,15862,0,15977,2
55784,15873,0,15988,0
55834,15889,0,16006,0
55885,15906,0,16020,1
55935,15924,0,16033,1
55986,15940,0,16043,1
56038,15956,0,16054,1
56089,15969,0,16061,1
56142,15988,0,16075,1
56199,16007,0,16082,0
56249,16023,0,16105,1
56299,16032,0,16121,0
56352,16043,0,16140,0
56402,16055,0,16157,0
56456,16068,0,16166,1
56511,16083,0,16178,1
56564,16096,0,16192,1
56615,16115,0,16198,2
56669,16130,0,16213,1
56720,16149,0,16225,1
56770,16164,0,16231,0
56820,16179,0,16254,1
56870,16195,0,16262,1
56920,16212,0,16283,1
56971,16225,0,16292,1
57027,16236,0,16303,1
57077,16245,0,16314,0
57129,16259,0,16324,1
57183,16272,0,16346,1
57235,16289,0,16366,1
57285,16304,0,16377,0
57336,16322,0,16390,1
57386,16337,0,16412,0
57436,16351,0,16432,1
57488,16367,0,16449,1
57543,16386,0,16465,1
57594,16406,0,16472,1
57646,16415,0,16481,1
57697,16431,0,16493,0
57748,16439,0,16513,1
57804,16453,0,16525,1
57858,16465,0,16537,1
57908,16478,0,16545,1
57958,16495,0,16565,1
58008,16510,0,16576,2
58062,16527,0,16586,1
58112,16544,0,16590,1
58164,16562,0,16607,1
58216,16576,0,16620,1
58267,16593,0,16637,1
58318,16609,0,16701,1
58368,16622,0,16717,1
58419,16633,0,16730,1
58469,16643,0,16754,0
58519,16656,0,16765,0
58570,16669,0,16776,0
58620,16683,0,16781,2
58671,16696,0,16802,0
58723,16715,0,16817,1
58775,16730,0,16834,1
58825,16748,0,16846,2
58875,16764,0,16854,1
58925,16780,0,16864,2
58976,16797,0,16885,1
59026,16812,0,16901,1
59077,16823,0,16913,1
59127,16835,0,16930,0
59177,16845,0,16955,2
59227,16853,0,16964,1
59278,16869,0,16990,0
59328,16884,0,16998,2
59379,16897,0,17020,0
59429,16916,0,17028,0
59480,16930,0,17040,0
59531,16950,0,17051,1
59581,16964,0,17078,0
59632,16978,0,17082,1
59682,16998,0,17088,1
59733,17013,0,17097,0
59783,17026,0,17109,1
59834,17036,0,17134,0
59885,17045,0,17156,0
59939,17059,0,17173,1
59990,17071,0,17191,0
60042,17089,0,17204,1
60095,17102,0,17220,1
60146,17118,0,17227,1
60198,17136,0,17235,1
60252,17153,0,17263,1
60306,17168,0,17277,1
60356,17187,0,17293,0
60406,17204,0,17298,2
60456,17216,0,17313,0
60507,17231,0,17326,0
60559,17241,0,17348,1
60613,17250,0,17363,1
60664,17266,0,17374,1
60717,17278,0,17380,1
60767,17296,0,17388,1
60818,17308,0,17403,1
60869,17323,0,17416,1
60919,17344,0,17422,2
60970,17360,0,17429,1
61020,17374,0,17442,1
61070,17389,0,17446,2
61120,17407,0,17452,2
61177,17419,0,17475,1
61227,17434,0,17491,0
61278,17444,0,17507,1
61328,17452,0,17515,1
61379,17469,0,17526,0
61432,17483,0,17545,1
61482,17497,0,17571,0
61532,17509,0,17585,0
61583,17529,0,17591,1
61634,17549,0,17605,0
61684,17563,0,17626,1
61735,17575,0,17641,1
61786,17595,0,17656,0
61836,17612,0,17670,1
61891,17621,0,17693,1
61946,17637,0,17702,1
61997,17647,0,17726,0
62047,17659,0,17738,2
62099,17672,0,17751,1
62150,17690,0,17761,1
62200,17701,0,17790,1
62252,17712,0,17797,1
62302,17732,0,17798,1
62352,17752,0,17814,0
62404,17765,0,17833,1
62454,17779,0,17850,1
62505,17801,0,17855,1
62555,17814,0,17905,0
62605,17828,0,17939,1
62655,17839,0,17948,1
62706,17848,0,17967,1
62759,17862,0,17983,1
62816,17875,0,18004,1
62866,17895,0,18010,1
62917,17906,0,18035,1
62968,17914,0,18051,1
63019,17937,0,18053,1
63073,17960,0,18066,1
63123,17971,0,18081,0
63173,17986,0,18090,1
63223,18005,0,18095,0
63275,18018,0,18122,0
63327,18032,0,18129,1
63377,18041,0,18153,0
63429,18050,0,18170,0
63483,18068,0,18175,1
63539,18078,0,18195,1
63589,18097,0,18196,0
63639,18109,0,18217,0
63690,18123,0,18235,1
63744,18148,0,18243,1
63795,18164,0,18257,0
63849,18176,0,18273,1
63899,18193,0,18283,1
63950,18211,0,18286,1
64003,18224,0,18304,1
64053,18238,0,18319,1
64108,18248,0,18343,1
64162,18258,0,18363,1
64212,18274,0,18377,0
64262,18288,0,18394,1
64315,18303,0,18413,1
64365,18312,0,18431,1
64417,18335,0,18434,1
64472,18353,0,18442,1
64523,18371,0,18454,1
64574,18385,0,18462,3
64625,18404,0,18467,2
64676,18417,0,18487,1
64727,18431,0,18508,0
64777,18441,0,18533,1
64828,18450,0,18549,0
64881,18465,0,18562,1
64936,18477,0,18575,0
64989,18495,0,18585,2
65040,18509,0,18602,1
65092,18520,0,18607,1
65144,18540,0,18611,1
65201,18564,0,18618,1
65253,18575,0,18638,0
65306,18592,0,18648,1
65356,18612,0,18649,1
65406,18625,0,18657,2
65456,18636,0,18675,1
65508,18647,0,18686,0
65558,18653,0,18713,0
65608,18673,0,18723,0
65663,18682,0,18749,1
65714,18702,0,18757,0
65765,18711,0,18769,0
65816,18730,0,18771,1
65867,18748,0,18782,1
65919,18767,0,18790,1
65970,18779,0,18798,1
66020,18798,0,18803,1
66070,18816,0,18813,1
66120,18829,0,18827,2
66170,18840,0,18840,1
66220,18849,0,18871,1
66271,18857,0,18889,1
66322,18875,0,18896,1
66372,18885,0,18913,1
66422,18904,0,18927,1
66475,18912,0,18944,0
66525,18930,0,18958,1
66576,18952,0,18968,1
66630,18971,0,18973,1
66681,18980,0,18984,1
66735,19002,0,18984,1
66792,19018,0,18996,1
66842,19033,0,19007,0
66893,19043,0,19034,1
66943,19051,0,19048,0
66994,19066,0,19062,1
67044,19077,0,19075,0
67095,19093,0,19091,2
67145,19109,0,19109,0
67197,19120,0,19127,1
67247,19137,0,19140,1
67297,19159,0,19147,1
67347,19174,0,19172,1
67399,19186,0,19187,1
67456,19206,0,19196,1
67510,19223,0,19212,1
67561,19236,0,19237,1
67612,19247,0,19257,0
67662,19253,0,19338,0
67715,19271,0,19340,1
67769,19282,0,19363,0
67822,19300,0,19364,1
67872,19312,0,19379,1
67924,19329,0,19389,0
67974,19348,0,19399,1
68025,19368,0,19406,1
68081,19380,0,19429,1
68140,19399,0,19445,1
68191,19411,0,19445,1
68241,19432,0,19445,1
68294,19443,0,19462,1
68346,19452,0,19484,1
68397,19463,0,19505,1
68450,19478,0,19528,1
68501,19490,0,19536,1
68553,19510,0,19555,1
68604,19521,0,19571,1
68654,19539,0,19577,3
68704,19562,0,19588,2
68754,19574,0,19600,1
68804,19588,0,19621,2
68854,19601,0,19641,0
68908,19617,0,19654,1
68958,19635,0,19670,0
69008,19645,0,19690,1
69059,19653,0,19717,0
69111,19667,0,19727,1
69161,19679,0,19745,0
69213,19694,0,19760,0
69264,19711,0,19781,0
69314,19722,0,19800,0
69365,19739,0,19804,1
69415,19757,0,19806,1
69466,19778,0,19812,1
69516,19791,0,19831,1
69566,19802,0,19846,0
69618,19820,0,19861,1
69668,19836,0,19877,1
69720,19848,0,19893,0
69772,19855,0,19910,1
69823,19873,0,19920,0
69873,19882,0,19950,1
69923,19899,0,19961,1
69973,19912,0,19988,1
70023,19923,0,19999,0
70073,19944,0,20005,1
70123,19962,0,20018,3
70173,19979,0,20029,1
70225,19993,0,20046,1
70275,20003,0,20064,0
70327,20024,0,20075,1
70377,20038,0,20087,2
70428,20049,0,20107,0
70478,20055,0,20116,0
70529,20074,0,20125,1
70579,20084,0,20147,1
70629,20101,0,20159,2
70680,20112,0,20176,0
70731,20120,0,20183,1
70781,20147,0,20186,2
70831,20162,0,20194,2
70881,20179,0,20209,0
70931,20194,0,20223,1
70981,20203,0,20243,0
71031,20226,0,20255,2
71083,20240,0,20267,1
71135,20250,0,20283,1
71187,20256,0,20317,1
71239,20271,0,20328,1
71289,20285,0,20345,0
71340,20306,0,20355,0
71392,20313,0,20384,0
71442,20323,0,20398,0
71492,20344,0,20399,1
71548,20366,0,20416,1
71599,20384,0,20432,1
71649,20399,0,20447,2
71699,20406,0,20462,0
71752,20431,0,20471,1
71804,20443,0,20483,0
71854,20451,0,20504,0
71906,20463,0,20516,1
71956,20478,0,20538,0
72011,20490,0,20553,1
72061,20510,0,20567,0
72112,20516,0,20591,0
72163,20530,0,20601,1
72214,20552,0,20608,0
72264,20568,0,20613,1
72315,20587,0,20622,1
72366,20601,0,20644,0
72422,20615,0,20658,1
72472,20635,0,20663,0
72522,20645,0,20684,0
72575,20654,0,20699,1
72625,20668,0,20712,1
72676,20680,0,20723,1
72731,20695,0,20733,1
72783,20712,0,20744,0
72837,20720,0,20763,1
72891,20738,0,20775,1
72942,20758,0,20788,0
72994,20781,0,20791,1
73046,20796,0,20799,1
73098,20806,0,20820,0
73150,20830,0,20830,0
73200,20843,0,20850,1
73254,20851,0,20884,0
73311,20859,0,20909,1
73362,20876,0,20922,1
73412,20889,0,20936,0
73462,20907,0,20948,1
73512,20916,0,20963,0
73562,20928,0,20984,1
73612,20948,0,20989,1
73663,20963,0,21004,1
73714,20980,0,21004,1
73765,21001,0,21012,0
73818,21007,0,21032,1
73869,21035,0,21038,1
73921,21045,0,21059,1
73971,21053,0,21094,0
74022,21063,0,21112,1
74073,21076,0,21129,0
74125,21091,0,21134,1
74176,21109,0,21139,0
74228,21118,0,21162,0
74279,21130,0,21171,1
74329,21154,0,21172,1
74381,21168,0,21194,1
74432,21186,0,21203,1
74482,21202,0,21221,0
74534,21215,0,21236,1
74584,21237,0,21237,1
74636,21250,0,21254,1
74686,21255,0,21266,1
74738,21270,0,21287,1
74788,21280,0,21304,1
74838,21296,0,21315,1
74889,21311,0,21334,1
74939,21319,0,21367,0
74989,21333,0,21383,3
75039,21348,0,21383,2
75090,21369,0,21396,0
75140,21389,0,21407,2
75190,21403,0,21423,0
75240,21413,0,21432,1
75290,21438,0,21439,0
75341,21450,0,21452,0
75391,21455,0,21474,0
75442,21470,0,21494,0
75492,21481,0,21512,0
75542,21497,0,21520,1
75594,21513,0,21533,1
75650,21521,0,21552,1
75700,21536,0,21572,1
75751,21553,0,21593,2
75801,21572,0,21598,1
75851,21591,0,21612,0
75902,21604,0,21623,0
75953,21619,0,21636,1
76006,21641,0,21649,0
76056,21651,0,21673,0
76106,21658,0,21689,0
76156,21671,0,21703,0
76206,21686,0,21710,1
76257,21700,0,21726,1
76308,21715,0,21737,1
76358,21723,0,21756,0
76409,21736,0,21771,1
76460,21752,0,21778,1
76512,21772,0,21779,1
76562,21793,0,21779,1
76613,21805,0,21799,0
76666,21823,0,21811,1
76716,21844,0,21819,1
76768,21853,0,21831,1
76819,21859,0,21847,0
76869,21873,0,21857,2
76919,21889,0,21873,0
76969,21906,0,21889,2
77019,21916,0,21913,0
77072,21926,0,21929,1
77123,21943,0,21936,1
77173,21958,0,21953,1
77225,21976,0,21958,2
77281,21997,0,21966,1
77331,22008,0,21988,0
77381,22027,0,21993,1
77432,22045,0,22004,1
77487,22054,0,22022,1
77538,22064,0,22042,1
77588,22077,0,22051,1
77638,22092,0,22061,1
77688,22110,0,22071,0
77738,22119,0,22096,0
77788,22129,0,22122,0
77839,22146,0,22130,0
77889,22162,0,22137,3
77940,22179,0,22151,1
77990,22201,0,22155,1
78044,22210,0,22182,1
78094,22231,0,22191,1
78148,22249,0,22216,1
78199,22256,0,22243,1
78251,22267,0,22271,1
78302,22282,0,22284,0
78352,22298,0,22307,1
78404,22313,0,22319,0
78455,22320,0,22348,1
78506,22333,0,22367,1
78556,22349,0,22390,1
78607,22367,0,22400,1
78658,22383,0,22408,0
78711,22405,0,22411,1
78761,22418,0,22423,1
78812,22436,0,22424,1
78862,22451,0,22435,0
78912,22458,0,22459,0
78963,22470,0,22472,1
79013,22485,0,22488,1
79065,22499,0,22503,0
79127,22515,0,22514,1
79179,22527,0,22527,1
79229,22542,0,22540,2
79279,22554,0,22556,1
79334,22574,0,22567,1
79385,22591,0,22575,1
79436,22608,0,22592,0
79489,22628,0,22656,1
79539,22646,0,22667,1
79589,22654,0,22686,1
79642,22663,0,22719,1
79692,22677,0,22732,0
79746,22692,0,22746,1
79799,22711,0,22760,1
79849,22719,0,22775,0
79899,22731,0,22797,1
79950,22746,0,22812,0
80003,22760,0,22822,1
80053,22779,0,22824,1
80105,22793,0,22833,1
80157,22811,0,22846,1
80208,22832,0,22846,2
80258,22850,0,22851,0
80314,22857,0,22867,1
80365,22870,0,22888,0
80416,22879,0,22894,2
80467,22899,0,22905,0
80521,22914,0,22926,0
80572,22925,0,22946,1
80622,22938,0,22961,1
80675,22953,0,22977,1
80727,22968,0,22979,1
80777,22984,0,23000,0
80830,23004,0,23011,1
80882,23017,0,23020,1
80933,23042,0,23024,1
80986,23053,0,23042,0
81036,23062,0,23060,1
81086,23073,0,23085,0
81138,23089,0,23108,0
81189,23106,0,23113,1
81239,23116,0,23133,2
81289,23128,0,23150,1
81339,23145,0,23160,1
81392,23156,0,23173,1
81445,23175,0,23188,1
81495,23189,0,23208,1
81545,23207,0,23211,1
81596,23221,0,23226,1
81649,23245,0,23234,1
81699,23255,0,23254,0
81753,23264,0,23273,0
81803,23276,0,23287,0
81855,23294,0,23298,3
81905,23310,0,23310,1
81957,23320,0,23328,1
82008,23330,0,23346,1
82063,23349,0,23352,1
82113,23362,0,23365,0
82164,23381,0,23373,0
82215,23394,0,23375,2
82265,23411,0,23383,0
82317,23427,0,23389,1
82367,23451,0,23398,1
82422,23457,0,23420,1
82475,23469,0,23431,1
82525,23480,0,23454,1
82576,23501,0,23465,1
82628,23514,0,23487,0
82680,23524,0,23505,1
82730,23534,0,23516,1
82783,23553,0,23528,1
82836,23568,0,23542,1
82889,23585,0,23555,0
82939,23601,0,23573,1
82989,23617,0,23588,2
83039,23636,0,23597,1
83090,23653,0,23611,0
83141,23662,0,23636,1
83192,23674,0,23653,1
83244,23687,0,23670,1
83294,23707,0,23684,0
83344,23717,0,23707,1
83394,23728,0,23722,1
83444,23741,0,23739,1
83494,23756,0,23800,2
83545,23769,0,23810,1
83596,23787,0,23816,1
83653,23802,0,23823,1
83703,23820,0,23834,1
83759,23839,0,23850,1
83809,23856,0,23863,1
83859,23865,0,23876,1
83913,23876,0,23897,0
83963,23895,0,23906,0
84016,23909,0,23919,1
84067,23921,0,23939,1
84118,23931,0,23961,0
84169,23950,0,23969,1
84222,23959,0,23981,1
84272,23981,0,23990,1
84325,23993,0,24007,1
84376,24010,0,24020,1
84431,24028,0,24027,1
84481,24050,0,24037,0
84531,24059,0,24057,2
84582,24069,0,24081,0
84635,24080,0,24104,1
84693,24102,0,24112,1
84743,24115,0,24124,0
84793,24126,0,24141,2
84844,24137,0,24152,1
84894,24154,0,24164,1
84945,24167,0,24176,1
84995,24185,0,24191,0
85045,24200,0,24206,0
85095,24214,0,24211,1
85145,24234,0,24214,1
85195,24254,0,24229,0
85245,24262,0,24249,2
85301,24274,0,24270,1
85351,24285,0,24289,1
85404,24306,0,24300,1
85454,24318,0,24315,0
85504,24327,0,24333,1
85554,24343,0,24344,1
85606,24357,0,24353,0
85656,24371,0,24373,1
85706,24389,0,24389,1
85756,24402,0,24404,1
85808,24417,0,24414,0
85858,24438,0,24418,2
85909,24456,0,24426,1
85959,24464,0,24445,0
86009,24475,0,24466,0
86059,24489,0,24479,1
86114,24508,0,24489,0
86164,24519,0,24502,0
86214,24529,0,24522,1
86264,24543,0,24538,2
86317,24557,0,24563,0
86370,24575,0,24568,1
86425,24590,0,24577,1
86475,24607,0,24590,0
86526,24620,0,24612,1
86576,24643,0,24619,2
86626,24656,0,24636,0
86676,24667,0,24658,0
86727,24678,0,24675,1
86778,24693,0,24695,1
86831,24709,0,24706,0
86881,24723,0,24724,1
86934,24732,0,24742,1
86985,24750,0,24751,1
87036,24761,0,24761,1
87086,24782,0,24817,0
87137,24795,0,24830,1
87189,24811,0,24843,0
87239,24823,0,24859,1
87294,24841,0,24866,1
87345,24858,0,24871,1
87398,24870,0,24881,1
87448,24883,0,24902,2
87498,24899,0,24911,2
87548,24913,0,24927,0
87598,24925,0,24940,0
87649,24936,0,24950,1
87699,24952,0,24963,1
87751,24965,0,24981,1
87801,24984,0,24993,1
87851,24999,0,25014,0
87901,25014,0,25036,3
87953,25026,0,25052,1
88003,25043,0,25064,1
88053,25062,0,25078,2
88103,25071,0,25096,1
88160,25083,0,25107,1
88210,25098,0,25116,1
88260,25114,0,25128,0
88311,25127,0,25136,0
88362,25140,0,25154,1
88412,25157,0,25163,0
88462,25166,0,25172,1
88513,25186,0,25176,0
88563,25204,0,25194,0
88618,25218,0,25208,1
88671,25232,0,25226,1
88721,25246,0,25238,1
88774,25266,0,25243,1
88828,25277,0,25255,1
88884,25290,0,25318,1
88936,25309,0,25332,0
88989,25322,0,25346,1
89042,25332,0,25361,1
89095,25348,0,25366,1
89145,25363,0,25375,2
89195,25380,0,25384,0
89245,25396,0,25403,1
89295,25411,0,25422,0
89346,25422,0,25438,1
89396,25438,0,25450,2
89450,25458,0,25466,1
89501,25470,0,25490,1
89553,25481,0,25500,1
89607,25496,0,25516,1
89657,25514,0,25578,1
89708,25526,0,25599,0
89759,25538,0,25612,0
89811,25552,0,25626,1
89862,25565,0,25629,1
89912,25586,0,25635,3
89962,25600,0,25646,1
90015,25616,0,25663,1
90065,25630,0,25676,2
90115,25645,0,25698,1
90168,25665,0,25713,1
90220,25674,0,25729,0
90274,25682,0,25749,1
90325,25704,0,25761,0
90376,25716,0,25774,0
90427,25729,0,25795,1
90479,25742,0,25806,1
90529,25756,0,25820,1
90579,25768,0,25836,1
90629,25791,0,25849,2
90684,25807,0,25861,1
90734,25819,0,25889,0
90784,25835,0,25896,1
90837,25853,0,25904,1
90887,25867,0,25918,1
90937,25878,0,25943,1
90987,25888,0,25953,1
91039,25909,0,25964,1
91091,25921,0,25989,0
91142,25931,0,26013,1
91194,25946,0,26036,1
91246,25958,0,26050,1
91296,25977,0,26069,2
91347,25993,0,26077,0
91398,26011,0,26088,1
91448,26022,0,26109,0
91498,26036,0,26121,0
91550,26053,0,26122,1
91600,26069,0,26131,0
91650,26078,0,26156,0
91705,26092,0,26169,1
91761,26113,0,26175,0
91813,26127,0,26193,1
91864,26136,0,26208,1
91915,26151,0,26222,1
91967,26165,0,26241,1
92017,26186,0,26260,1
92067,26201,0,26276,1
92117,26216,0,26296,1
92167,26227,0,26315,1
92217,26239,0,26336,1
92272,26264,0,26345,1
92327,26273,0,26367,1
92377,26282,0,26382,1
92427,26300,0,26392,1
92477,26316,0,26404,0
92528,26328,0,26417,0
92578,26340,0,26437,1
92630,26355,0,26458,1
92685,26367,0,26477,0
92735,26386,0,26477,1
92786,26407,0,26498,1
92837,26419,0,26520,0
92887,26431,0,26540,1
92938,26448,0,26548,1
92988,26466,0,26553,0
93039,26477,0,26567,1
93089,26484,0,26576,0
93140,26504,0,26579,1
93190,26518,0,26604,1
93242,26530,0,26620,1
93295,26546,0,26634,1
93346,26557,0,26648,0
93396,26568,0,26663,1
93447,26590,0,26666,1
93498,26610,0,26677,1
93548,26622,0,26735,0
93599,26633,0,26747,1
93649,26652,0,26758,2
93699,26668,0,26761,0
93750,26678,0,26773,1
93801,26688,0,26791,1
93851,26710,0,26803,1
93903,26722,0,26826,0
93953,26732,0,26842,0
94005,26747,0,26856,1
94057,26758,0,26885,1
94113,26772,0,26897,1
94164,26796,0,26901,1
94215,26813,0,26918,1
94265,26825,0,26930,1
94319,26838,0,26952,1
94373,26855,0,26971,1
94423,26872,0,26975,0
94478,26880,0,26988,1
94528,26898,0,26998,1
94587,26917,0,27008,1
94637,26929,0,27030,1
94695,26941,0,27047,1
94747,26957,0,27059,0
94797,26967,0,27079,0
94848,26988,0,27092,1
94901,27009,0,27102,1
94954,27022,0,27117,1
95008,27035,0,27137,1
95059,27052,0,27154,0
95109,27065,0,27174,2
95159,27078,0,27187,0
95211,27089,0,27206,1
95262,27113,0,27221,0
95315,27124,0,27242,1
95369,27135,0,27259,1
95419,27150,0,27268,1
95469,27163,0,27285,1
95519,27174,0,27304,1
95570,27197,0,27312,1
95620,27214,0,27320,1
95670,27226,0,27342,1
95723,27237,0,27359,1
95773,27254,0,27372,0
95825,27270,0,27385,1
95875,27279,0,27398,0
95925,27295,0,27411,2
95975,27314,0,27420,0
96029,27328,0,27435,1
96080,27337,0,27454,1
96131,27354,0,27480,0
96185,27365,0,27502,1
96237,27380,0,27507,1
96288,27403,0,27512,0
96338,27418,0,27527,0
96390,27430,0,27542,0
96448,27442,0,27554,1
96501,27460,0,27574,1
96553,27477,0,27589,1
96605,27486,0,27605,1
96657,27509,0,27612,1
96707,27520,0,27626,1
96760,27533,0,27692,1
96815,27544,0,27703,1
96867,27561,0,27713,1
96918,27572,0,27733,1
96970,27592,0,27739,1
97020,27610,0,27739,2
97070,27625,0,27746,1
97120,27636,0,27769,2
97171,27651,0,27793,1
97221,27668,0,27804,2
97273,27679,0,27823,0
97325,27689,0,27835,1
97377,27714,0,27837,0
97430,27728,0,27847,1
97480,27735,0,27865,1
97533,27750,0,27879,1
97583,27764,0,27893,0
97634,27777,0,27916,0
97684,27797,0,27920,0
97734,27816,0,27925,2
97785,27828,0,27940,1
97841,27838,0,27960,1
97892,27858,0,27966,1
97942,27875,0,27974,2
97996,27883,0,27991,1
98046,27897,0,28002,1
98099,27917,0,28015,0
98149,27930,0,28026,0
98199,27941,0,28047,1
98249,27956,0,28064,1
98301,27967,0,28076,1
98351,27983,0,28095,1
98401,28002,0,28109,1
98451,28019,0,28125,0
98501,28033,0,28149,2
98551,28041,0,28157,1
98602,28059,0,28160,0
98652,28076,0,28178,1
98703,28084,0,28207,1
98753,28100,0,28222,1
98803,28117,0,28236,0
98854,28131,0,28243,0
98905,28142,0,28273,1
98955,28156,0,28290,0
99005,28167,0,28310,0
99059,28185,0,28331,1
99111,28203,0,28340,1
99163,28221,0,28361,0
99214,28234,0,28370,1
99272,28244,0,28385,1
99323,28264,0,28399,1
99374,28279,0,28413,1
99430,28289,0,28437,1
99481,28311,0,28447,1
99536,28325,0,28458,1
99589,28336,0,28476,1
99640,28350,0,28491,1
99690,28363,0,28516,1
99743,28378,0,28532,1
99793,28397,0,28552,2
99848,28415,0,28569,1
99900,28431,0,28575,1
99950,28439,0,28581,1
100000,28456,0,28583,3
100050,28475,0,28598,1
100102,28483,0,28619,1
100153,28496,0,28633,1
100203,28517,0,28642,0
100253,28531,0,28662,1
100303,28540,0,28677,1
100355,28556,0,28689,1
100408,28567,0,28704,0
100459,28583,0,28714,1
100514,28603,0,28722,1
100575,28618,0,28733,1
100627,28634,0,28741,0
100680,28642,0,28752,0
100737,28665,0,28767,1
100787,28680,0,28774,0
100837,28690,0,28789,1
100889,28710,0,28803,1
100940,28725,0,28816,1
100990,28736,0,28827,1
101040,28749,0,28843,0
101094,28761,0,28861,1
101148,28778,0,28882,1
101198,28794,0,28889,1
101250,28814,0,28902,1
101300,28830,0,28915,0
101350,28838,0,28929,1
101404,28854,0,28944,1
101457,28871,0,28949,1
101512,28884,0,28972,1
101562,28896,0,28983,1
101614,28917,0,29045,0
101664,28932,0,29050,1
101716,28942,0,29063,1
101770,28957,0,29071,1
101824,28969,0,29085,1
101874,28987,0,29092,1
101925,29004,0,29100,0
101975,29018,0,29121,1
102025,29034,0,29133,0
102076,29042,0,29156,0
102126,29060,0,29157,1
102176,29078,0,29167,0
102231,29088,0,29184,1
102281,29102,0,29206,1
102333,29120,0,29217,1
102383,29134,0,29233,0
102435,29146,0,29247,1
102489,29159,0,29256,1
102543,29174,0,29268,1
102595,29192,0,29278,1
102645,29212,0,29291,2
102697,29227,0,29317,1
102748,29236,0,29337,1
102799,29247,0,29357,1
102850,29267,0,29364,1
102902,29282,0,29368,1
102952,29293,0,29381,1
103004,29312,0,29385,1
103054,29325,0,29393,1
103104,29338,0,29410,1
103158,29351,0,29419,1
103208,29363,0,29431,1
103262,29377,0,29437,1
103312,29396,0,29440,1
103364,29415,0,29456,1
103414,29433,0,29467,1
103464,29439,0,29484,1
103518,29451,0,29499,1
103568,29472,0,29507,1
103618,29485,0,29516,1
103669,29497,0,29536,0
103722,29518,0,29548,1
103775,29532,0,29556,1
103826,29542,0,29568,1
103882,29557,0,29585,0
103933,29570,0,29607,1
103983,29586,0,29621,1
104034,29606,0,29625,2
104084,29618,0,29638,0
104135,29634,0,29654,0
104185,29642,0,29675,0
104235,29656,0,29691,2
104286,29673,0,29694,1
104338,29689,0,29708,1
104390,29702,0,29726,1
104440,29719,0,29737,0
104493,29735,0,29744,1
104543,29746,0,29759,1
104594,29758,0,29783,0
104645,29773,0,29793,1
104695,29791,0,29809,1
104746,29810,0,29815,1
104796,29823,0,29822,2
104847,29835,0,29836,0
104897,29844,0,29855,1
104948,29862,0,29869,1
104998,29876,0,29887,1
105049,29892,0,29898,1
105100,29905,0,29907,0
105150,29920,0,29915,1
105201,29935,0,29934,0
105251,29948,0,29946,1
105303,29959,0,29966,0
105353,29975,0,29982,0
105407,29992,0,29996,1
105457,30013,0,30001,2
105508,30028,0,30019,1
105559,30035,0,30045,0
105610,30046,0,30067,1
105660,30065,0,30077,1
105712,30083,0,30094,1
105763,30093,0,30120,0
105813,30107,0,30131,1
105865,30124,0,30141,1
105919,30137,0,30158,1
105969,30155,0,30169,2
106023,30163,0,30192,1
106075,30178,0,30202,1
106125,30197,0,30210,0
106175,30215,0,30215,2
106226,30234,0,30230,0
106279,30242,0,30249,1
106330,30252,0,30267,1
106380,30268,0,30283,2
106430,30287,0,30291,0
106482,30296,0,30303,1
106532,30313,0,30312,1
106584,30327,0,30324,1
106634,30342,0,30336,2
106686,30357,0,30359,0
106738,30368,0,30377,0
106788,30381,0,30383,2
106838,30400,0,30393,0
106888,30419,0,30405,1
106941,30433,0,30413,1
106992,30442,0,30430,0
107043,30456,0,30448,1
107099,30472,0,30456,1
107151,30489,0,30467,1
107205,30503,0,30486,1
107255,30520,0,30500,1
107308,30532,0,30513,1
107361,30549,0,30524,1
107412,30559,0,30536,0
107471,30576,0,30556,1
107526,30595,0,30570,1
107576,30614,0,30581,1
107626,30630,0,30592,1
107677,30641,0,30619,1
107729,30651,0,30639,1
107785,30667,0,30659,1
107838,30687,0,30668,1
107891,30698,0,30688,1
107943,30715,0,30701,1
107994,30728,0,30723,0
108048,30746,0,30727,1
108098,30758,0,30751,1
108148,30770,0,30772,1
108198,30780,0,30781,1
108254,30802,0,30787,1
108312,30822,0,30800,1
108363,30835,0,30821,0
108415,30845,0,30839,1
108465,30862,0,30845,1
108515,30876,0,30866,1
108565,30893,0,30872,0
108616,30905,0,30890,1
108666,30921,0,30902,1
108720,30936,0,30919,1
108773,30951,0,30935,1
108825,30961,0,30954,1
108876,30977,0,30964,1
108926,30987,0,30975,1
108984,31011,0,30983,1
109035,31030,0,30986,0
109085,31042,0,31001,1
109137,31052,0,31019,1
109191,31067,0,31033,1
109241,31085,0,31042,2
109291,31098,0,31065,2
109341,31112,0,31076,1
109399,31128,0,31090,1
109450,31143,0,31101,1
109500,31158,0,31125,1
109551,31170,0,31146,2
109601,31180,0,31159,1
109651,31198,0,31172,1
109701,31217,0,31182,1
109751,31233,0,31198,1
109801,31243,0,31209,0
109852,31256,0,31227,1
109905,31272,0,31240,1
109955,31284,0,31249,1
110007,31301,0,31258,1
110058,31317,0,31263,2
110108,31331,0,31282,1
110162,31347,0,31293,1
110213,31359,0,31309,0
110265,31373,0,31336,1
110318,31382,0,31348,1
110370,31405,0,31352,1
110427,31423,0,31364,1
110477,31437,0,31367,1
110528,31447,0,31384,1
110579,31464,0,31392,1
110630,31478,0,31405,0
110681,31495,0,31419,1
110731,31506,0,31432,1
110781,31526,0,31451,0
110831,31537,0,31467,1
110884,31550,0,31478,1
110935,31562,0,31494,1
110986,31577,0,31508,1
111036,31590,0,31526,1
111086,31606,0,31531,1
111138,31626,0,31543,1
111190,31639,0,31559,0
111248,31650,0,31572,1
111302,31671,0,31578,1
111356,31683,0,31594,1
111406,31698,0,31613,1
111457,31714,0,31629,1
111511,31729,0,31641,1
111562,31745,0,31654,1
111613,31757,0,31671,1
111663,31772,0,31685,2
111713,31781,0,31708,0
111763,31796,0,31724,1
111813,31819,0,31728,2
111867,31834,0,31737,1
111918,31844,0,31757,0
111968,31858,0,31768,1
112019,31875,0,31777,1
112070,31889,0,31801,1
112121,31903,0,31817,0
112171,31918,0,31830,2
112221,31933,0,31843,1
112282,31948,0,31852,1
112333,31961,0,31863,0
112384,31974,0,31882,0
112434,31988,0,31903,2
112484,32003,0,31918,1
112536,32024,0,31918,1
112590,32039,0,31936,1
112640,32047,0,31954,1
112691,32066,0,31965,0
112743,32080,0,32027,1
112794,32096,0,32041,1
112844,32108,0,32062,1
112894,32123,0,32065,1
112944,32136,0,32076,2
112994,32151,0,32087,1
113045,32163,0,32116,1
113095,32178,0,32127,1
113146,32190,0,32144,0
113197,32204,0,32150,0
113250,32228,0,32157,1
113300,32241,0,32163,1
113351,32249,0,32184,0
113402,32269,0,32193,0
113454,32282,0,32214,1
113504,32297,0,32224,0
113556,32310,0,32244,1
113606,32328,0,32260,0
113657,32338,0,32274,1
113707,32355,0,32281,3
113757,32367,0,32307,1
113807,32380,0,32315,0
113858,32391,0,32337,1
113908,32407,0,32346,0
113960,32430,0,32348,1
114010,32443,0,32374,0
114060,32451,0,32399,2
114114,32472,0,32404,1
114164,32484,0,32420,0
114214,32500,0,32426,0
114264,32514,0,32439,1
114314,32528,0,32457,0
114366,32542,0,32480,1
114416,32557,0,32495,1
114472,32568,0,32514,1
114524,32581,0,32532,0
114575,32593,0,32557,1
114626,32611,0,32563,0
114677,32635,0,32571,2
114729,32645,0,32592,0
114779,32655,0,32605,2
114829,32676,0,32619,1
114879,32687,0,32636,1
114931,32703,0,32641,0
114983,32718,0,32653,1
115034,32734,0,32659,0
115085,32746,0,32675,2
115141,32761,0,32687,1
115197,32773,0,32701,1
115247,32787,0,32721,0
115297,32800,0,32755,0
115347,32822,0,32760,1
115400,32839,0,32773,1
115450,32848,0,32793,1
115501,32865,0,32802,1
115552,32881,0,32813,1
115602,32891,0,32827,2
115653,32908,0,32841,1
115703,32923,0,32856,1
115757,32935,0,32862,1
115807,32951,0,32873,1
115857,32965,0,32897,1
115908,32978,0,32916,1
115960,32991,0,32928,1
116013,33002,0,32937,1
116063,33026,0,32945,2
116115,33043,0,32959,0
116167,33051,0,32979,0
116219,33071,0,32985,1
116272,33083,0,33000,1
116322,33097,0,33004,1
116373,33114,0,33014,1
116423,33126,0,33029,0
116473,33142,0,33039,1
116523,33157,0,33047,3
116574,33167,0,33069,0
116624,33179,0,33080,2
116675,33192,0,33094,0
116726,33208,0,33115,1
116777,33230,0,33115,1
116827,33244,0,33134,0
116877,33253,0,33155,1
116930,33276,0,33164,1
116980,33285,0,33183,0
117030,33300,0,33192,3
117080,33315,0,33199,2
117132,33328,0,33215,0
117183,33343,0,33228,0
117234,33357,0,33240,1
117290,33368,0,33262,1
117340,33382,0,33278,0
117391,33396,0,33291,1
117441,33411,0,33301,1
117491,33436,0,33306,2
117541,33446,0,33327,0
117591,33457,0,33397,2
117641,33477,0,33408,1
117691,33487,0,33426,1
117742,33499,0,33447,1
117794,33518,0,33460,1
117844,33531,0,33476,1
117894,33544,0,33489,0
117946,33561,0,33501,1
117997,33570,0,33522,0
118048,33585,0,33538,1
118100,33597,0,33547,1
118151,33615,0,33568,0
118201,33637,0,33577,1
118251,33646,0,33598,0
118305,33661,0,33618,1
118355,33680,0,33625,2
118408,33690,0,33638,1
118458,33707,0,33652,2
118508,33720,0,33662,1
118563,33735,0,33677,1
118613,33750,0,33696,1
118663,33765,0,33711,1
118713,33776,0,33727,2
118763,33790,0,33742,2
118813,33801,0,33763,0
118867,33818,0,33771,1
118923,33839,0,33774,0
118973,33851,0,33790,0
119026,33865,0,33801,1
119078,33882,0,33815,1
119128,33893,0,33843,1
119179,33913,0,33853,1
119229,33927,0,33873,1
119280,33941,0,33880,2
119333,33954,0,33887,1
119394,33968,0,33899,1
119444,33982,0,33911,1
119496,33994,0,33929,0
119549,34011,0,33943,1
119599,34034,0,33948,3
119649,34046,0,33974,0
119699,34057,0,33990,1
119749,34077,0,34004,1
119802,34089,0,34019,1
119852,34103,0,34036,1
119903,34118,0,34054,1
119956,34133,0,34074,0
120006,34145,0,34100,1
120058,34159,0,34111,1
120108,34170,0,34119,0
120160,34185,0,34130,1
120210,34199,0,34133,1
120262,34214,0,34139,1
120312,34239,0,34155,0
120365,34248,0,34175,1
120417,34263,0,34189,1
120468,34281,0,34198,0
120519,34292,0,34211,1
120574,34309,0,34223,1
120624,34326,0,34236,1
120674,34336,0,34257,1
120725,34351,0,34273,0
120776,34362,0,34290,0
120827,34373,0,34305,1
120878,34389,0,34314,1
120928,34402,0,34327,0
120978,34421,0,34343,0
121029,34440,0,34359,1
121079,34452,0,34372,1
121130,34465,0,34395,1
121181,34482,0,34409,1
121232,34493,0,34427,1
121283,34513,0,34438,1
121333,34528,0,34459,1
121383,34538,0,34478,1
121434,34553,0,34487,0
121484,34563,0,34497,1
121535,34576,0,34506,1
121586,34591,0,34514,0
121639,34602,0,34531,0
121689,34625,0,34534,1
121740,34641,0,34538,1
121790,34654,0,34559,1
121846,34667,0,34565,1
121898,34685,0,34572,1
121950,34699,0,34589,1
122000,34717,0,34593,1
122050,34731,0,34605,0
122100,34743,0,34631,1
122153,34756,0,34641,1
122206,34769,0,34658,1
122261,34781,0,34672,1
122312,34796,0,34685,0
122362,34809,0,34696,1
122412,34830,0,34702,1
122463,34847,0,34711,1
122515,34859,0,34726,1
122568,34874,0,34737,1
122618,34890,0,34750,0
122668,34902,0,34757,1
122718,34920,0,34765,0
122770,34934,0,34773,1
122821,34946,0,34790,1
122873,34960,0,34803,1
122925,34971,0,34821,1
122975,34984,0,34831,1
123025,35001,0,34847,2
123077,35015,0,34855,1
123127,35038,0,34864,1
123177,35050,0,34888,1
123228,35064,0,34906,1
123278,35080,0,34925,1
123328,35091,0,34942,0
123378,35106,0,34952,1
123428,35123,0,34963,1
123480,35135,0,34972,1
123533,35149,0,34994,1
123584,35162,0,35004,1
123640,35173,0,35023,1
123690,35189,0,35043,2
123742,35202,0,35054,0
123792,35221,0,35065,3
123842,35240,0,35070,0
123894,35254,0,35082,0
123947,35266,0,35097,0
123997,35284,0,35110,0
124047,35297,0,35133,0
124097,35312,0,35143,1
124147,35326,0,35158,0
124202,35339,0,35175,1
124255,35356,0,35185,1
124306,35367,0,35206,1
124357,35376,0,35219,1
124409,35393,0,35222,1
124462,35405,0,35245,1
124515,35429,0,35251,1
124567,35447,0,35258,1
124617,35459,0,35280,2
124667,35471,0,35299,2
124717,35487,0,35305,1
124767,35499,0,35324,1
124818,35519,0,35330,1
124868,35531,0,35348,1
124918,35544,0,35366,0
124968,35558,0,35378,0
125018,35570,0,35398,0
125070,35580,0,35427,1
125121,35597,0,35441,1
125172,35607,0,35460,1
125222,35629,0,35463,1
125276,35646,0,35470,1
125327,35662,0,35483,0
125377,35675,0,35502,1
125427,35689,0,35514,0
125481,35703,0,35526,1
125532,35721,0,35532,1
125583,35735,0,35543,1
125633,35745,0,35569,0
125686,35760,0,35589,1
125736,35772,0,35611,1
125788,35784,0,35631,1
125840,35802,0,35657,0
125890,35812,0,35676,1
125941,35836,0,35680,1
125991,35850,0,35690,1
126041,35866,0,35697,1
126091,35876,0,35711,1
126141,35892,0,35736,0
126193,35907,0,35744,1
126245,35925,0,35764,1
126295,35938,0,35780,1
126347,35948,0,35802,1
126398,35962,0,35814,1
126448,35973,0,35830,1
126504,35987,0,35841,1
126555,36003,0,35854,0
126606,36019,0,35867,1
126663,36040,0,35875,1
126717,36057,0,35886,1
126767,36069,0,35897,2
126817,36085,0,35912,0
126868,36098,0,35925,1
126919,36116,0,35930,1
126972,36131,0,35947,1
127022,36144,0,35965,2
127072,36158,0,35986,0
127127,36170,0,36009,0
127178,36180,0,36026,1
127230,36196,0,36033,1
127282,36209,0,36043,1
127336,36228,0,36055,1
127386,36248,0,36057,1
127437,36263,0,36074,1
127489,36275,0,36089,0
127542,36292,0,36114,0
127592,36306,0,36125,0
127644,36322,0,36147,1
127694,36336,0,36158,1
127745,36347,0,36185,1
127797,36361,0,36205,0
127847,36372,0,36225,0
127907,36386,0,36251,1
127957,36403,0,36264,0
128011,36418,0,36290,1
128061,36439,0,36301,1
128112,36453,0,36306,1
128166,36467,0,36323,1
128217,36485,0,36338,1
128268,36497,0,36349,1
128318,36513,0,36368,1
128368,36528,0,36389,0
128419,36540,0,36412,0
128474,36552,0,36420,1
128525,36567,0,36480,1
128576,36579,0,36502,1
128626,36592,0,36512,0
128677,36607,0,36524,0
128729,36625,0,36543,1
128780,36643,0,36554,3
128831,36657,0,36557,1
128885,36671,0,36571,1
128936,36689,0,36584,1
128986,36702,0,36597,1
129036,36721,0,36602,4
129086,36733,0,36622,0
129136,36745,0,36639,0
129186,36756,0,36655,1
129238,36770,0,36671,0
129289,36783,0,36693,2
129339,36794,0,36710,0
129392,36810,0,36716,1
129442,36829,0,36726,1
129501,36847,0,36729,1
129551,36866,0,36749,1
129606,36876,0,36763,1
129656,36893,0,36765,0
129707,36908,0,36792,1
129757,36925,0,36800,1
129807,36938,0,36823,0
129858,36948,0,36832,1
129909,36963,0,36850,0
129959,36974,0,36873,0
130009,36986,0,36883,1
130061,37000,0,36902,0
130113,37017,0,36914,1
130163,37034,0,36924,1
130215,37052,0,36932,1
130265,37066,0,36954,0
130315,37083,0,36971,4
130365,37096,0,36982,1
130415,37110,0,36998,1
130465,37127,0,37011,1
130516,37138,0,37033,0
130567,37150,0,37049,0
130625,37166,0,37062,1
130675,37177,0,37073,1
130726,37191,0,37104,1
130776,37205,0,37120,3
130826,37221,0,37130,1
130878,37237,0,37147,1
130929,37256,0,37164,0
130979,37270,0,37179,2
131029,37285,0,37191,4
131080,37298,0,37210,0
131130,37315,0,37219,3
131180,37332,0,37229,2
131231,37340,0,37239,1
131281,37353,0,37253,2
131331,37367,0,37272,1
131381,37378,0,37292,1
131431,37393,0,37315,1
131482,37406,0,37372,1
131535,37424,0,37386,0
131586,37440,0,37398,1
131636,37458,0,37414,1
131688,37471,0,37426,1
131739,37486,0,37436,2
131789,37501,0,37442,1
131841,37517,0,37447,1
131891,37533,0,37456,1
131945,37542,0,37468,1
132000,37558,0,37480,1
132054,37571,0,37486,1
132104,37583,0,37514,1
132156,37597,0,37534,1
132207,37613,0,37544,1
132260,37631,0,37550,1
132310,37647,0,37559,1
132360,37665,0,37572,1
132410,37676,0,37581,1
132464,37693,0,37596,0
132515,37704,0,37606,1
132565,37724,0,37611,1
132617,37736,0,37632,1
132667,37750,0,37640,1
132718,37762,0,37656,1
132771,37776,0,37663,1
132822,37787,0,37675,1
132874,37800,0,37686,0
132924,37817,0,37699,1
132974,37833,0,37715,0
133026,37850,0,37726,1
133076,37867,0,37731,1
133131,37879,0,37748,1
133181,37897,0,37756,1
133236,37912,0,37767,1
133286,37929,0,37776,1
133337,37939,0,37797,0
133387,37953,0,37805,1
133440,37966,0,37822,1
133492,37980,0,37836,1
133543,37994,0,37842,1
133593,38007,0,37855,1
133646,38019,0,37861,1
133698,38040,0,37865,1
133748,38060,0,37871,0
133799,38073,0,37891,0
133852,38086,0,37909,1
133903,38102,0,37916,1
133954,38118,0,37932,1
134006,38135,0,37946,1
134056,38143,0,37967,1
134112,38159,0,37976,1
134162,38171,0,37993,0
134212,38183,0,38012,1
134262,38198,0,38024,1
134314,38211,0,38043,1
134367,38227,0,38051,1
134421,38246,0,38062,1
134472,38266,0,38066,0
134525,38278,0,38082,1
134577,38295,0,38099,1
134627,38306,0,38115,1
134677,38325,0,38122,1
134727,38336,0,38145,0
134778,38349,0,38163,1
134828,38362,0,38180,0
134879,38375,0,38199,1
134932,38388,0,38222,1
134982,38401,0,38230,2
135032,38416,0,38243,0
135082,38435,0,38251,2
135135,38452,0,38265,1
135188,38468,0,38280,1
135240,38480,0,38295,1
135294,38499,0,38300,1
135344,38509,0,38315,1
135395,38530,0,38322,1
135449,38541,0,38335,1
135499,38555,0,38348,1
135551,38567,0,38367,1
135606,38582,0,38378,1
135659,38595,0,38386,1
135709,38608,0,38399,2
135761,38621,0,38417,1
135811,38643,0,38424,1
135861,38661,0,38431,1
135911,38674,0,38440,1
135963,38684,0,38469,1
136014,38703,0,38479,0
136066,38715,0,38504,1
136116,38735,0,38517,0
136169,38745,0,38533,1
136219,38760,0,38550,0
136270,38773,0,38561,1
136326,38784,0,38577,1
136380,38799,0,38585,1
136430,38814,0,38595,0
136483,38831,0,38611,2
136534,38850,0,38628,0
136584,38865,0,38630,1
136636,38879,0,38654,1
136687,38894,0,38671,1
136738,38907,0,38691,1
136789,38923,0,38707,3
136839,38938,0,38722,2
136890,38952,0,38739,1
136943,38965,0,38804,1
136998,38979,0,38813,1
137049,38989,0,38835,0
137103,39003,0,38857,1
137155,39020,0,38864,0
137205,39041,0,38871,1
137255,39054,0,38891,0
137312,39071,0,38897,1
137363,39084,0,38908,1
137415,39101,0,38912,1
137466,39114,0,38974,0
137517,39135,0,38976,2
137569,39145,0,38998,1
137620,39160,0,39013,0
137673,39172,0,39028,1
137723,39183,0,39034,0
137773,39197,0,39051,1
137823,39209,0,39061,2
137873,39222,0,39075,1
137923,39245,0,39078,1
137974,39260,0,39088,2
138025,39275,0,39104,2
138075,39289,0,39117,2
138125,39304,0,39125,1
138175,39315,0,39148,0
138226,39335,0,39159,0
138276,39347,0,39225,1
138327,39360,0,39232,0
138381,39374,0,39251,0
138431,39384,0,39269,0
138481,39398,0,39280,1
138532,39412,0,39296,1
138582,39426,0,39321,2
138634,39446,0,39336,1
138684,39464,0,39351,1
138735,39478,0,39373,2
138791,39491,0,39389,1
138847,39506,0,39399,1
138901,39521,0,39410,1
138951,39540,0,39412,0
139002,39554,0,39432,0
139058,39566,0,39450,1
139108,39580,0,39461,1
139159,39590,0,39486,1
139210,39604,0,39498,0
139261,39620,0,39558,0
139312,39637,0,39573,1
139363,39655,0,39593,0
139420,39670,0,39601,1
139471,39685,0,39619,1
139521,39700,0,39626,1
139571,39714,0,39632,1
139621,39725,0,39641,1
139671,39744,0,39649,2
139722,39755,0,39665,0
139772,39768,0,39679,1
139823,39783,0,39686,0
139874,39794,0,39703,1
139928,39808,0,39715,1
139982,39823,0,39735,1
140033,39845,0,39746,0
140084,39860,0,39758,1
140136,39876,0,39772,1
140190,39889,0,39785,1
140240,39905,0,39793,0
140290,39918,0,39809,0
140340,39934,0,39827,1
140391,39948,0,39837,1
140443,39961,0,39851,1
140497,39975,0,39871,1
140547,39988,0,39895,1
140597,40001,0,39907,0
140653,40014,0,39925,1
140703,40030,0,39938,2
140753,40051,0,39951,1
140803,40062,0,39974,1
140855,40080,0,39978,1
140908,40093,0,39995,1
140960,40109,0,40007,0
141013,40122,0,40020,1
141063,40141,0,40036,0
141117,40155,0,40041,1
141167,40167,0,40050,1
141217,40180,0,40065,1
141267,40191,0,40081,1
141320,40205,0,40098,1
141373,40221,0,40106,1
141424,40232,0,40110,1
141476,40257,0,40123,0
141528,40271,0,40143,1
141578,40285,0,40152,1
141631,40300,0,40169,1
141681,40315,0,40186,0
141733,40328,0,40206,1
141788,40344,0,40212,1
141839,40358,0,40222,1
141889,40373,0,40240,1
141941,40385,0,40254,1
141992,40398,0,40274,1
142042,40410,0,40298,0
142093,40424,0,40312,1
142146,40445,0,40324,1
142197,40460,0,40340,0
142247,40478,0,40361,1
142297,40490,0,40383,1
142347,40505,0,40390,0
142401,40518,0,40398,1
142453,40535,0,40412,1
142508,40549,0,40424,1
142559,40563,0,40439,1
142610,40578,0,40451,1
142660,40589,0,40467,1
142710,40603,0,40522,0
142765,40617,0,40556,1
142818,40629,0,40573,1
142870,40648,0,40580,1
142922,40669,0,40590,0
142972,40684,0,40601,1
143022,40694,0,40624,1
143073,40712,0,40640,1
143123,40723,0,40647,1
143173,40741,0,40656,1
143230,40755,0,40670,0
143283,40768,0,40685,1
143340,40784,0,40704,0
143391,40796,0,40718,0
143441,40810,0,40734,0
143491,40823,0,40750,0
143541,40836,0,40762,1
143593,40854,0,40765,1
143649,40876,0,40771,1
143699,40887,0,40792,1
143749,40904,0,40800,2
143804,40917,0,40809,1
143854,40934,0,40819,1
143907,40948,0,40827,0
143964,40962,0,40843,1
144014,40979,0,40851,1
144064,40989,0,40865,1
144116,41004,0,40880,1
144168,41017,0,40890,1
144223,41029,0,40909,1
144273,41045,0,40920,1
144328,41066,0,40930,1
144378,41084,0,40939,0
144430,41095,0,40948,1
144480,41112,0,40959,0
144530,41124,0,40974,1
144582,41140,0,40990,0
144633,41155,0,40999,0
144686,41166,0,41003,1
144736,41184,0,41017,2
144788,41195,0,41032,0
144840,41209,0,41047,1
144892,41223,0,41062,0
144943,41235,0,41086,1
144993,41247,0,41090,1
145044,41273,0,41098,1
145095,41286,0,41111,0
145145,41300,0,41119,1
145195,41315,0,41139,1
145246,41328,0,41150,1
145297,41343,0,41167,0
145347,41358,0,41177,1
145399,41370,0,41200,1
145452,41386,0,41212,1
145504,41398,0,41224,1
145554,41411,0,41244,1
145606,41425,0,41260,1
145658,41437,0,41280,1
145709,41453,0,41291,1
145760,41476,0,41310,1
145810,41488,0,41331,1
145860,41507,0,41343,1
145910,41517,0,41361,1
145964,41531,0,41377,1
146014,41545,0,41383,1
146066,41561,0,41396,0
146117,41576,0,41402,1
146167,41589,0,41419,1
146217,41603,0,41438,1
146267,41616,0,41451,2
146317,41628,0,41468,0
146367,41640,0,41499,2
146417,41655,0,41514,1
146467,41680,0,41523,2
146517,41691,0,41545,1
146567,41707,0,41563,1
146619,41720,0,41581,1
146670,41734,0,41590,1
146721,41748,0,41598,1
146771,41762,0,41614,1
146824,41775,0,41631,1
146876,41790,0,41647,0
146926,41804,0,41663,1
146977,41819,0,41680,1
147027,41828,0,41706,0
147080,41843,0,41716,1
147130,41861,0,41726,4
147184,41884,0,41734,0
147240,41893,0,41753,1
147291,41914,0,41755,1
147341,41925,0,41772,1
147392,41941,0,41774,0
147442,41952,0,41795,0
147495,41966,0,41808,1
147549,41982,0,41816,1
147599,41995,0,41834,1
147650,42007,0,41901,0
147700,42024,0,41911,1
147750,42035,0,41924,1
147800,42048,0,41942,2
147850,42068,0,41957,1
147901,42086,0,41969,0
147952,42096,0,41983,1
148002,42115,0,42034,0
148052,42127,0,42054,0
148102,42141,0,42066,0
148153,42153,0,42073,1
148208,42168,0,42097,1
148266,42186,0,42105,1
148318,42199,0,42123,0
148369,42212,0,42137,1
148425,42228,0,42147,1
148478,42241,0,42158,1
148530,42257,0,42172,1
148580,42283,0,42179,0
148633,42292,0,42194,0
148683,42308,0,42203,1
148733,42322,0,42216,0
148784,42334,0,42228,1
148834,42348,0,42248,1
148884,42362,0,42263,0
148935,42376,0,42276,1
148990,42391,0,42295,1
149042,42405,0,42317,1
149092,42421,0,42327,0
149142,42430,0,42348,1
149192,42443,0,42363,0
149245,42462,0,42373,1
149298,42486,0,42377,1
149350,42494,0,42399,1
149401,42514,0,42408,1
149452,42527,0,42425,0
149502,42540,0,42439,1
149552,42552,0,42453,0
149602,42566,0,42467,1
149652,42582,0,42482,1
149702,42594,0,42492,1
149753,42608,0,42513,1
149803,42624,0,42524,2
149853,42632,0,42549,1
149903,42646,0,42567,1
149955,42662,0,42578,1
150007,42683,0,42578,1
150057,42695,0,42597,1
150110,42715,0,42599,0
150160,42727,0,42617,0
150211,42742,0,42631,0
150261,42754,0,42642,1
150311,42766,0,42648,1
150361,42785,0,42651,0
150413,42794,0,42657,1
150463,42808,0,42667,0
150513,42824,0,42682,2
150565,42837,0,42700,1
150616,42851,0,42720,0
150670,42869,0,42732,1
150721,42888,0,42742,1
150771,42901,0,42757,1
150821,42919,0,42760,1
150871,42930,0,42777,1
150926,42943,0,42788,1
150976,42961,0,42798,1
151026,42969,0,42819,1
151079,42987,0,42826,1
151131,43001,0,42840,1
151181,43013,0,42851,1
151231,43028,0,42863,0
151281,43040,0,42872,0
151331,43052,0,42882,0
151381,43071,0,42893,0
151436,43092,0,42906,0
151486,43104,0,42923,2
151538,43122,0,42938,1
151588,43131,0,42959,0
151638,43148,0,42973,1
151688,43162,0,42985,0
151745,43172,0,43005,1
151795,43190,0,43016,0
151845,43204,0,43028,0
151900,43216,0,43045,1
151953,43230,0,43066,1
152005,43244,0,43084,1
152059,43262,0,43101,1
152114,43280,0,43114,1
152169,43296,0,43124,0
152219,43315,0,43135,1
152272,43329,0,43142,1
152322,43342,0,43164,0
152373,43357,0,43181,1
152425,43368,0,43195,0
152476,43380,0,43212,1
152529,43395,0,43224,1
152579,43412,0,43239,2
152629,43426,0,43249,0
152679,43439,0,43257,1
152729,43451,0,43279,0
152781,43470,0,43287,1
152835,43488,0,43304,1
152889,43502,0,43330,1
152940,43520,0,43341,1
152994,43531,0,43359,0
153048,43545,0,43367,1
153098,43563,0,43381,0
153148,43572,0,43410,0
153199,43591,0,43419,0
153250,43604,0,43437,0
153300,43615,0,43459,1
153351,43629,0,43472,0
153401,43643,0,43496,1
153451,43659,0,43506,2
153501,43674,0,43520,0
153555,43693,0,43533,1
153606,43707,0,43543,1
153656,43726,0,43545,0
153706,43735,0,43561,1
153757,43750,0,43576,1
153811,43764,0,43588,1
153866,43775,0,43609,1
153916,43792,0,43632,0
153969,43808,0,43645,1
154019,43818,0,43661,1
154071,43833,0,43675,1
154121,43844,0,43691,1
154173,43864,0,43704,1
154226,43881,0,43714,1
154276,43898,0,43722,2
154327,43914,0,43744,1
154377,43928,0,43751,0
154429,43939,0,43764,1
154485,43958,0,43768,1
154537,43970,0,43789,1
154587,43984,0,43807,2
154637,43995,0,43832,0
154692,44012,0,43850,1
154744,44027,0,43864,1
154795,44040,0,43884,0
154846,44053,0,43898,1
154900,44072,0,43907,1
154950,44087,0,43916,1
155001,44104,0,43932,1
155055,44123,0,43993,1
155106,44132,0,44017,0
155157,44148,0,44027,1
155209,44163,0,44038,0
155264,44174,0,44047,1
155314,44192,0,44055,0
155366,44204,0,44080,1
155419,44217,0,44096,1
155471,44233,0,44113,1
155526,44244,0,44128,1
155577,44264,0,44134,2
155627,44281,0,44143,2
155678,44299,0,44154,1
155733,44313,0,44164,1
155783,44329,0,44179,1
155833,44339,0,44197,0
155884,44356,0,44214,1
155936,44369,0,44227,1
155986,44381,0,44241,1
156038,44395,0,44263,1
156089,44411,0,44275,0
156139,44425,0,44284,1
156189,44436,0,44306,2
156239,44449,0,44327,0
156289,44466,0,44335,0
156344,44484,0,44336,1
156397,44501,0,44347,0
156447,44519,0,44359,0
156500,44531,0,44376,0
156552,44543,0,44396,1
156603,44562,0,44408,1
156653,44572,0,44424,1
156704,44586,0,44445,1
156759,44600,0,44455,1
156811,44615,0,44467,1
156863,44630,0,44476,0
156914,44643,0,44490,0
156964,44656,0,44497,2
157016,44671,0,44512,1
157067,44690,0,44519,1
157117,44707,0,44524,1
157167,44726,0,44535,0
157217,44735,0,44558,1
157269,44748,0,44568,1
157320,44764,0,44575,0
157371,44775,0,44609,1
157422,44793,0,44617,1
157478,44805,0,44634,1
157528,44819,0,44655,0
157578,44831,0,44663,1
157630,44844,0,44682,0
157681,44861,0,44691,1
157732,44881,0,44708,1
157782,44897,0,44719,0
157832,44911,0,44740,2
157884,44925,0,44745,1
157934,44939,0,44757,1
157984,44953,0,44764,1
158034,44967,0,44775,2
158084,44977,0,44787,1
158134,44994,0,44804,0
158184,45006,0,44815,1
158236,45020,0,44830,0
158286,45033,0,44852,0
158339,45046,0,44870,1
158391,45065,0,44884,1
158443,45083,0,44888,0
158497,45099,0,44901,1
158548,45115,0,44912,1
158599,45128,0,44924,1
158650,45141,0,44938,1
158700,45158,0,44953,1
158755,45169,0,44968,1
158805,45182,0,44980,1
158855,45196,0,44989,1
158905,45213,0,45001,1
158955,45227,0,45009,1
159006,45237,0,45021,1
159056,45251,0,45041,1
159110,45269,0,45054,1
159161,45286,0,45063,1
159211,45305,0,45069,1
159261,45315,0,45094,0
159311,45332,0,45104,1
159361,45342,0,45128,0
159414,45361,0,45147,1
159465,45372,0,45164,0
159517,45384,0,45178,1
159567,45401,0,45194,3
159617,45414,0,45198,1
159668,45429,0,45216,1
159718,45442,0,45238,1
159770,45454,0,45249,1
159821,45471,0,45255,1
159871,45489,0,45264,0
159921,45507,0,45268,0
159973,45519,0,45292,1
160023,45534,0,45303,0
160073,45545,0,45317,1
160125,45564,0,45324,2
160175,45573,0,45340,0
160226,45587,0,45356,1
160278,45602,0,45369,1
160330,45617,0,45378,1
160382,45631,0,45382,1
160436,45645,0,45398,1
160486,45658,0,45411,1
160536,45677,0,45414,1
160586,45692,0,45437,0
160636,45708,0,45447,1
160687,45725,0,45467,0
160739,45735,0,45477,1
160790,45749,0,45546,0
160840,45766,0,45558,1
160890,45776,0,45569,0
160941,45791,0,45579,2
160992,45805,0,45592,1
161042,45820,0,45604,1
161093,45832,0,45615,1
161144,45846,0,45639,1
161196,45860,0,45649,1
161247,45876,0,45651,1
161302,45896,0,45660,1
161355,45912,0,45670,1
161407,45928,0,45692,0
161457,45942,0,45710,2
161508,45953,0,45730,1
161560,45969,0,45737,0
161610,45982,0,45741,1
161662,45996,0,45762,1
161713,46011,0,45769,1
161766,46025,0,45782,1
161817,46041,0,45802,0
161867,46050,0,45814,1
161918,46065,0,45820,0
161970,46087,0,45826,2
162022,46103,0,45844,1
162074,46119,0,45860,1
162124,46132,0,45872,1
162174,46144,0,45887,0
162225,46158,0,45902,1
162279,46172,0,45913,0
162330,46184,0,45930,1
162382,46201,0,45946,1
162433,46214,0,45964,1
162485,46230,0,45982,0
162539,46244,0,45992,1
162589,46254,0,46000,0
162640,46272,0,46011,1
162694,46293,0,46013,1
162745,46309,0,46021,1
162795,46325,0,46048,1
162846,46336,0,46069,1
162897,46349,0,46088,1
162953,46364,0,46094,1
163003,46378,0,46111,1
163053,46392,0,46126,2
163104,46408,0,46140,2
163155,46422,0,46159,0
163206,46435,0,46183,1
163256,46447,0,46207,1
163306,46462,0,46224,1
163357,46476,0,46247,1
163407,46497,0,46258,1
163460,46509,0,46264,1
163512,46528,0,46274,0
163562,46541,0,46281,1
163613,46553,0,46296,0
163663,46566,0,46301,1
163715,46581,0,46316,1
163765,46596,0,46339,0
163817,46609,0,46345,1
163867,46624,0,46357,1
163920,46639,0,46372,1
163970,46649,0,46391,0
164022,46664,0,46396,1
164072,46678,0,46407,0
164122,46702,0,46408,0
164172,46713,0,46420,1
164222,46730,0,46430,0
164272,46742,0,46451,0
164322,46755,0,46464,2
164373,46769,0,46469,1
164424,46781,0,46474,1
164477,46798,0,46484,1
164528,46812,0,46494,1
164579,46827,0,46511,1
164629,46841,0,46517,1
164679,46850,0,46542,1
164731,46867,0,46555,1
164781,46879,0,46578,1
164831,46903,0,46589,0
164883,46919,0,46598,1
164933,46932,0,46611,1
164984,46945,0,46631,1
165036,46957,0,46652,1
165086,46972,0,46672,0
165136,46984,0,46686,1
165187,46999,0,46709,1
165237,47013,0,46716,1
165287,47029,0,46728,1
165338,47043,0,46745,1
165388,47052,0,46764,1
165439,47068,0,46784,1
165489,47081,0,46799,1
165539,47104,0,46809,1
165589,47122,0,46823,5
165639,47133,0,46834,1
165689,47145,0,46850,0
165743,47158,0,46859,1
165793,47173,0,46871,0
165843,47185,0,46886,1
165895,47200,0,46894,1
165945,47217,0,46906,3
165998,47230,0,46921,1
166048,47244,0,46931,0
166099,47254,0,46945,0
166149,47270,0,46960,1
166201,47284,0,47018,1
166252,47304,0,47030,0
166302,47324,0,47042,2
166352,47334,0,47060,0
166409,47349,0,47077,0
166460,47360,0,47092,1
166510,47377,0,47108,1
166561,47389,0,47120,0
166611,47404,0,47126,3
166663,47420,0,47138,1
166714,47434,0,47146,0
166771,47445,0,47153,1
166821,47460,0,47164,1
166871,47478,0,47177,1
166921,47496,0,47191,1
166973,47509,0,47200,1
167023,47527,0,47210,2
167075,47542,0,47225,0
167126,47550,0,47243,1
167176,47565,0,47253,1
167226,47580,0,47265,0
167276,47593,0,47281,0
167326,47608,0,47298,1
167376,47622,0,47309,0
167426,47636,0,47318,1
167478,47647,0,47331,1
167532,47664,0,47339,1
167582,47675,0,47344,1
167636,47700,0,47348,1
167686,47711,0,47362,1
167738,47728,0,47372,1
167789,47744,0,47387,1
167841,47755,0,47398,1
167893,47772,0,47415,1
167945,47782,0,47425,0
167996,47796,0,47446,1
168046,47813,0,47466,1
168099,47824,0,47475,1
168152,47839,0,47481,1
168202,47854,0,47509,1
168253,47870,0,47526,1
168305,47882,0,47540,1
168356,47904,0,47554,0
168416,47918,0,47564,1
168466,47939,0,47570,2
168516,47949,0,47583,0
168567,47960,0,47598,1
168624,47977,0,47603,1
168676,47992,0,47623,1
168726,48006,0,47632,1
168776,48020,0,47646,0
168826,48032,0,47660,3
168877,48045,0,47669,2
168927,48060,0,47688,1
168978,48073,0,47696,1
169028,48090,0,47704,1
169082,48109,0,47718,1
169136,48125,0,47735,1
169186,48142,0,47753,0
169238,48153,0,47785,0
169289,48169,0,47795,1
169340,48181,0,47812,0
169392,48194,0,47821,0
169447,48211,0,47836,1
169498,48223,0,47856,1
169551,48238,0,47870,0
169601,48253,0,47881,1
169651,48268,0,47899,1
169701,48281,0,47909,1
169754,48300,0,47932,1
169804,48317,0,47958,0
169855,48334,0,47973,2
169905,48345,0,47986,1
169955,48359,0,48000,1
170005,48374,0,48017,2
170056,48385,0,48040,1
170107,48398,0,48056,1
170159,48416,0,48066,1
170214,48427,0,48084,1
170267,48441,0,48098,1
170318,48457,0,48110,1
170371,48470,0,48129,0
170421,48485,0,48139,1
170473,48505,0,48157,0
170526,48520,0,48168,1
170576,48540,0,48183,0
170629,48550,0,48236,1
170684,48563,0,48255,1
170737,48579,0,48269,1
170787,48593,0,48284,0
170838,48607,0,48293,2
170892,48621,0,48300,1
170942,48636,0,48314,2
170992,48648,0,48348,0
171042,48660,0,48444,0
171092,48675,0,48458,1
171144,48696,0,48463,0
171195,48711,0,48475,0
171245,48724,0,48503,0
171297,48740,0,48505,1
171350,48755,0,48519,1
171400,48768,0,48527,1
171452,48782,0,48542,0
171504,48796,0,48561,1
171554,48811,0,48578,1
171604,48824,0,48600,0
171656,48839,0,48612,1
171707,48851,0,48626,2
171759,48863,0,48643,1
171809,48881,0,48652,1
171869,48900,0,48702,1
171919,48917,0,48720,0
171971,48931,0,48738,1
172025,48949,0,48759,0
172075,48960,0,48777,0
172127,48976,0,48781,1
172177,48989,0,48802,1
172227,49000,0,48813,1
172277,49018,0,48820,1
172330,49028,0,48841,0
172382,49044,0,48857,1
172434,49058,0,48875,0
172486,49071,0,48885,1
172536,49089,0,48892,1
172586,49106,0,48910,0
172636,49122,0,48912,5
172687,49133,0,48923,0
172741,49151,0,48932,1
172791,49163,0,48957,0
172842,49179,0,48972,1
172893,49193,0,48984,0
172943,49203,0,48994,1
172993,49220,0,49009,0
173045,49232,0,49026,0
173099,49248,0,49037,0
173152,49260,0,49051,0
173202,49277,0,49067,2
173252,49294,0,49078,1
173303,49309,0,49093,1
173354,49325,0,49111,0
173408,49338,0,49133,1
173462,49356,0,49136,1
173514,49371,0,49148,1
173565,49384,0,49165,1
173615,49396,0,49172,1
173669,49413,0,49183,1
173719,49426,0,49207,0
173769,49434,0,49219,1
173819,49452,0,49222,2
173873,49465,0,49242,0
173924,49483,0,49248,1
173976,49502,0,49254,1
174027,49515,0,49271,0
174080,49530,0,49274,1
174130,49544,0,49278,1
174180,49560,0,49299,0
174230,49574,0,49319,1
174282,49590,0,49334,1
174333,49600,0,49351,0
174383,49619,0,49358,2
174439,49629,0,49374,1
174490,49642,0,49387,0
174540,49658,0,49406,0
174591,49671,0,49418,1
174641,49687,0,49423,1
174694,49705,0,49440,1
174744,49718,0,49451,1
174795,49733,0,49463,0
174845,49749,0,49466,1
174895,49764,0,49482,2
174945,49778,0,49492,1
174996,49793,0,49512,0
175046,49801,0,49535,0
175096,49820,0,49546,0
175149,49832,0,49560,0
175205,49846,0,49579,1
175258,49862,0,49589,1
175308,49877,0,49606,1
175358,49890,0,49618,1
175408,49909,0,49627,2
175458,49923,0,49653,1
175508,49935,0,49666,1
175558,49954,0,49676,1
175608,49966,0,49691,1
175658,49982,0,49704,1
175710,49995,0,49719,1
175760,50004,0,49733,1
175810,50023,0,49796,0
175862,50032,0,49817,0
175912,50047,0,49825,1
175962,50062,0,49844,0
176012,50078,0,49855,2
176066,50091,0,49869,1
176120,50112,0,49873,1
176172,50124,0,49881,1
176222,50139,0,49890,0
176273,50157,0,49901,1
176324,50169,0,49913,1
176376,50185,0,49932,0
176427,50196,0,49944,0
176479,50207,0,49958,1
176530,50226,0,49965,1
176580,50236,0,49975,1
176630,50253,0,49990,1
176680,50265,0,50008,1
176730,50280,0,50010,1
176782,50292,0,50020,1
176834,50316,0,50030,0
176884,50327,0,50045,1
176936,50342,0,50059,1
176987,50360,0,50069,1
177038,50371,0,50080,1
177088,50389,0,50093,1
177140,50399,0,50127,1
177197,50413,0,50144,1
177248,50429,0,50149,1
177304,50441,0,50166,1
177355,50461,0,50176,1
177406,50472,0,50198,0
177463,50487,0,50204,1
177514,50508,0,50208,1
177564,50519,0,50229,1
177614,50536,0,50251,1
177667,50552,0,50258,1
177717,50567,0,50269,1
177769,50583,0,50287,0
177823,50596,0,50303,1
177874,50606,0,50320,0
177925,50624,0,50338,1
177975,50634,0,50360,1
178026,50649,0,50376,1
178076,50662,0,50385,0
178129,50675,0,50398,1
178179,50690,0,50414,0
178230,50704,0,50420,1
178282,50723,0,50420,1
178332,50740,0,50429,0
178385,50758,0,50438,1
178436,50770,0,50458,1
178486,50788,0,50474,2
178541,50798,0,50500,1
178591,50812,0,50511,0
178642,50828,0,50525,1
178693,50838,0,50543,1
178744,50855,0,50553,1
178795,50866,0,50574,0
178847,50882,0,50634,1
178897,50892,0,50648,0
178951,50910,0,50659,1
179002,50932,0,50668,1
179053,50943,0,50695,1
179104,50962,0,50698,1
179155,50976,0,50715,1
179209,50991,0,50723,1
179260,51001,0,50743,0
179310,51016,0,50753,1
179363,51032,0,50766,0
179414,51041,0,50790,0
179464,51061,0,50802,0
179515,51073,0,50820,1
179566,51088,0,50828,1
179616,51095,0,50846,1
179667,51114,0,50862,1
179721,51136,0,50865,1
179771,51147,0,50890,1
179825,51166,0,50900,1
179876,51184,0,50913,1
179927,51196,0,50930,1
179977,51206,0,50949,0
180027,51222,0,50967,1
180077,51233,0,50982,1
180130,51246,0,50997,1
180181,51262,0,51013,0
180237,51275,0,51026,1
180287,51290,0,51045,0
180337,51302,0,51055,1
180389,51320,0,51074,1
180439,51335,0,51076,2
180491,51356,0,51084,1
180541,51370,0,51090,1
180591,51385,0,51095,1
180641,51397,0,51111,0
180692,51410,0,51126,2
180742,51426,0,51142,1
180792,51437,0,51164,0
180851,51450,0,51176,1
180905,51467,0,51189,1
180955,51482,0,51201,1
181005,51492,0,51221,0
181055,51507,0,51235,0
181105,51525,0,51250,0
181155,51543,0,51257,2
181206,51561,0,51269,1
181258,51576,0,51286,1
181308,51590,0,51302,0
181361,51601,0,51324,0
181412,51614,0,51332,1
181466,51630,0,51345,1
181516,51642,0,51360,1
181567,51658,0,51375,1
181618,51669,0,51397,0
181668,51688,0,51404,0
181718,51693,0,51427,1
181768,51714,0,51432,2
181819,51726,0,51443,0
181869,51740,0,51446,2
181919,51765,0,51450,1
181969,51778,0,51463,0
182019,51792,0,51476,1
182071,51802,0,51493,1
182122,51815,0,51516,1
182173,51830,0,51531,0
182229,51843,0,51555,1
182280,51860,0,51560,1
182331,51873,0,51573,1
182381,51888,0,51588,0
182433,51898,0,51607,1
182485,51915,0,51619,0
182538,51931,0,51637,1
182589,51950,0,51643,0
182639,51969,0,51650,0
182689,51982,0,51667,0
182739,51997,0,51684,0
182790,52006,0,51696,0
182840,52022,0,51705,1
182890,52035,0,51717,1
182943,52047,0,51735,1
182994,52063,0,51749,1
183048,52075,0,51759,1
183098,52091,0,51775,0
183150,52103,0,51797,1
183205,52118,0,51809,1
183258,52135,0,51823,1
183309,52156,0,51823,1
183361,52175,0,51832,1
183416,52190,0,51848,0
183466,52201,0,51860,2
183519,52214,0,51887,0
183569,52229,0,51895,1
183620,52241,0,51909,0
183670,52257,0,51925,2
183723,52268,0,51943,1
183775,52286,0,51952,1
183826,52294,0,51977,1
183882,52308,0,51983,1
183932,52328,0,51992,1
183982,52339,0,52013,1
184036,52366,0,52017,1
184087,52381,0,52031,0
184139,52396,0,52052,0
184189,52406,0,52068,1
184240,52418,0,52076,1
184290,52432,0,52091,0
184341,52446,0,52112,1
184391,52462,0,52120,0
184441,52473,0,52130,2
184491,52489,0,52138,1
184542,52496,0,52159,1
184592,52510,0,52173,1
184644,52532,0,52182,1
184694,52545,0,52191,1
184748,52568,0,52194,1
184800,52583,0,52208,1
184852,52597,0,52229,0
184902,52609,0,52250,1
184957,52620,0,52263,1
185007,52640,0,52269,2
185057,52649,0,52290,0
185107,52665,0,52314,0
185160,52676,0,52330,0
185210,52692,0,52349,0
185260,52703,0,52366,0
185310,52718,0,52377,1
185362,52734,0,52397,1
185417,52754,0,52403,1
185467,52776,0,52406,3
185517,52786,0,52411,1
185570,52799,0,52441,0
185620,52813,0,52450,1
185675,52824,0,52465,1
185725,52842,0,52469,0
185776,52851,0,52486,1
185831,52868,0,52492,0
185882,52883,0,52503,1
185933,52894,0,52525,1
185985,52908,0,52541,1
186037,52930,0,52551,1
186087,52939,0,52568,1
186138,52962,0,52577,1
186190,52980,0,52585,1
186242,52996,0,52607,0
186293,53006,0,52619,1
186344,53016,0,52644,1
186398,53029,0,52671,1
186452,53047,0,52683,1
186503,53057,0,52695,1
186553,53074,0,52714,3
186603,53091,0,52722,1
186653,53097,0,52738,1
186703,53112,0,52753,1
186753,53133,0,52758,1
186803,53145,0,52777,1
186853,53167,0,52781,0
186903,53183,0,52789,0
186953,53197,0,52810,0
187007,53208,0,52817,1
187058,53219,0,52832,1
187111,53232,0,52845,1
187161,53249,0,52859,0
187211,53260,0,52878,1
187261,53274,0,52884,1
187311,53292,0,52902,1
187361,53300,0,52921,3
187411,53315,0,52925,0
187467,53334,0,52927,1
187520,53346,0,52933,1
187572,53371,0,52937,1
187622,53386,0,52949,0
187673,53400,0,52967,1
187725,53412,0,52982,1
187776,53424,0,52992,1
187826,53442,0,53004,3
187879,53450,0,53019,1
187929,53467,0,53036,1
187979,53480,0,53055,0
188030,53493,0,53069,0
188083,53505,0,53088,1
188134,53522,0,53096,1
188185,53538,0,53114,0
188235,53554,0,53130,1
188288,53577,0,53137,1
188338,53593,0,53150,3
188390,53603,0,53168,1
188442,53614,0,53180,0
188492,53626,0,53197,0
188546,53644,0,53208,1
188597,53654,0,53234,0
188649,53668,0,53247,0
188703,53687,0,53257,1
188756,53696,0,53285,1
188807,53711,0,53302,0
188858,53731,0,53314,1
188910,53739,0,53328,1
188960,53766,0,53336,1
189013,53784,0,53349,0
189063,53797,0,53370,0
189113,53809,0,53383,1
189163,53819,0,53412,1
189213,53831,0,53428,0
189263,53849,0,53439,1
189315,53858,0,53463,1
189366,53873,0,53483,1
189420,53891,0,53486,1
189471,53901,0,53506,1
189521,53915,0,53533,0
189571,53931,0,53540,1
189626,53942,0,53555,1
189677,53971,0,53562,1
189735,53985,0,53574,1
189785,54000,0,53588,0
189842,54014,0,53598,1
189894,54026,0,53614,1
189945,54042,0,53625,1
189997,54053,0,53636,1
190049,54068,0,53656,0
190099,54084,0,53668,1
190151,54095,0,53689,0
190203,54110,0,53701,1
190253,54127,0,53713,1
190303,54138,0,53724,0
190357,54147,0,53730,1
190407,54181,0,53732,0
190460,54193,0,53749,1
190511,54206,0,53768,1
190562,54217,0,53781,1
190615,54228,0,53796,1
190665,54249,0,53807,2
190716,54256,0,53826,1
190769,54270,0,53837,1
190820,54291,0,53846,1
190873,54300,0,53867,0
190923,54312,0,53876,1
190975,54326,0,53876,1
191025,54340,0,53886,0
191078,54348,0,53899,1
191128,54381,0,53899,3
191182,54399,0,53927,1
191232,54411,0,53942,1
191282,54423,0,53961,0
191332,54433,0,53977,1
191382,54449,0,53984,0
191434,54460,0,53999,1
191491,54475,0,54058,1
191543,54493,0,54065,0
191593,54504,0,54078,1
191644,54519,0,54100,1
191698,54532,0,54111,1
191748,54542,0,54121,0
191800,54559,0,54131,1
191850,54587,0,54136,2
191900,54603,0,54143,1
191951,54615,0,54157,1
192001,54627,0,54174,1
192054,54642,0,54189,1
192104,54654,0,54193,1
192155,54667,0,54203,1
192207,54681,0,54213,1
192257,54695,0,54229,0
192309,54706,0,54247,0
192359,54722,0,54306,0
192412,54734,0,54319,1
192462,54745,0,54340,0
192513,54765,0,54350,1
192564,54792,0,54357,1
192616,54807,0,54366,1
192666,54817,0,54389,1
192716,54828,0,54405,1
192766,54844,0,54413,2
192816,54855,0,54429,0
192866,54868,0,54437,2
192918,54887,0,54448,1
192968,54900,0,54472,3
193018,54907,0,54495,0
193068,54923,0,54502,1
193119,54937,0,54514,1
193170,54946,0,54525,0
193222,54965,0,54531,1
193274,54991,0,54531,6
193324,55009,0,54545,1
193377,55020,0,54563,1
193429,55030,0,54583,1
193482,55046,0,54597,1
193533,55058,0,54612,1
193583,55071,0,54630,1
193633,55092,0,54634,0
193684,55102,0,54650,1
193735,55114,0,54672,3
193786,55126,0,54694,1
193837,55140,0,54711,0
193887,55149,0,54726,1
193937,55170,0,54737,2
193989,55187,0,54739,1
194045,55211,0,54741,1
194095,55224,0,54764,0
194146,55234,0,54778,1
194198,55249,0,54787,1
194248,55264,0,54801,1
194298,55276,0,54813,0
194349,55294,0,54822,1
194400,55304,0,54849,1
194460,55320,0,54862,1
194510,55333,0,54870,1
194560,55342,0,54895,0
194613,55355,0,54910,1
194663,55375,0,54925,1
194713,55398,0,54927,2
194764,55416,0,54944,0
194819,55428,0,54971,1
194869,55441,0,54983,0
194919,55455,0,54990,1
194972,55467,0,55016,1
195022,55486,0,55033,2
195072,55498,0,55045,2
195126,55508,0,55070,1
195178,55523,0,55081,0
195231,55536,0,55099,1
195281,55546,0,55110,0
195331,55562,0,55114,2
195381,55579,0,55127,1
195431,55604,0,55127,1
195483,55621,0,55139,0
195533,55630,0,55167,0
195583,55642,0,55183,1
195633,55657,0,55200,1
195686,55670,0,55206,1
195737,55691,0,55211,1
195787,55700,0,55231,1
195839,55710,0,55251,1
195890,55726,0,55264,0
195940,55740,0,55283,1
195991,55748,0,55301,1
196046,55766,0,55308,1
196096,55785,0,55316,1
196147,55805,0,55318,1
196199,55824,0,55328,1
196250,55835,0,55352,1
196300,55847,0,55368,1
196352,55862,0,55384,1
196403,55875,0,55397,1
196453,55894,0,55403,1
196503,55903,0,55424,1
196558,55916,0,55435,1
196610,55932,0,55446,1
196665,55943,0,55467,1
196715,55954,0,55488,0
196765,55973,0,55495,1
196815,55989,0,55497,1
196865,56013,0,55510,1
196916,56027,0,55530,1
196968,56040,0,55551,1
197018,56053,0,55577,0
197068,56066,0,55595,1
197119,56080,0,55609,1
197170,56095,0,55616,0
197227,56107,0,55626,1
197280,56122,0,55643,1
197330,56135,0,55661,0
197380,56145,0,55692,1
197432,56159,0,55703,1
197483,56176,0,55721,1
197535,56199,0,55730,1
197586,56216,0,55736,2
197636,56230,0,55750,0
197686,56242,0,55772,1
197736,56257,0,55788,1
197786,56267,0,55812,0
197841,56284,0,55820,1
197891,56300,0,55830,1
197944,56310,0,55886,1
197997,56326,0,55900,1
198047,56340,0,55914,0
198098,56348,0,55941,0
198150,56363,0,55950,1
198201,56381,0,55959,1
198251,56404,0,55963,2
198303,56423,0,55983,1
198357,56434,0,55990,1
198410,56448,0,56009,1
198461,56463,0,56022,0
198515,56477,0,56035,1
198565,56494,0,56048,1
198617,56503,0,56070,0
198667,56518,0,56082,1
198721,56532,0,56104,1
198772,56542,0,56122,0
198823,56552,0,56131,1
198874,56572,0,56131,1
198925,56587,0,56147,0
198979,56610,0,56151,1
199029,56629,0,56157,2
199084,56641,0,56179,0
199135,56655,0,56189,1
199186,56667,0,56205,0
199237,56683,0,56219,1
199288,56698,0,56281,0
199338,56708,0,56302,0
199388,56724,0,56314,1
199438,56737,0,56328,1
199489,56744,0,56352,0
199539,56756,0,56368,1
199589,56776,0,56378,1
199640,56790,0,56390,1
199693,56813,0,56397,1
199744,56830,0,56404,1
199795,56843,0,56420,1
199845,56856,0,56435,0
199895,56870,0,56452,2
199947,56886,0,56474,1
200004,56901,0,56492,0
200054,56911,0,56527,1
200104,56928,0,56533,1
200154,56937,0,56546,0
200204,56949,0,56565,0
200255,56959,0,56580,1
200308,56982,0,56595,1
200358,56996,0,56600,1
200410,57021,0,56603,1
200460,57033,0,56624,0
200510,57047,0,56645,0
200562,57063,0,56652,1
200612,57073,0,56663,1
200664,57091,0,56681,1
200714,57103,0,56689,1
200768,57114,0,56708,1
200819,57130,0,56716,1
200872,57142,0,56733,0
200923,57151,0,56753,1
200973,57166,0,56756,1
201023,57184,0,56764,0
201075,57203,0,56775,1
201129,57225,0,56784,0
201182,57238,0,56798,1
201233,57253,0,56811,1
201283,57266,0,56828,0
201342,57279,0,56841,1
201394,57297,0,56845,0
201444,57307,0,56869,1
201495,57322,0,56880,1
201545,57337,0,56894,2
201595,57345,0,56905,1
201646,57356,0,56920,0
201697,57374,0,56936,1
201747,57390,0,56956,0
201800,57408,0,56957,1
201852,57431,0,56969,1
201902,57445,0,56988,1
201953,57457,0,57007,0
202008,57471,0,57026,1
202058,57486,0,57037,0
202112,57502,0,57050,1
202162,57513,0,57068,1
202212,57527,0,57081,0
202262,57539,0,57102,1
202313,57549,0,57114,0
202372,57559,0,57143,1
202429,57584,0,57148,1
202479,57600,0,57155,1
202530,57625,0,57160,1
202580,57636,0,57175,1
202631,57650,0,57182,2
202682,57666,0,57198,2
202733,57678,0,57208,0
202784,57695,0,57228,1
202835,57704,0,57246,0
202885,57719,0,57253,2
202936,57734,0,57269,1
202987,57743,0,57301,1
203038,57751,0,57332,0
203088,57767,0,57346,1
203138,57787,0,57348,1
203188,57803,0,57361,1
203239,57825,0,57366,0
203289,57839,0,57383,1
203340,57851,0,57393,1
203394,57868,0,57402,1
203444,57878,0,57416,0
203494,57897,0,57421,0
203547,57906,0,57446,0
203597,57922,0,57454,1
203647,57935,0,57515,0
203699,57945,0,57537,1
203749,57952,0,57561,0
203801,57971,0,57570,2
203852,57989,0,57576,0
203905,58008,0,57590,1
203955,58031,0,57594,0
204006,58042,0,57618,1
204057,58057,0,57640,1
204112,58070,0,57655,0
204164,58086,0,57712,1
204214,58102,0,57729,1
204265,58110,0,57742,1
204316,58128,0,57743,1
204366,58139,0,57758,1
204418,58149,0,57776,1
204470,58158,0,57791,1
204523,58178,0,57803,1
204577,58195,0,57810,1
204631,58215,0,57818,1
204682,58235,0,57828,0
204732,58249,0,57836,1
204785,58263,0,57852,1
204835,58276,0,57861,0
204897,58291,0,57867,1
204948,58306,0,57889,0
205000,58317,0,57904,1
205051,58335,0,57920,1
205102,58345,0,57935,1
205153,58352,0,57964,0
205209,58371,0,57971,1
205260,58391,0,57971,1
205311,58409,0,57994,3
205364,58425,0,58001,1
205415,58443,0,58006,1
205465,58458,0,58023,1
205519,58471,0,58098,1
205569,58484,0,58159,1
205619,58502,0,58173,1
205677,58507,0,58197,1
205727,58528,0,58204,1
205778,58540,0,58217,0
205828,58550,0,58234,0
205881,58559,0,58296,1
205931,58574,0,58300,1
205984,58597,0,58318,1
206035,58612,0,58333,0
206085,58633,0,58347,1
206136,58649,0,58371,0
206187,58662,0,58381,0
206239,58677,0,58397,1
206290,58690,0,58407,0
206341,58705,0,58422,1
206391,58714,0,58445,4
206441,58730,0,58457,0
206494,58741,0,58476,1
206544,58751,0,58496,0
206594,58763,0,58504,1
206653,58778,0,58522,1
206707,58802,0,58523,0
206757,58824,0,58529,2
206808,58839,0,58537,1
206864,58852,0,58549,1
206914,58870,0,58557,0
206965,58879,0,58573,0
207015,58896,0,58589,4
207067,58906,0,58603,0
207120,58922,0,58613,1
207170,58939,0,58619,1
207222,58948,0,58629,0
207274,58955,0,58646,1
207329,58973,0,58653,1
207381,58987,0,58672,1
207431,59007,0,58683,1
207486,59030,0,58686,1
207536,59047,0,58703,0
207586,59062,0,58725,2
207636,59075,0,58744,1
207687,59084,0,58762,0
207739,59103,0,58773,1
207789,59109,0,58805,1
207841,59129,0,58810,0
207893,59140,0,58825,0
207950,59152,0,58846,1
208000,59162,0,58866,1
208054,59178,0,58882,1
208108,59197,0,58894,1
208164,59216,0,58902,1
208217,59241,0,58902,1
208268,59252,0,58918,1
208320,59271,0,58929,1
208370,59280,0,58948,1
208422,59294,0,58964,1
208473,59306,0,58978,0
208523,59320,0,58995,1
208574,59339,0,59015,1
208624,59347,0,59034,0
208675,59354,0,59053,0
208728,59372,0,59063,0
208778,59383,0,59064,2
208828,59406,0,59080,2
208883,59421,0,59091,1
208933,59446,0,59098,0
208989,59456,0,59113,1
209040,59475,0,59122,1
209090,59484,0,59143,0
209141,59500,0,59159,0
209192,59508,0,59183,1
209245,59529,0,59187,1
209298,59540,0,59208,0
209349,59551,0,59221,0
209399,59560,0,59237,1
209452,59576,0,59252,1
209502,59591,0,59263,1
209552,59610,0,59278,1
209604,59630,0,59288,1
209655,59650,0,59300,0
209707,59664,0,59320,1
209757,59678,0,59332,1
209810,59691,0,59342,1
209864,59706,0,59359,0
209917,59717,0,59382,1
209968,59734,0,59389,1
210020,59745,0,59409,0
210071,59753,0,59428,0
210125,59770,0,59445,1
210175,59781,0,59464,1
210225,59797,0,59468,1
210275,59819,0,59473,1
210327,59842,0,59481,3
210380,59854,0,59500,1
210430,59871,0,59523,0
210480,59880,0,59541,0
210532,59894,0,59555,1
210585,59906,0,59579,0
210641,59919,0,59591,1
210691,59940,0,59593,1
210742,59948,0,59607,1
210792,59957,0,59627,2
210842,59974,0,59636,1
210892,59988,0,59659,1
210944,60005,0,59669,1
210996,60023,0,59672,1
211048,60046,0,59677,2
211102,60059,0,59694,1
211156,60077,0,59707,1
211206,60088,0,59722,0
211257,60104,0,59731,2
211309,60112,0,59748,1
211362,60126,0,59762,1
211413,60143,0,59780,1
211465,60153,0,59800,0
211515,60164,0,59809,1
211565,60178,0,59823,1
211616,60193,0,59832,1
211667,60213,0,59837,1
211719,60232,0,59855,1
211769,60251,0,59877,0
211820,60268,0,59893,1
211871,60279,0,59904,1
211922,60292,0,59931,0
211974,60306,0,59936,0
212024,60315,0,59955,0
212075,60334,0,59975,2
212133,60345,0,60003,0
212185,60355,0,60014,1
212235,60368,0,60023,2
212285,60382,0,60031,1
212335,60400,0,60043,3
212385,60418,0,60054,3
212435,60438,0,60058,2
212491,60456,0,60079,1
212542,60472,0,60092,0
212592,60482,0,60103,1
212642,60497,0,60113,1
212692,60506,0,60146,0
212742,60519,0,60158,1
212794,60540,0,60160,2
212844,60546,0,60185,0
212896,60556,0,60205,1
212948,60572,0,60213,1
212998,60585,0,60227,0
213054,60603,0,60252,1
213104,60623,0,60259,1
213154,60640,0,60264,1
213209,60658,0,60276,1
213261,60676,0,60289,1
213311,60686,0,60303,1
213361,60701,0,60312,1
213415,60710,0,60325,1
213469,60724,0,60394,1
213521,60744,0,60416,0
213571,60753,0,60439,0
213622,60762,0,60457,1
213672,60777,0,60469,0
213723,60793,0,60480,1
213775,60811,0,60490,1
213826,60831,0,60502,1
213876,60851,0,60512,2
213933,60864,0,60533,1
213984,60880,0,60543,1
214036,60893,0,60560,0
214086,60906,0,60575,0
214137,60917,0,60589,1
214188,60928,0,60595,1
214240,60946,0,60610,1
214290,60955,0,60630,1
214341,60968,0,60646,1
214391,60982,0,60661,0
214442,60996,0,60677,1
214492,61018,0,60692,1
214542,61036,0,60704,2
214592,61054,0,60716,1
214642,61067,0,60730,1
214694,61082,0,60742,1
214744,61094,0,60757,1
214794,61106,0,60780,0
214851,61118,0,60804,1
214901,61133,0,60817,1
214953,61147,0,60829,0
215003,61158,0,60848,1
215053,61171,0,60864,2
215106,61184,0,60887,1
215156,61203,0,60903,1
215207,61223,0,60915,1
215264,61240,0,60932,1
215316,61258,0,60932,1
215366,61276,0,60939,0
215417,61287,0,60963,1
215470,61300,0,60971,1
215522,61311,0,60977,0
215572,61323,0,60992,0
215625,61341,0,61001,1
215677,61353,0,61016,1
215731,61363,0,61030,1
215782,61379,0,61036,1
215833,61394,0,61101,1
215884,61411,0,61110,1
215935,61431,0,61120,0
215985,61449,0,61136,1
216036,61464,0,61145,1
216086,61480,0,61159,1
216141,61493,0,61184,1
216191,61506,0,61217,0
216246,61517,0,61232,0
216297,61527,0,61255,1
216347,61546,0,61263,0
216398,61555,0,61282,0
216450,61569,0,61346,1
216501,61583,0,61358,0
216552,61600,0,61379,1
216603,61620,0,61387,1
216655,61638,0,61406,1
216706,61653,0,61424,1
216756,61673,0,61433,2
216806,61684,0,61447,1
216856,61697,0,61462,1
216908,61708,0,61475,0
216958,61720,0,61483,1
217008,61730,0,61506,1
217061,61748,0,61519,1
217112,61758,0,61528,1
217166,61772,0,61537,1
217216,61787,0,61550,0
217267,61804,0,61569,1
217318,61825,0,61585,1
217368,61840,0,61596,1
217418,61857,0,61610,1
217473,61876,0,61616,1
217525,61887,0,61630,0
217575,61900,0,61646,1
217629,61911,0,61667,1
217679,61923,0,61679,0
217729,61938,0,61692,1
217779,61952,0,61705,1
217831,61962,0,61721,0
217883,61977,0,61736,1
217933,61994,0,61754,1
217984,62008,0,61768,1
218034,62029,0,61769,1
218084,62048,0,61782,2
218134,62062,0,61812,1
218184,62078,0,61822,0
218234,62091,0,61839,3
218285,62104,0,61854,2
218335,62113,0,61869,1
218388,62123,0,61894,0
218438,62141,0,61902,2
218490,62153,0,61925,0
218545,62164,0,61947,1
218595,62179,0,61955,1
218645,62195,0,61974,0
218700,62213,0,61986,1
218750,62233,0,61992,2
218800,62251,0,62007,1
218851,62267,0,62028,1
218901,62282,0,62045,1
218952,62295,0,62063,1
219002,62307,0,62128,1
219052,62317,0,62154,0
219102,62325,0,62173,0
219152,62345,0,62176,1
219207,62355,0,62197,1
219258,62369,0,62211,0
219309,62384,0,62236,1
219360,62398,0,62255,1
219410,62413,0,62256,2
219462,62435,0,62268,1
219514,62454,0,62274,1
219565,62473,0,62285,1
219616,62485,0,62303,0
219667,62498,0,62320,0
219717,62508,0,62337,0
219772,62518,0,62366,1
219823,62531,0,62383,1
219873,62549,0,62405,1
219924,62559,0,62420,1
219974,62573,0,62434,1
220027,62588,0,62442,1
220079,62601,0,62460,1
220134,62622,0,62472,1
220188,62645,0,62473,1
220240,62662,0,62490,0
220290,62680,0,62498,2
220341,62687,0,62511,0
220393,62705,0,62530,1
220444,62714,0,62548,1
220495,62724,0,62578,1
220547,62742,0,62590,1
220599,62754,0,62609,0
220651,62765,0,62628,1
220701,62779,0,62656,0
220751,62795,0,62673,0
220801,62807,0,62693,2
220851,62827,0,62700,1
220901,62850,0,62704,1
220952,62864,0,62713,1
221003,62882,0,62727,1
221059,62889,0,62746,1
221109,62908,0,62746,1
221159,62917,0,62762,0
221210,62925,0,62783,0
221261,62945,0,62784,1
221317,62956,0,62810,1
221367,62970,0,62823,2
221419,62984,0,62846,1
221469,62999,0,62862,1
221522,63014,0,62877,1
221574,63033,0,62893,1
221629,63055,0,62905,1
221685,63074,0,62914,1
221736,63087,0,62932,1
221790,63098,0,62951,1
221843,63111,0,62970,1
221895,63123,0,62989,1
221947,63135,0,62996,1
221998,63154,0,63005,0
222049,63164,0,63028,1
222099,63178,0,63045,1
222153,63195,0,63055,1
222203,63206,0,63064,1
222254,63223,0,63067,1
222307,63245,0,63068,1
222357,63262,0,63074,1
222408,63282,0,63083,0
222460,63289,0,63098,1
222512,63305,0,63111,1
222562,63317,0,63124,1
222613,63325,0,63143,0
222664,63337,0,63156,1
222715,63355,0,63167,0
222765,63367,0,63180,1
222815,63381,0,63189,0
222867,63397,0,63201,0
222917,63410,0,63229,1
222972,63428,0,63236,1
223026,63454,0,63238,1
223077,63469,0,63250,0
223127,63486,0,63281,1
223177,63494,0,63295,0
223227,63508,0,63314,0
223282,63518,0,63335,1
223336,63529,0,63352,1
223386,63546,0,63362,1
223437,63560,0,63382,1
223487,63573,0,63396,1
223537,63590,0,63415,1
223587,63603,0,63439,2
223637,63615,0,63446,2
223695,63632,0,63461,1
223745,63652,0,63461,1
223797,63677,0,63472,1
223847,63687,0,63487,0
223899,63698,0,63504,1
223951,63712,0,63512,1
224001,63724,0,63522,0
224051,63732,0,63548,0
224102,63750,0,63567,1
224153,63764,0,63580,1
224203,63779,0,63602,1
224253,63794,0,63620,2
224305,63805,0,63644,1
224362,63822,0,63657,1
224412,63837,0,63666,1
224463,63858,0,63677,1
224517,63881,0,63695,1
224567,63890,0,63710,1
224618,63903,0,63725,0
224668,63917,0,63740,1
224718,63925,0,63758,0
224769,63937,0,63823,1
224822,63955,0,63836,1
224873,63968,0,63853,0
224923,63982,0,63878,1
224974,63999,0,63892,1
225024,64008,0,63915,0
225074,64026,0,63931,2
225125,64040,0,63937,1
225178,64061,0,63939,1
225232,64082,0,63939,1
225284,64095,0,63954,1
225335,64108,0,63969,1
225386,64118,0,63978,0
225439,64129,0,63995,1
225491,64146,0,64009,1
225545,64159,0,64024,1
225597,64171,0,64042,1
225655,64191,0,64044,1
225708,64205,0,64054,1
225758,64217,0,64075,1
225809,64232,0,64079,1
225863,64254,0,64080,1
225913,64273,0,64092,1
225964,64289,0,64104,1
226015,64303,0,64113,1
226065,64313,0,64132,0
226115,64325,0,64203,0
226165,64335,0,64219,1
226215,64354,0,64224,1
226265,64365,0,64240,0
226315,64376,0,64258,1
226367,64395,0,64269,1
226417,64407,0,64289,0
226471,64420,0,64306,1
226522,64436,0,64324,1
226576,64459,0,64336,1
226626,64477,0,64341,2
226677,64491,0,64356,1
226727,64504,0,64371,1
226777,64516,0,64384,1
226827,64526,0,64401,0
226877,64537,0,64423,0
226928,64555,0,64435,1
226978,64569,0,64454,1
227031,64578,0,64475,1
227082,64599,0,64482,1
227133,64611,0,64504,1
227183,64622,0,64521,1
227233,64640,0,64530,2
227284,64662,0,64535,1
227334,64679,0,64542,1
227385,64693,0,64555,1
227436,64705,0,64570,1
227487,64718,0,64592,1
227537,64727,0,64605,1
227587,64738,0,64630,1
227638,64758,0,64635,0
227689,64769,0,64655,0
227739,64783,0,64675,1
227790,64800,0,64692,1
227843,64812,0,64702,1
227893,64826,0,64718,1
227943,64843,0,64732,1
227993,64866,0,64737,1
228044,64880,0,64750,1
228095,64894,0,64766,0
228157,64908,0,64781,1
228208,64921,0,64799,1
228258,64932,0,64809,0
228308,64950,0,64821,1
228371,64962,0,64847,1
228421,64976,0,64859,1
228471,64993,0,64876,0
228521,65008,0,64885,1
228571,65018,0,64912,0
228621,65033,0,64923,0
228672,65053,0,64935,1
228726,65075,0,64945,0
228776,65090,0,64952,1
228826,65103,0,64969,2
228876,65113,0,64984,1
228926,65126,0,65000,1
228976,65134,0,65015,0
229026,65154,0,65030,1
229079,65162,0,65040,1
229131,65177,0,65051,0
229186,65196,0,65054,1
229239,65209,0,65068,1
229289,65222,0,65082,0
229344,65238,0,65094,1
229394,65265,0,65109,1
229447,65279,0,65120,1
229497,65294,0,65142,0
229551,65307,0,65151,1
229601,65319,0,65165,0
229651,65330,0,65182,1
229702,65343,0,65196,1
229753,65359,0,65213,0
229803,65371,0,65228,1
229853,65384,0,65240,1
229903,65404,0,65253,2
229953,65414,0,65269,1
230005,65428,0,65279,1
230058,65442,0,65298,1
230112,65466,0,65298,1
230163,65485,0,65311,1
230215,65496,0,65331,1
230265,65509,0,65343,1
230318,65522,0,65360,0
230368,65531,0,65384,0
230418,65549,0,65392,1
230470,65561,0,65400,0
230526,65573,0,65423,1
230577,65594,0,65437,1
230627,65606,0,65454,1
230678,65617,0,65471,0
230728,65633,0,65494,2
230779,65649,0,65508,1
230830,65666,0,65510,1
230883,65687,0,65514,1
230935,65701,0,65535,1
230985,65713,0,65549,1
231037,65726,0,65569,1
231088,65736,0,65587,1
231138,65753,0,65591,2
231193,65764,0,65611,1
231243,65778,0,65631,0
231293,65796,0,65632,1
231343,65809,0,65656,0
231399,65822,0,65663,1
231449,65838,0,65674,0
231505,65856,0,65686,1
231555,65874,0,65687,1
231615,65895,0,65687,1
231665,65907,0,65692,0
231718,65922,0,65704,1
231768,65931,0,65720,0
231818,65945,0,65736,0
231869,65961,0,65759,0
231921,65972,0,65780,1
231972,65988,0,65793,1
232023,66005,0,65799,0
232074,66016,0,65809,0
232124,66031,0,65821,0
232175,66046,0,65846,0
232229,66061,0,65863,1
232279,66081,0,65870,0
232329,66099,0,65891,1
232379,66109,0,65909,0
232429,66123,0,65923,0
232480,66133,0,65940,1
232532,66148,0,65962,1
232582,66163,0,65978,1
232634,66173,0,66003,1
232684,66193,0,66018,0
232734,66207,0,66043,1
232785,66217,0,66054,1
232835,66234,0,66069,2
232886,66250,0,66085,1
232936,66263,0,66100,1
232987,66281,0,66106,1
233042,66298,0,66116,1
233092,66311,0,66136,0
233148,66326,0,66146,1
233199,66339,0,66160,1
233252,66356,0,66166,0
233302,66365,0,66181,1
233352,66380,0,66201,1
233402,66397,0,66215,1
233455,66410,0,66230,1
233506,66423,0,66246,0
233556,66440,0,66263,1
233612,66455,0,66277,0
233667,66473,0,66297,1
233717,66494,0,66301,1
233768,66507,0,66311,2
233819,66520,0,66319,1
233870,66531,0,66341,1
233920,66545,0,66358,1
233970,66561,0,66367,0
234020,66571,0,66390,0
234070,66584,0,66408,0
234120,66603,0,66415,1
234170,66613,0,66426,1
234220,66628,0,66438,2
234270,66643,0,66448,0
234323,66659,0,66451,1
234373,66674,0,66470,2
234424,66695,0,66476,1
234476,66708,0,66496,1
234526,66721,0,66510,0
234582,66732,0,66527,1
234633,66746,0,66548,1
234684,66762,0,66560,0
234735,66772,0,66590,0
234785,66788,0,66596,1
234838,66806,0,66609,1
234888,66817,0,66628,1
234939,66831,0,66636,3
234989,66848,0,66647,2
235039,66864,0,66659,1
235090,66878,0,66675,1
235141,66897,0,66678,0
235192,66910,0,66692,0
235243,66924,0,66705,1
235294,66934,0,66722,1
235346,66951,0,66728,1
235398,66964,0,66747,1
235450,66977,0,66764,0
235504,66996,0,66774,1
235555,67009,0,66796,1
235607,67022,0,66816,1
235663,67036,0,66831,1
235721,67055,0,66836,1
235771,67070,0,66850,1
235822,67088,0,66853,1
235878,67105,0,66870,1
235932,67121,0,66882,0
235986,67132,0,66901,1
236037,67146,0,66908,1
236087,67162,0,66924,0
236138,67172,0,66936,0
236189,67189,0,66949,1
236239,67206,0,66958,0
236290,67216,0,66987,1
236340,67229,0,67005,1
236390,67246,0,67020,3
236441,67263,0,67028,1
236491,67274,0,67047,1
236541,67297,0,67056,0
236591,67308,0,67075,1
236644,67323,0,67141,1
236694,67333,0,67161,1
236744,67348,0,67168,1
236801,67363,0,67170,1
236851,67374,0,67183,1
236905,67393,0,67189,1
236956,67409,0,67194,1
237006,67421,0,67217,1
237056,67431,0,67239,0
237106,67449,0,67248,1
237157,67466,0,67263,1
237207,67483,0,67275,2
237257,67499,0,67291,1
237307,67512,0,67298,2
237357,67526,0,67324,2
237407,67536,0,67337,1
237457,67552,0,67347,2
237507,67563,0,67367,0
237558,67577,0,67379,1
237613,67594,0,67391,1
237667,67611,0,67405,0
237720,67624,0,67419,0
237771,67638,0,67430,1
237822,67654,0,67449,1
237872,67669,0,67455,2
237925,67687,0,67460,1
237978,67704,0,67465,0
238029,67718,0,67479,0
238079,67731,0,67498,0
238130,67742,0,67514,1
238180,67759,0,67520,2
238232,67771,0,67540,1
238283,67782,0,67556,1
238333,67801,0,67558,1
238384,67814,0,67567,1
238434,67824,0,67573,0
238487,67842,0,67583,0
238540,67859,0,67595,1
238590,67872,0,67608,0
238645,67892,0,67616,1
238696,67908,0,67628,1
238747,67924,0,67642,1
238797,67933,0,67666,1
238851,67948,0,67681,1
238902,67962,0,67698,0
238952,67972,0,67713,0
239004,67988,0,67722,1
239055,68005,0,67722,1
239105,68017,0,67737,0
239162,68030,0,67755,0
239212,68049,0,67765,3
239265,68066,0,67770,1
239317,68078,0,67777,1
239367,68101,0,67782,1
239418,68113,0,67800,1
239469,68129,0,67810,1
239519,68138,0,67828,0
239574,68153,0,67834,1
239624,68166,0,67839,0
239674,68180,0,67857,1
239728,68191,0,67886,1
239787,68212,0,67886,1
239837,68224,0,67904,0
239891,68239,0,67914,1
239943,68258,0,67924,1
239993,68270,0,67937,2
240044,68288,0,67946,1
240094,68305,0,67955,0
240144,68321,0,67967,2
240194,68331,0,67980,0
240246,68343,0,67985,0
240296,68359,0,67992,1
240347,68371,0,68017,1
240399,68385,0,68030,0
240450,68400,0,68042,0
240502,68417,0,68052,1
240552,68427,0,68079,0
240602,68444,0,68106,1
240653,68460,0,68120,0
240713,68475,0,68134,1
240764,68496,0,68142,1
240816,68511,0,68156,0
240866,68526,0,68179,1
240916,68535,0,68195,0
240966,68547,0,68199,1
241016,68563,0,68204,1
241068,68576,0,68217,1
241118,68588,0,68229,0
241170,68606,0,68243,0
241220,68618,0,68257,1
241274,68632,0,68272,1
241324,68648,0,68286,1
241374,68666,0,68297,1
241424,68677,0,68313,1
241478,68698,0,68314,1
241529,68716,0,68325,0
241579,68728,0,68353,0
241632,68739,0,68381,1
241682,68749,0,68411,0
241732,68768,0,68427,0
241783,68778,0,68444,1
241833,68790,0,68464,0
241886,68810,0,68475,1
241936,68824,0,68547,0
241986,68835,0,68567,1
242037,68850,0,68577,1
242088,68868,0,68588,0
242139,68881,0,68602,1
242189,68903,0,68608,0
242240,68916,0,68610,1
242290,68930,0,68624,0
242340,68940,0,68634,0
242396,68951,0,68658,1
242450,68970,0,68669,1
242500,68984,0,68684,2
242552,68994,0,68699,1
242603,69016,0,68713,1
242653,69027,0,68730,0
242705,69038,0,68751,1
242756,69051,0,68757,0
242806,69071,0,68759,1
242858,69087,0,68779,1
242909,69105,0,68788,1
242962,69123,0,68795,1
243012,69134,0,68818,1
243063,69145,0,68833,0
243113,69156,0,68849,2
243164,69173,0,68857,1
243214,69184,0,68876,0
243265,69200,0,68893,1
243317,69217,0,68911,0
243367,69230,0,68926,0
243419,69244,0,68947,1
243470,69254,0,68959,1
243521,69275,0,68977,0
243571,69289,0,68978,1
243621,69309,0,68995,1
243671,69327,0,69010,2
243721,69336,0,69034,1
243771,69347,0,69048,0
243821,69358,0,69069,1
243871,69375,0,69080,0
243921,69385,0,69101,1
243972,69401,0,69113,1
244028,69418,0,69126,1
244082,69433,0,69144,1
244136,69449,0,69158,1
244187,69460,0,69178,1
244239,69478,0,69184,1
244289,69501,0,69192,4
244339,69513,0,69211,1
244389,69530,0,69227,1
244440,69538,0,69249,0
244493,69550,0,69267,1
244543,69562,0,69277,1
244594,69580,0,69279,1
244645,69590,0,69297,0
244698,69608,0,69312,1
244752,69625,0,69321,1
244805,69636,0,69333,1
244856,69651,0,69353,0
244911,69669,0,69368,1
244962,69682,0,69376,1
245014,69706,0,69386,1
245064,69721,0,69393,1
245115,69734,0,69410,1
245171,69745,0,69435,1
245223,69755,0,69451,1
245275,69770,0,69472,1
245326,69785,0,69479,1
245376,69801,0,69497,1
245427,69817,0,69507,0
245481,69831,0,69524,1
245531,69845,0,69540,1
245584,69857,0,69565,1
245635,69876,0,69570,1
245687,69896,0,69582,2
245737,69912,0,69596,1
245788,69928,0,69614,0
245842,69938,0,69632,1
245893,69950,0,69655,1
245946,69961,0,69676,1
245996,69977,0,69689,0
246046,69990,0,69755,0
246096,70007,0,69768,1
246146,70022,0,69779,0
246197,70035,0,69795,1
246247,70049,0,69801,1
246303,70060,0,69821,1
246353,70079,0,69840,1
246404,70101,0,69846,1
246455,70115,0,69852,0
246510,70132,0,69860,0
246562,70144,0,69883,1
246613,70153,0,69896,0
246663,70168,0,69915,1
246715,70184,0,69930,1
246765,70195,0,69948,1
246817,70209,0,69962,1
246870,70227,0,69979,1
246925,70238,0,69987,1
246975,70254,0,70009,0
247025,70269,0,70019,1
247076,70284,0,70036,1
247126,70307,0,70052,1
247176,70321,0,70060,1
247227,70335,0,70076,1
247280,70346,0,70095,1
247330,70356,0,70111,2
247385,70370,0,70137,1
247435,70387,0,70156,1
247487,70401,0,70169,1
247540,70421,0,70181,1
247592,70433,0,70198,0
247643,70443,0,70213,1
247693,70458,0,70225,1
247750,70477,0,70244,1
247801,70494,0,70261,1
247851,70514,0,70273,1
247902,70532,0,70284,1
247955,70540,0,70307,1
248005,70551,0,70326,1
248056,70562,0,70339,1
248106,70579,0,70359,1
248159,70592,0,70378,1
248213,70608,0,70396,1
248265,70625,0,70406,0
248318,70637,0,70430,1
248368,70651,0,70447,0
248421,70665,0,70463,1
248471,70683,0,70481,2
248522,70702,0,70486,1
248572,70719,0,70491,1
248623,70734,0,70505,0
248673,70744,0,70525,0
248723,70754,0,70548,0
248775,70768,0,70570,0
248826,70784,0,70576,1
248877,70797,0,70585,1
248929,70812,0,70600,1
248981,70828,0,70616,1
249031,70839,0,70637,1
249082,70853,0,70647,1
249132,70867,0,70667,1
249182,70886,0,70679,1
249233,70902,0,70684,1
249290,70922,0,70689,1
249342,70936,0,70695,1
249392,70948,0,70708,1
249443,70959,0,70725,1
249494,70973,0,70746,2
249544,70987,0,70754,0
249598,71003,0,70775,1
249649,71020,0,70794,1
249699,71033,0,70803,0
249751,71044,0,70823,1
249802,71059,0,70837,0
249852,71076,0,70852,0
249903,71090,0,70879,1
249954,71109,0,70894,1
250006,71125,0,70905,1
250056,71140,0,70913,2
250107,71151,0,70929,1
250162,71161,0,70944,1
250213,71175,0,70962,0
250263,71191,0,70969,1
250313,71207,0,70983,0
250363,71224,0,70992,2
250415,71236,0,71015,1
250465,71249,0,71031,1
250515,71263,0,71048,0
250566,71279,0,71061,1
250617,71295,0,71079,1
250667,71312,0,71085,1
250719,71328,0,71101,0
250771,71343,0,71127,1
250827,71353,0,71150,1
250877,71368,0,71168,1
250928,71382,0,71190,1
250979,71396,0,71205,0
251030,71412,0,71236,1
251080,71426,0,71243,2
251130,71437,0,71309,0
251180,71452,0,71335,1
251230,71466,0,71355,0
251284,71483,0,71368,1
251338,71497,0,71385,1
251388,71521,0,71389,2
251440,71534,0,71403,0
251490,71545,0,71416,1
251541,71555,0,71436,0
251593,71570,0,71448,1
251644,71586,0,71457,1
251697,71601,0,71466,1
251754,71615,0,71480,1
251810,71634,0,71486,1
251860,71645,0,71511,1
251911,71661,0,71526,1
251961,71677,0,71542,2
252015,71692,0,71558,1
252065,71710,0,71571,2
252115,71728,0,71581,1
252166,71741,0,71595,0
252220,71752,0,71620,1
252271,71761,0,71643,0
252322,71778,0,71651,0
252372,71792,0,71675,0
252423,71810,0,71696,1
252473,71820,0,71718,0
252523,71837,0,71733,0
252575,71851,0,71741,1
252631,71864,0,71754,1
252682,71882,0,71759,0
252732,71896,0,71775,0
252783,71914,0,71785,1
252839,71933,0,71797,1
252892,71945,0,71827,1
252947,71956,0,71843,1
253000,71969,0,71858,1
253050,71987,0,71874,0
253105,72001,0,71891,1
253156,72015,0,71904,1
253207,72033,0,71914,1
253258,72044,0,71941,0
253309,72060,0,71949,0
253361,72069,0,71971,1
253411,72090,0,71977,1
253463,72104,0,71992,1
253515,72126,0,72001,1
253567,72140,0,72007,1
253617,72151,0,72028,1
253668,72161,0,72055,0
253720,72175,0,72068,1
253770,72190,0,72079,1
253822,72207,0,72093,1
253872,72220,0,72101,1
253924,72237,0,72124,1
253977,72246,0,72143,1
254027,72263,0,72157,0
254082,72275,0,72171,1
254132,72296,0,72189,0
254182,72313,0,72205,0
254234,72330,0,72215,1
254284,72344,0,72232,0
254335,72353,0,72258,1
254386,72363,0,72274,1
254437,72380,0,72289,0
254487,72394,0,72311,1
254537,72411,0,72320,1
254590,72424,0,72336,1
254640,72439,0,72354,1
254690,72450,0,72371,1
254741,72464,0,72401,0
254794,72478,0,72417,1
254845,72496,0,72440,0
254897,72519,0,72445,1
254947,72535,0,72467,1
254999,72546,0,72482,1
255050,72555,0,72505,0
255103,72569,0,72517,1
255160,72586,0,72533,1
255212,72602,0,72551,1
255262,72617,0,72558,3
255312,72633,0,72574,0
255362,72644,0,72594,0
255415,72658,0,72612,1
255472,72669,0,72623,1
255525,72693,0,72632,1
255575,72704,0,72647,1
255625,72727,0,72666,1
255677,72741,0,72680,1
255728,72752,0,72696,0
255779,72761,0,72713,0
255829,72777,0,72732,1
255881,72792,0,72758,1
255931,72808,0,72765,1
255982,72822,0,72776,1
256034,72837,0,72793,0
256085,72848,0,72801,1
256137,72863,0,72823,0
256188,72875,0,72836,1
256238,72896,0,72846,0
256291,72908,0,72863,1
256341,72930,0,72876,1
256392,72943,0,72887,1
256442,72954,0,72901,1
256492,72963,0,72914,1
256548,72982,0,72916,1
256599,72997,0,72930,1
256651,73012,0,72939,0
256702,73027,0,72953,1
256753,73039,0,72959,1
256803,73051,0,72980,0
256856,73065,0,73004,1
256910,73080,0,73010,1
256961,73098,0,73021,1
257012,73117,0,73034,1
257062,73138,0,73044,1
257112,73147,0,73058,1
257167,73156,0,73085,0
257217,73169,0,73093,2
257267,73188,0,73110,1
257323,73200,0,73126,1
257373,73217,0,73135,1
257423,73232,0,73143,1
257474,73245,0,73165,0
257527,73257,0,73183,1
257579,73269,0,73200,0
257629,73289,0,73215,1
257684,73304,0,73224,1
257734,73326,0,73229,2
257784,73341,0,73234,0
257834,73352,0,73258,1
257884,73360,0,73277,1
257934,73377,0,73290,1
257986,73391,0,73311,0
258036,73404,0,73329,2
258087,73421,0,73337,1
258141,73437,0,73348,0
258191,73450,0,73366,2
258242,73464,0,73393,0
258293,73471,0,73418,0
258343,73494,0,73428,0
258393,73506,0,73437,1
258443,73526,0,73445,1
258493,73542,0,73456,0
258545,73553,0,73469,0
258595,73563,0,73496,0
258646,73580,0,73500,1
258698,73594,0,73512,1
258750,73609,0,73528,1
258801,73625,0,73539,0
258854,73639,0,73551,1
258904,73651,0,73611,1
258955,73664,0,73627,0
259009,73674,0,73640,1
259061,73697,0,73642,1
259111,73712,0,73652,1
259162,73735,0,73659,1
259213,73747,0,73674,1
259264,73756,0,73694,0
259314,73766,0,73705,1
259366,73786,0,73724,1
259416,73799,0,73737,1
259470,73814,0,73744,1
259520,73830,0,73752,1
259571,73843,0,73763,1
259625,73854,0,73773,1
259675,73868,0,73780,1
259731,73881,0,73790,1
259782,73900,0,73795,0
259833,73920,0,73811,0
259883,73940,0,73819,1
259934,73950,0,73832,0
259984,73957,0,73856,0
260035,73968,0,73861,2
260088,73989,0,73861,1
260140,74002,0,73877,1
260190,74021,0,73887,1
260241,74036,0,73897,1
260296,74048,0,73913,1
260346,74061,0,73935,0
260396,74071,0,73962,0
260446,74086,0,73977,1
260497,74106,0,73994,1
260548,74121,0,73998,1
260603,74141,0,74000,1
260653,74154,0,74021,1
260709,74158,0,74042,1
260759,74175,0,74051,1
260811,74197,0,74063,1
260864,74209,0,74082,1
260915,74227,0,74102,1
260968,74241,0,74122,1
261021,74252,0,74138,0
261071,74267,0,74151,1
261121,74276,0,74167,1
261173,74298,0,74183,1
261224,74312,0,74198,1
261275,74328,0,74204,1
261325,74347,0,74220,0
261379,74357,0,74230,1
261430,74364,0,74258,1
261481,74386,0,74261,1
261533,74401,0,74278,1
261588,74415,0,74291,1
261641,74433,0,74295,1
261691,74447,0,74304,0
261744,74459,0,74316,1
261798,74471,0,74340,1
261850,74486,0,74362,1
261900,74506,0,74372,1
261952,74520,0,74374,1
262002,74540,0,74384,0
262053,74551,0,74397,0
262103,74557,0,74422,0
262158,74572,0,74435,1
262208,74594,0,74437,1
262259,74607,0,74451,1
262312,74623,0,74464,1
262362,74639,0,74471,1
262412,74650,0,74488,0
262462,74662,0,74508,0
262512,74673,0,74524,0
262567,74690,0,74534,1
262617,74709,0,74541,1
262669,74722,0,74554,1
262719,74746,0,74556,2
262771,74754,0,74570,1
262821,74760,0,74597,0
262873,74778,0,74609,1
262923,74799,0,74613,1
262974,74808,0,74641,1
263028,74827,0,74658,1
263079,74842,0,74678,0
263131,74853,0,74695,1
263182,74867,0,74710,0
263236,74879,0,74726,1
263287,74899,0,74733,1
263339,74915,0,74743,1
263391,74932,0,74761,0
263441,74950,0,74773,0
263493,74957,0,74789,0
263543,74966,0,74812,0
263597,74987,0,74817,1
263648,75002,0,74830,0
263700,75018,0,74839,1
263750,75035,0,74845,2
263800,75047,0,74864,0
263851,75059,0,74874,1
263902,75071,0,74888,0
263953,75083,0,74908,1
264005,75106,0,74914,1
264057,75120,0,74925,1
264110,75139,0,74937,1
264161,75153,0,74957,1
264211,75157,0,74988,0
264262,75171,0,75007,1
264320,75194,0,75012,1
264370,75207,0,75028,0
264421,75224,0,75042,2
264471,75240,0,75053,0
264526,75252,0,75076,1
264576,75266,0,75089,1
264627,75275,0,75111,1
264677,75288,0,75127,0
264727,75311,0,75135,0
264777,75324,0,75145,2
264827,75345,0,75152,0
264877,75354,0,75162,1
264927,75360,0,75186,1
264979,75376,0,75203,1
265032,75398,0,75211,0
265082,75409,0,75223,1
265133,75426,0,75239,0
265184,75442,0,75248,0
265236,75452,0,75254,0
265286,75467,0,75269,0
265336,75479,0,75289,1
265386,75490,0,75316,1
265437,75513,0,75319,1
265487,75527,0,75335,0
265540,75544,0,75340,1
265591,75557,0,75400,0
265641,75564,0,75416,1
265691,75579,0,75423,1
265741,75600,0,75438,0
265793,75611,0,75460,1
265844,75628,0,75475,1
265902,75644,0,75486,1
265953,75656,0,75506,1
266003,75671,0,75532,1
266054,75681,0,75558,1
266105,75696,0,75568,1
266156,75713,0,75573,1
266206,75732,0,75583,2
266256,75749,0,75600,0
266308,75757,0,75615,0
266360,75769,0,75623,1
266412,75782,0,75631,1
266462,75804,0,75632,3
266512,75819,0,75652,0
266565,75835,0,75665,1
266615,75849,0,75682,1
266667,75860,0,75708,1
266720,75873,0,75718,0
266779,75886,0,75737,1
266830,75907,0,75750,3
266880,75922,0,75766,2
266933,75941,0,75770,1
266986,75956,0,75781,1
267039,75960,0,75810,1
267090,75973,0,75827,0
267141,75990,0,75835,3
267194,76011,0,75839,1
267246,76025,0,75851,1
267296,76043,0,75859,0
267349,76054,0,75867,1
267400,76069,0,75887,1
267452,76080,0,75907,0
267502,76094,0,75916,1
267552,76112,0,75927,0
267605,76127,0,75935,1
267655,76148,0,75943,1
267707,76157,0,75962,0
267758,76164,0,75970,1
267810,76178,0,75980,1
267860,76195,0,75984,1
267911,76212,0,75988,1
267963,76233,0,75992,1
268015,76246,0,76009,0
268066,76257,0,76031,0
268116,76272,0,76045,0
268167,76281,0,76068,0
268217,76298,0,76083,1
268267,76316,0,76101,1
268317,76332,0,76117,1
268367,76350,0,76127,0
268417,76357,0,76154,0
268468,76369,0,76172,2
268519,76381,0,76191,1
268570,76399,0,76199,2
268620,76416,0,76206,1
268672,76434,0,76214,0
268722,76448,0,76238,1
268773,76459,0,76260,1
268826,76473,0,76279,0
268878,76485,0,76294,1
268928,76500,0,76310,1
268981,76519,0,76318,1
269031,76536,0,76324,1
269081,76553,0,76335,0
269131,76559,0,76355,0
269185,76573,0,76364,1
269236,76584,0,76381,0
269291,76602,0,76386,1
269341,76623,0,76395,1
269391,76639,0,76406,2
269441,76652,0,76413,1
269493,76667,0,76431,0
269543,76676,0,76456,0
269597,76688,0,76476,1
269647,76707,0,76490,1
269698,76725,0,76497,2
269750,76743,0,76509,1
269800,76757,0,76566,0
269850,76762,0,76592,1
269901,76776,0,76609,0
269951,76789,0,76617,2
270002,76805,0,76676,1
270053,76825,0,76691,0
270103,76842,0,76698,2
270154,76855,0,76715,1
270204,76869,0,76729,1
270259,76879,0,76752,1
270310,76893,0,76760,2
270363,76912,0,76778,0
270413,76927,0,76796,0
270463,76945,0,76811,0
270519,76957,0,76819,0
270570,76965,0,76841,1
270620,76978,0,76861,1
270670,76994,0,76876,1
270720,77012,0,76884,1
270772,77030,0,76891,1
270823,77046,0,76901,1
270876,77058,0,76915,1
270927,77074,0,76975,1
270977,77083,0,76988,0
271028,77099,0,77003,1
271080,77114,0,77008,1
271130,77134,0,77025,3
271180,77150,0,77042,2
271234,77159,0,77060,1
271290,77170,0,77085,1
271341,77184,0,77102,0
271392,77198,0,77111,1
271446,77220,0,77117,1
271496,77237,0,77130,3
271547,77251,0,77150,1
271597,77262,0,77165,1
271647,77276,0,77179,1
271698,77287,0,77205,0
271748,77304,0,77206,1
271800,77318,0,77214,1
271852,77343,0,77223,1
271904,77357,0,77236,0
271954,77362,0,77256,1
272005,77376,0,77272,0
272056,77390,0,77283,1
272108,77402,0,77303,1
272165,77424,0,77316,1
272218,77442,0,77336,0
272268,77457,0,77352,0
272320,77470,0,77368,0
272370,77481,0,77393,1
272425,77494,0,77415,1
272477,77509,0,77429,1
272531,77528,0,77437,1
272582,77546,0,77444,0
272635,77558,0,77460,1
272685,77567,0,77475,1
272737,77583,0,77488,1
272787,77596,0,77508,0
272839,77613,0,77514,1
272889,77632,0,77517,0
272940,77647,0,77538,1
272990,77660,0,77552,0
273041,77674,0,77571,2
273101,77687,0,77575,1
273151,77704,0,77585,1
273204,77715,0,77601,1
273256,77739,0,77614,1
273306,77755,0,77630,1
273358,77762,0,77662,0
273412,77776,0,77676,0
273462,77788,0,77680,1
273512,77801,0,77692,1
273562,77819,0,77707,0
273612,77839,0,77721,1
273662,77853,0,77735,1
273714,77869,0,77754,1
273764,77878,0,77776,1
273814,77891,0,77795,1
273865,77905,0,77804,0
273915,77917,0,77824,1
273965,77942,0,77829,1
274016,77957,0,77841,0
274068,77963,0,77862,0
274121,77977,0,77876,0
274172,77992,0,77883,1
274223,78008,0,77902,1
274273,78024,0,77904,2
274327,78043,0,77919,1
274378,78058,0,77942,1
274434,78071,0,77953,1
274484,78083,0,77965,1
274534,78094,0,77976,1
274585,78109,0,77995,1
274635,78127,0,78006,2
274692,78147,0,78019,1
274743,78159,0,78041,1
274796,78168,0,78063,1
274847,78182,0,78083,1
274897,78197,0,78104,1
274947,78212,0,78120,0
274997,78233,0,78125,1
275049,78249,0,78137,0
275099,78261,0,78149,1
275150,78273,0,78160,1
275203,78287,0,78175,1
275254,78301,0,78196,1
275306,78314,0,78216,0
275356,78332,0,78226,1
275406,78352,0,78234,1
275463,78361,0,78253,1
275513,78376,0,78264,1
275564,78386,0,78296,0
275619,78403,0,78307,1
275670,78419,0,78312,1
275720,78439,0,78324,2
275771,78454,0,78335,0
275822,78470,0,78344,1
275873,78480,0,78374,1
275923,78491,0,78389,1
275975,78506,0,78403,1
276032,78520,0,78407,1
276085,78543,0,78407,1
276135,78557,0,78422,0
276186,78565,0,78442,1
276237,78580,0,78458,1
276287,78594,0,78469,1
276337,78609,0,78481,1
276387,78627,0,78488,1
276438,78643,0,78495,1
276489,78658,0,78508,1
276542,78671,0,78532,1
276592,78684,0,78552,1
276642,78694,0,78568,1
276693,78709,0,78587,1
276743,78722,0,78607,1
276794,78746,0,78611,1
276845,78758,0,78624,1
276903,78767,0,78636,1
276955,78782,0,78646,1
277007,78798,0,78654,0
277057,78814,0,78673,0
277108,78833,0,78684,1
277158,78850,0,78700,0
277208,78859,0,78718,0
277260,78875,0,78733,1
277312,78886,0,78758,1
277363,78903,0,78764,2
277413,78912,0,78778,1
277465,78927,0,78791,1
277516,78952,0,78791,1
277567,78961,0,78812,1
277618,78974,0,78825,1
277668,78986,0,78846,1
277726,79000,0,78859,1
277776,79018,0,78864,1
277826,79039,0,78865,1
277877,79052,0,78889,1
277928,79066,0,78901,1
277978,79079,0,78914,2
278030,79091,0,78938,1
278081,79106,0,78948,1
278135,79116,0,78963,1
278186,79134,0,78971,1
278238,79157,0,78983,0
278288,79164,0,78999,0
278338,79178,0,79013,1
278388,79193,0,79032,1
278440,79206,0,79040,1
278490,79223,0,79050,1
278540,79242,0,79054,1
278590,79258,0,79067,2
278640,79269,0,79080,3
278692,79282,0,79087,1
278744,79294,0,79108,1
278795,79308,0,79125,0
278846,79320,0,79148,0
278900,79337,0,79160,1
278950,79359,0,79178,0
279000,79366,0,79207,0
279050,79381,0,79224,1
279100,79394,0,79232,1
279150,79408,0,79246,0
279203,79425,0,79256,1
279253,79444,0,79264,1
279305,79459,0,79272,0
279363,79473,0,79284,1
279413,79486,0,79313,1
279464,79497,0,79331,1
279514,79511,0,79344,0
279564,79525,0,79356,2
279617,79547,0,79361,2
279668,79560,0,79377,0
279718,79571,0,79391,1
279768,79585,0,79405,1
279819,79598,0,79424,0
279869,79612,0,79436,1
279922,79631,0,79444,1
279973,79651,0,79450,0
280024,79660,0,79467,0
280074,79675,0,79472,0
280124,79688,0,79493,1
280174,79700,0,79529,2
280224,79713,0,79536,0
280275,79727,0,79551,0
280325,79749,0,79560,2
280381,79762,0,79566,1
280433,79775,0,79578,1
280483,79790,0,79590,1
280533,79800,0,79607,1
280592,79818,0,79617,1
280642,79837,0,79623,1
280693,79854,0,79642,1
280743,79865,0,79651,0
280793,79881,0,79662,1
280845,79894,0,79683,1
280898,79904,0,79692,1
280948,79919,0,79703,1
280999,79936,0,79713,2
281049,79957,0,79722,2
281102,79966,0,79754,0
281152,79977,0,79769,0
281202,79991,0,79789,0
281252,80008,0,79801,1
281303,80023,0,79819,1
281355,80042,0,79831,1
281407,80055,0,79836,1
281460,80070,0,79846,1
281510,80085,0,79858,1
281562,80094,0,79862,1
281612,80108,0,79883,1
281662,80120,0,79890,1
281713,80136,0,79895,1
281763,80154,0,79900,1
281817,80167,0,79915,1
281872,80181,0,79927,1
281922,80198,0,79941,0
281972,80210,0,79957,0
282022,80230,0,79964,1
282073,80244,0,79973,1
282125,80260,0,80000,1
282181,80276,0,80010,1
282233,80289,0,80020,0
282283,80301,0,80038,0
282333,80312,0,80063,1
282385,80326,0,80078,1
282438,80343,0,80082,2
282488,80362,0,80085,0
282538,80374,0,80093,1
282588,80387,0,80109,2
282638,80401,0,80131,1
282690,80414,0,80151,1
282743,80436,0,80158,0
282793,80451,0,80166,1
282848,80465,0,80179,1
282898,80481,0,80187,1
282953,80491,0,80203,1
283003,80504,0,80217,2
283053,80519,0,80230,2
283105,80531,0,80246,0
283155,80546,0,80259,0
283205,80566,0,80269,1
283258,80577,0,80293,0
283309,80592,0,80307,0
283359,80609,0,80320,0
283411,80623,0,80336,1
283461,80637,0,80365,0
283514,80654,0,80376,1
283564,80669,0,80387,1
283614,80683,0,80401,1
283664,80693,0,80422,2
283714,80708,0,80432,3
283764,80719,0,80452,1
283814,80731,0,80469,0
283864,80748,0,80478,1
283916,80766,0,80489,0
283967,80779,0,80496,1
284017,80794,0,80513,0
284068,80810,0,80521,1
284119,80826,0,80539,2
284169,80840,0,80546,1
284220,80856,0,80548,1
284272,80871,0,80555,0
284323,80885,0,80571,1
284374,80897,0,80590,1
284424,80908,0,80612,0
284475,80920,0,80637,0
284525,80933,0,80660,1
284575,80951,0,80666,0
284627,80968,0,80677,1
284677,80981,0,80689,0
284728,80997,0,80708,1
284779,81010,0,80720,0
284830,81029,0,80728,1
284880,81042,0,80746,1
284937,81060,0,80767,1
284987,81074,0,80777,0
285037,81089,0,80791,1
285087,81100,0,80819,0
285137,81112,0,80844,1
285191,81124,0,80852,1
285241,81139,0,80867,1
285292,81154,0,80886,1
285342,81169,0,80903,1
285392,81183,0,80915,1
285443,81200,0,80928,1
285494,81213,0,80948,1
285545,81233,0,80954,1
285597,81248,0,80969,1
285648,81263,0,80977,0
285699,81277,0,80992,2
285750,81290,0,81010,0
285800,81301,0,81026,0
285852,81312,0,81030,1
285902,81327,0,81034,2
285954,81341,0,81054,0
286004,81359,0,81060,1
286054,81373,0,81078,1
286105,81390,0,81092,0
286155,81402,0,81106,0
286206,81416,0,81123,1
286257,81437,0,81134,0
286314,81449,0,81143,1
286364,81468,0,81147,1
286414,81482,0,81160,0
286466,81492,0,81173,1
286516,81503,0,81190,1
286566,81519,0,81199,2
286617,81530,0,81214,1
286667,81546,0,81238,1
286717,81564,0,81243,4
286767,81575,0,81304,1
286817,81592,0,81310,1
286867,81607,0,81321,1
286918,81620,0,81343,0
286970,81637,0,81351,0
287020,81650,0,81356,1
287070,81668,0,81367,0
287120,81682,0,81378,0
287170,81692,0,81392,0
287220,81705,0,81403,0
287270,81719,0,81426,0
287320,81730,0,81435,1
287373,81746,0,81461,1
287423,81764,0,81477,2
287473,81777,0,81497,1
287524,81794,0,81509,0
287577,81808,0,81526,1
287628,81823,0,81539,1
287679,81839,0,81562,0
287729,81851,0,81575,1
287779,81869,0,81591,0
287831,81885,0,81606,1
287881,81893,0,81626,0
287931,81908,0,81646,0
287986,81920,0,81656,1
288036,81934,0,81674,0
288088,81950,0,81684,1
288139,81966,0,81690,1
288189,81982,0,81703,1
288241,81997,0,81720,0
288291,82011,0,81731,1
288341,82028,0,81744,1
288392,82041,0,81760,0
288443,82057,0,81771,0
288496,82073,0,81784,1
288546,82089,0,81797,1
288599,82096,0,81811,1
288649,82109,0,81815,0
288699,82123,0,81824,1
288749,82139,0,81837,1
288799,82154,0,81844,4
288849,82169,0,81863,0
288899,82183,0,81869,1
288955,82199,0,81886,1
289005,82215,0,81892,1
289055,82231,0,81910,1
289105,82244,0,81927,1
289156,82261,0,81930,2
289210,82276,0,81938,1
289261,82290,0,81960,0
289312,82299,0,81975,1
289367,82311,0,81985,1
289421,82328,0,81989,1
289471,82342,0,81998,0
289524,82356,0,82002,1
289577,82376,0,82007,1
289629,82395,0,82016,1
289683,82406,0,82031,1
289736,82423,0,82045,1
289786,82439,0,82056,0
289836,82451,0,82075,1
289888,82469,0,82082,0
289939,82481,0,82083,1
289991,82494,0,82100,1
290041,82504,0,82114,1
290095,82518,0,82120,1
290146,82534,0,82133,1
290196,82547,0,82155,0
290247,82567,0,82172,1
290297,82581,0,82188,1
290347,82597,0,82202,0
290397,82612,0,82219,1
290448,82627,0,82238,0
290498,82642,0,82255,2
290550,82656,0,82280,1
290600,82673,0,82289,2
290651,82683,0,82308,0
290701,82695,0,82325,0
290753,82709,0,82336,1
290807,82721,0,82354,1
290860,82739,0,82360,1
290911,82751,0,82374,1
290966,82771,0,82376,1
291017,82786,0,82388,1
291068,82802,0,82403,0
291119,82817,0,82418,0
291170,82835,0,82427,1
291221,82847,0,82436,1
291274,82863,0,82451,0
291326,82880,0,82472,1
291376,82890,0,82485,1
291428,82900,0,82550,1
291480,82912,0,82562,1
291533,82927,0,82571,1
291588,82943,0,82589,1
291639,82958,0,82609,1
291692,82978,0,82623,1
291743,82995,0,82627,1
291794,83009,0,82646,1
291844,83024,0,82661,1
291894,83040,0,82668,0
291946,83051,0,82679,1
291996,83070,0,82688,1
292048,83082,0,82698,1
292100,83095,0,82715,0
292150,83103,0,82737,0
292204,83118,0,82749,1
292258,83135,0,82754,1
292308,83150,0,82769,1
292360,83161,0,82784,1
292410,83183,0,82784,2
292460,83199,0,82793,0
292512,83215,0,82807,1
292563,83228,0,82819,1
292615,83244,0,82842,1
292666,83259,0,82855,1
292716,83275,0,82868,1
292766,83283,0,82892,0
292816,83296,0,82906,0
292866,83306,0,82921,1
292918,83321,0,82938,1
292968,83340,0,82944,4
293018,83352,0,82957,1
293069,83364,0,82982,1
293119,83385,0,82984,1
293169,83401,0,82994,1
293219,83417,0,83006,1
293269,83431,0,83028,0
293321,83445,0,83038,1
293373,83463,0,83051,1
293423,83475,0,83065,0
293473,83485,0,83076,0
293526,83499,0,83097,1
293580,83511,0,83118,1
293634,83525,0,83138,1
293685,83542,0,83145,0
293735,83556,0,83159,1
293786,83568,0,83166,1
293836,83588,0,83172,0
293889,83606,0,83184,1
293939,83621,0,83193,1
293992,83637,0,83203,1
294043,83650,0,83224,0
294095,83667,0,83244,1
294145,83681,0,83257,1
294196,83693,0,83279,0
294249,83703,0,83301,0
294299,83717,0,83312,1
294362,83732,0,83326,1
294412,83748,0,83340,1
294462,83760,0,83352,0
294514,83780,0,83364,1
294564,83799,0,83381,2
294614,83811,0,83397,1
294664,83826,0,83410,1
294714,83842,0,83415,1
294767,83857,0,83433,1
294817,83874,0,83445,0
294867,83882,0,83467,0
294918,83896,0,83485,1
294968,83905,0,83509,0
295022,83920,0,83532,1
295072,83935,0,83542,0
295122,83950,0,83551,1
295173,83964,0,83562,3
295224,83980,0,83575,1
295275,84001,0,83586,1
295331,84015,0,83595,1
295381,84031,0,83605,0
295431,84046,0,83618,1
295482,84063,0,83634,0
295532,84075,0,83656,0
295583,84086,0,83681,1
295633,84099,0,83702,1
295685,84111,0,83719,1
295735,84123,0,83723,1
295789,84139,0,83729,1
295840,84156,0,83745,1
295892,84168,0,83757,1
295944,84188,0,83773,0
295996,84206,0,83791,1
296047,84218,0,83805,1
296097,84236,0,83816,2
296150,84251,0,83835,1
296203,84267,0,83843,1
296255,84280,0,83848,1
296305,84293,0,83871,0
296355,84303,0,83887,0
296405,84317,0,83900,1
296456,84330,0,83916,1
296507,84345,0,83931,1
296557,84358,0,83950,0
296607,84373,0,83967,2
296659,84393,0,83973,0
296710,84409,0,83979,1
296760,84424,0,83985,1
296811,84440,0,83995,0
296866,84454,0,84010,1
296918,84469,0,84019,1
296968,84482,0,84039,1
297021,84495,0,84069,0
297071,84505,0,84084,0
297121,84519,0,84106,0
297174,84534,0,84124,1
297226,84550,0,84137,1
297280,84561,0,84154,1
297330,84580,0,84163,0
297384,84600,0,84172,1
297434,84613,0,84184,2
297484,84631,0,84193,1
297539,84645,0,84205,1
297591,84665,0,84214,2
297643,84673,0,84230,1
297696,84689,0,84242,1
297750,84702,0,84255,1
297800,84714,0,84266,1
297850,84724,0,84288,0
297902,84742,0,84298,1
297956,84757,0,84313,1
298009,84772,0,84330,1
298059,84790,0,84335,2
298109,84807,0,84350,0
298159,84823,0,84359,2
298209,84839,0,84372,1
298259,84852,0,84380,1
298309,84867,0,84387,1
298361,84880,0,84408,1
298411,84893,0,84417,2
298463,84904,0,84444,1
298513,84918,0,84458,1
298563,84927,0,84469,1
298617,84943,0,84484,0
298667,84958,0,84500,0
298717,84974,0,84513,0
298767,84990,0,84520,1
298817,85007,0,84542,0
298868,85024,0,84559,1
298918,85040,0,84571,0
298968,85055,0,84595,1
299018,85068,0,84613,2
299071,85081,0,84631,0
299121,85095,0,84658,0
299171,85105,0,84669,0
299223,85119,0,84684,0
299278,85130,0,84703,1
299328,85147,0,84717,1
299379,85160,0,84730,1
299429,85176,0,84732,2
299481,85196,0,84741,1
299531,85208,0,84756,1
299581,85227,0,84761,2
299634,85242,0,84766,1
299684,85258,0,84785,0
299734,85269,0,84798,0
299789,85285,0,84812,1
299842,85299,0,84825,1
299893,85308,0,84847,0
299943,85320,0,84872,1
299995,85337,0,84887,1
300045,85352,0,84896,1
300095,85364,0,84914,1
300145,85382,0,84921,1
300196,85405,0,84929,4
300247,85414,0,84952,0
300299,85428,0,84969,1
300350,85446,0,84974,1
300403,85461,0,84992,0
300453,85474,0,85007,1
300503,85487,0,85008,1
300554,85500,0,85027,0
300605,85511,0,85041,2
300659,85524,0,85060,1
300709,85539,0,85110,1
300760,85557,0,85121,1
300811,85565,0,85144,0
300867,85587,0,85155,1
300917,85607,0,85164,0
300968,85619,0,85175,1
301018,85634,0,85191,1
301071,85652,0,85195,1
301122,85662,0,85212,0
301174,85679,0,85232,1
301226,85695,0,85248,0
301276,85705,0,85274,1
301326,85719,0,85291,2
301376,85727,0,85310,0
301426,85743,0,85327,0
301483,85759,0,85336,1
301539,85771,0,85349,1
301593,85794,0,85349,1
301643,85811,0,85358,1
301693,85826,0,85370,1
301744,85842,0,85377,1
301794,85859,0,85385,1
301844,85870,0,85403,1
301900,85884,0,85416,1
301952,85900,0,85432,0
302004,85908,0,85448,0
302054,85923,0,85468,1
302104,85938,0,85485,2
302154,85948,0,85504,1
302204,85964,0,85509,0
302255,85975,0,85516,1
302306,85999,0,85525,1
302356,86015,0,85542,0
302407,86029,0,85553,1
302458,86047,0,85569,0
302508,86061,0,85587,0
302560,86075,0,85612,1
302615,86087,0,85619,1
302670,86101,0,85627,1
302721,86111,0,85649,1
302771,86126,0,85662,0
302822,86142,0,85679,0
302873,86157,0,85691,1
302925,86166,0,85713,0
302976,86184,0,85723,1
303026,86207,0,85729,0
303076,86218,0,85742,1
303130,86233,0,85755,1
303180,86253,0,85756,0
303232,86265,0,85768,1
303283,86280,0,85778,1
303333,86289,0,85802,0
303383,86305,0,85815,2
303434,86318,0,85831,1
303484,86330,0,85846,1
303536,86343,0,85860,0
303586,86359,0,85873,0
303636,86367,0,85887,1
303686,86385,0,85890,2
303736,86407,0,85899,0
303788,86421,0,85911,1
303838,86436,0,85926,1
303889,86450,0,85930,1
303940,86468,0,85932,1
303990,86482,0,85948,0
304040,86491,0,85972,1
304091,86505,0,85988,0
304142,86519,0,86001,1
304194,86533,0,86027,1
304245,86543,0,86041,0
304296,86561,0,86050,0
304346,86570,0,86066,1
304396,86583,0,86069,1
304449,86609,0,86075,1
304499,86624,0,86094,0
304551,86638,0,86113,1
304601,86654,0,86127,1
304651,86668,0,86135,2
304703,86683,0,86151,1
304754,86697,0,86169,1
304804,86708,0,86183,2
304859,86720,0,86194,1
304910,86736,0,86199,1
304960,86745,0,86216,1
305010,86764,0,86223,2
305060,86773,0,86240,0
305110,86790,0,86249,1
305160,86813,0,86257,1
305214,86826,0,86266,1
305265,86843,0,86273,1
305317,86859,0,86305,0
305367,86872,0,86315,1
305417,86886,0,86332,0
305469,86900,0,86347,0
305521,86910,0,86362,1
305572,86924,0,86391,1
305622,86939,0,86393,1
305673,86950,0,86413,0
305725,86966,0,86422,1
305775,86975,0,86441,1
305825,86990,0,86447,1
305875,87016,0,86447,2
305925,87030,0,86467,2
305977,87045,0,86486,1
306028,87061,0,86501,1
306078,87074,0,86522,1
306130,87088,0,86533,1
306180,87102,0,86550,1
306235,87115,0,86564,1
306285,87127,0,86584,0
306337,87143,0,86594,0
306387,87153,0,86614,1
306437,87167,0,86630,1
306491,87178,0,86695,0
306541,87198,0,86708,1
306592,87220,0,86724,1
306644,87235,0,86738,1
306695,87250,0,86750,1
306746,87262,0,86760,1
306796,87279,0,86770,0
306847,87292,0,86778,1
306898,87305,0,86798,0
306948,87316,0,86807,1
306999,87330,0,86829,0
307050,87343,0,86849,0
307101,87357,0,86854,1
307152,87370,0,86871,1
307202,87382,0,86889,2
307252,87405,0,86902,1
307304,87422,0,86907,1
307354,87437,0,86923,0
307405,87452,0,86941,1
307456,87466,0,86965,1
307506,87481,0,86980,1
307556,87496,0,86995,1
307606,87505,0,87022,0
307656,87519,0,87033,0
307707,87531,0,87050,1
307759,87544,0,87069,0
307809,87561,0,87082,1
307860,87572,0,87087,1
307910,87584,0,87103,1
307961,87606,0,87107,1
308011,87623,0,87118,0
308064,87639,0,87177,1
308114,87654,0,87192,1
308165,87667,0,87205,1
308217,87686,0,87219,1
308267,87698,0,87243,1
308317,87708,0,87261,0
308367,87719,0,87283,0
308418,87733,0,87293,1
308468,87745,0,87312,0
308519,87763,0,87328,1
308571,87773,0,87342,0
308623,87788,0,87363,0
308673,87809,0,87375,1
308723,87826,0,87388,1
308775,87842,0,87399,1
308825,87856,0,87413,3
308879,87871,0,87429,1
308932,87887,0,87445,0
308983,87902,0,87460,0
309034,87910,0,87487,0
309084,87925,0,87507,0
309134,87937,0,87524,1
309184,87950,0,87540,1
309236,87965,0,87547,1
309286,87974,0,87569,0
309336,87990,0,87580,1
309387,88015,0,87590,1
309437,88028,0,87616,0
309487,88045,0,87631,0
309537,88058,0,87651,0
309587,88074,0,87668,1
309638,88087,0,87678,0
309688,88101,0,87693,1
309738,88110,0,87713,0
309788,88126,0,87727,1
309838,88136,0,87751,1
309890,88150,0,87771,0
309942,88165,0,87774,1
309992,88175,0,87786,1
310042,88193,0,87811,1
310092,88216,0,87818,1
310144,88229,0,87836,1
310194,88246,0,87839,0
310245,88261,0,87858,2
310296,88278,0,87869,1
310349,88290,0,87887,1
310399,88303,0,87899,1
310450,88313,0,87911,1
310501,88329,0,87921,1
310555,88336,0,87929,1
310608,88356,0,87942,1
310658,88368,0,87958,1
310708,88381,0,87974,1
310760,88397,0,87983,1
310811,88419,0,87984,1
310861,88434,0,87994,2
310912,88451,0,88010,1
310962,88464,0,88027,1
311015,88481,0,88039,1
311067,88495,0,88059,1
311117,88506,0,88075,1
311167,88518,0,88093,2
311217,88531,0,88108,0
311268,88538,0,88135,0
311320,88558,0,88146,1
311374,88571,0,88157,1
311425,88584,0,88176,0
311475,88600,0,88192,1
311526,88623,0,88199,1
311576,88640,0,88213,1
311628,88653,0,88222,1
311678,88670,0,88235,2
311728,88684,0,88239,0
311778,88697,0,88249,1
311828,88708,0,88272,1
311880,88719,0,88288,0
311931,88732,0,88306,1
311982,88745,0,88323,1
312032,88762,0,88325,1
312082,88773,0,88342,0
312133,88786,0,88353,1
312184,88807,0,88361,1
312239,88826,0,88372,1
312289,88844,0,88379,1
312339,88856,0,88395,1
312389,88871,0,88412,1
312442,88887,0,88425,0
312494,88901,0,88433,1
312544,88910,0,88465,0
312595,88922,0,88478,1
312645,88933,0,88494,0
312695,88946,0,88558,1
312745,88965,0,88573,1
312797,88976,0,88583,1
312847,88992,0,88596,1
312897,89010,0,88613,2
312948,89028,0,88616,0
312999,89045,0,88632,0
313049,89059,0,88639,0
313102,89073,0,88657,1
313152,89088,0,88677,0
313202,89101,0,88689,1
313255,89112,0,88705,0
313308,89124,0,88712,1
313358,89135,0,88738,0
313408,89154,0,88751,2
313458,89167,0,88777,0
313512,89178,0,88794,1
313562,89195,0,88806,1
313613,89211,0,88816,1
313664,89225,0,88816,2
313715,89247,0,88827,1
313765,89263,0,88844,1
313817,89280,0,88861,1
313869,89293,0,88871,0
313921,89306,0,88888,1
313972,89316,0,88906,1
314027,89331,0,88926,0
314077,89339,0,88943,1
314127,89356,0,88949,2
314179,89371,0,88967,1
314230,89384,0,88979,1
314280,89398,0,88994,0
314337,89415,0,88998,1
314387,89437,0,89006,1
314437,89452,0,89011,0
314488,89469,0,89024,1
314543,89486,0,89041,1
314593,89499,0,89051,1
314643,89510,0,89077,0
314701,89518,0,89094,1
314752,89535,0,89114,0
314807,89548,0,89140,1
314858,89567,0,89151,1
314908,89576,0,89173,0
314959,89589,0,89188,1
315009,89606,0,89197,0
315060,89620,0,89213,1
315110,89643,0,89224,1
315160,89661,0,89235,0
315210,89674,0,89250,1
315262,89688,0,89312,1
315312,89703,0,89324,1
315362,89714,0,89348,1
315413,89723,0,89362,1
315463,89736,0,89379,1
315514,89749,0,89394,1
315564,89768,0,89410,1
315614,89776,0,89436,0
315664,89789,0,89450,2
315717,89807,0,89464,1
315768,89823,0,89476,1
315818,89848,0,89481,2
315869,89860,0,89489,1
315920,89876,0,89501,1
315970,89892,0,89521,1
316020,89904,0,89537,1
316072,89914,0,89555,0
316123,89925,0,89574,1
316177,89938,0,89588,1
316227,89953,0,89599,3
316282,89970,0,89604,0
316332,89982,0,89621,2
316382,89997,0,89631,2
316433,90011,0,89642,0
316485,90028,0,89658,1
316536,90051,0,89658,1
316586,90066,0,89667,1
316636,90082,0,89680,1
316687,90096,0,89696,0
316737,90108,0,89702,0
316788,90117,0,89723,0
316838,90132,0,89736,1
316888,90141,0,89764,1
316938,90154,0,89768,0
316990,90172,0,89783,1
317041,90183,0,89801,1
317091,90200,0,89813,1
317141,90212,0,89830,1
317191,90230,0,89846,1
317242,90252,0,89857,0
317292,90268,0,89871,2
317346,90285,0,89884,1
317396,90298,0,89896,0
317446,90309,0,89911,1
317501,90317,0,89929,0
317551,90334,0,89932,3
317601,90343,0,89945,2
317651,90357,0,89961,1
317705,90373,0,89981,1
317755,90386,0,89995,1
317805,90404,0,90004,1
317857,90417,0,90025,1
317907,90436,0,90036,0
317957,90453,0,90052,1
318008,90472,0,90066,0
318066,90486,0,90093,1
318117,90502,0,90103,1
318169,90513,0,90118,1
318219,90521,0,90140,1
318271,90536,0,90152,0
318321,90548,0,90166,1
318375,90568,0,90180,1
318427,90577,0,90197,1
318478,90591,0,90214,1
318528,90607,0,90221,0
318582,90624,0,90233,1
318633,90640,0,90242,1
318683,90661,0,90246,2
318734,90678,0,90254,1
318788,90691,0,90263,1
318838,90707,0,90277,1
318889,90717,0,90300,1
318941,90728,0,90323,1
318991,90740,0,90332,0
319043,90751,0,90344,1
319095,90769,0,90344,1
319145,90784,0,90359,1
319197,90794,0,90373,1
319247,90814,0,90382,0
319302,90829,0,90400,1
319354,90849,0,90409,2
319405,90871,0,90420,1
319455,90883,0,90435,0
319506,90899,0,90451,0
319557,90910,0,90461,1
319608,90917,0,90490,0
319658,90933,0,90500,0
319708,90942,0,90511,1
319760,90954,0,90537,1
319812,90975,0,90540,0
319863,90986,0,90553,0
319913,91000,0,90572,1
319964,91018,0,90588,0
320015,91037,0,90610,1
320066,91050,0,90624,1
320121,91072,0,90641,0
320171,91085,0,90655,0
320225,91102,0,90660,1
320280,91114,0,90671,0
320339,91123,0,90685,1
320392,91139,0,90696,1
320442,91150,0,90715,0
320492,91166,0,90728,4
320543,91179,0,90744,1
320594,91193,0,90761,0
320645,91210,0,90763,1
320695,91228,0,90774,0
320745,91242,0,90786,1
320798,91264,0,90801,1
320848,91281,0,90811,2
320898,91295,0,90826,1
320949,91308,0,90844,1
320999,91317,0,90862,0
321049,91326,0,90876,1
321100,91341,0,90896,1
321150,91352,0,90911,0
321200,91366,0,90923,1
321250,91383,0,90942,1
321302,91394,0,90961,0
321353,91411,0,90971,1
321403,91428,0,91002,0
321453,91444,0,91008,1
321503,91463,0,91012,2
321553,91480,0,91027,1
321604,91496,0,91034,0
321654,91509,0,91046,1
321704,91517,0,91062,0
321757,91526,0,91079,0
321807,91541,0,91086,0
321861,91554,0,91104,1
321915,91567,0,91116,1
321965,91586,0,91124,1
322015,91596,0,91129,1
322065,91613,0,91140,1
322117,91630,0,91143,1
322168,91646,0,91150,1
322223,91666,0,91150,1
322273,91685,0,91164,1
322324,91700,0,91180,1
322377,91713,0,91196,1
322427,91719,0,91219,1
322480,91731,0,91237,1
322534,91747,0,91251,1
322585,91757,0,91269,0
322635,91773,0,91280,0
322686,91789,0,91288,0
322739,91803,0,91308,0
322793,91825,0,91326,1
322843,91839,0,91336,1
322895,91853,0,91349,1
322945,91876,0,91352,2
322995,91891,0,91366,2
323045,91903,0,91376,0
323096,91916,0,91391,1
323149,91924,0,91417,1
323207,91937,0,91425,1
323258,91952,0,91439,1
323308,91964,0,91453,1
323359,91980,0,91472,1
323412,91995,0,91482,1
323463,92012,0,91494,1
323514,92028,0,91512,0
323564,92044,0,91522,1
323614,92061,0,91531,3
323666,92083,0,91538,1
323716,92098,0,91553,2
323766,92108,0,91561,1
323816,92117,0,91582,0
323866,92127,0,91606,0
323917,92140,0,91620,1
323967,92154,0,91630,0
324017,92167,0,91685,0
324067,92185,0,91712,3
324118,92195,0,91722,0
324168,92213,0,91740,1
324218,92229,0,91761,0
324269,92245,0,91780,1
324321,92263,0,91792,1
324371,92284,0,91804,1
324424,92298,0,91835,0
324475,92311,0,91859,1
324526,92318,0,91888,0
324576,92329,0,91904,1
324627,92343,0,91921,1
324678,92356,0,91934,0
324730,92369,0,91941,1
324780,92387,0,91948,1
324830,92400,0,91964,1
324880,92417,0,91967,1
324930,92432,0,91987,1
324986,92448,0,92006,1
325036,92465,0,92009,1
325090,92487,0,92028,1
325140,92502,0,92036,1
325191,92515,0,92049,1
325242,92523,0,92069,1
325293,92531,0,92087,1
325344,92547,0,92095,0
325396,92558,0,92109,1
325447,92575,0,92127,1
325497,92590,0,92135,0
325547,92601,0,92146,1
325597,92621,0,92153,1
325649,92639,0,92162,1
325699,92650,0,92171,0
325749,92670,0,92187,1
325799,92688,0,92195,0
325850,92703,0,92207,0
325901,92716,0,92233,1
325951,92723,0,92260,0
326001,92732,0,92275,1
326051,92748,0,92288,0
326105,92759,0,92295,1
326157,92776,0,92308,0
326208,92792,0,92327,1
326258,92804,0,92342,1
326308,92823,0,92349,1
326358,92841,0,92360,1
326408,92853,0,92372,1
326459,92873,0,92384,1
326509,92891,0,92389,1
326559,92904,0,92401,0
326609,92917,0,92423,0
326661,92925,0,92441,1
326712,92935,0,92456,1
326765,92950,0,92475,1
326815,92963,0,92491,0
326867,92977,0,92497,1
326920,92995,0,92508,1
326970,93009,0,92519,1
327021,93028,0,92531,1
327072,93044,0,92549,1
327122,93058,0,92561,1
327172,93076,0,92566,1
327223,93093,0,92570,0
327274,93108,0,92584,1
327324,93117,0,92603,0
327376,93127,0,92619,1
327428,93140,0,92638,1
327478,93154,0,92650,0
327532,93166,0,92672,1
327584,93183,0,92735,1
327635,93199,0,92746,1
327685,93213,0,92769,0
327735,93231,0,92773,1
327786,93245,0,92773,1
327837,93261,0,92786,0
327887,93280,0,92797,1
327938,93296,0,92806,1
327990,93312,0,92820,0
328040,93320,0,92841,0
328094,93330,0,92853,1
328144,93346,0,92864,0
328194,93356,0,92883,1
328244,93369,0,92902,1
328295,93385,0,92918,1
328348,93400,0,92932,0
328401,93416,0,92943,1
328452,93435,0,92954,1
328505,93450,0,92979,1
328559,93465,0,92989,1
328615,93485,0,93009,1
328666,93504,0,93014,1
328716,93517,0,93027,1
328766,93525,0,93042,0
328816,93535,0,93063,1
328867,93550,0,93071,1
328917,93563,0,93086,1
328970,93574,0,93110,1
329020,93594,0,93117,0
329070,93605,0,93132,1
329120,93625,0,93134,4
329175,93637,0,93140,1
329226,93655,0,93159,1
329279,93675,0,93169,1
329332,93688,0,93196,1
329385,93709,0,93216,1
329435,93718,0,93239,1
329485,93729,0,93258,1
329536,93739,0,93278,1
329587,93754,0,93295,1
329641,93766,0,93306,1
329693,93784,0,93321,1
329749,93798,0,93339,1
329799,93815,0,93347,1
329849,93832,0,93356,1
329900,93847,0,93372,1
329952,93860,0,93381,1
330008,93883,0,93388,0
330059,93897,0,93394,1
330111,93915,0,93401,0
330162,93921,0,93427,1
330216,93933,0,93442,1
330267,93950,0,93460,1
330319,93962,0,93472,1
330376,93974,0,93489,1
330429,93995,0,93494,0
330484,94006,0,93504,1
330535,94026,0,93523,1
330585,94038,0,93540,0
330635,94056,0,93561,0
330689,94072,0,93567,1
330741,94090,0,93578,1
330793,94110,0,93590,0
330849,94120,0,93613,0
330899,94130,0,93631,1
330952,94142,0,93656,1
331002,94157,0,93667,0
331054,94170,0,93693,1
331105,94185,0,93719,1
331155,94200,0,93735,0
331206,94213,0,93749,1
331257,94232,0,93758,1
331309,94249,0,93777,1
331360,94263,0,93835,1
331413,94282,0,93850,1
331463,94297,0,93855,1
331514,94316,0,93877,1
331564,94320,0,93912,0
331615,94332,0,93934,0
331668,94346,0,93944,1
331720,94362,0,93967,1
331770,94373,0,93988,2
331823,94390,0,93997,1
331876,94403,0,94014,1
331943,94420,0,94024,1
331996,94435,0,94024,1
332046,94457,0,94031,0
332096,94476,0,94040,1
332146,94491,0,94056,1
332197,94508,0,94070,1
332247,94520,0,94083,0
332298,94529,0,94106,0
332348,94539,0,94129,0
332398,94555,0,94138,1
332448,94567,0,94154,1
332499,94576,0,94162,1
332549,94597,0,94162,1
332603,94610,0,94171,1
332653,94623,0,94188,0
332704,94636,0,94207,1
332754,94656,0,94207,1
332806,94678,0,94218,1
332859,94694,0,94228,1
332911,94713,0,94233,1
332963,94720,0,94247,0
333013,94732,0,94267,1
333068,94745,0,94289,1
333118,94760,0,94300,1
333169,94771,0,94305,0
333219,94785,0,94319,1
333269,94802,0,94333,1
333320,94816,0,94347,1
333371,94827,0,94364,0
333423,94841,0,94378,1
333474,94862,0,94399,1
333526,94886,0,94404,1
333578,94900,0,94422,1
333628,94913,0,94426,2
333678,94923,0,94448,0
333728,94935,0,94474,0
333778,94948,0,94484,0
333828,94963,0,94505,1
333878,94973,0,94528,1
333928,94991,0,94543,2
333978,95002,0,94559,0
334028,95017,0,94566,0
334080,95028,0,94579,1
334130,95042,0,94589,1
334180,95064,0,94594,0
334232,95086,0,94599,0
334284,95100,0,94613,1
334334,95114,0,94625,1
334385,95124,0,94645,1
334436,95136,0,94663,0
334487,95148,0,94676,1
334537,95163,0,94690,0
334590,95175,0,94717,1
334641,95193,0,94720,2
334696,95203,0,94732,1
334746,95220,0,94746,1
334797,95232,0,94756,1
334849,95251,0,94767,1
334902,95269,0,94779,1
334952,95289,0,94785,1
335005,95301,0,94806,1
335055,95320,0,94818,0
335106,95330,0,94835,0
335156,95340,0,94862,0
335207,95356,0,94876,0
335257,95368,0,94885,2
335308,95377,0,94911,0
335360,95399,0,94921,1
335410,95405,0,94941,1
335460,95422,0,94944,1
335512,95436,0,94966,0
335568,95454,0,94987,1
335618,95475,0,94989,1
335668,95495,0,94996,0
335721,95503,0,95023,1
335771,95520,0,95036,0
335824,95533,0,95069,0
335879,95546,0,95100,0
335931,95561,0,95112,1
335981,95572,0,95125,1
336032,95584,0,95141,1
336084,95602,0,95150,0
336134,95616,0,95164,1
336189,95629,0,95190,1
336242,95646,0,95206,1
336294,95665,0,95210,1
336349,95685,0,95223,1
336399,95700,0,95236,0
336451,95718,0,95251,1
336501,95727,0,95269,1
336557,95738,0,95285,1
336609,95750,0,95306,1
336660,95768,0,95311,1
336714,95778,0,95316,1
336766,95796,0,95327,1
336816,95807,0,95350,0
336867,95823,0,95373,1
336919,95838,0,95396,0
336970,95854,0,95401,1
337020,95872,0,95406,2
337078,95896,0,95419,1
337128,95906,0,95432,2
337185,95923,0,95494,1
337235,95935,0,95508,0
337288,95947,0,95524,1
337339,95961,0,95543,0
337391,95972,0,95555,1
337441,95986,0,95564,2
337493,96002,0,95575,0
337543,96017,0,95600,1
337594,96030,0,95616,1
337644,96043,0,95629,1
337696,96061,0,95634,1
337752,96083,0,95643,1
337802,96100,0,95670,0
337852,96112,0,95682,1
337902,96126,0,95700,0
337952,96137,0,95724,0
338002,96148,0,95732,1
338054,96164,0,95743,1
338106,96175,0,95762,1
338157,96191,0,95771,1
338207,96203,0,95800,0
338259,96221,0,95811,1
338309,96234,0,95827,1
338360,96250,0,95838,1
338410,96268,0,95903,4
338460,96286,0,95917,2
338510,96301,0,95928,1
338560,96315,0,95940,1
338613,96327,0,95951,1
338664,96338,0,95975,1
338719,96350,0,95988,1
338771,96368,0,95991,0
338823,96380,0,96011,1
338873,96396,0,96022,0
338926,96408,0,96042,1
338978,96424,0,96057,0
339028,96439,0,96067,1
339078,96453,0,96086,1
339130,96474,0,96095,1
339185,96496,0,96103,1
339235,96506,0,96111,1
339288,96523,0,96116,1
339338,96535,0,96131,1
339389,96546,0,96146,2
339440,96554,0,96161,1
339491,96571,0,96176,0
339545,96581,0,96189,1
339596,96602,0,96196,0
339647,96614,0,96211,0
339699,96630,0,96231,0
339750,96643,0,96252,0
339802,96661,0,96257,1
339854,96682,0,96260,0
339906,96700,0,96278,0
339957,96712,0,96290,1
340007,96726,0,96307,0
340057,96737,0,96334,0
340109,96748,0,96353,0
340162,96762,0,96375,1
340213,96777,0,96393,0
340264,96789,0,96407,1
340314,96804,0,96425,1
340365,96821,0,96443,0
340415,96834,0,96451,0
340466,96850,0,96459,2
340517,96867,0,96466,1
340567,96887,0,96471,0
340617,96901,0,96493,1
340670,96916,0,96501,1
340721,96929,0,96526,1
340777,96939,0,96555,1
340828,96950,0,96575,0
340880,96967,0,96584,1
340930,96980,0,96606,0
340981,96994,0,96622,1
341031,97009,0,96632,1
341086,97024,0,96644,1
341136,97040,0,96657,2
341190,97052,0,96672,1
341240,97073,0,96681,1
341290,97096,0,96690,1
341340,97105,0,96706,0
341392,97122,0,96724,1
341442,97135,0,96743,0
341493,97144,0,96758,1
341543,97154,0,96775,1
341596,97171,0,96802,0
341646,97181,0,96816,1
341696,97200,0,96824,1
341746,97214,0,96841,0
341798,97227,0,96863,1
341849,97240,0,96885,0
341904,97255,0,96899,1
341954,97278,0,96901,3
342008,97300,0,96912,1
342063,97310,0,96938,1
342113,97326,0,96948,1
342164,97337,0,96962,0
342215,97349,0,96983,1
342265,97362,0,97004,0
342321,97375,0,97021,1
342372,97387,0,97038,1
342423,97405,0,97047,0
342474,97422,0,97055,1
342525,97434,0,97066,1
342577,97444,0,97079,1
342630,97460,0,97083,1
342680,97483,0,97083,1
342737,97504,0,97085,1
342788,97518,0,97089,0
342845,97532,0,97096,1
342898,97545,0,97109,1
342948,97554,0,97131,0
343000,97572,0,97133,1
343050,97581,0,97153,1
343100,97598,0,97169,2
343150,97613,0,97183,1
343200,97627,0,97193,1
343253,97641,0,97200,1
343303,97652,0,97215,3
343353,97673,0,97220,1
343403,97692,0,97224,1
343454,97706,0,97234,1
343506,97724,0,97241,1
343558,97737,0,97266,1
343608,97748,0,97286,1
343661,97757,0,97309,1
343713,97774,0,97327,1
343766,97785,0,97352,1
343817,97804,0,97359,1
343869,97816,0,97376,1
343919,97830,0,97390,0
343969,97842,0,97403,0
344021,97856,0,97414,1
344072,97878,0,97417,0
344124,97895,0,97418,1
344184,97910,0,97418,1
344234,97930,0,97424,1
344286,97940,0,97440,1
344340,97951,0,97454,1
344390,97968,0,97463,0
344441,97980,0,97477,2
344491,97991,0,97499,0
344541,98008,0,97515,0
344591,98022,0,97527,1
344641,98033,0,97536,1
344692,98047,0,97553,0
344742,98061,0,97563,2
344797,98080,0,97566,1
344849,98101,0,97573,1
344900,98117,0,97581,1
344958,98133,0,97590,1
345009,98147,0,97609,0
345061,98155,0,97632,1
345113,98173,0,97647,1
345165,98184,0,97673,0
345217,98201,0,97681,1
345267,98215,0,97690,0
345317,98230,0,97705,2
345367,98242,0,97715,1
345421,98255,0,97736,1
345474,98270,0,97754,1
345525,98289,0,97758,1
345575,98307,0,97766,0
345625,98323,0,97780,1
345675,98337,0,97796,0
345726,98349,0,97813,0
345776,98360,0,97831,2
345827,98374,0,97844,0
345877,98385,0,97859,0
345927,98405,0,97869,2
345978,98417,0,97879,0
346029,98430,0,97885,0
346082,98443,0,97902,1
346144,98458,0,97915,1
346197,98477,0,97925,1
346251,98497,0,97938,1
346301,98517,0,97945,1
346351,98532,0,97959,1
346404,98542,0,97985,1
346455,98553,0,98000,0
346506,98571,0,98016,1
346556,98581,0,98039,2
346606,98598,0,98046,2
346656,98609,0,98058,0
346707,98623,0,98141,1
346757,98637,0,98150,1
346808,98648,0,98167,1
346864,98664,0,98191,1
346915,98679,0,98196,1
346968,98701,0,98198,1
347018,98720,0,98214,1
347068,98736,0,98224,1
347124,98746,0,98248,1
347174,98757,0,98265,0
347224,98774,0,98272,0
347275,98785,0,98293,1
347326,98800,0,98307,0
347378,98814,0,98314,1
347441,98829,0,98324,1
347493,98844,0,98334,0
347546,98858,0,98344,1
347597,98872,0,98354,1
347647,98894,0,98361,2
347698,98911,0,98385,0
347750,98928,0,98404,1
347801,98941,0,98429,0
347852,98952,0,98443,1
347904,98968,0,98465,1
347954,98978,0,98473,0
348007,98993,0,98493,0
348058,99009,0,98506,0
348110,99020,0,98528,1
348161,99035,0,98546,1
348213,99048,0,98558,1
348266,99063,0,98575,0
348316,99076,0,98590,1
348366,99098,0,98594,1
348416,99118,0,98600,1
348468,99133,0,98611,1
348518,99143,0,98618,1
348570,99155,0,98631,0
348620,99171,0,98644,1
348670,99183,0,98658,2
348720,99198,0,98667,1
348776,99212,0,98678,0
348826,99227,0,98705,2
348876,99241,0,98722,1
348928,99252,0,98749,1
348980,99266,0,98809,1
349031,99281,0,98819,1
349082,99299,0,98824,1
349132,99318,0,98824,1
349183,99338,0,98832,1
349234,99346,0,98855,0
349284,99359,0,98869,2
349334,99374,0,98892,0
349385,99385,0,98910,0
349436,99401,0,98922,1
349489,99416,0,98944,1
349539,99428,0,98963,0
349591,99444,0,98978,1
349644,99454,0,98992,1
349694,99470,0,98999,2
349744,99484,0,99016,0
349794,99502,0,99023,0
349844,99521,0,99033,2
349897,99538,0,99049,0
349947,99551,0,99059,1
349997,99562,0,99072,0
350053,99577,0,99097,1
350107,99590,0,99113,1
350159,99609,0,99131,0
350209,99619,0,99208,0
350259,99633,0,99220,0
350309,99646,0,99240,1
350359,99658,0,99254,0
350410,99672,0,99277,0
350460,99689,0,99295,1
350512,99708,0,99314,1
350563,99729,0,99316,1
350617,99742,0,99332,0
350667,99754,0,99342,0
350718,99767,0,99349,1
350769,99781,0,99365,1
350820,99794,0,99382,1
350872,99810,0,99398,1
350922,99821,0,99417,0
350973,99837,0,99441,1
351027,99849,0,99463,1
351078,99865,0,99480,1
351128,99875,0,99509,0
351178,99895,0,99518,1
351232,99913,0,99572,1
351283,99935,0,99581,0
351334,99944,0,99598,2
351388,99957,0,99614,1
351438,99974,0,99641,0
351488,99985,0,99669,0
351538,99999,0,99680,1
351589,100015,0,99695,0
351641,100028,0,99718,0
351692,100042,0,99734,1
351742,100053,0,99750,0
351792,100067,0,99769,0
351842,100082,0,99782,1
351894,100098,0,99801,1
351944,100115,0,99809,0
351994,100138,0,99822,1
352044,100148,0,99833,0
352095,100160,0,99850,1
352146,100176,0,99857,1
352200,100187,0,99874,0
352253,100201,0,99889,1
352303,100218,0,99893,1
352355,100229,0,99917,0
352408,100244,0,99929,0
352462,100258,0,99949,0
352514,100270,0,99963,1
352565,100289,0,99982,0
352616,100307,0,99990,1
352666,100323,0,100004,2
352716,100342,0,100015,0
352767,100351,0,100038,0
352817,100366,0,100053,1
352867,100379,0,100069,0
352918,100392,0,100090,1
352968,100404,0,100103,2
353018,100420,0,100121,1
353072,100432,0,100141,1
353122,100447,0,100159,1
353172,100459,0,100175,0
353222,100473,0,100194,1
353272,100492,0,100198,1
353324,100508,0,100210,1
353376,100523,0,100217,1
353429,100542,0,100236,0
353479,100554,0,100258,0
353532,100568,0,100274,1
353586,100582,0,100281,1
353641,100597,0,100288,1
353691,100613,0,100299,2
353743,100627,0,100310,1
353799,100640,0,100316,1
353852,100652,0,100329,1
353902,100668,0,100339,1
353955,100682,0,100355,1
354005,100700,0,100360,0
354061,100717,0,100373,1
354113,100737,0,100377,1
354167,100751,0,100402,0
354218,100763,0,100412,1
354268,100779,0,100428,1
354318,100791,0,100450,1
354368,100802,0,100467,1
354418,100819,0,100476,0
354468,100829,0,100489,0
354518,100846,0,100504,0
354568,100859,0,100523,0
354618,100870,0,100527,1
354668,100885,0,100536,1
354718,100904,0,100545,1
354771,100918,0,100553,1
354821,100939,0,100569,1
354871,100952,0,100598,1
354921,100966,0,100618,2
354971,100977,0,100643,1
355023,100991,0,100663,1
355073,101003,0,100681,0
355124,101019,0,100700,0
355176,101032,0,100719,1
355226,101047,0,100730,0
355276,101060,0,100747,0
355331,101071,0,100758,1
355381,101089,0,100766,1
355436,101109,0,100767,1
355500,101124,0,100779,1
355550,101145,0,100794,0
355600,101156,0,100815,0
355654,101173,0,100833,1
355705,101187,0,100849,1
355756,101200,0,100862,1
355808,101212,0,100871,1
355858,101228,0,100880,1
355909,101242,0,100893,1
355959,101255,0,100908,0
356009,101268,0,100921,1
356060,101281,0,100933,0
356110,101299,0,100940,1
356160,101315,0,100944,1
356210,101329,0,100955,2
356260,101348,0,100966,0
356312,101358,0,100980,1
356363,101374,0,100989,0
356413,101389,0,101002,0
356463,101401,0,101020,0
356518,101413,0,101041,1
356568,101429,0,101099,0
356619,101444,0,101121,0
356670,101456,0,101145,0
356721,101469,0,101161,0
356771,101484,0,101173,0
356821,101504,0,101183,1
356873,101518,0,101203,1
356924,101529,0,101205,1
356975,101552,0,101205,1
357025,101561,0,101221,1
357076,101576,0,101231,1
357126,101591,0,101251,1
357178,101603,0,101259,1
357229,101617,0,101277,1
357279,101632,0,101290,1
357330,101645,0,101306,1
357382,101660,0,101320,1
357433,101670,0,101332,1
357488,101687,0,101345,1
357539,101706,0,101360,0
357590,101720,0,101375,0
357640,101735,0,101389,1
357690,101755,0,101396,0
357743,101767,0,101414,1
357800,101782,0,101430,1
357852,101794,0,101438,1
357902,101809,0,101446,0
357953,101827,0,101464,2
358003,101836,0,101477,1
358053,101851,0,101489,0
358104,101863,0,101505,0
358156,101880,0,101524,1
358211,101894,0,101545,1
358261,101911,0,101555,1
358313,101924,0,101574,1
358368,101946,0,101583,1
358421,101958,0,101607,1
358471,101974,0,101664,0
358521,101989,0,101670,0
358571,102000,0,101689,1
358621,102013,0,101701,1
358671,102030,0,101724,0
358723,102041,0,101743,1
358773,102056,0,101750,1
358826,102069,0,101769,0
358876,102085,0,101783,0
358927,102102,0,101804,1
358977,102116,0,101814,1
359027,102128,0,101823,2
359077,102150,0,101828,1
359130,102158,0,101844,1
359181,102175,0,101849,0
359231,102191,0,101864,2
359282,102202,0,101877,0
359332,102216,0,101905,0
359382,102232,0,101918,0
359432,102243,0,101937,1
359482,102258,0,101947,1
359535,102269,0,101960,0
359585,102286,0,101977,1
359635,102304,0,101984,2
359685,102317,0,102004,0
359735,102329,0,102019,1
359786,102347,0,102019,1
359838,102359,0,102044,1
359888,102377,0,102057,1
359945,102392,0,102081,0
359995,102403,0,102090,0
360047,102422,0,102114,1
360097,102434,0,102134,0
360147,102448,0,102149,1
360199,102460,0,102159,1
360249,102474,0,102171,1
360299,102487,0,102181,1
360353,102507,0,102189,1
360405,102522,0,102200,1
360456,102534,0,102206,1
360507,102554,0,102222,1
360563,102564,0,102237,1
360613,102583,0,102250,0
360663,102595,0,102269,1
360714,102607,0,102287,1
360764,102627,0,102304,0
360816,102638,0,102317,1
360866,102651,0,102330,0
360917,102664,0,102341,1
360967,102678,0,102359,1
361017,102695,0,102373,2
361071,102710,0,102385,1
361125,102724,0,102392,0
361175,102742,0,102402,2
361225,102757,0,102415,2
361275,102769,0,102427,1
361326,102788,0,102435,1
361376,102799,0,102456,1
361426,102814,0,102466,1
361476,102830,0,102486,0
361529,102840,0,102505,1
361579,102854,0,102516,0
361632,102867,0,102533,1
361685,102885,0,102537,1
361735,102900,0,102561,2
361786,102917,0,102575,1
361836,102926,0,102599,1
361893,102947,0,102613,1
361944,102958,0,102634,0
361995,102976,0,102659,1
362045,102992,0,102678,1
362099,103003,0,102694,1
362149,103018,0,102699,2
362199,103034,0,102714,0
362249,103047,0,102735,1
362299,103059,0,102751,1
362353,103072,0,102760,1
362404,103089,0,102774,2
362456,103107,0,102786,1
362506,103119,0,102800,0
362557,103133,0,102823,1
362607,103153,0,102838,0
362658,103162,0,102858,1
362708,103178,0,102877,1
362760,103193,0,102890,0
362811,103205,0,102900,1
362864,103218,0,102916,1
362916,103235,0,102916,1
362967,103250,0,102928,1
363019,103262,0,102952,1
363069,103277,0,102964,1
363119,103294,0,103028,1
363171,103309,0,103040,0
363221,103322,0,103064,0
363271,103336,0,103084,2
363321,103354,0,103100,0
363372,103365,0,103109,1
363426,103379,0,103122,1
363478,103397,0,103130,1
363529,103407,0,103147,1
363579,103421,0,103155,0
363629,103438,0,103172,1
363679,103454,0,103189,0
363729,103463,0,103213,1
363779,103482,0,103219,2
363829,103495,0,103227,1
363879,103511,0,103240,1
363930,103524,0,103258,1
363981,103538,0,103269,1
364031,103556,0,103277,1
364081,103569,0,103294,0
364134,103579,0,103308,1
364184,103599,0,103312,1
364234,103608,0,103331,1
364288,103623,0,103345,1
364340,103640,0,103353,1
364391,103656,0,103371,1
364441,103667,0,103386,1
364493,103685,0,103393,1
364543,103700,0,103405,1
364593,103715,0,103416,1
364647,103726,0,103426,1
364698,103740,0,103428,1
364749,103758,0,103439,0
364799,103776,0,103455,1
364849,103784,0,103476,2
364899,103800,0,103487,1
364950,103814,0,103506,1
365001,103827,0,103518,1
365051,103846,0,103530,5
365102,103858,0,103542,1
365153,103870,0,103568,1
365204,103886,0,103583,0
365255,103903,0,103598,1
365305,103917,0,103608,1
365358,103931,0,103621,1
365408,103947,0,103629,2
365458,103959,0,103644,0
365508,103976,0,103655,0
365560,103985,0,103666,1
365610,104002,0,103676,1
365663,104017,0,103693,1
365713,104033,0,103712,2
365763,104047,0,103726,2
365813,104060,0,103738,1
365866,104071,0,103751,0
365922,104088,0,103763,1
365972,104108,0,103776,1
366022,104121,0,103794,1
366076,104135,0,103806,1
366126,104151,0,103830,1
366176,104163,0,103849,1
366226,104178,0,103863,0
366284,104195,0,103876,1
366335,104206,0,103894,0
366386,104221,0,103906,1
366436,104238,0,103924,1
366488,104251,0,103938,1
366538,104266,0,103951,1
366588,104281,0,103968,1
366638,104296,0,103974,2
366688,104312,0,103989,1
366738,104324,0,104001,0
366788,104337,0,104015,0
366839,104353,0,104029,1
366889,104367,0,104044,2
366941,104380,0,104058,1
366992,104396,0,104076,2
367042,104408,0,104136,1
367093,104422,0,104145,0
367143,104438,0,104159,0
367194,104455,0,104168,1
367244,104467,0,104188,1
367296,104483,0,104208,0
367350,104498,0,104208,1
367407,104515,0,104226,1
367461,104529,0,104233,1
367516,104541,0,104244,1
367567,104560,0,104251,1
367617,104576,0,104269,0
367668,104586,0,104293,0
367718,104603,0,104301,1
367769,104616,0,104314,2
367819,104632,0,104327,1
367870,104646,0,104343,1
367920,104659,0,104363,0
367970,104671,0,104375,1
368023,104687,0,104387,1
368075,104707,0,104392,1
368125,104721,0,104400,1
368175,104733,0,104423,1
368232,104743,0,104437,1
368286,104763,0,104441,1
368336,104778,0,104450,0
368386,104790,0,104466,1
368441,104807,0,104474,1
368493,104822,0,104490,1
368545,104839,0,104504,1
368597,104853,0,104520,1
368647,104867,0,104528,1
368697,104882,0,104541,3
368747,104893,0,104558,2
368798,104913,0,104566,1
368849,104925,0,104580,1
368899,104936,0,104600,1
368949,104951,0,104607,1
369003,104967,0,104618,1
369053,104981,0,104642,0
369104,104991,0,104649,1
369154,105009,0,104659,1
369205,105024,0,104685,1
369255,105041,0,104705,0
369305,105055,0,104713,3
369355,105068,0,104732,0
369409,105082,0,104739,1
369459,105097,0,104756,0
369509,105115,0,104766,1
369560,105128,0,104778,1
369611,105138,0,104794,1
369661,105156,0,104808,1
369712,105172,0,104825,1
369762,105182,0,104845,1
369814,105192,0,104855,1
369864,105210,0,104865,0
369916,105230,0,104876,1
369966,105244,0,104889,1
370020,105259,0,104905,0
370071,105271,0,104926,1
370126,105286,0,104942,1
370176,105303,0,104957,1
370226,105319,0,105026,2
370279,105333,0,105036,1
370331,105342,0,105054,0
370381,105360,0,105057,1
370431,105378,0,105070,0
370482,105385,0,105086,0
370532,105398,0,105113,2
370583,105417,0,105121,1
370634,105434,0,105139,0
370685,105448,0,105148,1
370736,105463,0,105162,1
370787,105472,0,105188,0
370839,105488,0,105203,1
370893,105510,0,105208,1
370943,105522,0,105225,0
370993,105533,0,105246,0
371046,105544,0,105259,1
371097,105565,0,105263,1
371148,105579,0,105270,0
371198,105588,0,105294,0
371248,105605,0,105306,1
371299,105622,0,105311,0
371352,105639,0,105325,1
371402,105651,0,105338,0
371452,105664,0,105357,1
371504,105675,0,105375,1
371554,105692,0,105392,1
371604,105714,0,105409,1
371654,105724,0,105429,1
371704,105736,0,105447,0
371757,105746,0,105463,1
371807,105766,0,105472,0
371858,105780,0,105487,0
371908,105790,0,105505,0
371959,105807,0,105521,1
372010,105824,0,105538,1
372060,105841,0,105545,2
372110,105853,0,105559,1
372161,105865,0,105566,1
372212,105878,0,105580,1
372266,105896,0,105590,1
372320,105916,0,105600,1
372370,105929,0,105620,1
372425,105938,0,105636,0
372475,105954,0,105642,1
372530,105973,0,105658,1
372580,105985,0,105677,1
372630,105995,0,105693,0
372680,106014,0,105710,1
372730,106030,0,105728,1
372781,106047,0,105737,1
372832,106061,0,105751,1
372882,106072,0,105771,0
372932,106086,0,105838,0
372984,106100,0,105849,1
373034,106118,0,105849,2
373087,106130,0,105857,0
373137,106141,0,105876,1
373188,106162,0,105883,1
373238,106175,0,105895,2
373289,106185,0,105915,1
373340,106197,0,105927,1
373390,106217,0,105938,2
373441,106232,0,105944,1
373492,106248,0,105954,0
373548,106263,0,105966,0
373598,106273,0,105991,1
373648,106289,0,106005,0
373700,106303,0,106012,1
373750,106320,0,106031,1
373800,106334,0,106038,1
373850,106344,0,106063,1
373901,106363,0,106080,0
373951,106379,0,106087,0
374003,106387,0,106109,0
374057,106402,0,106124,1
374107,106420,0,106131,1
374158,106439,0,106135,2
374212,106452,0,106145,1
374263,106464,0,106161,0
374313,106475,0,106182,1
374365,106492,0,106201,0
374420,106509,0,106223,1
374471,106526,0,106228,1
374521,106538,0,106243,0
374573,106549,0,106271,0
374624,106570,0,106277,0
374679,106582,0,106347,1
374730,106593,0,106364,1
374781,106611,0,106375,1
374831,106627,0,106396,0
374881,106644,0,106407,0
374936,106657,0,106423,1
374986,106671,0,106435,1
375040,106686,0,106446,1
375090,106700,0,106462,1
375140,106714,0,106479,3
375191,106730,0,106497,1
375243,106740,0,106511,1
375295,106753,0,106518,1
375347,106775,0,106530,1
375397,106785,0,106557,0
375447,106798,0,106565,2
375497,106819,0,106579,1
375548,106830,0,106593,1
375598,106850,0,106604,1
375648,106863,0,106625,0
375698,106872,0,106650,0
375749,106889,0,106665,1
375799,106902,0,106680,1
375849,106918,0,106685,1
375900,106933,0,106692,1
375955,106943,0,106707,1
376008,106957,0,106730,1
376058,106978,0,106745,1
376115,106987,0,106762,1
376165,107003,0,106774,1
376215,107022,0,106780,1
376265,107038,0,106798,1
376322,107053,0,106822,1
376377,107065,0,106836,1
376430,107079,0,106852,1
376480,107096,0,106862,0
376531,107108,0,106884,1
376582,107123,0,106900,1
376634,107138,0,106913,0
376684,107150,0,106925,1
376736,107171,0,106929,1
376786,107181,0,106943,0
376839,107193,0,106959,1
376891,107211,0,106976,1
376941,107228,0,106984,1
376991,107245,0,106993,1
377043,107258,0,107006,1
377095,107272,0,107016,1
377145,107286,0,107043,2
377195,107300,0,107054,0
377245,107311,0,107072,1
377298,107326,0,107082,1
377348,107340,0,107104,1
377398,107352,0,107110,1
377448,107374,0,107114,1
377500,107385,0,107138,0
377556,107397,0,107156,1
377606,107414,0,107176,0
377656,107432,0,107184,1
377706,107450,0,107196,1
377756,107460,0,107225,0
377806,107473,0,107244,0
377857,107489,0,107252,1
377907,107503,0,107267,1
377957,107516,0,107287,2
378007,107533,0,107301,3
378058,107542,0,107332,1
378110,107556,0,107340,1
378160,107577,0,107347,1
378213,107586,0,107372,0
378263,107601,0,107393,1
378315,107615,0,107403,1
378365,107634,0,107408,1
378416,107651,0,107421,1
378471,107664,0,107433,1
378521,107674,0,107456,1
378572,107693,0,107472,1
378622,107704,0,107501,0
378673,107720,0,107519,0
378725,107737,0,107539,0
378779,107746,0,107558,1
378831,107763,0,107568,2
378884,107781,0,107575,0
378937,107792,0,107589,1
378989,107806,0,107607,0
379041,107825,0,107626,0
379091,107844,0,107649,2
379141,107856,0,107660,0
379192,107870,0,107677,1
379243,107880,0,107693,1
379296,107898,0,107696,1
379347,107910,0,107714,0
379397,107925,0,107733,1
379447,107939,0,107746,1
379498,107950,0,107760,0
379549,107966,0,107771,1
379600,107983,0,107786,1
379652,107996,0,107806,0
379702,108008,0,107815,1
379752,108027,0,107825,1
379804,108048,0,107845,1
379855,108059,0,107860,0
379907,108072,0,107877,1
379959,108083,0,107884,1
380014,108102,0,107895,1
380065,108117,0,107915,1
380115,108132,0,107929,2
380165,108144,0,107942,1
380216,108155,0,108004,1
380266,108176,0,108022,2
380317,108186,0,108030,1
380367,108199,0,108047,1
380418,108213,0,108055,2
380468,108234,0,108066,1
380520,108251,0,108086,1
380570,108263,0,108110,2
380620,108273,0,108135,0
380672,108288,0,108146,1
380722,108304,0,108161,0
380773,108320,0,108176,1
380824,108332,0,108188,2
380876,108345,0,108202,0
380926,108358,0,108212,2
380978,108378,0,108220,1
381028,108388,0,108237,0
381078,108403,0,108255,0
381130,108416,0,108275,1
381180,108438,0,108281,1
381231,108452,0,108296,1
381281,108464,0,108320,0
381332,108474,0,108348,1
381383,108492,0,108356,1
381437,108505,0,108374,1
381488,108522,0,108395,0
381539,108537,0,108408,0
381590,108546,0,108430,1
381642,108563,0,108453,1
381692,108581,0,108462,1
381742,108591,0,108476,0
381792,108606,0,108490,0
381842,108623,0,108504,3
381892,108641,0,108511,3
381946,108655,0,108523,1
382000,108666,0,108535,1
382052,108680,0,108565,0
382103,108699,0,108570,1
382155,108710,0,108585,1
382205,108724,0,108586,1
382256,108739,0,108603,0
382308,108750,0,108620,1
382358,108767,0,108636,0
382408,108783,0,108644,1
382458,108797,0,108656,2
382508,108807,0,108667,1
382561,108826,0,108675,1
382612,108846,0,108682,1
382663,108860,0,108703,1
382717,108872,0,108716,1
382767,108882,0,108738,0
382820,108896,0,108743,1
382872,108914,0,108761,1
382927,108928,0,108776,1
382982,108945,0,108796,0
383040,108958,0,108858,1
383090,108977,0,108876,0
383144,108991,0,108884,1
383197,109006,0,108900,1
383247,109021,0,108907,1
383298,109040,0,108920,1
383348,109055,0,108943,1
383403,109066,0,108966,1
383453,109080,0,108977,4
383503,109090,0,109000,1
383553,109109,0,109013,0
383607,109123,0,109034,1
383657,109139,0,109048,1
383707,109149,0,109070,2
383757,109165,0,109084,2
383808,109183,0,109093,1
383858,109192,0,109102,1
383908,109206,0,109110,0
383958,109224,0,109120,0
384008,109244,0,109133,0
384060,109257,0,109145,1
384112,109269,0,109164,0
384166,109281,0,109179,0
384217,109295,0,109201,1
384268,109311,0,109212,1
384318,109327,0,109225,2
384369,109343,0,109235,1
384420,109352,0,109256,1
384470,109366,0,109257,1
384522,109382,0,109257,1
384576,109398,0,109271,1
384628,109411,0,109283,0
384678,109431,0,109284,3
384730,109451,0,109293,1
384780,109461,0,109315,0
384830,109473,0,109331,1
384880,109483,0,109345,0
384933,109499,0,109360,1
384986,109517,0,109373,1
385041,109529,0,109383,1
385091,109545,0,109405,0
385143,109556,0,109423,0
385193,109576,0,109438,1
385244,109589,0,109454,1
385295,109604,0,109465,1
385345,109616,0,109483,0
385395,109633,0,109485,2
385451,109655,0,109486,1
385501,109665,0,109505,0
385551,109677,0,109524,1
385601,109687,0,109546,1
385651,109705,0,109556,1
385702,109718,0,109571,0
385752,109737,0,109577,2
385805,109747,0,109597,1
385856,109757,0,109615,0
385906,109777,0,109623,0
385956,109791,0,109634,0
386006,109806,0,109644,0
386060,109818,0,109672,1
386112,109839,0,109683,1
386162,109856,0,109693,0
386212,109867,0,109704,1
386262,109879,0,109720,1
386318,109891,0,109745,1
386371,109911,0,109764,1
386422,109921,0,109781,1
386475,109940,0,109791,1
386526,109952,0,109802,0
386576,109961,0,109826,1
386627,109982,0,109843,1
386681,109998,0,109867,1
386731,110011,0,109882,2
386781,110026,0,109902,1
386834,110044,0,109911,1
386888,110061,0,109927,1
386941,110074,0,109942,1
386991,110085,0,109962,0
387044,110100,0,109973,1
387098,110117,0,109993,0
387148,110130,0,109999,1
387200,110145,0,110059,0
387250,110156,0,110071,2
387300,110169,0,110084,1
387356,110189,0,110095,1
387408,110205,0,110108,1
387460,110218,0,110119,1
387512,110238,0,110130,1
387564,110253,0,110136,1
387615,110267,0,110152,1
387665,110279,0,110169,1
387717,110289,0,110183,1
387768,110307,0,110194,1
387820,110320,0,110211,1
387870,110338,0,110225,1
387920,110350,0,110240,0
387970,110357,0,110263,0
388020,110378,0,110273,0
388070,110394,0,110291,1
388120,110408,0,110308,1
388171,110419,0,110327,1
388222,110439,0,110330,1
388272,110455,0,110342,1
388322,110469,0,110357,0
388372,110480,0,110377,0
388424,110492,0,110398,1
388476,110510,0,110411,1
388527,110521,0,110430,1
388579,110540,0,110431,1
388629,110551,0,110450,0
388680,110559,0,110521,0
388732,110580,0,110525,1
388782,110598,0,110546,1
388833,110609,0,110562,0
388884,110621,0,110581,1
388934,110643,0,110587,1
388984,110660,0,110596,1
389037,110670,0,110618,1
389088,110683,0,110628,0
389138,110696,0,110649,1
389188,110712,0,110652,1
389242,110726,0,110673,1
389293,110743,0,110686,1
389344,110753,0,110705,0
389394,110765,0,110716,1
389444,110784,0,110736,1
389496,110798,0,110749,0
389547,110813,0,110768,1
389597,110825,0,110779,2
389647,110849,0,110780,4
389701,110863,0,110797,1
389752,110874,0,110813,0
389802,110886,0,110829,1
389852,110901,0,110846,1
389902,110917,0,110866,1
389952,110927,0,110880,1
390002,110944,0,110881,2
390058,110955,0,110900,1
390108,110968,0,110911,1
390163,110989,0,110916,1
390218,111001,0,110923,1
390268,111018,0,110934,1
390320,111032,0,110943,1
390370,111054,0,110949,1
390420,111067,0,110969,0
390470,111079,0,110989,0
390520,111087,0,110998,1
390572,111107,0,111008,1
390624,111120,0,111025,1
390675,111134,0,111044,1
390729,111150,0,111063,0
390779,111159,0,111085,1
390833,111176,0,111093,1
390884,111194,0,111101,1
390935,111207,0,111122,1
390985,111221,0,111141,1
391035,111236,0,111156,0
391085,111257,0,111159,1
391136,111269,0,111169,0
391186,111282,0,111180,0
391236,111294,0,111193,0
391287,111310,0,111208,1
391338,111323,0,111227,1
391388,111339,0,111236,1
391443,111353,0,111248,1
391493,111361,0,111271,0
391543,111379,0,111280,1
391599,111396,0,111293,1
391653,111413,0,111306,1
391703,111427,0,111328,2
391758,111444,0,111345,1
391815,111463,0,111353,1
391865,111476,0,111368,2
391916,111486,0,111375,1
391967,111502,0,111384,1
392018,111518,0,111391,0
392069,111529,0,111414,1
392120,111547,0,111423,0
392170,111557,0,111439,1
392220,111568,0,111460,0
392272,111586,0,111473,1
392323,111601,0,111480,1
392373,111618,0,111489,0
392423,111630,0,111502,1
392474,111649,0,111506,1
392525,111664,0,111510,1
392577,111677,0,111517,1
392627,111687,0,111537,1
392677,111706,0,111544,1
392728,111720,0,111556,0
392779,111733,0,111581,1
392831,111750,0,111597,0
392888,111759,0,111623,1
392938,111775,0,111629,1
392991,111787,0,111634,1
393042,111806,0,111654,1
393092,111821,0,111674,1
393147,111835,0,111681,1
393197,111858,0,111685,1
393248,111870,0,111701,0
393299,111882,0,111718,1
393350,111896,0,111724,1
393401,111910,0,111737,1
393451,111924,0,111764,0
393503,111940,0,111771,0
393558,111954,0,111784,1
393609,111962,0,111805,1
393660,111982,0,111818,0
393712,111999,0,111833,0
393762,112013,0,111849,1
393812,112026,0,111871,1
393863,112042,0,111888,1
393919,112062,0,111898,0
393971,112076,0,111912,1
394026,112086,0,111929,0
394077,112105,0,111942,1
394129,112117,0,111951,1
394187,112131,0,111963,1
394238,112150,0,111964,0
394289,112158,0,111987,0
394339,112170,0,112005,1
394389,112186,0,112026,1
394440,112204,0,112036,1
394491,112220,0,112039,0
394541,112231,0,112054,1
394591,112255,0,112068,3
394642,112266,0,112085,1
394692,112281,0,112105,0
394743,112292,0,112126,0
394794,112309,0,112140,0
394844,112321,0,112157,1
394895,112335,0,112179,1
394948,112351,0,112189,1
394998,112361,0,112211,0
395048,112376,0,112231,5
395098,112388,0,112249,0
395150,112406,0,112265,1
395201,112423,0,112271,1
395251,112434,0,112278,1
395301,112457,0,112298,1
395353,112469,0,112309,1
395410,112483,0,112323,1
395461,112497,0,112341,1
395511,112510,0,112358,0
395563,112524,0,112367,1
395613,112540,0,112378,1
395663,112555,0,112395,1
395713,112563,0,112412,1
395766,112582,0,112426,1
395820,112594,0,112437,1
395871,112611,0,112446,1
395923,112627,0,112458,0
395977,112639,0,112464,1
396028,112662,0,112471,0
396086,112677,0,112491,1
396136,112689,0,112507,1
396187,112707,0,112567,1
396237,112717,0,112589,1
396287,112730,0,112600,0
396338,112747,0,112619,1
396392,112758,0,112635,0
396444,112770,0,112649,0
396495,112787,0,112665,1
396545,112802,0,112670,1
396603,112821,0,112691,1
396655,112834,0,112709,0
396706,112855,0,112723,1
396756,112868,0,112737,1
396809,112882,0,112753,0
396860,112895,0,112763,0
396911,112910,0,112789,0
396962,112922,0,112792,1
397016,112937,0,112803,1
397066,112955,0,112811,1
397116,112962,0,112831,1
397171,112982,0,112844,1
397221,112992,0,112858,1
397273,113010,0,112870,0
397323,113027,0,112877,1
397374,113037,0,112897,1
397426,113060,0,112904,1
397476,113074,0,112918,2
397526,113085,0,112929,0
397577,113101,0,112938,1
397630,113112,0,112961,1
397681,113127,0,112977,1
397731,113141,0,112993,0
397785,113158,0,113001,1
397836,113167,0,113023,1
397887,113185,0,113031,1
397940,113197,0,113052,1
397991,113216,0,113058,1
398045,113230,0,113124,1
398095,113244,0,113142,1
398149,113263,0,113157,0
398199,113280,0,113170,1
398251,113290,0,113190,0
398305,113307,0,113193,1
398355,113318,0,113212,0
398406,113332,0,113228,1
398456,113350,0,113238,2
398507,113360,0,113255,1
398558,113372,0,113284,1
398610,113388,0,113295,1
398662,113402,0,113357,1
398714,113421,0,113362,0
398765,113434,0,113380,0
398815,113454,0,113396,1
398866,113469,0,113402,1
398916,113483,0,113414,0
398967,113494,0,113422,1
399017,113510,0,113485,0
399067,113520,0,113496,0
399120,113535,0,113506,1
399171,113554,0,113525,0
399221,113563,0,113548,1
399271,113578,0,113564,2
399321,113590,0,113590,0
399372,113603,0,113605,1
399422,113623,0,113618,0
399472,113636,0,113644,1
399522,113655,0,113647,5
399573,113669,0,113663,1
399628,113684,0,113678,1
399678,113695,0,113692,0
399730,113711,0,113701,0
399781,113725,0,113710,1
399835,113736,0,113720,1
399887,113757,0,113725,1
399937,113766,0,113758,0
399990,113784,0,113769,1
400042,113797,0,113787,1
400092,113809,0,113797,1
400142,113829,0,113805,0
400192,113841,0,113825,1
400245,113860,0,113834,1
400297,113877,0,113844,1
400348,113888,0,113865,1
400400,113899,0,113884,0
400450,113917,0,113944,1
400505,113930,0,113960,1
400556,113945,0,113965,1
400609,113959,0,113977,1
400659,113971,0,113999,0
400709,113987,0,114010,1
400764,114001,0,114018,1
400814,114020,0,114039,1
400866,114034,0,114060,1
400918,114046,0,114072,1
400968,114067,0,114073,2
401020,114083,0,114084,0
401070,114093,0,114105,1
401120,114107,0,114118,3
401170,114120,0,114130,1
401222,114133,0,114149,0
401275,114153,0,114159,1
401328,114163,0,114172,1
401378,114177,0,114184,2
401429,114191,0,114203,1
401479,114204,0,114220,2
401529,114223,0,114235,0
401584,114237,0,114252,1
401636,114252,0,114259,2
401687,114273,0,114274,1
401737,114286,0,114334,0
401787,114296,0,114350,1
401840,114313,0,114363,1
401890,114326,0,114380,1
401942,114336,0,114391,1
401993,114357,0,114406,1
402043,114367,0,114429,0
402093,114381,0,114439,0
402143,114393,0,114455,1
402194,114408,0,114465,1
402244,114427,0,114479,1
402297,114440,0,114501,1
402347,114454,0,114512,1
402397,114476,0,114530,1
402451,114488,0,114552,1
402508,114500,0,114561,1
402562,114517,0,114575,0
402612,114531,0,114591,2
402662,114544,0,114608,0
402714,114559,0,114626,1
402764,114571,0,114642,2
402814,114585,0,114653,1
402865,114598,0,114659,1
402917,114616,0,114669,1
402967,114634,0,114676,2
403020,114644,0,114698,1
403072,114665,0,114707,1
403123,114683,0,114715,0
403174,114691,0,114733,1
403224,114703,0,114744,1
403275,114720,0,114752,1
403329,114732,0,114775,1
403380,114753,0,114779,1
403432,114763,0,114797,1
403485,114776,0,114812,1
403535,114791,0,114823,1
403587,114802,0,114826,1
403637,114824,0,114839,1
403687,114836,0,114851,0
403740,114848,0,114864,1
403791,114871,0,114865,1
403841,114887,0,114873,1
403892,114896,0,114901,1
403942,114908,0,114921,1
403992,114926,0,114935,1
404043,114936,0,114953,1
404093,114955,0,114962,1
404143,114966,0,114984,2
404193,114978,0,114994,1
404248,114992,0,115013,1
404300,115004,0,115025,1
404352,115023,0,115025,1
404402,115041,0,115040,2
404452,115052,0,115055,1
404503,115075,0,115060,1
404553,115087,0,115071,0
404606,115097,0,115082,1
404657,115116,0,115089,3
404707,115128,0,115105,0
404758,115140,0,115118,0
404808,115158,0,115120,1
404859,115167,0,115137,0
404909,115182,0,115147,0
404965,115195,0,115168,1
405019,115210,0,115224,1
405071,115231,0,115229,1
405122,115244,0,115243,1
405173,115258,0,115254,1
405223,115279,0,115262,0
405276,115290,0,115279,0
405330,115302,0,115291,0
405382,115320,0,115299,1
405432,115331,0,115314,0
405483,115347,0,115321,1
405533,115361,0,115340,0
405583,115375,0,115342,2
405635,115390,0,115360,1
405687,115401,0,115387,1
405737,115413,0,115398,1
405787,115436,0,115410,0
405838,115446,0,115419,1
405888,115466,0,115432,2
405941,115481,0,115442,1
405995,115495,0,115460,1
406046,115507,0,115475,1
406097,115524,0,115487,1
406147,115535,0,115506,0
406197,115551,0,115510,1
406251,115564,0,115529,1
406301,115579,0,115539,1
406351,115592,0,115551,1
406401,115603,0,115560,1
406452,115616,0,115575,1
406505,115638,0,115580,1
406559,115651,0,115597,1
406614,115675,0,115601,1
406664,115688,0,115624,1
406717,115697,0,115643,0
406767,115717,0,115647,1
406819,115729,0,115656,1
406869,115740,0,115672,0
406921,115756,0,115682,1
406974,115770,0,115704,1
407026,115786,0,115719,1
407077,115796,0,115742,1
407127,115811,0,115752,1
407178,115828,0,115765,1
407230,115844,0,115779,1
407280,115857,0,115790,2
407330,115879,0,115797,0
407380,115890,0,115807,0
407434,115900,0,115817,1
407486,115917,0,115820,1
407536,115931,0,115835,0
407587,115943,0,115854,1
407637,115961,0,115873,1
407687,115972,0,115896,0
407738,115989,0,115897,1
407794,115998,0,115911,1
407844,116015,0,115926,0
407898,116033,0,115931,1
407948,116048,0,115933,1
408001,116063,0,115952,1
408053,116085,0,115965,1
408103,116096,0,115986,1
408154,116103,0,116007,0
408204,116120,0,116015,0
408255,116135,0,116030,0
408305,116150,0,116043,2
408355,116164,0,116067,1
408405,116179,0,116084,1
408455,116192,0,116104,0
408507,116203,0,116129,1
408558,116217,0,116145,1
408609,116234,0,116170,1
408661,116250,0,116190,0
408712,116267,0,116205,1
408763,116287,0,116219,0
408814,116296,0,116242,0
408864,116304,0,116261,0
408914,116324,0,116271,0
408965,116337,0,116283,1
409016,116353,0,116295,1
409066,116366,0,116311,1
409116,116381,0,116324,0
409166,116394,0,116347,0
409217,116405,0,116365,0
409269,116421,0,116371,1
409320,116438,0,116388,1
409375,116451,0,116397,1
409426,116472,0,116403,2
409477,116490,0,116417,1
409527,116499,0,116443,1
409578,116508,0,116461,1
409632,116530,0,116467,1
409682,116542,0,116484,0
409732,116556,0,116493,1
409782,116569,0,116515,0
409832,116584,0,116520,1
409882,116595,0,116536,0
409934,116608,0,116539,1
409984,116625,0,116546,1
410034,116643,0,116609,1
410084,116654,0,116625,2
410134,116674,0,116637,1
410185,116690,0,116649,0
410235,116699,0,116667,0
410288,116712,0,116683,1
410338,116730,0,116695,0
410389,116742,0,116704,1
410441,116759,0,116757,1
410491,116770,0,116773,0
410542,116787,0,116778,1
410592,116797,0,116794,0
410642,116811,0,116812,1
410692,116830,0,116821,1
410744,116844,0,116841,1
410801,116856,0,116859,1
410852,116882,0,116869,1
410904,116893,0,116883,1
410955,116903,0,116909,0
411005,116916,0,116925,2
411059,116935,0,116937,1
411109,116946,0,116958,0
411162,116964,0,116969,1
411212,116976,0,116987,1
411262,116993,0,117005,1
411313,117000,0,117036,0
411365,117017,0,117050,1
411415,117034,0,117063,0
411466,117048,0,117077,0
411516,117064,0,117087,1
411568,117087,0,117095,1
411619,117096,0,117111,0
411669,117104,0,117129,0
411719,117119,0,117190,1
411769,117137,0,117197,1
411819,117148,0,117212,1
411869,117165,0,117224,1
411920,117177,0,117300,1
411970,117192,0,117304,1
412020,117202,0,117320,1
412071,117217,0,117334,1
412125,117237,0,117346,1
412175,117249,0,117361,1
412225,117263,0,117369,1
412276,117287,0,117375,0
412326,117296,0,117397,0
412376,117306,0,117424,1
412431,117321,0,117447,1
412485,117339,0,117457,1
412537,117351,0,117479,1
412587,117369,0,117490,1
412638,117379,0,117513,0
412689,117396,0,117520,1
412740,117408,0,117533,1
412791,117425,0,117545,1
412843,117443,0,117561,0
412895,117454,0,117581,1
412945,117472,0,117587,1
412995,117491,0,117599,0
413048,117500,0,117617,1
413099,117512,0,117634,1
413150,117527,0,117651,1
413201,117545,0,117661,1
413251,117556,0,117683,2
413303,117572,0,117698,0
413353,117584,0,117716,0
413407,117598,0,117773,1
413465,117613,0,117782,1
413515,117634,0,117794,2
413568,117648,0,117807,1
413624,117662,0,117823,1
413676,117684,0,117830,1
413734,117697,0,117845,1
413784,117707,0,117859,0
413835,117722,0,117921,1
413885,117738,0,117946,0
413937,117750,0,117959,0
413987,117769,0,117960,1
414037,117779,0,117975,0
414089,117795,0,117994,1
414139,117806,0,118016,0
414189,117823,0,118022,1
414240,117839,0,118045,1
414291,117851,0,118056,1
414344,117868,0,118063,1
414394,117890,0,118064,0
414451,117900,0,118093,1
414501,117913,0,118112,2
414551,117927,0,118124,1
414603,117943,0,118139,1
414653,117955,0,118166,0
414703,117972,0,118181,0
414753,117982,0,118210,2
414804,117997,0,118223,0
414854,118008,0,118234,2
414907,118026,0,118237,1
414957,118045,0,118251,4
415007,118055,0,118271,0
415057,118073,0,118287,0
415107,118092,0,118303,0
415157,118103,0,118317,2
415209,118113,0,118335,1
415259,118129,0,118345,1
415311,118142,0,118356,1
415362,118156,0,118374,1
415416,118173,0,118381,1
415468,118185,0,118391,1
415519,118199,0,118405,1
415569,118212,0,118432,0
415620,118233,0,118434,1
415670,118247,0,118436,0
415722,118258,0,118461,1
415772,118278,0,118474,1
415824,118294,0,118480,0
415876,118304,0,118503,0
415926,118316,0,118520,0
415976,118335,0,118575,1
416026,118346,0,118588,0
416076,118360,0,118598,1
416126,118377,0,118606,1
416176,118389,0,118628,3
416230,118400,0,118640,1
416280,118413,0,118659,0
416332,118429,0,118661,1
416383,118448,0,118661,1
416433,118464,0,118670,4
416483,118481,0,118685,0
416533,118495,0,118700,0
416584,118506,0,118728,1
416634,118519,0,118734,1
416685,118537,0,118741,0
416736,118548,0,118766,1
416789,118563,0,118793,1
416839,118579,0,118806,0
416890,118593,0,118826,1
416940,118602,0,118845,0
416992,118615,0,118858,1
417043,118634,0,118874,1
417096,118650,0,118885,1
417147,118668,0,118902,0
417197,118684,0,118918,1
417247,118698,0,118929,2
417303,118710,0,118951,0
417355,118722,0,118967,1
417405,118740,0,118984,1
417455,118753,0,118998,1
417505,118768,0,119001,1
417555,118781,0,119018,1
417605,118797,0,119024,0
417659,118806,0,119041,1
417714,118822,0,119057,1
417764,118842,0,119071,1
417816,118855,0,119082,1
417869,118874,0,119097,1
417925,118893,0,119110,1
417975,118904,0,119128,1
418025,118914,0,119143,2
418076,118932,0,119150,1
418126,118946,0,119173,0
418176,118957,0,119187,1
418226,118975,0,119204,2
418276,118985,0,119222,1
418326,118998,0,119232,0
418377,119013,0,119244,1
418427,119025,0,119267,1
418478,119046,0,119327,0
418532,119058,0,119341,1
418582,119080,0,119357,2
418632,119095,0,119369,1
418684,119105,0,119392,1
418735,119116,0,119409,0
418790,119137,0,119411,1
418841,119148,0,119427,1
418895,119160,0,119442,1
418945,119179,0,119448,0
419000,119193,0,119473,1
419053,119203,0,119497,0
419110,119218,0,119510,1
419161,119238,0,119515,1
419212,119253,0,119518,1
419262,119270,0,119531,1
419312,119288,0,119538,1
419363,119302,0,119560,1
419415,119311,0,119579,0
419467,119324,0,119586,1
419517,119342,0,119589,2
419567,119354,0,119603,1
419617,119369,0,119622,2
419667,119382,0,119644,0
419717,119397,0,119656,0
419767,119409,0,119672,2
419823,119421,0,119689,1
419873,119440,0,119690,1
419923,119455,0,119708,1
419974,119474,0,119725,1
420026,119492,0,119733,1
420076,119503,0,119751,0
420126,119511,0,119772,0
420179,119527,0,119781,1
420233,119543,0,119794,1
420284,119559,0,119797,1
420335,119575,0,119807,1
420385,119585,0,119827,1
420435,119600,0,119841,1
420487,119613,0,119856,1
420538,119626,0,119872,1
420590,119644,0,119883,1
420645,119660,0,119894,1
420697,119680,0,119901,0
420747,119696,0,119908,1
420797,119707,0,119927,1
420851,119717,0,119943,1
420902,119737,0,119953,1
420952,119748,0,119963,0
421004,119761,0,119973,1
421055,119779,0,119985,0
421105,119791,0,120006,2
421157,119804,0,120024,1
421208,119817,0,120033,0
421258,119831,0,120052,0
421308,119850,0,120064,1
421360,119864,0,120078,1
421411,119885,0,120081,1
421461,119898,0,120096,1
421516,119909,0,120118,0
421566,119921,0,120131,1
421618,119938,0,120135,1
421671,119952,0,120145,1
421722,119967,0,120205,1
421772,119982,0,120227,0
421823,119998,0,120254,1
421874,120006,0,120276,1
421924,120020,0,120284,1
421974,120037,0,120304,2
422026,120054,0,120309,1
422076,120067,0,120325,0
422126,120090,0,120333,0
422177,120103,0,120350,1
422228,120111,0,120370,0
422278,120125,0,120392,2
422330,120142,0,120404,0
422380,120154,0,120433,2
422433,120171,0,120497,1
422485,120184,0,120514,1
422538,120200,0,120533,1
422597,120209,0,120550,1
422647,120226,0,120558,1
422698,120244,0,120573,1
422749,120261,0,120589,1
422799,120273,0,120595,2
422849,120295,0,120609,1
422899,120306,0,120620,1
422950,120314,0,120643,0
423000,120333,0,120654,1
423052,120346,0,120666,1
423102,120360,0,120676,2
423152,120375,0,120688,1
423203,120388,0,120692,1
423253,120403,0,120704,1
423304,120411,0,120726,1
423354,120427,0,120739,0
423405,120445,0,120744,1
423461,120463,0,120763,1
423513,120473,0,120777,1
423568,120499,0,120778,1
423620,120510,0,120801,1
423674,120522,0,120819,1
423724,120538,0,120835,1
423776,120551,0,120851,0
423828,120567,0,120867,2
423880,120582,0,120880,1
423930,120598,0,120896,0
423983,120606,0,120923,1
424034,120622,0,120933,1
424084,120637,0,120942,1
424136,120657,0,120960,0
424186,120667,0,120988,0
424237,120684,0,120998,1
424291,120703,0,121002,0
424342,120713,0,121061,1
424394,120729,0,121072,1
424445,120742,0,121094,0
424498,120756,0,121110,1
424550,120774,0,121123,0
424600,120787,0,121137,1
424652,120803,0,121155,1
424702,120809,0,121191,1
424753,120827,0,121205,0
424804,120844,0,121214,1
424854,120862,0,121278,1
424904,120870,0,121300,1
424954,120889,0,121306,2
425004,120905,0,121322,0
425056,120914,0,121339,0
425106,120933,0,121344,1
425156,120944,0,121365,1
425206,120959,0,121378,1
425259,120975,0,121394,1
425310,120989,0,121404,1
425361,121004,0,121425,0
425411,121012,0,121448,1
425461,121028,0,121463,0
425511,121045,0,121473,1
425570,121063,0,121487,1
425620,121074,0,121499,1
425670,121096,0,121514,1
425721,121109,0,121534,1
425772,121118,0,121561,1
425822,121135,0,121573,1
425875,121149,0,121588,1
425929,121164,0,121603,1
425980,121181,0,121617,0
426032,121195,0,121627,1
426082,121205,0,121643,0
426133,121218,0,121657,1
426186,121231,0,121665,1
426237,121254,0,121671,1
426287,121267,0,121688,0
426337,121280,0,121708,1
426388,121300,0,121710,1
426438,121312,0,121722,1
426489,121322,0,121743,1
426541,121342,0,121743,1
426592,121355,0,121764,1
426651,121369,0,121786,1
426701,121386,0,121795,1
426752,121402,0,121809,0
426802,121407,0,121834,0
426852,121424,0,121854,1
426903,121435,0,121879,1
426953,121456,0,121880,1
427003,121468,0,121892,0
427057,121485,0,121906,1
427108,121505,0,121912,0
427159,121514,0,121919,0
427210,121527,0,121940,0
427261,121543,0,121959,0
427311,121558,0,121966,1
427364,121573,0,121972,1
427414,121589,0,121979,1
427465,121604,0,121995,0
427517,121612,0,122020,0
427568,121628,0,122028,0
427618,121644,0,122039,2
427668,121662,0,122051,1
427718,121672,0,122075,0
427768,121687,0,122090,1
427818,121706,0,122102,1
427868,121714,0,122127,0
427920,121730,0,122139,1
427971,121743,0,122160,0
428025,121760,0,122184,1
428081,121776,0,122198,1
428132,121794,0,122203,1
428182,121805,0,122223,0
428232,121816,0,122236,1
428285,121829,0,122243,1
428337,121850,0,122252,1
428387,121866,0,122255,1
428439,121878,0,122268,1
428492,121895,0,122289,1
428544,121912,0,122295,1
428596,121923,0,122312,1
428646,121940,0,122326,2
428701,121953,0,122336,1
428751,121967,0,122342,1
428801,121982,0,122360,0
428853,122001,0,122371,1
428905,122007,0,122392,0
428957,122020,0,122413,1
429011,122035,0,122420,1
429064,122056,0,122433,1
429115,122071,0,122444,1
429165,122086,0,122465,0
429215,122104,0,122479,2
429271,122115,0,122497,1
429321,122130,0,122505,1
429371,122143,0,122515,0
429421,122159,0,122527,0
429474,122173,0,122544,1
429525,122190,0,122552,1
429576,122204,0,122563,0
429627,122213,0,122586,1
429677,122223,0,122605,1
429727,122242,0,122616,2
429780,122259,0,122626,1
429831,122274,0,122636,0
429881,122290,0,122653,1
429935,122309,0,122659,1
429985,122318,0,122683,0
430038,122333,0,122701,1
430089,122348,0,122712,1
430139,122362,0,122739,1
430189,122377,0,122763,0
430241,122395,0,122781,1
430291,122406,0,122799,0
430342,122416,0,122812,2
430394,122430,0,122829,2
430444,122449,0,122833,1
430495,122466,0,122841,1
430545,122478,0,122863,1
430595,122492,0,122878,1
430648,122511,0,122885,1
430700,122522,0,122901,0
430752,122536,0,122910,1
430807,122553,0,122937,1
430857,122567,0,122950,1
430907,122583,0,122969,1
430957,122600,0,122974,0
431007,122607,0,122997,0
431058,122619,0,123012,1
431109,122634,0,123032,0
431160,122654,0,123047,1
431211,122669,0,123050,1
431261,122683,0,123061,1
431312,122696,0,123071,1
431363,122713,0,123071,3
431413,122725,0,123100,0
431464,122738,0,123117,1
431514,122754,0,123137,0
431565,122769,0,123195,1
431618,122784,0,123213,1
431670,122802,0,123227,1
431720,122810,0,123251,2
431770,122822,0,123274,0
431820,122838,0,123284,2
431871,122855,0,123301,0
431921,122871,0,123316,0
431972,122886,0,123331,1
432022,122898,0,123345,1
432072,122915,0,123354,4
432122,122928,0,123372,1
432172,122942,0,123386,2
432223,122956,0,123396,1
432275,122970,0,123409,1
432325,122987,0,123425,2
432377,123003,0,123429,0
432428,123011,0,123450,0
432479,123023,0,123471,1
432529,123039,0,123479,1
432579,123056,0,123498,1
432630,123071,0,123509,0
432683,123086,0,123517,1
432733,123098,0,123535,0
432784,123116,0,123545,1
432834,123131,0,123555,1
432888,123145,0,123571,1
432939,123160,0,123583,1
432990,123173,0,123596,1
433040,123190,0,123609,0
433090,123205,0,123621,0
433142,123212,0,123636,0
433193,123224,0,123643,1
433247,123243,0,123659,1
433298,123261,0,123666,1
433349,123275,0,123683,1
433403,123291,0,123697,1
433455,123304,0,123707,1
433507,123322,0,123721,0
433558,123336,0,123732,0
433610,123351,0,123737,1
433660,123363,0,123755,1
433712,123377,0,123774,1
433762,123395,0,123793,0
433812,123407,0,123815,0
433866,123416,0,123833,1
433918,123430,0,123844,1
433971,123450,0,123855,1
434021,123470,0,123863,2
434076,123482,0,123880,1
434126,123498,0,123896,1
434177,123514,0,123910,2
434227,123526,0,123931,0
434279,123539,0,123954,0
434329,123556,0,123966,1
434380,123569,0,123987,0
434435,123587,0,124001,1
434486,123605,0,124010,1
434536,123612,0,124029,1
434586,123623,0,124055,1
434642,123642,0,124065,1
434692,123657,0,124070,1
434745,123672,0,124077,1
434797,123687,0,124090,1
434847,123702,0,124107,1
434902,123720,0,124127,1
434960,123733,0,124139,1
435012,123750,0,124147,1
435070,123763,0,124159,1
435124,123780,0,124165,1
435174,123799,0,124185,2
435224,123808,0,124205,0
435275,123818,0,124226,1
435326,123832,0,124243,1
435376,123851,0,124255,2
435426,123871,0,124269,1
435482,123882,0,124289,1
435534,123898,0,124309,0
435588,123916,0,124324,1
435641,123928,0,124347,1
435693,123942,0,124353,1
435743,123959,0,124367,1
435795,123969,0,124387,1
435849,123990,0,124390,1
435901,124006,0,124395,1
435951,124013,0,124403,2
436001,124023,0,124425,0
436052,124042,0,124432,2
436103,124059,0,124438,1
436154,124074,0,124446,1
436205,124087,0,124467,1
436255,124104,0,124474,1
436306,124120,0,124488,1
436356,124132,0,124505,0
436409,124144,0,124518,1
436460,124160,0,124523,1
436512,124173,0,124536,1
436564,124193,0,124547,1
436614,124207,0,124564,1
436664,124215,0,124580,0
436715,124226,0,124600,1
436768,124243,0,124607,1
436818,124263,0,124615,1
436869,124277,0,124619,1
436921,124293,0,124634,2
436973,124309,0,124646,2
437024,124323,0,124662,0
437075,124335,0,124682,0
437125,124352,0,124692,1
437176,124363,0,124710,1
437227,124380,0,124721,1
437278,124397,0,124744,0
437329,124408,0,124762,0
437379,124419,0,124780,1
437431,124428,0,124801,1
437481,124444,0,124819,1
437532,124466,0,124831,0
437582,124481,0,124843,3
437636,124496,0,124856,1
437688,124512,0,124864,1
437742,124526,0,124871,1
437798,124536,0,124879,1
437848,124559,0,124885,1
437900,124570,0,124901,1
437950,124588,0,124909,1
438003,124602,0,124932,1
438059,124612,0,124942,1
438110,124624,0,124949,0
438163,124638,0,124974,1
438213,124657,0,124985,1
438263,124673,0,124998,0
438313,124687,0,125018,1
438363,124702,0,125033,1
438414,124721,0,125046,1
438465,124733,0,125057,1
438516,124745,0,125075,3
438566,124760,0,125091,1
438617,124772,0,125098,0
438668,124793,0,125102,0
438719,124805,0,125117,1
438770,124815,0,125137,1
438820,124825,0,125149,0
438875,124840,0,125158,1
438925,124860,0,125175,1
438976,124876,0,125186,0
439030,124893,0,125202,1
439080,124909,0,125218,3
439131,124923,0,125233,0
439181,124935,0,125249,0
439231,124948,0,125258,1
439281,124964,0,125273,1
439332,124974,0,125301,0
439384,124996,0,125303,1
439435,125008,0,125310,0
439486,125020,0,125324,1
439536,125029,0,125349,0
439588,125044,0,125369,1
439642,125062,0,125375,1
439694,125081,0,125391,1
439745,125097,0,125414,0
439800,125114,0,125428,1
439852,125127,0,125453,0
439902,125136,0,125473,1
439953,125159,0,125484,1
440004,125170,0,125504,1
440054,125182,0,125514,1
440105,125202,0,125531,1
440157,125210,0,125554,1
440207,125223,0,125576,0
440257,125236,0,125593,2
440310,125251,0,125616,1
440361,125273,0,125629,3
440412,125286,0,125635,1
440467,125300,0,125645,1
440519,125317,0,125653,1
440569,125333,0,125667,1
440620,125338,0,125691,1
440671,125360,0,125691,1
440723,125373,0,125713,1
440775,125390,0,125724,1
440826,125406,0,125739,0
440878,125415,0,125760,1
440929,125426,0,125781,0
440981,125440,0,125792,1
441031,125460,0,125805,1
441083,125475,0,125821,1
441135,125492,0,125832,1
441185,125508,0,125851,1
441236,125523,0,125874,0
441286,125535,0,125888,1
441336,125545,0,125908,1
441389,125564,0,125926,1
441444,125575,0,125944,1
441494,125596,0,126003,1
441544,125608,0,126024,0
441598,125621,0,126043,1
441649,125628,0,126074,1
441700,125648,0,126082,0
441750,125665,0,126091,1
441800,125681,0,126106,1
441850,125698,0,126122,0
441900,125713,0,126148,0
441950,125724,0,126157,1
442003,125736,0,126164,1
442057,125748,0,126173,1
442107,125770,0,126182,0
442159,125779,0,126199,1
442209,125801,0,126201,0
442259,125810,0,126225,1
442312,125824,0,126237,1
442362,125832,0,126259,1
442413,125850,0,126277,0
442464,125865,0,126282,1
442514,125885,0,126335,0
442564,125899,0,126347,0
442615,125915,0,126358,1
442669,125930,0,126366,1
442722,125937,0,126388,0
442773,125947,0,126393,1
442823,125972,0,126398,0
442873,125984,0,126419,2
442924,126004,0,126429,1
442974,126012,0,126445,0
443026,126026,0,126458,1
443079,126036,0,126480,1
443130,126053,0,126485,1
443185,126073,0,126490,1
443235,126092,0,126505,1
443286,126106,0,126526,1
443336,126118,0,126541,1
443387,126134,0,126556,1
443438,126141,0,126581,1
443489,126152,0,126604,1
443539,126174,0,126627,0
443589,126192,0,126641,2
443639,126207,0,126649,1
443689,126215,0,126668,2
443741,126226,0,126684,0
443791,126238,0,126702,1
443841,126257,0,126718,1
443891,126276,0,126725,1
443942,126293,0,126737,0
443994,126309,0,126755,1
444044,126323,0,126775,1
444096,126335,0,126789,0
444147,126343,0,126816,0
444198,126352,0,126842,1
444249,126374,0,126851,0
444299,126394,0,126860,0
444349,126407,0,126876,0
444399,126418,0,126897,0
444449,126427,0,126926,0
444500,126442,0,126939,1
444552,126458,0,126947,0
444603,126477,0,126966,1
444653,126496,0,126987,0
444707,126512,0,127004,1
444758,126524,0,127018,1
444809,126537,0,127036,0
444859,126543,0,127056,0
444911,126557,0,127065,2
444961,126578,0,127079,1
445011,126594,0,127093,0
445062,126610,0,127110,0
445114,126619,0,127133,0
445165,126628,0,127149,0
445217,126645,0,127161,1
445270,126664,0,127178,1
445322,126683,0,127184,1
445373,126700,0,127199,0
445424,126715,0,127220,0
445474,126728,0,127225,1
445527,126737,0,127241,0
445577,126745,0,127269,1
445628,126762,0,127274,1
445678,126783,0,127287,0
445731,126800,0,127295,1
445782,126812,0,127308,0
445832,126824,0,127314,1
445882,126833,0,127335,0
445934,126850,0,127339,1
445984,126867,0,127351,1
446034,126889,0,127359,1
446088,126904,0,127369,1
446138,126917,0,127383,1
446190,126933,0,127391,1
446244,126939,0,127417,1
446294,126948,0,127488,0
446344,126964,0,127506,2
446394,126986,0,127516,1
446447,127002,0,127523,1
446498,127016,0,127532,1
446551,127027,0,127547,1
446601,127037,0,127564,1
446651,127056,0,127567,1
446704,127074,0,127572,1
446754,127095,0,127580,1
446804,127109,0,127594,1
446854,127120,0,127607,1
446912,127136,0,127621,1
446965,127143,0,127641,0
447016,127154,0,127658,1
447066,127173,0,127669,2
447117,127192,0,127675,1
447167,127209,0,127683,2
447217,127219,0,127706,0
447267,127228,0,127723,0
447319,127241,0,127744,1
447369,127261,0,127763,2
447420,127280,0,127765,1
447470,127299,0,127770,0
447520,127314,0,127779,1
447570,127325,0,127795,0
447621,127337,0,127814,0
447671,127344,0,127832,0
447721,127356,0,127855,3
447772,127375,0,127867,1
447822,127393,0,127883,1
447874,127410,0,127899,1
447924,127420,0,127916,0
447975,127429,0,127943,1
448028,127445,0,127955,1
448079,127462,0,127974,1
448129,127482,0,127983,1
448184,127501,0,127998,1
448236,127515,0,128013,0
448287,127530,0,128028,1
448337,127537,0,128043,0
448387,127547,0,128069,1
448439,127559,0,128081,1
448490,127582,0,128085,1
448544,127601,0,128102,0
448595,127614,0,128119,1
448645,127626,0,128146,0
448695,127636,0,128162,2
448745,127653,0,128178,3
448796,127662,0,128235,1
448846,127688,0,128247,3
448897,127703,0,128252,0
448949,127718,0,128266,0
449000,127733,0,128282,1
449052,127738,0,128306,0
449102,127748,0,128329,0
449152,127762,0,128338,1
449210,127785,0,128343,1
449261,127804,0,128357,1
449311,127819,0,128367,2
449361,127827,0,128380,1
449411,127838,0,128400,1
449462,127856,0,128404,1
449513,127872,0,128408,1
449563,127891,0,128409,2
449613,127906,0,128418,0
449664,127922,0,128437,0
449714,127936,0,128495,1
449766,127942,0,128518,1
449816,127950,0,128539,1
449867,127967,0,128545,1
449917,127986,0,128572,0
449968,128005,0,128575,1
450018,128019,0,128595,0
450069,128028,0,128615,1
450121,128039,0,128635,1
450172,128057,0,128642,0
450222,128072,0,128650,2
450273,128089,0,128658,1
450325,128111,0,128661,2
450376,128125,0,128669,0
450429,128137,0,128683,0
450480,128144,0,128707,0
450532,128155,0,128729,1
450584,128175,0,128744,1
450634,128192,0,128754,1
450689,128212,0,128771,1
450745,128223,0,128785,1
450797,128233,0,128800,1
450847,128250,0,128813,1
450897,128261,0,128821,1
450949,128280,0,128821,1
451001,128301,0,128830,1
451051,128317,0,128848,1
451101,128331,0,128861,1
451153,128338,0,128880,0
451203,128348,0,128901,0
451254,128361,0,128914,1
451304,128375,0,128919,1
451354,128402,0,128921,0
451406,128414,0,128949,1
451456,128426,0,128963,0
451507,128435,0,128985,1
451557,128453,0,128998,1
451610,128464,0,129017,1
451660,128478,0,129019,3
451710,128500,0,129068,1
451762,128519,0,129077,1
451819,128535,0,129086,1
451870,128542,0,129109,1
451924,128550,0,129135,1
451976,128564,0,129137,1
452026,128584,0,129193,3
452077,128607,0,129200,2
452129,128619,0,129208,0
452180,128629,0,129230,1
452230,128639,0,129254,1
452284,128658,0,129306,1
452334,128668,0,129328,1
452384,128691,0,129339,0
452435,128708,0,129342,1
452489,128724,0,129355,1
452539,128737,0,129371,0
452590,128745,0,129398,0
452642,128755,0,129423,1
452692,128770,0,129439,1
452743,128792,0,129448,1
452793,128810,0,129467,0
452846,128822,0,129487,1
452899,128830,0,129504,1
452949,128845,0,129523,0
453002,128861,0,129537,1
453054,128874,0,129556,0
453104,128892,0,129572,0
453155,128917,0,129594,0
453205,128928,0,129607,1
453256,128938,0,129626,0
453308,128948,0,129645,0
453358,128959,0,129662,0
453408,128976,0,129673,3
453458,128998,0,129677,2
453509,129013,0,129692,0
453559,129025,0,129716,0
453609,129032,0,129726,2
453661,129047,0,129748,1
453713,129064,0,129765,0
453765,129074,0,129784,0
453818,129097,0,129791,1
453871,129120,0,129796,1
453922,129133,0,129802,1
453972,129140,0,129820,0
454023,129149,0,129835,0
454073,129162,0,129849,0
454123,129179,0,129861,1
454177,129205,0,129864,1
454229,129219,0,129881,1
454280,129229,0,129894,1
454330,129238,0,129913,0
454383,129254,0,129976,1
454433,129267,0,129986,0
454493,129282,0,129998,1
454544,129308,0,129998,1
454594,129324,0,130006,0
454644,129337,0,130015,0
454695,129346,0,130037,0
454746,129353,0,130050,1
454799,129371,0,130060,1
454849,129388,0,130068,2
454899,129411,0,130074,1
454950,129422,0,130092,1
455001,129429,0,130116,0
455051,129445,0,130124,0
455102,129460,0,130141,0
455154,129472,0,130156,1
455208,129486,0,130173,1
455258,129513,0,130173,2
455310,129526,0,130191,0
455360,129538,0,130208,0
455412,129548,0,130221,1
455469,129558,0,130241,1
455519,129575,0,130254,1
455572,129599,0,130267,1
455624,129615,0,130284,1
455678,129627,0,130302,1
455729,129635,0,130320,1
455779,129651,0,130327,2
455829,129666,0,130345,0
455880,129675,0,130357,1
455931,129697,0,130364,1
455981,129720,0,130373,1
456031,129731,0,130382,1
456081,129741,0,130396,0
456132,129751,0,130410,1
456183,129764,0,130421,1
456233,129776,0,130426,1
456285,129804,0,130427,2
456335,129819,0,130444,1
456392,129829,0,130453,1
456445,129841,0,130465,1
456496,129855,0,130474,1
456546,129869,0,130490,1
456596,129880,0,130505,1
456646,129903,0,130511,2
456696,129921,0,130517,1
456746,129937,0,130528,1
456796,129945,0,130537,2
456847,129953,0,130569,1
456900,129966,0,130584,1
456950,129985,0,130586,1
457000,130004,0,130588,1
457051,130022,0,130602,1
457102,130029,0,130631,0
457155,130039,0,130643,1
457205,130060,0,130654,2
457256,130071,0,130671,1
457306,130082,0,130692,1
457358,130106,0,130696,1
457409,130125,0,130704,0
457459,130138,0,130708,1
457509,130147,0,130732,0
457559,130156,0,130760,0
457609,130167,0,130779,1
457659,130184,0,130794,2
457709,130207,0,130795,2
457759,130224,0,130805,0
457809,130229,0,130828,0
457860,130240,0,130854,0
457911,130262,0,130865,1
457961,130273,0,130882,0
458013,130284,0,130903,1
458063,130300,0,130909,3
458114,130322,0,130909,1
458169,130339,0,130936,1
458219,130348,0,130954,0
458270,130357,0,130964,0
458320,130369,0,130976,1
458370,130386,0,130982,1
458420,130406,0,130986,1
458474,130425,0,131008,1
458525,130430,0,131029,0
458575,130447,0,131045,2
458625,130463,0,131054,1
458676,130474,0,131110,0
458729,130487,0,131128,0
458780,130505,0,131135,1
458831,130525,0,131135,1
458884,130540,0,131140,0
458935,130549,0,131161,0
458990,130560,0,131179,1
459040,130577,0,131191,2
459098,130593,0,131200,1
459148,130620,0,131203,0
459199,130629,0,131227,0
459252,130638,0,131240,1
459304,130657,0,131246,1
459359,130669,0,131269,1
459409,130682,0,131281,1
459462,130696,0,131296,1
459512,130711,0,131296,1
459562,130735,0,131296,3
459616,130747,0,131311,1
459669,130757,0,131325,1
459720,130767,0,131334,1
459773,130785,0,131346,1
459824,130806,0,131358,1
459874,130824,0,131366,0
459925,130830,0,131387,0
459975,130845,0,131404,1
460027,130862,0,131410,1
460079,130874,0,131420,0
460129,130887,0,131433,0
460179,130903,0,131449,1
460229,130917,0,131460,1
460279,130939,0,131472,1
460332,130949,0,131494,1
460382,130959,0,131502,1
460432,130971,0,131516,1
460484,130988,0,131528,1
460535,131010,0,131539,1
460585,131027,0,131548,0
460643,131032,0,131566,1
460696,131048,0,131582,1
460747,131066,0,131596,0
460797,131078,0,131618,1
460852,131090,0,131633,1
460906,131107,0,131644,0
460956,131127,0,131648,1
461006,131143,0,131668,0
461056,131153,0,131678,1
461108,131164,0,131688,1
461158,131178,0,131708,0
461216,131195,0,131719,1
461267,131223,0,131719,1
461318,131229,0,131746,0
461369,131241,0,131772,1
461422,131258,0,131792,1
461472,131273,0,131795,1
461522,131284,0,131812,2
461575,131297,0,131829,1
461630,131313,0,131831,1
461681,131336,0,131833,1
461731,131348,0,131843,2
461785,131358,0,131861,1
461840,131371,0,131882,1
461894,131387,0,131891,1
461944,131409,0,131898,4
461995,131427,0,131903,0
462046,131432,0,131926,1
462096,131447,0,131936,0
462146,131464,0,131952,0
462196,131474,0,131968,0
462246,131489,0,131981,1
462296,131500,0,132001,1
462346,131521,0,132003,2
462401,131541,0,132017,1
462453,131550,0,132029,1
462508,131563,0,132093,1
462558,131577,0,132111,1
462608,131593,0,132127,1
462658,131613,0,132141,2
462711,131629,0,132144,0
462761,131634,0,132158,1
462814,131654,0,132166,1
462865,131667,0,132180,1
462917,131679,0,132199,1
462967,131694,0,132214,2
463018,131705,0,132232,1
463068,131730,0,132242,3
463118,131745,0,132257,0
463172,131752,0,132323,1
463222,131766,0,132339,0
463275,131781,0,132353,1
463326,131796,0,132359,1
463376,131819,0,132360,3
463426,131830,0,132381,1
463482,131842,0,132397,1
463534,131858,0,132410,1
463584,131874,0,132425,2
463636,131885,0,132440,1
463686,131898,0,132459,0
463736,131913,0,132474,1
463790,131934,0,132476,1
463840,131948,0,132485,0
463890,131957,0,132508,1
463940,131970,0,132520,0
463990,131982,0,132530,0
464040,132000,0,132536,2
464091,132021,0,132549,1
464142,132031,0,132570,0
464192,132045,0,132582,0
464243,132062,0,132601,1
464302,132075,0,132617,1
464352,132089,0,132634,0
464403,132100,0,132655,1
464453,132121,0,132663,4
464503,132138,0,132678,1
464553,132149,0,132695,0
464609,132161,0,132712,1
464659,132174,0,132724,1
464712,132188,0,132728,1
464769,132207,0,132734,1
464820,132229,0,132738,0
464872,132236,0,132759,1
464923,132252,0,132762,1
464974,132267,0,132776,0
465027,132280,0,132794,1
465078,132295,0,132808,1
465128,132306,0,132829,1
465180,132327,0,132839,1
465230,132345,0,132844,2
465282,132354,0,132866,1
465334,132367,0,132879,1
465384,132380,0,132894,0
465438,132395,0,132910,1
465488,132412,0,132916,1
465538,132430,0,132925,0
465588,132441,0,132943,1
465638,132459,0,132956,1
465690,132474,0,132973,1
465746,132482,0,132985,1
465798,132499,0,132995,0
465848,132515,0,133012,0
465902,132533,0,133023,1
465952,132549,0,133032,0
466003,132558,0,133054,1
466054,132570,0,133079,1
466108,132585,0,133087,1
466160,132603,0,133092,1
466210,132620,0,133095,1
466261,132633,0,133115,1
466311,132647,0,133132,1
466361,132666,0,133138,1
466412,132675,0,133158,1
466467,132685,0,133177,1
466517,132701,0,133181,1
466567,132723,0,133190,0
466617,132738,0,133202,1
466667,132749,0,133219,0
466717,132762,0,133237,0
466768,132775,0,133248,0
466819,132786,0,133268,0
466869,132804,0,133278,1
466919,132818,0,133288,2
466969,132834,0,133298,1
467021,132847,0,133302,1
467072,132867,0,133307,1
467122,132878,0,133324,0
467173,132886,0,133343,1
467223,132902,0,133356,1
467273,132924,0,133375,0
467323,132939,0,133381,1
467374,132950,0,133399,1
467426,132963,0,133408,0
467476,132976,0,133424,1
467529,132988,0,133439,1
467579,133006,0,133449,1
467629,133022,0,133456,2
467680,133036,0,133464,0
467730,133050,0,133475,0
467782,133068,0,133484,1
467832,133079,0,133499,0
467882,133089,0,133508,1
467934,133104,0,133518,1
467986,133126,0,133531,1
468036,133142,0,133549,1
468086,133153,0,133565,1
468136,133166,0,133577,1
468188,133178,0,133592,1
468241,133192,0,133597,1
468295,133210,0,133612,1
468345,133228,0,133625,0
468396,133238,0,133641,0
468447,133257,0,133651,1
468501,133272,0,133667,1
468551,133282,0,133696,1
468602,133296,0,133710,1
468654,133312,0,133723,1
468711,133331,0,133733,1
468761,133349,0,133742,1
468811,133359,0,133753,0
468861,133370,0,133776,1
468912,133383,0,133797,1
468962,133398,0,133804,1
469012,133414,0,133828,0
469065,133431,0,133838,0
469115,133441,0,133860,1
469168,133458,0,133860,1
469219,133475,0,133871,0
469270,133485,0,133882,1
469323,133501,0,133898,1
469374,133517,0,133903,1
469426,133538,0,133912,1
469476,133549,0,133937,0
469528,133561,0,134001,1
469578,133574,0,134017,1
469632,133587,0,134035,1
469683,133604,0,134048,1
469733,133620,0,134059,1
469786,133636,0,134068,1
469837,133645,0,134096,0
469888,133665,0,134109,1
469938,133679,0,134123,1
469990,133689,0,134141,1
470040,133703,0,134159,1
470093,133723,0,134162,1
470146,133745,0,134172,1
470196,133754,0,134184,1
470249,133766,0,134196,1
470299,133780,0,134211,0
470349,133793,0,134229,0
470399,133810,0,134235,0
470449,133826,0,134253,2
470499,133838,0,134263,0
470549,133849,0,134274,3
470599,133868,0,134274,1
470649,133881,0,134280,1
470699,133892,0,134292,3
470749,133904,0,134304,1
470800,133922,0,134305,1
470853,133945,0,134316,0
470903,133955,0,134338,1
470954,133967,0,134357,1
471005,133981,0,134367,1
471055,133995,0,134379,2
471106,134011,0,134389,1
471162,134030,0,134406,1
471213,134039,0,134420,1
471269,134051,0,134430,1
471319,134075,0,134432,1
471370,134084,0,134454,1
471421,134100,0,134465,1
471472,134109,0,134491,2
471522,134130,0,134500,2
471572,134149,0,134502,0
471624,134160,0,134521,0
471674,134173,0,134537,1
471724,134185,0,134547,1
471774,134198,0,134562,1
471825,134216,0,134576,1
471875,134232,0,134595,1
471929,134242,0,134614,1
471980,134255,0,134625,1
472031,134275,0,134627,0
472081,134286,0,134644,1
472133,134301,0,134664,0
472185,134313,0,134679,1
472239,134333,0,134688,1
472289,134351,0,134694,1
472339,134363,0,134720,0
472390,134376,0,134778,0
472442,134388,0,134788,1
472494,134403,0,134795,1
472544,134422,0,134802,0
472594,134438,0,134817,0
472645,134445,0,134841,1
472695,134462,0,134847,2
472745,134477,0,134853,2
472795,134488,0,134867,0
472847,134502,0,134872,0
472897,134519,0,134884,1
472947,134534,0,134893,1
472998,134552,0,134914,0
473052,134565,0,134934,1
473102,134578,0,134948,1
473155,134590,0,134961,1
473207,134607,0,134967,1
473257,134624,0,134976,1
473310,134638,0,134994,0
473362,134649,0,135018,1
473412,134669,0,135028,3
473462,134682,0,135036,1
473513,134690,0,135054,1
473563,134705,0,135068,1
473613,134722,0,135077,1
473663,134742,0,135077,2
473715,134758,0,135086,1
473767,134768,0,135100,0
473821,134781,0,135126,1
473871,134795,0,135148,2
473921,134813,0,135159,0
473971,134827,0,135170,1
474021,134841,0,135194,1
474071,134850,0,135209,0
474122,134871,0,135215,1
474172,134883,0,135229,1
474222,134892,0,135246,2
474273,134906,0,135268,0
474324,134925,0,135270,1
474374,134943,0,135276,2
474426,134959,0,135282,1
474476,134971,0,135301,1
474526,134983,0,135309,2
474580,134996,0,135329,1
474630,135016,0,135337,1
474680,135032,0,135352,1
474731,135041,0,135374,0
474782,135053,0,135394,2
474832,135073,0,135399,0
474886,135085,0,135411,1
474938,135099,0,135422,1
474989,135110,0,135437,2
475040,135128,0,135456,1
475090,135149,0,135465,1
475142,135163,0,135487,0
475194,135175,0,135509,1
475245,135186,0,135520,0
475296,135202,0,135532,1
475346,135219,0,135556,1
475396,135236,0,135566,0
475450,135243,0,135580,1
475502,135259,0,135595,1
475552,135277,0,135610,0
475603,135288,0,135628,1
475653,135303,0,135640,1
475705,135315,0,135662,1
475757,135334,0,135666,1
475807,135353,0,135669,1
475857,135365,0,135691,0
475912,135378,0,135697,1
475962,135390,0,135709,1
476012,135407,0,135727,1
476062,135424,0,135739,1
476114,135438,0,135753,0
476164,135448,0,135784,0
476217,135462,0,135804,1
476269,135479,0,135804,1
476320,135488,0,135831,0
476371,135505,0,135843,0
476421,135520,0,135859,1
476472,135536,0,135864,1
476525,135557,0,135924,1
476575,135567,0,135948,0
476625,135580,0,135972,1
476675,135595,0,135978,3
476729,135611,0,135989,1
476781,135629,0,135998,1
476831,135640,0,136016,1
476881,135652,0,136032,2
476931,135668,0,136051,1
476981,135684,0,136061,1
477033,135693,0,136073,1
477087,135706,0,136086,0
477140,135725,0,136090,1
477192,135743,0,136099,1
477245,135761,0,136113,1
477296,135772,0,136130,0
477354,135785,0,136147,1
477405,135802,0,136157,1
477456,135820,0,136168,1
477508,135838,0,136177,1
477559,135846,0,136203,0
477609,135859,0,136211,1
477660,135875,0,136216,0
477710,135888,0,136227,0
477760,135902,0,136238,2
477810,135914,0,136254,3
477861,135931,0,136269,0
477911,135954,0,136277,3
477961,135965,0,136348,0
478012,135976,0,136363,1
478062,135986,0,136376,1
478112,136005,0,136394,1
478164,136023,0,136404,1
478214,136037,0,136415,1
478267,136047,0,136432,1
478318,136060,0,136442,1
478368,136075,0,136452,0
478418,136088,0,136459,0
478469,136103,0,136475,1
478521,136118,0,136498,1
478574,136134,0,136508,1
478625,136156,0,136514,0
478675,136167,0,136535,0
478728,136179,0,136550,0
478779,136191,0,136577,1
478831,136208,0,136592,1
478881,136229,0,136597,2
478937,136240,0,136610,1
478987,136252,0,136626,2
479049,136267,0,136637,1
479100,136282,0,136665,1
479150,136296,0,136673,1
479201,136308,0,136685,1
479254,136326,0,136696,1
479305,136346,0,136701,1
479355,136362,0,136702,1
479408,136375,0,136717,1
479458,136385,0,136735,0
479508,136401,0,136741,1
479560,136415,0,136747,1
479610,136434,0,136761,0
479662,136446,0,136772,0
479715,136459,0,136784,0
479767,136473,0,136798,1
479818,136485,0,136823,0
479873,136497,0,136834,1
479923,136518,0,136842,2
479975,136532,0,136853,1
480026,136553,0,136856,1
480080,136567,0,136872,0
480132,136579,0,136888,0
480187,136592,0,136912,1
480240,136608,0,136920,1
480291,136630,0,136924,2
480342,136640,0,136944,1
480394,136652,0,136965,1
480449,136666,0,136982,0
480499,136679,0,136989,1
480557,136695,0,137002,1
480608,136709,0,137013,1
480658,136726,0,137018,1
480709,136745,0,137035,2
480759,136762,0,137046,1
480812,136775,0,137068,1
480862,136786,0,137094,1
480917,136802,0,137103,1
480967,136812,0,137111,1
481019,136836,0,137116,1
481069,136846,0,137130,0
481120,136859,0,137157,0
481173,136870,0,137180,1
481223,136886,0,137197,1
481273,136896,0,137260,0
481323,136913,0,137276,0
481375,136932,0,137296,1
481426,136950,0,137309,1
481476,136967,0,137330,2
481526,136978,0,137357,0
481578,136989,0,137382,1
481628,137003,0,137396,0
481678,137016,0,137406,3
481728,137037,0,137412,0
481778,137047,0,137428,1
481829,137062,0,137442,1
481879,137071,0,137467,2
481933,137088,0,137480,0
481986,137101,0,137493,1
482036,137116,0,137508,1
482086,137134,0,137516,1
482137,137156,0,137521,2
482190,137168,0,137531,0
482241,137180,0,137552,0
482291,137192,0,137574,0
482343,137206,0,137583,0
482393,137218,0,137600,1
482443,137239,0,137616,0
482493,137250,0,137636,1
482545,137266,0,137640,0
482596,137274,0,137650,1
482653,137291,0,137662,1
482704,137304,0,137674,1
482756,137320,0,137675,1
482807,137338,0,137676,1
482857,137359,0,137681,2
482908,137372,0,137747,1
482958,137384,0,137765,0
483008,137395,0,137789,0
483058,137408,0,137813,1
483109,137420,0,137819,1
483159,137440,0,137819,1
483211,137454,0,137835,0
483261,137467,0,137853,1
483311,137480,0,137874,1
483365,137495,0,137892,1
483425,137506,0,137902,1
483476,137524,0,137920,1
483527,137546,0,137928,1
483577,137565,0,137949,0
483628,137578,0,137962,1
483682,137589,0,137986,1
483733,137604,0,138000,1
483786,137613,0,138036,0
483840,137629,0,138044,1
483890,137647,0,138056,0
483940,137660,0,138063,1
483990,137670,0,138076,0
484042,137689,0,138086,1
484094,137701,0,138106,0
484146,137714,0,138120,1
484197,137731,0,138128,1
484250,137754,0,138138,1
484303,137769,0,138151,0
484358,137783,0,138161,1
484412,137795,0,138168,0
484462,137808,0,138184,1
484514,137821,0,138200,1
484565,137842,0,138215,2
484615,137855,0,138230,1
484665,137867,0,138238,1
484719,137878,0,138257,1
484770,137896,0,138265,1
484820,137905,0,138280,0
484870,137923,0,138293,0
484920,137937,0,138308,1
484971,137964,0,138310,3
485023,137976,0,138325,1
485074,137986,0,138348,0
485127,137997,0,138361,1
485178,138011,0,138378,1
485230,138025,0,138389,1
485280,138046,0,138400,1
485331,138057,0,138427,0
485381,138069,0,138443,1
485431,138081,0,138453,1
485482,138096,0,138469,0
485532,138108,0,138490,1
485582,138125,0,138508,1
485634,138138,0,138531,1
485684,138166,0,138537,1
485737,138178,0,138553,1
485790,138187,0,138577,1
485840,138202,0,138598,3
485890,138213,0,138616,0
485942,138229,0,138631,1
485992,138247,0,138639,0
486046,138259,0,138652,0
486100,138271,0,138659,1
486150,138285,0,138671,1
486202,138300,0,138680,1
486253,138313,0,138687,1
486303,138331,0,138690,2
486354,138347,0,138702,1
486404,138369,0,138710,0
486455,138381,0,138723,1
486505,138393,0,138741,1
486555,138407,0,138749,1
486605,138415,0,138772,1
486655,138434,0,138780,1
486705,138450,0,138798,1
486756,138461,0,138819,0
486806,138472,0,138835,1
486856,138486,0,138854,1
486908,138502,0,138874,0
486959,138515,0,138883,1
487009,138533,0,138895,1
487059,138547,0,138913,0
487110,138569,0,138931,0
487160,138581,0,138947,0
487210,138594,0,138962,2
487260,138607,0,138979,1
487310,138615,0,139000,1
487366,138636,0,139004,1
487416,138653,0,139010,0
487468,138663,0,139027,0
487519,138675,0,139040,1
487569,138689,0,139055,1
487625,138704,0,139071,0
487675,138722,0,139087,3
487726,138737,0,139108,1
487778,138752,0,139127,1
487828,138775,0,139136,2
487888,138783,0,139158,1
487939,138797,0,139176,1
487989,138812,0,139185,2
488040,138826,0,139204,1
488091,138845,0,139208,1
488143,138858,0,139272,1
488194,138870,0,139287,0
488244,138884,0,139309,1
488295,138897,0,139325,0
488349,138908,0,139340,1
488400,138927,0,139347,0
488450,138944,0,139356,2
488502,138961,0,139363,1
488552,138979,0,139375,1
488602,138990,0,139399,1
488652,139001,0,139417,1
488704,139014,0,139433,0
488758,139031,0,139448,1
488813,139048,0,139458,1
488865,139061,0,139480,0
488918,139073,0,139486,0
488968,139088,0,139540,0
489024,139101,0,139545,1
489076,139115,0,139555,1
489127,139137,0,139567,1
489178,139149,0,139573,1
489228,139172,0,139574,3
489280,139182,0,139592,0
489332,139196,0,139609,0
489383,139209,0,139621,0
489435,139221,0,139639,1
489486,139240,0,139645,1
489546,139255,0,139648,1
489596,139269,0,139671,1
489646,139284,0,139690,1
489696,139297,0,139710,0
489747,139307,0,139733,0
489797,139325,0,139745,1
489853,139342,0,139750,0
489906,139358,0,139759,1
489956,139380,0,139767,1
490009,139390,0,139784,0
490061,139403,0,139800,0
490113,139415,0,139812,1
490164,139432,0,139828,1
490217,139448,0,139837,1
490267,139461,0,139852,0
490318,139473,0,139871,0
490368,139488,0,139883,1
490422,139500,0,139901,0
490473,139513,0,139924,0
490527,139532,0,139926,1
490577,139548,0,139941,0
490629,139565,0,139955,1
490682,139582,0,139970,1
490732,139596,0,139980,0
490783,139607,0,139991,1
490834,139620,0,140012,1
490884,139637,0,140017,2
490934,139651,0,140035,0
490987,139663,0,140053,1
491041,139679,0,140081,0
491092,139696,0,140094,1
491143,139706,0,140108,1
491197,139717,0,140123,1
491250,139736,0,140126,1
491305,139757,0,140138,1
491355,139778,0,140153,0
491405,139787,0,140170,1
491457,139801,0,140183,1
491507,139814,0,140199,0
491560,139825,0,140218,1
491610,139846,0,140232,0
491660,139860,0,140245,4
491710,139871,0,140268,2
491761,139885,0,140328,0
491811,139898,0,140348,0
491861,139908,0,140377,1
491911,139924,0,140392,2
491961,139941,0,140401,3
492011,139958,0,140409,2
492061,139980,0,140418,1
492118,139988,0,140436,1
492171,140003,0,140445,0
492224,140016,0,140460,0
492276,140031,0,140472,1
492326,140049,0,140483,0
492376,140061,0,140503,0
492426,140074,0,140517,0
492479,140086,0,140529,1
492530,140101,0,140533,1
492581,140115,0,140544,1
492631,140129,0,140560,1
492682,140148,0,140567,0
492735,140166,0,140572,1
492786,140182,0,140588,1
492837,140192,0,140610,1
492887,140207,0,140619,2
492938,140219,0,140637,1
492988,140235,0,140648,1
493038,140248,0,140651,1
493088,140263,0,140712,1
493139,140276,0,140724,1
493189,140289,0,140738,1
493241,140303,0,140745,1
493291,140315,0,140754,0
493341,140333,0,140760,0
493392,140350,0,140779,1
493444,140368,0,140790,1
493497,140383,0,140807,1
493549,140396,0,140821,1
493599,140410,0,140837,1
493650,140422,0,140858,0
493703,140437,0,140873,1
493755,140452,0,140886,1
493806,140466,0,140894,1
493856,140483,0,140903,1
493907,140494,0,140917,0
493958,140507,0,140925,0
494010,140521,0,140939,1
494062,140536,0,140959,1
494118,140556,0,140967,1
494173,140577,0,140972,1
494223,140588,0,140988,0
494274,140602,0,141002,0
494330,140615,0,141023,1
494382,140632,0,141039,0
494434,140644,0,141049,1
494490,140662,0,141104,1
494540,140674,0,141118,2
494592,140688,0,141131,1
494644,140703,0,141137,1
494695,140715,0,141149,0
494745,140733,0,141189,1
494795,140748,0,141264,1
494846,140766,0,141273,1
494899,140783,0,141289,1
494949,140793,0,141306,0
495002,140810,0,141318,1
495052,140822,0,141329,2
495104,140837,0,141341,1
495155,140851,0,141354,0
495205,140865,0,141362,1
495260,140881,0,141380,1
495310,140894,0,141396,0
495361,140907,0,141458,1
495412,140920,0,141469,1
495462,140935,0,141475,1
495513,140953,0,141495,1
495566,140974,0,141506,1
495617,140987,0,141523,0
495669,141001,0,141549,0
495723,141012,0,141570,1
495774,141025,0,141580,1
495826,141040,0,141593,1
495878,141060,0,141600,4
495929,141070,0,141618,0
495982,141086,0,141633,1
496034,141098,0,141641,1
496085,141111,0,141652,0
496136,141128,0,141664,1
496186,141143,0,141680,2
496237,141163,0,141698,0
496288,141180,0,141702,1
496340,141191,0,141725,0
496390,141204,0,141736,0
496440,141216,0,141753,0
496493,141230,0,141761,1
496544,141244,0,141781,1
496597,141263,0,141796,1
496647,141275,0,141814,1
496697,141288,0,141823,1
496747,141303,0,141840,1
496798,141312,0,141863,0
496850,141331,0,141872,1
496905,141347,0,141880,1
496955,141366,0,141886,1
497005,141384,0,141899,1
497056,141393,0,141915,1
497106,141408,0,141922,1
497157,141421,0,141944,1
497209,141435,0,141950,1
497260,141450,0,141974,2
497310,141465,0,141979,0
497361,141479,0,142003,1
497414,141491,0,142022,1
497465,141507,0,142031,1
497515,141518,0,142046,1
497569,141535,0,142054,1
497621,141552,0,142071,1
497672,141571,0,142078,1
497722,141587,0,142082,0
497772,141599,0,142089,1
497823,141611,0,142103,0
497874,141624,0,142115,0
497924,141639,0,142126,0
497974,141649,0,142136,1
498024,141669,0,142142,1
498077,141684,0,142155,1
498130,141695,0,142170,1
498180,141710,0,142190,1
498234,141723,0,142195,1
498286,141738,0,142201,1
498338,141758,0,142206,1
498388,141775,0,142218,1
498439,141791,0,142248,1
498491,141803,0,142273,0
498544,141814,0,142287,1
498595,141827,0,142301,1
498647,141845,0,142312,1
498701,141859,0,142327,1
498753,141875,0,142342,1
498808,141889,0,142361,1
498859,141903,0,142373,1
498911,141914,0,142389,1
498961,141932,0,142397,1
499011,141946,0,142404,1
499063,141965,0,142421,1
499115,141985,0,142424,1
499174,141995,0,142439,1
499227,142011,0,142452,0
499277,142024,0,142474,0
499329,142040,0,142485,1
499380,142049,0,142501,1
499430,142069,0,142513,0
499484,142082,0,142525,1
499534,142097,0,142542,0
499589,142110,0,142558,0
499640,142122,0,142575,1
499690,142137,0,142582,1
499740,142154,0,142588,1
499790,142173,0,142604,1
499840,142191,0,142611,1
499892,142202,0,142621,1
499943,142213,0,142637,0
499993,142226,0,142649,1
500044,142242,0,142663,1
500095,142256,0,142679,1
500148,142272,0,142695,1
500200,142287,0,142712,0
500250,142301,0,142722,1
500304,142311,0,142751,1
500355,142324,0,142810,1
500406,142340,0,142837,1
500457,142363,0,142850,0
500507,142381,0,142910,1
500560,142391,0,142932,0
500610,142405,0,142941,1
500660,142417,0,143007,1
500710,142432,0,143021,0
500761,142447,0,143032,1
500813,142460,0,143054,1
500864,142476,0,143066,0
500915,142490,0,143078,0
500965,142504,0,143107,1
501016,142513,0,143123,1
501066,142531,0,143138,3
501116,142545,0,143161,3
501170,142562,0,143166,1
501225,142585,0,143172,0
501275,142595,0,143188,2
501325,142609,0,143199,1
501375,142624,0,143211,2
501428,142635,0,143230,0
501479,142648,0,143243,0
501529,142665,0,143259,2
501579,142681,0,143276,3
501629,142694,0,143291,1
501679,142709,0,143296,1
501729,142717,0,143308,2
501782,142730,0,143314,1
501837,142751,0,143316,1
501887,142768,0,143323,3
501937,142788,0,143326,2
501987,142797,0,143342,0
502039,142811,0,143357,0
502093,142825,0,143378,0
502143,142839,0,143432,1
502193,142853,0,143443,2
502244,142870,0,143459,1
502294,142885,0,143513,1
502346,142895,0,143533,1
502396,142910,0,143553,0
502448,142921,0,143572,1
502499,142936,0,143580,2
502550,142955,0,143594,1
502601,142970,0,143611,0
502651,142991,0,143615,1
502704,143001,0,143634,1
502754,143014,0,143647,0
502808,143028,0,143664,1
502859,143044,0,143673,1
502912,143058,0,143685,1
502967,143073,0,143691,1
503018,143090,0,143703,1
503076,143102,0,143717,1
503126,143115,0,143739,1
503178,143126,0,143753,1
503231,143149,0,143774,1
503282,143159,0,143789,1
503332,143184,0,143792,0
503382,143195,0,143798,2
503432,143209,0,143810,0
503484,143221,0,143822,1
503536,143237,0,143834,1
503589,143249,0,143851,1
503640,143266,0,143871,0
503691,143280,0,143878,1
503743,143293,0,143898,0
503799,143310,0,143908,1
503850,143321,0,143932,1
503900,143334,0,143953,1
503952,143354,0,143966,1
504003,143368,0,143986,1
504053,143383,0,143986,1
504106,143400,0,144004,0
504158,143414,0,144027,0
504209,143428,0,144044,1
504264,143439,0,144056,1
504315,143456,0,144070,1
504365,143470,0,144087,0
504416,143487,0,144094,1
504467,143500,0,144111,1
504518,143512,0,144128,0
504569,143524,0,144146,1
504621,143541,0,144151,1
504671,143558,0,144166,0
504721,143571,0,144183,0
504771,143589,0,144192,1
504822,143603,0,144209,1
504872,143615,0,144225,1
504923,143628,0,144235,0
504974,143641,0,144246,1
505024,143658,0,144256,1
505079,143674,0,144273,1
505132,143690,0,144283,0
505182,143702,0,144294,1
505232,143716,0,144306,1
505282,143725,0,144326,0
505332,143746,0,144333,2
505385,143759,0,144347,1
505435,143774,0,144406,2
505486,143790,0,144406,2
505537,143809,0,144409,1
505588,143818,0,144418,1
505642,143831,0,144424,1
505692,143846,0,144445,1
505743,143866,0,144461,0
505793,143879,0,144479,0
505843,143891,0,144500,0
505893,143904,0,144510,1
505944,143918,0,144526,0
505994,143927,0,144547,1
506048,143950,0,144553,1
506098,143963,0,144568,0
506150,143976,0,144592,1
506201,143995,0,144597,1
506251,144011,0,144609,1
506302,144024,0,144633,2
506352,144035,0,144649,2
506403,144051,0,144664,1
506454,144067,0,144683,0
506504,144082,0,144698,1
506555,144095,0,144709,1
506607,144109,0,144728,1
506658,144121,0,144740,1
506713,144131,0,144762,1
506764,144154,0,144764,1
506814,144167,0,144774,1
506865,144182,0,144787,0
506915,144197,0,144794,1
506966,144214,0,144807,0
507016,144227,0,144819,1
507067,144238,0,144829,0
507117,144255,0,144841,1
507167,144270,0,144853,1
507217,144286,0,144873,0
507268,144296,0,144892,1
507321,144312,0,144904,1
507371,144322,0,144923,0
507425,144336,0,144941,1
507475,144353,0,144941,2
507526,144371,0,144956,2
507576,144384,0,144966,1
507627,144399,0,144984,1
507677,144415,0,144991,0
507728,144428,0,145012,1
507779,144440,0,145028,1
507829,144456,0,145039,0
507880,144472,0,145047,1
507931,144487,0,145071,0
507982,144499,0,145090,0
508032,144514,0,145103,2
508082,144525,0,145125,1
508136,144537,0,145145,1
508186,144559,0,145157,2
508237,144572,0,145184,1
508288,144587,0,145195,1
508338,144604,0,145206,1
508389,144617,0,145222,0
508439,144629,0,145241,1
508490,144644,0,145252,0
508540,144660,0,145259,2
508593,144674,0,145275,1
508643,144689,0,145292,1
508694,144701,0,145314,1
508745,144717,0,145325,1
508798,144726,0,145336,0
508851,144740,0,145354,0
508902,144762,0,145358,1
508957,144776,0,145380,1
509008,144793,0,145396,0
509060,144810,0,145410,1
509110,144822,0,145431,1
509160,144835,0,145453,0
509210,144849,0,145466,0
509262,144867,0,145473,0
509312,144884,0,145487,1
509364,144894,0,145509,1
509417,144907,0,145526,1
509469,144920,0,145538,1
509523,144931,0,145561,1
509573,144947,0,145579,2
509627,144969,0,145585,1
509677,144980,0,145604,2
509732,144999,0,145607,1
509783,145016,0,145615,0
509833,145028,0,145635,1
509884,145040,0,145652,1
509938,145054,0,145662,1
509989,145073,0,145676,0
510039,145088,0,145691,0
510096,145100,0,145701,1
510147,145117,0,145713,1
510200,145126,0,145736,1
510254,145141,0,145744,1
510305,145162,0,145750,2
510357,145175,0,145769,0
510412,145190,0,145783,1
510464,145210,0,145791,1
510515,145221,0,145810,1
510565,145235,0,145830,1
510616,145246,0,145848,1
510666,145266,0,145853,1
510720,145282,0,145870,1
510770,145295,0,145882,1
510826,145308,0,145902,1
510876,145323,0,145907,0
510926,145331,0,145932,1
510978,145347,0,145940,1
511028,145368,0,145948,0
511082,145380,0,145957,1
511133,145397,0,145968,1
511183,145416,0,145978,0
511238,145425,0,145990,1
511288,145439,0,145999,1
511338,145453,0,146007,0
511388,145472,0,146017,1
511438,145487,0,146025,2
511492,145498,0,146038,1
511544,145510,0,146053,0
511594,145525,0,146070,0
511645,145536,0,146090,1
511695,145553,0,146099,2
511745,145572,0,146103,1
511795,145584,0,146113,1
511846,145602,0,146130,1
511896,145617,0,146149,0
511946,145627,0,146160,2
511996,145640,0,146161,1
512046,145655,0,146175,1
512096,145673,0,146187,1
512147,145686,0,146196,1
512197,145699,0,146208,0
512247,145711,0,146233,1
512297,145725,0,146250,0
512347,145736,0,146267,1
512398,145754,0,146273,1
512448,145772,0,146278,1
512501,145784,0,146296,1
512551,145805,0,146303,2
512601,145817,0,146309,1
512651,145827,0,146329,1
512702,145841,0,146340,3
512757,145855,0,146345,1
512807,145877,0,146356,3
512857,145888,0,146367,1
512907,145901,0,146384,0
512957,145912,0,146402,0
513007,145925,0,146421,0
513057,145940,0,146436,0
513107,145956,0,146445,1
513157,145974,0,146459,0
513207,145987,0,146470,1
513259,146007,0,146490,1
513311,146017,0,146503,0
513363,146029,0,146520,1
513413,146043,0,146534,0
513463,146057,0,146550,1
513513,146078,0,146564,1
513564,146090,0,146584,1
513621,146103,0,146596,1
513673,146116,0,146608,1
513725,146128,0,146623,1
513778,146146,0,146646,1
513828,146165,0,146665,1
513881,146175,0,146676,0
513932,146194,0,146683,0
513984,146211,0,146695,0
514036,146222,0,146706,1
514086,146233,0,146724,0
514138,146247,0,146741,1
514190,146270,0,146750,1
514240,146283,0,146762,0
514290,146296,0,146775,1
514343,146309,0,146793,1
514394,146320,0,146809,1
514446,146335,0,146828,1
514496,146351,0,146836,1
514550,146369,0,146842,1
514603,146382,0,146858,1
514654,146400,0,146862,1
514704,146414,0,146880,1
514755,146427,0,146892,0
514805,146439,0,146904,1
514856,146452,0,146910,1
514908,146474,0,146914,1
514959,146487,0,146928,1
515010,146500,0,146948,1
515060,146512,0,146967,0
515110,146525,0,146976,0
515162,146539,0,146994,1
515213,146556,0,147007,1
515263,146574,0,147023,1
515315,146584,0,147039,1
515367,146604,0,147047,0
515418,146617,0,147060,0
515472,146629,0,147076,1
515522,146644,0,147097,1
515572,146657,0,147121,1
515623,146680,0,147123,1
515676,146691,0,147142,1
515726,146704,0,147151,1
515776,146715,0,147164,0
515828,146728,0,147178,0
515880,146744,0,147185,1
515930,146761,0,147200,0
515987,146775,0,147212,0
516037,146789,0,147222,1
516087,146811,0,147225,1
516137,146821,0,147244,0
516190,146832,0,147262,1
516241,146845,0,147279,1
516292,146864,0,147289,1
516342,146883,0,147293,1
516392,146895,0,147314,0
516448,146907,0,147329,1
516499,146920,0,147345,1
516551,146931,0,147361,0
516601,146951,0,147364,2
516653,146966,0,147382,1
516706,146978,0,147398,1
516760,146992,0,147404,1
516813,147016,0,147418,1
516864,147027,0,147432,0
516914,147039,0,147449,0
516964,147053,0,147464,1
517018,147067,0,147468,1
517069,147090,0,147488,0
517119,147101,0,147500,1
517171,147113,0,147515,1
517221,147127,0,147529,0
517271,147137,0,147544,1
517325,147158,0,147549,1
517375,147175,0,147564,2
517427,147185,0,147589,1
517478,147199,0,147603,1
517529,147218,0,147611,1
517584,147231,0,147642,1
517641,147245,0,147663,1
517691,147260,0,147679,1
517742,147278,0,147692,2
517793,147295,0,147704,0
517843,147306,0,147720,0
517893,147319,0,147735,1
517948,147329,0,147751,1
517998,147346,0,147761,0
518048,147364,0,147811,1
518100,147377,0,147824,1
518161,147392,0,147835,1
518211,147413,0,147838,1
518261,147427,0,147853,1
518311,147439,0,147861,1
518361,147450,0,147882,0
518411,147465,0,147889,1
518461,147487,0,147899,1
518512,147497,0,147914,1
518562,147508,0,147927,2
518614,147525,0,147942,1
518665,147532,0,147972,0
518715,147548,0,147983,1
518765,147568,0,147995,1
518817,147580,0,148022,1
518867,147593,0,148033,1
518917,147612,0,148038,2
518967,147627,0,148051,0
519017,147640,0,148117,1
519068,147651,0,148133,1
519120,147666,0,148149,0
519171,147685,0,148153,1
519222,147700,0,148166,1
519275,147712,0,148181,1
519332,147727,0,148191,1
519383,147737,0,148198,1
519436,147757,0,148204,1
519486,147775,0,148223,0
519536,147787,0,148234,1
519586,147800,0,148261,0
519636,147819,0,148266,1
519686,147830,0,148287,1
519744,147844,0,148292,0
519794,147860,0,148299,1
519845,147872,0,148308,2
519895,147892,0,148317,1
519949,147905,0,148328,1
519999,147918,0,148343,2
520049,147928,0,148362,0
520105,147944,0,148376,1
520155,147965,0,148389,1
520205,147977,0,148402,0
520255,147990,0,148413,0
520307,148004,0,148431,1
520361,148024,0,148443,0
520411,148034,0,148455,1
520462,148048,0,148468,1
520512,148061,0,148482,2
520562,148078,0,148492,1
520613,148096,0,148504,0
520666,148107,0,148523,1
520717,148125,0,148539,2
520768,148133,0,148562,1
520819,148146,0,148574,1
520872,148167,0,148588,1
520922,148179,0,148599,0
520973,148193,0,148662,1
521024,148212,0,148676,1
521076,148228,0,148692,1
521128,148240,0,148701,1
521179,148253,0,148715,1
521229,148266,0,148730,0
521283,148286,0,148743,1
521334,148302,0,148754,0
521387,148314,0,148775,1
521439,148327,0,148791,1
521490,148338,0,148809,1
521542,148355,0,148818,1
521592,148372,0,148833,2
521643,148387,0,148849,0
521695,148400,0,148863,0
521746,148421,0,148873,1
521798,148431,0,148887,1
521848,148444,0,148904,0
521899,148456,0,148917,1
521952,148471,0,148934,0
522002,148488,0,148948,0
522053,148506,0,148950,1
522104,148519,0,148965,1
522161,148529,0,148984,1
522212,148545,0,149005,1
522264,148561,0,149008,1
522314,148577,0,149021,0
522365,148591,0,149034,0
522418,148606,0,149051,1
522469,148624,0,149051,1
522519,148636,0,149075,2
522570,148650,0,149095,1
522621,148662,0,149107,1
522673,148679,0,149112,3
522723,148697,0,149125,1
522774,148709,0,149141,1
522824,148726,0,149152,2
522874,148733,0,149175,1
522924,148747,0,149189,1
522974,148766,0,149194,1
523026,148779,0,149218,0
523078,148792,0,149227,1
523128,148808,0,149236,0
523179,148827,0,149240,1
523230,148836,0,149255,1
523281,148852,0,149264,0
523331,148863,0,149277,1
523383,148884,0,149287,1
523434,148898,0,149308,0
523484,148911,0,149335,1
523535,148926,0,149355,0
523586,148935,0,149377,1
523636,148948,0,149390,1
523689,148969,0,149406,0
523742,148982,0,149421,0
523794,148996,0,149436,1
523844,149013,0,149449,1
523896,149030,0,149457,1
523946,149044,0,149482,2
523996,149054,0,149494,0
524046,149068,0,149515,0
524097,149086,0,149521,1
524147,149101,0,149528,0
524203,149115,0,149542,0
524253,149128,0,149560,0
524303,149138,0,149575,1
524353,149154,0,149585,2
524404,149171,0,149597,1
524455,149187,0,149604,1
524505,149200,0,149615,2
524555,149216,0,149628,1
524605,149231,0,149645,0
524655,149244,0,149661,0
524706,149255,0,149681,0
524756,149270,0,149694,2
524806,149286,0,149704,1
524857,149302,0,149712,1
524907,149315,0,149744,0
524957,149328,0,149764,0
525007,149340,0,149785,2
525059,149353,0,149796,1
525109,149372,0,149802,1
525163,149384,0,149807,1
525215,149401,0,149821,0
525267,149419,0,149836,1
525320,149432,0,149848,0
525370,149448,0,149871,1
525421,149458,0,149889,1
525472,149474,0,149896,1
525522,149492,0,149899,2
525572,149507,0,149908,1
525622,149519,0,149927,1
525672,149532,0,149939,1
525727,149545,0,149966,1
525778,149565,0,149975,2
525828,149576,0,149986,1
525878,149587,0,149994,1
525928,149605,0,149998,3
525981,149624,0,150017,1
526031,149635,0,150026,0
526084,149651,0,150037,1
526135,149661,0,150054,1
526185,149677,0,150071,0
526235,149694,0,150082,1
526291,149710,0,150095,1
526342,149723,0,150104,1
526393,149733,0,150123,1
526447,149749,0,150139,1
526497,149769,0,150151,0
526547,149782,0,150166,0
526597,149790,0,150235,1
526647,149811,0,150239,0
526699,149828,0,150248,1
526749,149841,0,150268,1
526799,149854,0,150287,0
526851,149867,0,150299,1
526902,149881,0,150326,1
526953,149901,0,150335,1
527003,149915,0,150358,0
527055,149927,0,150374,0
527105,149936,0,150386,3
527156,149952,0,150400,1
527206,149970,0,150415,1
527256,149982,0,150431,0
527308,149995,0,150449,1
527359,150012,0,150454,1
527409,150029,0,150454,1
527459,150044,0,150471,0
527509,150055,0,150485,0
527560,150067,0,150496,1
527612,150084,0,150509,1
527662,150103,0,150513,0
527712,150115,0,150527,0
527762,150128,0,150545,0
527816,150140,0,150571,1
527866,150155,0,150585,2
527918,150173,0,150595,1
527968,150183,0,150621,0
528018,150199,0,150631,2
528069,150214,0,150647,1
528123,150232,0,150664,0
528173,150246,0,150670,1
528223,150256,0,150695,0
528273,150270,0,150707,1
528323,150287,0,150723,0
528375,150305,0,150738,1
528425,150316,0,150751,0
528477,150329,0,150781,1
528528,150344,0,150800,0
528578,150356,0,150809,1
528629,150374,0,150826,1
528685,150386,0,150845,1
528736,150401,0,150860,0
528788,150420,0,150872,1
528839,150433,0,150894,0
528890,150451,0,150902,1
528940,150459,0,150925,0
528991,150474,0,150927,1
529042,150492,0,150929,0
529097,150509,0,150939,1
529147,150522,0,150958,0
529197,150533,0,150997,1
529249,150547,0,151011,1
529301,150563,0,151022,1
529352,150582,0,151037,1
529402,150589,0,151063,0
529453,150604,0,151082,2
529504,150626,0,151098,1
529554,150639,0,151121,0
529604,150654,0,151132,0
529654,150661,0,151154,1
529704,150678,0,151165,2
529754,150697,0,151178,1
529805,150713,0,151202,1
529856,150724,0,151208,1
529909,150733,0,151231,0
529961,150750,0,151250,1
530012,150765,0,151268,1
530066,150783,0,151275,1
530117,150794,0,151286,1
530167,150811,0,151301,1
530217,150830,0,151305,1
530268,150841,0,151326,2
530320,150856,0,151344,1
530370,150867,0,151362,1
530420,150883,0,151374,3
530474,150901,0,151383,1
530526,150915,0,151392,1
530577,150928,0,151415,0
530629,150939,0,151434,1
530679,150955,0,151445,1
530730,150973,0,151463,0
530780,150984,0,151478,1
530832,151000,0,151489,1
530883,151017,0,151503,1
530933,151032,0,151510,0
530983,151044,0,151517,1
531033,151058,0,151531,1
531085,151070,0,151543,1
531137,151089,0,151552,0
531188,151105,0,151569,1
531238,151119,0,151581,1
531288,151130,0,151604,0
531339,151145,0,151620,3
531389,151157,0,151636,1
531442,151175,0,151639,0
531492,151187,0,151654,1
531542,151201,0,151677,0
531596,151220,0,151688,1
531646,151233,0,151706,0
531700,151248,0,151726,1
531750,151260,0,151742,1
531803,151274,0,151762,1
531853,151293,0,151762,1
531903,151309,0,151784,1
531953,151322,0,151794,0
532006,151333,0,151811,0
532056,151348,0,151833,0
532108,151363,0,151848,1
532158,151379,0,151861,1
532208,151390,0,151880,0
532258,151402,0,151900,1
532311,151424,0,151915,1
532363,151436,0,151942,0
532413,151455,0,151953,2
532463,151462,0,151971,1
532513,151475,0,151980,1
532563,151492,0,152032,3
532614,151511,0,152036,1
532664,151525,0,152053,1
532718,151534,0,152066,1
532768,151550,0,152090,0
532819,151566,0,152102,1
532871,151582,0,152107,1
532921,151593,0,152123,3
532971,151608,0,152138,1
533021,151629,0,152149,1
533071,151637,0,152161,1
533123,151656,0,152172,1
533176,151664,0,152198,1
533227,151680,0,152210,1
533277,151700,0,152219,3
533331,151714,0,152227,0
533384,151729,0,152235,1
533444,151737,0,152251,1
533502,151757,0,152263,1
533553,151776,0,152274,1
533604,151786,0,152294,0
533655,151801,0,152309,0
533705,151822,0,152317,1
533757,151834,0,152340,0
533809,151849,0,152354,1
533859,151861,0,152374,1
533912,151874,0,152395,0
533965,151888,0,152418,1
534017,151908,0,152425,1
534067,151920,0,152439,1
534120,151934,0,152444,1
534170,151948,0,152452,1
534222,151965,0,152460,1
534273,151982,0,152476,1
534327,151992,0,152502,1
534377,152005,0,152512,1
534431,152027,0,152515,1
534483,152039,0,152537,1
534535,152056,0,152554,0
534588,152066,0,152574,1
534638,152084,0,152586,0
534690,152101,0,152601,1
534741,152116,0,152620,1
534791,152127,0,152639,1
534844,152136,0,152652,0
534894,152155,0,152655,1
534945,152173,0,152663,1
534999,152185,0,152683,1
535052,152201,0,152691,1
535102,152218,0,152708,1
535153,152234,0,152730,1
535203,152247,0,152746,1
535254,152259,0,152765,1
535307,152272,0,152775,1
535357,152287,0,152785,0
535409,152305,0,152801,1
535464,152318,0,152817,1
535514,152333,0,152822,0
535565,152341,0,152839,1
535616,152360,0,152853,0
535668,152378,0,152859,1
535722,152389,0,152873,1
535773,152403,0,152884,0
535827,152424,0,152889,1
535877,152437,0,152902,0
535927,152454,0,152916,3
535978,152464,0,152930,1
536029,152477,0,152953,1
536080,152493,0,152963,1
536136,152510,0,152977,1
536189,152524,0,152995,1
536240,152536,0,153001,1
536290,152552,0,153018,1
536340,152564,0,153023,1
536393,152584,0,153023,1
536444,152597,0,153047,2
536494,152608,0,153069,0
536544,152631,0,153077,2
536602,152645,0,153094,1
536652,152657,0,153110,1
536702,152668,0,153121,0
536752,152686,0,153135,1
536804,152699,0,153146,1
536855,152717,0,153162,0
536905,152728,0,153175,3
536955,152737,0,153197,0
537006,152756,0,153209,0
537061,152768,0,153227,1
537111,152786,0,153234,0
537162,152801,0,153245,0
537213,152815,0,153266,1
537263,152835,0,153280,1
537313,152849,0,153300,1
537364,152857,0,153318,0
537415,152874,0,153333,2
537465,152887,0,153345,0
537516,152903,0,153360,1
537569,152918,0,153376,1
537619,152933,0,153399,1
537669,152940,0,153430,1
537719,152960,0,153437,1
537770,152972,0,153454,1
537822,152988,0,153461,1
537872,153003,0,153478,1
537925,153018,0,153492,1
537975,153037,0,153506,1
538028,153051,0,153521,1
538078,153062,0,153528,1
538134,153076,0,153546,1
538184,153090,0,153555,1
538234,153109,0,153570,1
538288,153122,0,153586,0
538338,153134,0,153606,0
538388,153145,0,153621,1
538438,153162,0,153629,0
538489,153177,0,153647,1
538545,153192,0,153659,1
538595,153208,0,153668,1
538645,153227,0,153675,2
538696,153242,0,153692,1
538746,153255,0,153704,0
538797,153267,0,153721,1
538847,153280,0,153741,2
538897,153294,0,153755,1
538949,153313,0,153756,1
538999,153325,0,153773,0
539050,153336,0,153806,0
539101,153350,0,153874,1
539152,153366,0,153884,0
539203,153382,0,153896,2
539253,153393,0,153906,1
539304,153409,0,153914,0
539354,153430,0,153915,1
539405,153445,0,153927,1
539457,153456,0,153942,1
539513,153469,0,153951,1
539565,153483,0,153965,1
539616,153500,0,153980,0
539666,153517,0,153988,0
539718,153527,0,154010,1
539773,153539,0,154024,1
539824,153559,0,154041,0
539875,153570,0,154058,1
539926,153588,0,154074,0
539976,153601,0,154096,1
540035,153613,0,154115,1
540085,153635,0,154115,2
540136,153651,0,154129,1
540186,153663,0,154192,0
540237,153676,0,154202,1
540288,153690,0,154210,0
540340,153708,0,154222,0
540391,153721,0,154233,0
540442,153734,0,154257,0
540493,153745,0,154275,0
540544,153763,0,154283,0
540594,153774,0,154308,1
540644,153791,0,154313,0
540694,153805,0,154332,0
540745,153817,0,154351,1
540796,153839,0,154356,2
540847,153855,0,154359,1
540899,153866,0,154373,1
540953,153878,0,154388,1
541005,153895,0,154411,0
541055,153912,0,154424,2
541106,153923,0,154435,1
541156,153937,0,154442,1
541208,153950,0,154460,0
541259,153966,0,154468,1
541310,153980,0,154488,1
541361,153994,0,154499,1
541411,154009,0,154517,0
541462,154027,0,154532,1
541512,154042,0,154544,1
541562,154056,0,154561,0
541614,154068,0,154586,0
541670,154081,0,154598,1
541720,154101,0,154606,1
541773,154113,0,154623,1
541824,154128,0,154637,1
541891,154139,0,154659,1
541941,154160,0,154671,0
541992,154173,0,154694,0
542042,154190,0,154698,1
542093,154205,0,154712,0
542145,154215,0,154727,1
542195,154232,0,154733,1
542245,154252,0,154749,1
542295,154264,0,154766,0
542345,154276,0,154796,0
542397,154289,0,154802,1
542448,154307,0,154814,0
542500,154322,0,154836,1
542552,154335,0,154851,0
542603,154342,0,154872,1
542655,154365,0,154877,1
542710,154376,0,154892,1
542761,154393,0,154904,0
542812,154409,0,154912,1
542865,154420,0,154926,1
542915,154441,0,154931,1
542966,154457,0,154943,0
543017,154468,0,154973,0
543069,154479,0,154993,0
543119,154498,0,154995,1
543170,154512,0,155001,0
543220,154526,0,155029,0
543273,154538,0,155052,0
543323,154551,0,155065,1
543376,154568,0,155078,1
543427,154579,0,155093,1
543482,154600,0,155102,1
543532,154612,0,155114,1
543582,154624,0,155133,1
543634,154646,0,155134,1
543685,154661,0,155152,1
543735,154674,0,155170,1
543790,154683,0,155188,1
543840,154702,0,155198,1
543891,154719,0,155211,1
543944,154731,0,155226,1
543994,154739,0,155259,0
544046,154758,0,155264,1
544099,154774,0,155275,1
544150,154789,0,155292,1
544200,154804,0,155309,0
544254,154813,0,155336,1
544307,154835,0,155343,1
544358,154854,0,155353,1
544409,154868,0,155379,0
544460,154878,0,155390,1
544510,154891,0,155406,1
544560,154909,0,155419,0
544611,154922,0,155428,1
544664,154937,0,155441,0
544714,154942,0,155455,1
544767,154963,0,155464,1
544818,154977,0,155486,1
544869,154994,0,155494,1
544920,155009,0,155505,0
544971,155019,0,155524,1
545024,155040,0,155538,1
545074,155057,0,155545,0
545124,155069,0,155563,1
545176,155079,0,155586,0
545230,155097,0,155601,1
545282,155114,0,155616,1
545333,155129,0,155629,1
545383,155138,0,155657,0
545433,155148,0,155719,1
545484,155169,0,155726,1
545538,155179,0,155743,1
545588,155201,0,155744,0
545638,155212,0,155764,0
545688,155226,0,155776,1
545740,155245,0,155785,0
545790,155261,0,155803,0
545840,155273,0,155820,0
545892,155282,0,155833,0
545942,155302,0,155854,1
545993,155318,0,155860,1
546046,155331,0,155879,1
546096,155339,0,155897,1
546147,155351,0,155915,1
546197,155373,0,155921,1
546253,155382,0,155947,1
546305,155404,0,155954,0
546355,155412,0,155972,0
546407,155432,0,155976,1
546458,155452,0,155989,1
546508,155466,0,156000,1
546558,155477,0,156023,0
546610,155490,0,156045,1
546661,155504,0,156057,2
546716,155521,0,156072,1
546767,155537,0,156079,0
546818,155541,0,156111,1
546869,155557,0,156116,1
546920,155576,0,156126,0
546971,155589,0,156142,1
547021,155609,0,156147,0
547071,155616,0,156171,0
547124,155637,0,156181,1
547175,155657,0,156186,1
547225,155669,0,156214,1
547275,155679,0,156226,0
547326,155693,0,156237,1
547380,155710,0,156251,1
547430,155726,0,156258,1
547480,155738,0,156284,0
547533,155743,0,156308,1
547587,155760,0,156319,1
547639,155779,0,156334,1
547690,155796,0,156359,1
547741,155812,0,156372,2
547791,155820,0,156381,1
547843,155842,0,156392,1
547896,155860,0,156407,1
547947,155872,0,156420,1
548002,155883,0,156441,1
548055,155901,0,156451,0
548105,155917,0,156464,2
548155,155931,0,156482,1
548205,155939,0,156500,0
548257,155949,0,156517,1
548309,155972,0,156524,1
548361,155983,0,156542,1
548412,156003,0,156552,1
548462,156012,0,156571,0
548513,156030,0,156582,4
548563,156048,0,156634,1
548613,156065,0,156649,0
548663,156077,0,156668,0
548713,156085,0,156679,1
548764,156103,0,156684,1
548814,156119,0,156708,0
548870,156135,0,156718,1
548920,156141,0,156745,1
548971,156153,0,156764,1
549021,156176,0,156766,2
549071,156185,0,156788,1
549121,156204,0,156797,0
549173,156214,0,156818,0
549223,156232,0,156828,1
549283,156252,0,156834,1
549333,156269,0,156840,0
549383,156279,0,156856,0
549435,156294,0,156870,0
549487,156311,0,156930,1
549538,156327,0,156937,2
549594,156338,0,156958,0
549645,156347,0,156971,1
549696,156359,0,156984,1
549753,156379,0,156985,1
549804,156398,0,156989,1
549854,156412,0,157008,0
549904,156423,0,157030,1
549955,156443,0,157032,0
550005,156463,0,157039,2
550059,156473,0,157059,1
550109,156483,0,157075,0
550166,156502,0,157087,1
550217,156517,0,157101,1
550268,156532,0,157112,1
550318,156540,0,157130,1
550368,156552,0,157156,1
550418,156571,0,157173,2
550475,156583,0,157190,1
550530,156606,0,157192,1
550581,156617,0,157211,0
550632,156628,0,157227,1
550683,156650,0,157227,2
550733,156669,0,157241,1
550783,156679,0,157263,1
550834,156694,0,157277,1
550884,156706,0,157298,1
550939,156722,0,157309,1
550997,156738,0,157323,0
551047,156746,0,157339,1
551098,156759,0,157360,1
551150,156778,0,157376,0
551201,156792,0,157387,1
551251,156810,0,157387,1
551302,156821,0,157396,1
551353,156834,0,157401,2
551404,156859,0,157405,1
551455,156872,0,157418,1
551508,156883,0,157434,1
551566,156901,0,157450,0
551616,156916,0,157460,0
551666,156931,0,157473,1
551716,156939,0,157487,0
551769,156950,0,157503,1
551819,156969,0,157518,3
551870,156980,0,157535,1
551922,156998,0,157542,1
551973,157014,0,157557,1
552023,157026,0,157578,1
552073,157043,0,157602,1
552126,157065,0,157609,0
552176,157076,0,157625,1
552228,157086,0,157634,1
552282,157105,0,157639,1
552333,157119,0,157661,1
552384,157135,0,157671,1
552434,157142,0,157701,0
552484,157153,0,157715,1
552539,157173,0,157717,1
552589,157186,0,157734,1
552640,157201,0,157747,1
552691,157218,0,157752,0
552742,157229,0,157759,1
552792,157247,0,157775,1
552845,157267,0,157786,1
552895,157280,0,157796,1
552947,157292,0,157807,1
552997,157309,0,157816,1
553049,157324,0,157842,1
553099,157338,0,157850,0
553151,157345,0,157869,0
553206,157359,0,157892,1
553257,157378,0,157898,1
553308,157392,0,157916,1
553358,157408,0,157933,1
553408,157422,0,157946,1
553462,157433,0,157967,1
553512,157455,0,157983,1
553565,157470,0,157999,1
553617,157483,0,158009,1
553667,157500,0,158023,1
553718,157515,0,158037,1
553771,157530,0,158052,1
553821,157539,0,158070,0
553877,157550,0,158081,1
553927,157566,0,158086,1
553977,157581,0,158100,0
554027,157597,0,158111,0
554077,157614,0,158124,1
554127,157624,0,158193,0
554180,157637,0,158212,1
554231,157659,0,158212,1
554282,157675,0,158233,1
554332,157686,0,158252,1
554383,157703,0,158261,1
554436,157718,0,158272,1
554486,157734,0,158275,1
554537,157742,0,158293,0
554592,157753,0,158307,1
554642,157770,0,158317,3
554695,157783,0,158325,1
554745,157801,0,158334,1
554796,157818,0,158347,1
554848,157830,0,158359,1
554898,157843,0,158369,1
554948,157867,0,158375,2
554998,157879,0,158383,1
555048,157892,0,158394,2
555100,157906,0,158410,1
555150,157922,0,158419,0
555201,157937,0,158431,1
555251,157945,0,158448,1
555302,157955,0,158461,0
555353,157972,0,158468,1
555403,157986,0,158480,1
555453,158003,0,158493,0
555504,158019,0,158499,1
555555,158030,0,158518,0
555610,158047,0,158529,1
555665,158069,0,158537,1
555718,158082,0,158549,0
555771,158095,0,158559,1
555822,158115,0,158576,0
555875,158129,0,158599,0
555927,158139,0,158616,0
555979,158147,0,158634,1
556029,158159,0,158655,1
556079,158178,0,158657,2
556129,158197,0,158674,1
556181,158211,0,158685,1
556231,158224,0,158698,1
556281,158236,0,158730,0
556331,158257,0,158735,1
556383,158270,0,158747,0
556437,158285,0,158760,0
556488,158302,0,158766,1
556539,158317,0,158780,0
556590,158333,0,158787,1
556643,158342,0,158801,0
556693,158352,0,158824,3
556747,158363,0,158844,1
556799,158384,0,158856,1
556849,158401,0,158868,1
556899,158417,0,158885,1
556949,158430,0,158904,1
556999,158441,0,158926,0
557049,158465,0,158949,3
557106,158474,0,158964,1
557156,158489,0,158972,1
557207,158506,0,158980,0
557259,158523,0,158991,1
557309,158537,0,159007,1
557360,158545,0,159031,1
557410,158555,0,159049,0
557461,158568,0,159065,1
557511,158587,0,159081,0
557561,158605,0,159084,1
557614,158622,0,159139,1
557665,158632,0,159157,1
557716,158649,0,159163,1
557766,158667,0,159176,0
557817,158677,0,159195,0
557867,158691,0,159210,1
557917,158707,0,159222,1
557968,158726,0,159237,0
558020,158738,0,159253,1
558070,158746,0,159264,0
558125,158757,0,159290,1
558175,158772,0,159303,1
558226,158789,0,159310,1
558278,158808,0,159319,1
558328,158822,0,159330,2
558379,158836,0,159341,0
558430,158854,0,159406,1
558482,158870,0,159424,1
558532,158883,0,159438,0
558582,158897,0,159449,3
558632,158910,0,159468,1
558682,158930,0,159474,1
558732,158940,0,159497,1
558784,158947,0,159511,1
558834,158959,0,159527,1
558887,158974,0,159543,1
558938,158992,0,159558,1
558989,159010,0,159565,1
559039,159023,0,159584,0
559089,159036,0,159607,0
559140,159056,0,159611,1
559193,159071,0,159626,1
559243,159085,0,159639,0
559294,159099,0,159652,1
559348,159112,0,159665,1
559398,159134,0,159673,1
559449,159141,0,159689,1
559499,159151,0,159703,1
559549,159162,0,159728,0
559600,159181,0,159731,2
559650,159195,0,159748,1
559700,159212,0,159758,0
559751,159226,0,159771,1
559801,159241,0,159773,2
559851,159258,0,159790,1
559901,159272,0,159803,1
559951,159286,0,159816,0
560002,159301,0,159829,1
560054,159314,0,159848,1
560104,159335,0,159858,1
560154,159342,0,159877,1
560204,159353,0,159907,1
560256,159363,0,159926,1
560311,159380,0,159938,1
560362,159398,0,159953,1
560412,159413,0,159960,0
560462,159427,0,159972,0
560512,159444,0,159981,1
560564,159461,0,159986,1
560614,159475,0,160000,0
560665,159490,0,160015,1
560717,159505,0,160029,0
560767,159519,0,160035,2
560817,159537,0,160045,1
560867,159545,0,160058,1
560922,159556,0,160076,1
560972,159564,0,160098,1
561022,159584,0,160103,2
561072,159599,0,160117,1
561123,159615,0,160133,1
561173,159631,0,160144,2
561226,159649,0,160152,1
561276,159663,0,160166,1
561328,159678,0,160174,1
561378,159692,0,160186,0
561429,159706,0,160191,1
561483,159723,0,160211,1
561533,159738,0,160229,0
561584,159746,0,160252,0
561634,159758,0,160263,0
561684,159768,0,160273,1
561735,159786,0,160289,1
561786,159804,0,160307,1
561839,159822,0,160322,1
561890,159834,0,160337,1
561940,159851,0,160345,2
561992,159867,0,160350,1
562044,159881,0,160364,1
562094,159896,0,160373,1
562144,159911,0,160390,0
562197,159926,0,160396,1
562252,159941,0,160401,1
562303,159950,0,160419,1
562354,159962,0,160437,1
562407,159973,0,160454,1
562463,159992,0,160466,1
562514,160013,0,160481,0
562564,160027,0,160500,0
562616,160041,0,160522,1
562666,160058,0,160535,1
562716,160075,0,160544,0
562767,160088,0,160563,1
562817,160103,0,160586,2
562872,160115,0,160600,1
562922,160133,0,160614,1
562976,160145,0,160624,1
563029,160154,0,160635,1
563079,160165,0,160647,1
563131,160184,0,160658,1
563181,160199,0,160668,1
563233,160215,0,160674,1
563283,160233,0,160694,1
563334,160247,0,160703,0
563387,160264,0,160725,1
563439,160278,0,160743,0
563489,160294,0,160751,1
563539,160306,0,160768,1
563590,160321,0,160780,1
563640,160338,0,160797,1
563690,160346,0,160820,0
563740,160355,0,160847,0
563790,160368,0,160862,0
563846,160386,0,160872,1
563899,160407,0,160875,1
563949,160423,0,160890,0
564000,160435,0,160899,1
564052,160453,0,160910,1
564102,160466,0,160915,1
564152,160481,0,160935,1
564202,160496,0,160944,0
564252,160511,0,160956,1
564303,160526,0,160969,1
564355,160541,0,160987,1
564406,160549,0,161014,0
564456,160561,0,161028,1
564506,160572,0,161053,1
564558,160588,0,161070,1
564608,160605,0,161072,1
564658,160623,0,161075,2
564708,160636,0,161095,0
564758,160653,0,161104,1
564808,160667,0,161113,1
564858,160682,0,161135,1
564908,160698,0,161149,1
564959,160711,0,161166,1
565011,160727,0,161179,1
565062,160741,0,161190,0
565115,160751,0,161211,1
565165,160763,0,161228,1
565215,160774,0,161245,1
565266,160791,0,161254,1
565316,160808,0,161274,1
565366,160826,0,161283,2
565419,160837,0,161303,1
565469,160858,0,161312,1
565521,160871,0,161328,1
565571,160883,0,161333,0
565621,160902,0,161348,2
565671,160914,0,161354,1
565725,160931,0,161364,1
565778,160942,0,161387,1
565830,160953,0,161401,1
565881,160964,0,161410,1
565934,160978,0,161418,1
565991,160995,0,161435,1
566042,161015,0,161486,1
566094,161032,0,161500,1
566144,161045,0,161518,1
566196,161060,0,161526,1
566246,161077,0,161531,2
566298,161092,0,161547,1
566353,161106,0,161565,1
566405,161124,0,161579,1
566456,161140,0,161596,0
566506,161149,0,161614,1
566557,161158,0,161630,0
566607,161170,0,161687,1
566657,161186,0,161708,0
566708,161202,0,161725,0
566758,161220,0,161738,0
566810,161235,0,161749,1
566860,161247,0,161768,0
566910,161266,0,161782,0
566961,161281,0,161799,1
567011,161295,0,161816,1
567064,161309,0,161832,1
567114,161327,0,161837,0
567167,161341,0,161847,1
567218,161351,0,161861,1
567270,161363,0,161883,1
567321,161374,0,161906,0
567371,161389,0,161920,1
567421,161404,0,161931,1
567471,161421,0,161931,1
567521,161437,0,161943,1
567571,161449,0,161951,1
567621,161470,0,161959,4
567674,161482,0,161974,0
567724,161500,0,161984,1
567774,161512,0,162009,1
567827,161528,0,162020,1
567879,161541,0,162043,0
567929,161551,0,162063,0
567981,161563,0,162077,0
568032,161575,0,162103,0
568082,161594,0,162114,1
568132,161609,0,162122,3
568182,161626,0,162132,3
568232,161639,0,162153,1
568282,161653,0,162176,2
568335,161672,0,162189,1
568390,161685,0,162198,1
568442,161704,0,162211,1
568493,161716,0,162228,1
568547,161736,0,162243,1
568597,161746,0,162265,1
568648,161756,0,162289,1
568698,161765,0,162306,0
568754,161780,0,162322,1
568804,161799,0,162333,2
568854,161815,0,162348,1
568904,161831,0,162353,1
568959,161845,0,162368,1
569010,161862,0,162386,1
569060,161878,0,162396,1
569111,161893,0,162419,1
569162,161908,0,162428,0
569213,161920,0,162439,1
569263,161938,0,162452,1
569315,161950,0,162475,1
569367,161960,0,162494,1
569417,161972,0,162509,1
569470,161985,0,162528,1
569524,162001,0,162545,1
569576,162020,0,162548,1
569627,162036,0,162548,1
569683,162050,0,162554,1
569734,162068,0,162570,2
569784,162084,0,162577,1
569837,162100,0,162590,1
569890,162114,0,162604,1
569940,162131,0,162624,1
569995,162145,0,162647,1
570045,162155,0,162659,1
570096,162165,0,162675,1
570147,162176,0,162693,1
570198,162194,0,162695,1
570248,162207,0,162709,1
570298,162224,0,162716,1
570348,162243,0,162731,1
570401,162257,0,162741,1
570453,162276,0,162758,1
570503,162288,0,162778,1
570555,162303,0,162784,1
570606,162316,0,162793,1
570657,162336,0,162806,0
570707,162347,0,162818,2
570758,162357,0,162837,0
570808,162366,0,162859,1
570858,162380,0,162877,2
570908,162395,0,162884,1
570958,162410,0,162903,1
571008,162427,0,162913,1
571058,162444,0,162925,0
571108,162459,0,162941,1
571160,162475,0,162950,1
571211,162489,0,162961,2
571261,162504,0,162973,1
571311,162519,0,162990,3
571367,162537,0,162998,1
571418,162549,0,163015,1
571468,162559,0,163028,1
571521,162570,0,163040,1
571571,162583,0,163055,1
571627,162599,0,163061,1
571681,162617,0,163077,1
571733,162635,0,163099,1
571783,162649,0,163126,0
571835,162664,0,163139,0
571885,162683,0,163148,0
571935,162695,0,163172,0
571985,162713,0,163184,0
572043,162725,0,163203,1
572094,162742,0,163227,0
572147,162752,0,163245,0
572200,162764,0,163253,0
572251,162776,0,163273,1
572302,162790,0,163283,1
572355,162807,0,163285,1
572405,162825,0,163287,5
572460,162844,0,163307,1
572510,162858,0,163322,2
572561,162873,0,163343,1
572611,162888,0,163356,2
572663,162903,0,163371,1
572713,162916,0,163377,1
572764,162936,0,163384,3
572814,162948,0,163410,1
572866,162955,0,163429,0
572918,162969,0,163442,1
572968,162980,0,163455,1
573018,162994,0,163473,0
573070,163011,0,163479,1
573122,163031,0,163493,0
573172,163047,0,163509,1
573222,163059,0,163518,1
573273,163076,0,163536,1
573324,163091,0,163553,1
573374,163108,0,163563,1
573425,163120,0,163574,2
573476,163137,0,163591,1
573526,163150,0,163601,1
573576,163156,0,163633,1
573626,163170,0,163642,1
573676,163180,0,163664,0
573730,163194,0,163681,0
573783,163215,0,163684,1
573833,163234,0,163685,1
573886,163249,0,163692,0
573936,163264,0,163709,0
573986,163279,0,163723,1
574038,163295,0,163731,1
574096,163311,0,163749,1
574151,163323,0,163763,1
574201,163342,0,163778,0
574253,163353,0,163796,1
574308,163365,0,163812,1
574360,163377,0,163830,0
574415,163391,0,163838,1
574465,163407,0,163852,1
574515,163424,0,163868,2
574565,163444,0,163869,2
574615,163452,0,163880,1
574671,163469,0,163880,1
574722,163490,0,163885,1
574775,163505,0,163896,1
574828,163518,0,163915,1
574882,163538,0,163930,1
574934,163550,0,163942,0
574985,163556,0,163974,0
575036,163571,0,163979,1
575090,163582,0,163995,1
575144,163597,0,164004,1
575197,163617,0,164007,1
575249,163634,0,164019,1
575299,163650,0,164029,0
575351,163659,0,164048,1
575402,163681,0,164056,1
575452,163697,0,164065,0
575506,163713,0,164080,1
575560,163724,0,164095,1
575611,163743,0,164102,1
575663,163755,0,164115,1
575716,163765,0,164130,1
575769,163778,0,164140,1
575819,163791,0,164144,1
575871,163809,0,164153,2
575922,163824,0,164170,1
575972,163841,0,164173,1
576022,163853,0,164184,1
576072,163870,0,164196,3
576122,163888,0,164205,0
576174,163903,0,164221,1
576224,163917,0,164242,1
576277,163927,0,164258,1
576327,163945,0,164268,0
576377,163955,0,164274,0
576428,163968,0,164295,1
576478,163980,0,164302,1
576528,163994,0,164311,1
576583,164009,0,164322,1
576634,164027,0,164330,1
576693,164046,0,164342,1
576746,164056,0,164357,1
576799,164077,0,164371,1
576850,164096,0,164378,1
576906,164111,0,164390,1
576956,164123,0,164406,0
577006,164137,0,164422,1
577056,164151,0,164428,1
577108,164158,0,164453,1
577160,164175,0,164462,1
577210,164185,0,164478,1
577261,164199,0,164490,1
577313,164221,0,164495,1
577364,164238,0,164520,0
577415,164251,0,164542,0
577466,164262,0,164556,1
577520,164284,0,164570,1
577577,164302,0,164577,1
577627,164317,0,164634,1
577681,164327,0,164658,1
577732,164346,0,164663,1
577782,164355,0,164680,0
577833,164367,0,164697,0
577885,164381,0,164715,1
577937,164395,0,164737,1
577987,164410,0,164748,2
578037,164428,0,164759,1
578087,164445,0,164764,0
578137,164454,0,164786,0
578189,164473,0,164796,1
578242,164491,0,164806,1
578292,164507,0,164821,0
578345,164522,0,164828,1
578399,164531,0,164851,1
578456,164551,0,164867,1
578514,164558,0,164901,1
578565,164575,0,164911,0
578615,164587,0,164932,3
578667,164600,0,164939,1
578717,164620,0,164947,0
578767,164638,0,164955,1
578817,164651,0,164966,0
578867,164659,0,164977,1
578917,164683,0,164984,2
578969,164699,0,165003,1
579023,164713,0,165006,1
579075,164725,0,165026,1
579128,164741,0,165044,1
579178,164755,0,165069,0
579228,164765,0,165090,1
579280,164778,0,165110,1
579330,164791,0,165129,1
579380,164804,0,165149,0
579430,164825,0,165151,1
579483,164840,0,165168,1
579533,164853,0,165242,1
579583,164869,0,165257,2
579633,164886,0,165268,1
579683,164901,0,165269,1
579734,164916,0,165280,1
579784,164927,0,165302,1
579836,164942,0,165318,1
579886,164955,0,165333,0
579936,164964,0,165349,1
579992,164980,0,165352,1
580042,164995,0,165364,1
580097,165008,0,165385,0
580148,165029,0,165394,1
580200,165046,0,165403,1
580250,165055,0,165426,0
580306,165075,0,165432,1
580356,165092,0,165443,1
580406,165106,0,165452,1
580456,165123,0,165466,1
580506,165131,0,165492,1
580556,165151,0,165495,1
580607,165157,0,165518,0
580657,165169,0,165529,1
580709,165183,0,165536,1
580759,165197,0,165552,0
580809,165209,0,165564,0
580861,165231,0,165571,0
580912,165246,0,165586,0
580962,165257,0,165599,1
581012,165279,0,165605,1
581062,165293,0,165619,1
581112,165307,0,165630,0
581163,165323,0,165642,0
581214,165333,0,165658,1
581266,165353,0,165668,0
581318,165358,0,165688,1
581368,165372,0,165705,1
581420,165384,0,165717,1
581474,165398,0,165731,0
581524,165416,0,165746,2
581574,165436,0,165761,2
581624,165448,0,165770,1
581674,165459,0,165786,1
581725,165481,0,165792,2
581775,165495,0,165797,1
581827,165510,0,165814,1
581877,165524,0,165839,0
581927,165539,0,165856,1
581977,165555,0,165872,0
582030,165559,0,165896,1
582081,165575,0,165917,1
582136,165588,0,165935,1
582187,165601,0,165943,1
582238,165618,0,165945,1
582292,165640,0,165953,1
582343,165652,0,165971,1
582393,165665,0,165985,1
582444,165687,0,165994,0
582495,165700,0,166006,1
582547,165718,0,166013,2
582599,165728,0,166023,1
582649,165744,0,166035,1
582699,165756,0,166052,0
582749,165765,0,166061,1
582799,165780,0,166088,1
582849,165794,0,166109,3
582901,165801,0,166128,1
582952,165823,0,166141,1
583010,165844,0,166154,1
583061,165855,0,166162,1
583111,165872,0,166186,2
583163,165889,0,166193,1
583215,165906,0,166201,1
583266,165923,0,166208,0
583316,165930,0,166235,1
583366,165950,0,166243,2
583416,165957,0,166259,0
583469,165969,0,166276,1
583520,165983,0,166282,1
583571,165998,0,166300,1
583621,166010,0,166319,0
583671,166028,0,166324,2
583722,166047,0,166334,1
583774,166058,0,166348,1
583824,166073,0,166357,1
583875,166092,0,166376,1
583925,166108,0,166391,0
583978,166122,0,166399,1
584028,166134,0,166420,2
584078,166155,0,166432,3
584128,166158,0,166459,0
584178,166170,0,166473,0
584229,166185,0,166490,1
584281,166198,0,166512,0
584332,166213,0,166534,1
584382,166230,0,166543,1
584432,166249,0,166558,1
584483,166259,0,166566,1
584534,166278,0,166580,1
584584,166295,0,166585,0
584635,166311,0,166594,1
584688,166326,0,166607,1
584739,166339,0,166633,3
584789,166354,0,166640,1
584839,166360,0,166672,0
584891,166374,0,166680,1
584942,166387,0,166690,1
584992,166400,0,166705,1
585043,166414,0,166718,1
585093,166435,0,166731,1
585143,166451,0,166741,0
585196,166462,0,166757,1
585246,166482,0,166767,1
585296,166498,0,166788,0
585347,166513,0,166803,1
585397,166527,0,166814,1
585455,166543,0,166825,1
585505,166556,0,166837,0
585555,166564,0,166854,2
585605,166578,0,166877,1
585655,166591,0,166890,1
585708,166601,0,166907,1
585758,166620,0,166918,2
585809,166638,0,166923,1
585859,166653,0,166926,1
585909,166666,0,166934,2
585960,166686,0,166942,1
586010,166699,0,166970,1
586060,166718,0,166989,1
586110,166728,0,167004,0
586160,166744,0,167017,1
586210,166757,0,167036,1
586261,166766,0,167055,1
586314,166780,0,167070,1
586367,166795,0,167087,1
586417,166804,0,167103,1
586470,166823,0,167117,1
586521,166840,0,167127,0
586571,166854,0,167136,1
586621,166869,0,167153,2
586671,166887,0,167160,0
586721,166905,0,167183,1
586772,166919,0,167201,0
586822,166930,0,167217,1
586872,166946,0,167232,1
586922,166957,0,167246,0
586972,166968,0,167262,0
587022,166982,0,167277,2
587072,166997,0,167284,2
587123,167008,0,167308,3
587179,167025,0,167323,1
587234,167041,0,167331,1
587288,167056,0,167346,0
587338,167074,0,167352,1
587388,167095,0,167368,0
587439,167107,0,167381,1
587489,167122,0,167387,1
587542,167136,0,167404,1
587592,167151,0,167410,1
587646,167159,0,167432,1
587697,167175,0,167451,1
587747,167187,0,167462,1
587798,167200,0,167470,1
587849,167214,0,167490,1
587903,167233,0,167492,1
587959,167247,0,167506,1
588012,167260,0,167518,1
588062,167283,0,167525,0
588113,167300,0,167538,1
588163,167314,0,167555,2
588214,167329,0,167567,1
588267,167344,0,167576,1
588318,167357,0,167589,0
588369,167366,0,167612,1
588420,167380,0,167622,1
588470,167393,0,167632,1
588523,167403,0,167649,1
588573,167420,0,167657,1
588623,167440,0,167664,0
588673,167453,0,167678,0
588725,167468,0,167695,1
588775,167488,0,167706,1
588826,167504,0,167717,1
588879,167519,0,167735,0
588929,167531,0,167753,1
588981,167547,0,167771,1
589031,167557,0,167795,0
589084,167569,0,167813,0
589134,167583,0,167831,0
589184,167596,0,167847,1
589234,167605,0,167878,1
589285,167624,0,167888,0
589337,167640,0,167895,0
589388,167655,0,167912,1
589439,167670,0,167925,0
589492,167688,0,167930,1
589542,167706,0,167943,0
589595,167721,0,167955,1
589648,167737,0,167964,2
589701,167752,0,167988,1
589752,167759,0,168008,0
589802,167774,0,168015,1
589852,167787,0,168035,1
589903,167800,0,168054,0
589954,167813,0,168074,1
590004,167828,0,168084,2
590054,167845,0,168101,2
590104,167858,0,168158,1
590155,167876,0,168169,1
590205,167891,0,168179,1
590256,167911,0,168182,1
590306,167925,0,168188,1
590359,167938,0,168196,1
590409,167954,0,168199,1
590465,167961,0,168225,1
590515,167977,0,168236,1
590565,167991,0,168247,2
590615,168001,0,168272,0
590670,168016,0,168288,1
590721,168037,0,168309,1
590773,168047,0,168325,1
590823,168061,0,168339,1
590875,168081,0,168345,2
590931,168100,0,168352,1
590981,168116,0,168364,0
591032,168131,0,168382,0
591083,168143,0,168392,1
591133,168157,0,168404,0
591184,168168,0,168423,2
591234,168182,0,168438,0
591284,168195,0,168452,1
591336,168204,0,168463,1
591387,168221,0,168482,1
591438,168240,0,168489,0
591488,168252,0,168505,2
591538,168267,0,168525,1
591588,168284,0,168538,1
591638,168301,0,168548,1
591688,168318,0,168559,2
591740,168331,0,168583,0
591791,168345,0,168592,1
591841,168358,0,168608,0
591891,168370,0,168621,1
591942,168385,0,168634,1
591993,168397,0,168644,0
592043,168406,0,168664,1
592093,168422,0,168677,0
592143,168441,0,168701,1
592193,168453,0,168718,1
592245,168468,0,168739,1
592295,168484,0,168744,2
592348,168505,0,168762,1
592400,168521,0,168784,1
592450,168533,0,168797,0
592500,168548,0,168807,2
592553,168558,0,168820,0
592604,168572,0,168837,1
592654,168586,0,168852,0
592704,168597,0,168878,0
592757,168609,0,168898,1
592807,168626,0,168913,1
592857,168642,0,168968,0
592909,168657,0,168978,1
592962,168671,0,168993,1
593012,168691,0,169002,1
593064,168706,0,169008,1
593118,168725,0,169021,1
593170,168739,0,169034,1
593220,168754,0,169052,0
593270,168761,0,169076,1
593320,168775,0,169086,0
593370,168790,0,169096,1
593421,168801,0,169116,0
593472,168812,0,169128,1
593522,168831,0,169143,2
593572,168842,0,169154,0
593626,168860,0,169167,0
593676,168875,0,169171,1
593726,168892,0,169186,0
593776,168910,0,169193,0
593827,168926,0,169206,1
593878,168940,0,169221,0
593928,168957,0,169244,1
593978,168962,0,169270,0
594029,168978,0,169290,1
594079,168991,0,169300,1
594130,169003,0,169314,1
594185,169013,0,169342,1
594235,169034,0,169348,2
594285,169046,0,169367,1
594335,169062,0,169387,1
594386,169078,0,169447,1
594436,169093,0,169459,1
594487,169110,0,169467,1
594542,169129,0,169480,1
594593,169142,0,169494,1
594643,169158,0,169512,1
594694,169167,0,169532,1
594745,169183,0,169543,1
594795,169196,0,169558,1
594847,169206,0,169579,1
594905,169215,0,169596,1
594955,169238,0,169596,1
595005,169255,0,169606,2
595059,169269,0,169619,1
595109,169285,0,169631,2
595160,169301,0,169645,1
595211,169320,0,169656,1
595263,169335,0,169673,1
595314,169347,0,169696,1
595365,169360,0,169716,0
595415,169372,0,169728,1
595465,169387,0,169745,0
595515,169398,0,169766,0
595565,169409,0,169835,1
595615,169418,0,169853,1
595665,169437,0,169860,2
595715,169458,0,169867,1
595766,169468,0,169881,1
595818,169486,0,169882,1
595868,169503,0,169899,1
595923,169523,0,169911,1
595974,169537,0,169921,2
596025,169550,0,169939,1
596075,169560,0,169962,0
596128,169576,0,169968,0
596181,169590,0,169984,1
596233,169603,0,170004,1
596285,169612,0,170023,0
596335,169620,0,170049,1
596391,169646,0,170057,1
596445,169663,0,170073,1
596499,169677,0,170092,1
596549,169696,0,170102,1
596601,169715,0,170116,1
596651,169730,0,170133,0
596703,169742,0,170157,1
596760,169759,0,170165,1
596811,169769,0,170175,1
596863,169786,0,170185,1
596913,169798,0,170191,1
596963,169808,0,170204,1
597014,169817,0,170231,0
597065,169833,0,170247,1
597115,169856,0,170252,1
597166,169868,0,170265,1
597216,169884,0,170278,0
597271,169902,0,170286,1
597321,169914,0,170289,1
597371,169934,0,170294,0
597423,169947,0,170317,1
597473,169960,0,170342,0
597523,169972,0,170407,1
597573,169986,0,170424,0
597625,169999,0,170447,0
597675,170011,0,170464,0
597725,170018,0,170488,0
597778,170040,0,170497,1
597828,170059,0,170508,3
597880,170072,0,170525,1
597930,170089,0,170535,2
597983,170104,0,170548,1
598033,170120,0,170563,3
598085,170138,0,170567,1
598135,170152,0,170580,1
598189,170162,0,170590,1
598241,170177,0,170609,0
598291,170191,0,170622,1
598342,170204,0,170636,1
598393,170213,0,170658,0
598446,170222,0,170687,1
598502,170248,0,170696,1
598553,170264,0,170717,1
598603,170277,0,170734,1
598654,170295,0,170749,0
598704,170310,0,170755,0
598756,170327,0,170760,0
598807,170342,0,170766,0
598858,170355,0,170788,1
598911,170368,0,170804,0
598962,170385,0,170818,0
599016,170396,0,170839,1
599067,170408,0,170856,1
599123,170418,0,170882,1
599177,170429,0,170887,1
599229,170452,0,170897,1
599279,170471,0,170915,1
599329,170486,0,170934,1
599379,170503,0,170945,0
599429,170516,0,170962,1
599479,170534,0,170974,1
599530,170548,0,170980,1
599581,170560,0,170991,0
599631,170574,0,171004,1
599682,170589,0,171026,1
599732,170600,0,171051,1
599782,170611,0,171072,0
599833,170619,0,171097,1
599883,170629,0,171113,1
599933,170653,0,171116,1
599984,170671,0,171124,1
600035,170686,0,171141,1
600085,170704,0,171151,1
600138,170716,0,171165,1
600188,170736,0,171179,1
600238,170749,0,171199,0
600288,170761,0,171221,0
600340,170775,0,171229,1
600391,170790,0,171247,1
600443,170802,0,171276,0
600499,170813,0,171299,1
600549,170821,0,171321,0
600599,170837,0,171329,1
600649,170860,0,171337,3
600699,170876,0,171356,0
600749,170890,0,171366,2
600800,170908,0,171374,1
600851,170921,0,171390,1
600902,170940,0,171396,1
600952,170952,0,171412,0
601002,170965,0,171422,1
601052,170979,0,171432,1
601102,170993,0,171457,0
601152,171005,0,171478,1
601203,171013,0,171501,1
601253,171021,0,171525,0
601304,171036,0,171528,1
601354,171058,0,171536,1
601406,171076,0,171543,0
601458,171093,0,171556,1
601508,171111,0,171563,2
601558,171123,0,171579,1
601609,171140,0,171582,1
601660,171154,0,171583,2
601711,171166,0,171608,1
601761,171184,0,171616,2
601811,171194,0,171632,1
601861,171206,0,171662,0
601911,171215,0,171692,2
601962,171223,0,171715,1
602014,171237,0,171724,1
602064,171262,0,171724,3
602115,171278,0,171741,1
602165,171293,0,171756,1
602215,171311,0,171767,1
602265,171323,0,171791,0
602316,171342,0,171807,1
602368,171354,0,171827,1
602422,171369,0,171843,1
602472,171386,0,171856,2
602522,171396,0,171887,0
602573,171408,0,171922,1
602624,171417,0,171937,1
602675,171424,0,171969,0
602725,171441,0,171976,2
602778,171459,0,171988,1
602828,171479,0,171990,1
602878,171497,0,172003,1
602928,171513,0,172024,0
602979,171527,0,172035,1
603029,171546,0,172046,1
603084,171556,0,172067,1
603134,171573,0,172084,1
603186,171588,0,172106,1
603236,171599,0,172124,0
603286,171611,0,172131,0
603337,171619,0,172147,1
603387,171627,0,172165,1
603440,171645,0,172174,1
603494,171665,0,172178,1
603545,171683,0,172189,1
603595,171702,0,172205,0
603647,171717,0,172212,1
603698,171736,0,172238,1
603748,171749,0,172251,0
603799,171762,0,172260,1
603851,171776,0,172272,0
603904,171790,0,172286,1
603954,171802,0,172300,1
604006,171812,0,172319,0
604060,171822,0,172334,1
604110,171833,0,172357,1
604164,171851,0,172363,0
604215,171873,0,172371,1
604267,171888,0,172385,1
604325,171908,0,172388,1
604375,171925,0,172405,0
604426,171942,0,172405,1
604477,171953,0,172432,1
604527,171970,0,172445,2
604579,171986,0,172459,1
604629,171997,0,172475,1
604682,172008,0,172488,1
604732,172017,0,172503,1
604784,172024,0,172530,0
604834,172040,0,172543,0
604890,172057,0,172551,1
604942,172080,0,172554,1
604992,172097,0,172565,2
605043,172115,0,172578,1
605096,172128,0,172605,1
605147,172149,0,172611,1
605198,172159,0,172630,2
605248,172173,0,172645,1
605299,172189,0,172655,0
605349,172200,0,172673,1
605399,172212,0,172745,0
605452,172219,0,172769,0
605504,172229,0,172786,1
605555,172247,0,172799,0
605606,172265,0,172807,1
605657,172284,0,172814,1
605708,172299,0,172828,1
605760,172320,0,172836,1
605814,172333,0,172847,1
605865,172349,0,172862,0
605919,172366,0,172875,1
605969,172380,0,172893,1
606022,172395,0,172904,1
606072,172405,0,172912,0
606124,172416,0,172930,1
606176,172423,0,172945,0
606227,172436,0,172968,1
606280,172453,0,172975,1
606332,172471,0,172981,1
606382,172490,0,172996,1
606432,172509,0,173004,1
606482,172526,0,173017,0
606533,172541,0,173033,1
606583,172554,0,173050,1
606633,172570,0,173063,1
606684,172585,0,173069,1
606734,172596,0,173093,1
606787,172609,0,173106,1
606838,172617,0,173130,1
606888,172625,0,173152,1
606938,172638,0,173167,1
606988,172654,0,173180,1
607038,172671,0,173190,1
607089,172690,0,173198,0
607140,172711,0,173210,1
607190,172726,0,173228,0
607242,172744,0,173241,0
607292,172754,0,173258,0
607344,172771,0,173268,0
607394,172785,0,173283,1
607444,172797,0,173304,0
607496,172811,0,173315,1
607546,172817,0,173337,0
607599,172826,0,173370,1
607651,172839,0,173395,1
607701,172860,0,173409,0
607762,172875,0,173423,1
607813,172899,0,173424,1
607863,172918,0,173426,1
607914,172931,0,173448,1
607967,172949,0,173462,0
608017,172960,0,173481,1
608068,172977,0,173492,1
608119,172991,0,173512,0
608169,173002,0,173524,1
608220,173013,0,173530,0
608270,173023,0,173545,1
608321,173032,0,173565,1
608375,173046,0,173571,1
608428,173066,0,173583,1
608478,173084,0,173592,2
608528,173105,0,173604,3
608578,173123,0,173615,1
608632,173134,0,173627,1
608683,173153,0,173638,1
608734,173168,0,173658,1
608785,173180,0,173668,0
608838,173195,0,173684,1
608892,173206,0,173696,1
608942,173217,0,173709,0
608992,173225,0,173731,0
609049,173237,0,173753,1
609099,173259,0,173759,1
609149,173271,0,173779,0
609202,173286,0,173787,1
609253,173313,0,173795,1
609303,173327,0,173810,0
609353,173345,0,173826,1
609405,173356,0,173838,0
609455,173372,0,173839,1
609507,173389,0,173851,1
609559,173399,0,173875,0
609609,173410,0,173887,1
609659,173418,0,173910,0
609713,173428,0,173920,1
609763,173440,0,173928,0
609813,173463,0,173939,1
609863,173473,0,173958,1
609913,173489,0,173970,3
609964,173516,0,173972,0
610014,173528,0,173983,1
610064,173548,0,173995,1
610118,173559,0,174023,0
610168,173576,0,174035,1
610218,173591,0,174047,1
610268,173601,0,174071,2
610318,173612,0,174081,2
610371,173620,0,174101,1
610423,173629,0,174126,0
610473,173642,0,174140,1
610525,173664,0,174157,1
610576,173677,0,174175,1
610629,173693,0,174182,1
610680,173721,0,174182,2
610733,173733,0,174193,1
610788,173753,0,174214,1
610839,173764,0,174243,0
610889,173780,0,174252,2
610943,173794,0,174261,0
610995,173806,0,174272,0
611045,173814,0,174297,0
611099,173825,0,174307,1
611149,173836,0,174325,1
611199,173852,0,174339,1
611250,173871,0,174348,0
611300,173884,0,174355,1
611353,173903,0,174369,1
611406,173927,0,174376,1
611457,173943,0,174393,1
611510,173957,0,174403,1
611561,173970,0,174420,1
611616,173986,0,174433,1
611667,173999,0,174446,1
611717,174010,0,174466,1
611767,174019,0,174492,0
611819,174029,0,174508,1
611878,174041,0,174529,1
611936,174064,0,174535,1
611988,174078,0,174550,0
612038,174095,0,174557,1
612088,174119,0,174557,3
612138,174134,0,174566,1
612189,174153,0,174576,1
612241,174164,0,174598,1
612292,174178,0,174604,1
612342,174194,0,174615,1
612392,174205,0,174630,2
612442,174214,0,174649,0
612492,174223,0,174666,0
612543,174234,0,174687,0
612597,174247,0,174697,1
612658,174270,0,174710,1
612709,174285,0,174723,1
612760,174300,0,174728,1
612810,174327,0,174729,1
612862,174341,0,174741,1
612916,174358,0,174752,1
612971,174372,0,174765,1
613025,174387,0,174782,1
613076,174401,0,174788,1
613128,174413,0,174801,0
613180,174420,0,174820,1
613238,174431,0,174833,1
613291,174441,0,174860,1
613341,174464,0,174865,2
613391,174479,0,174883,2
613441,174492,0,174903,2
613491,174511,0,174910,1
613541,174531,0,174913,1
613593,174553,0,174923,1
613645,174564,0,174939,1
613695,174578,0,174960,1
613746,174593,0,174974,1
613803,174606,0,174988,1
613858,174616,0,175010,1
613909,174625,0,175022,0
613962,174637,0,175040,1
614013,174650,0,175060,1
614066,174670,0,175071,1
614124,174686,0,175083,1
614175,174703,0,175092,0
614225,174726,0,175099,2
614275,174743,0,175106,1
614326,174760,0,175117,1
614377,174774,0,175137,1
614427,174786,0,175153,0
614478,174800,0,175175,1
614530,174813,0,175184,0
614581,174819,0,175210,0
614639,174830,0,175228,1
614690,174840,0,175241,0
614740,174863,0,175258,1
614790,174876,0,175268,1
614841,174890,0,175283,1
614892,174908,0,175300,1
614942,174927,0,175306,1
614992,174945,0,175306,1
615042,174963,0,175307,2
615092,174976,0,175315,1
615142,174991,0,175324,0
615197,175003,0,175340,1
615247,175014,0,175363,0
615297,175022,0,175388,0
615349,175032,0,175405,1
615402,175044,0,175418,1
615452,175065,0,175421,1
615502,175079,0,175430,1
615552,175094,0,175447,0
615613,175112,0,175463,1
615667,175137,0,175470,1
615719,175153,0,175477,2
615770,175171,0,175492,1
615821,175185,0,175508,1
615871,175197,0,175527,0
615921,175209,0,175537,0
615975,175218,0,175551,0
616030,175228,0,175573,1
616080,175240,0,175594,0
616132,175251,0,175606,1
616185,175273,0,175620,0
616235,175287,0,175640,1
616288,175306,0,175656,1
616339,175323,0,175663,1
616389,175344,0,175674,0
616442,175360,0,175684,0
616492,175375,0,175699,0
616546,175391,0,175710,0
616596,175402,0,175718,2
616648,175414,0,175733,1
616700,175423,0,175746,1
616750,175431,0,175770,1
616800,175443,0,175791,2
616850,175462,0,175804,3
616900,175477,0,175822,0
616950,175492,0,175832,1
617000,175510,0,175837,2
617050,175526,0,175842,1
617102,175545,0,175850,1
617154,175563,0,175860,1
617204,175578,0,175882,1
617257,175593,0,175886,1
617308,175606,0,175905,1
617359,175615,0,175929,0
617409,175624,0,175944,1
617460,175634,0,175956,1
617510,175645,0,175973,1
617560,175660,0,175980,1
617613,175680,0,175985,1
617664,175694,0,176000,1
617717,175711,0,176007,1
617768,175730,0,176014,1
617818,175749,0,176029,1
617870,175768,0,176046,1
617920,175783,0,176053,1
617971,175797,0,176074,0
618025,175809,0,176093,1
618075,175818,0,176109,1
618126,175827,0,176128,1
618178,175838,0,176149,1
618229,175850,0,176179,1
618279,175867,0,176190,1
618329,175883,0,176190,1
618382,175899,0,176206,1
618437,175914,0,176220,1
618487,175932,0,176220,1
618538,175955,0,176228,2
618589,175971,0,176237,0
618639,175984,0,176253,1
618689,175999,0,176270,1
618741,176011,0,176281,1
618797,176021,0,176305,1
618847,176029,0,176331,0
618899,176040,0,176347,0
618950,176056,0,176365,1
619002,176073,0,176375,1
619053,176089,0,176382,0
619110,176107,0,176393,1
619161,176118,0,176415,0
619211,176137,0,176416,2
619261,176158,0,176416,1
619314,176179,0,176421,1
619364,176195,0,176430,1
619416,176205,0,176445,1
619471,176216,0,176461,1
619522,176226,0,176482,0
619573,176235,0,176504,1
619623,176248,0,176523,1
619673,176262,0,176543,0
619723,176279,0,176550,1
619773,176293,0,176569,1
619825,176312,0,176574,0
619876,176321,0,176595,1
619927,176341,0,176615,1
619981,176364,0,176627,1
620033,176383,0,176629,0
620085,176398,0,176646,1
620135,176409,0,176664,1
620185,176419,0,176675,0
620235,176428,0,176690,1
620286,176436,0,176706,0
620336,176451,0,176720,0
620386,176467,0,176742,0
620436,176483,0,176753,1
620486,176497,0,176774,1
620536,176513,0,176782,0
620586,176525,0,176799,2
620640,176547,0,176816,1
620696,176566,0,176824,1
620746,176585,0,176841,1
620796,176599,0,176854,0
620848,176610,0,176873,0
620898,176621,0,176891,1
620948,176629,0,176904,0
620998,176640,0,176923,2
621050,176653,0,176936,1
621101,176668,0,176943,1
621154,176687,0,177013,1
621205,176702,0,177024,1
621255,176717,0,177036,1
621311,176730,0,177050,1
621362,176752,0,177052,1
621412,176771,0,177061,1
621462,176788,0,177067,0
621513,176801,0,177083,0
621564,176815,0,177090,1
621614,176822,0,177113,0
621665,176832,0,177133,1
621722,176844,0,177144,1
621772,176861,0,177208,1
621825,176877,0,177218,1
621875,176893,0,177276,1
621926,176910,0,177290,1
621978,176920,0,177305,1
622028,176938,0,177329,1
622079,176957,0,177342,1
622134,176977,0,177361,1
622184,176996,0,177381,1
622239,177007,0,177404,1
622289,177019,0,177415,0
622340,177028,0,177439,1
622392,177036,0,177454,0
622442,177051,0,177475,1
622493,177065,0,177490,1
622543,177084,0,177508,1
622593,177096,0,177518,1
622647,177114,0,177529,1
622697,177125,0,177544,1
622747,177142,0,177559,1
622798,177161,0,177562,1
622849,177182,0,177562,3
622903,177199,0,177582,0
622953,177210,0,177600,0
623005,177221,0,177616,1
623055,177229,0,177625,0
623105,177239,0,177640,0
623156,177254,0,177652,1
623207,177268,0,177670,1
623257,177286,0,177683,0
623307,177300,0,177699,0
623358,177316,0,177710,1
623408,177329,0,177734,0
623460,177348,0,177790,1
623510,177367,0,177802,2
623560,177382,0,177809,1
623610,177399,0,177818,0
623663,177411,0,177831,1
623715,177423,0,177853,1
623766,177431,0,177869,0
623819,177443,0,177931,1
623871,177456,0,177942,1
623921,177474,0,177958,2
623976,177490,0,177967,1
624026,177506,0,177982,1
624076,177519,0,177995,0
624126,177533,0,177998,4
624176,177553,0,178013,0
624229,177569,0,178019,1
624282,177590,0,178026,1
624334,177604,0,178039,1
624385,177616,0,178057,1
624435,177626,0,178080,0
624491,177634,0,178100,1
624543,177646,0,178115,1
624595,177664,0,178127,1
624648,177682,0,178143,1
624703,177698,0,178161,1
624754,177715,0,178176,0
624805,177723,0,178189,1
624860,177740,0,178194,1
624915,177762,0,178203,1
624965,177783,0,178220,0
625018,177800,0,178237,0
625068,177811,0,178247,0
625119,177823,0,178273,1
625169,177831,0,178293,0
625221,177843,0,178306,1
625272,177855,0,178316,1
625327,177872,0,178330,1
625380,177890,0,178337,1
625431,177904,0,178357,0
625483,177919,0,178368,0
625534,177931,0,178379,0
625584,177950,0,178384,1
625635,177970,0,178394,1
625686,177987,0,178408,1
625737,178004,0,178420,1
625791,178016,0,178436,1
625842,178026,0,178451,1
625892,178033,0,178476,0
625942,178045,0,178531,0
625995,178063,0,178547,1
626045,178077,0,178568,1
626095,178093,0,178575,1
626146,178112,0,178586,1
626197,178122,0,178612,2
626247,178132,0,178631,0
626297,178154,0,178644,1
626348,178175,0,178650,0
626399,178192,0,178662,1
626452,178209,0,178680,1
626503,178220,0,178698,0
626557,178228,0,178711,1
626610,178237,0,178725,1
626661,178249,0,178748,1
626711,178267,0,178806,1
626766,178282,0,178810,1
626818,178301,0,178820,1
626869,178316,0,178841,1
626920,178326,0,178872,1
626971,178342,0,178886,1
627021,178359,0,178886,1
627077,178381,0,178889,1
627127,178401,0,178902,0
627178,178412,0,178912,0
627229,178423,0,178927,0
627279,178432,0,178946,1
627329,178442,0,178971,1
627382,178458,0,178988,1
627434,178473,0,179011,0
627486,178488,0,179028,1
627537,178506,0,179037,1
627588,178519,0,179056,0
627642,178531,0,179074,0
627692,178549,0,179088,2
627743,178567,0,179096,1
627794,178588,0,179106,1
627844,178606,0,179115,1
627900,178615,0,179124,1
627950,178626,0,179144,0
628003,178635,0,179164,1
628054,178647,0,179177,0
628108,178663,0,179191,1
628160,178678,0,179204,1
628217,178696,0,179205,1
628271,178716,0,179223,1
628322,178725,0,179250,1
628372,178741,0,179269,1
628422,178758,0,179281,2
628477,178779,0,179291,1
628528,178802,0,179291,1
628578,178811,0,179304,0
628630,178822,0,179311,1
628681,178832,0,179332,1
628737,178842,0,179365,1
628788,178858,0,179381,1
628838,178873,0,179398,1
628888,178886,0,179416,1
628938,178906,0,179421,1
628990,178920,0,179433,1
629041,178931,0,179449,0
629092,178948,0,179462,1
629145,178966,0,179476,1
629195,178986,0,179487,2
629245,179003,0,179494,1
629295,179014,0,179522,1
629348,179025,0,179546,1
629399,179034,0,179556,1
629450,179045,0,179577,0
629500,179062,0,179584,2
629553,179074,0,179601,1
629605,179092,0,179618,1
629655,179110,0,179629,0
629705,179122,0,179644,0
629755,179131,0,179658,0
629808,179151,0,179667,1
629861,179172,0,179675,1
629914,179191,0,179691,1
629964,179209,0,179709,1
630016,179219,0,179732,1
630066,179229,0,179748,2
630116,179238,0,179775,0
630170,179248,0,179793,1
630221,179265,0,179805,1
630273,179280,0,179818,0
630323,179297,0,179835,1
630373,179315,0,179847,0
630423,179324,0,179868,0
630475,179341,0,179884,1
630525,179358,0,179898,1
630578,179378,0,179916,1
630628,179398,0,179922,2
630681,179411,0,179942,0
630734,179420,0,179968,0
630784,179430,0,180033,0
630836,179441,0,180047,1
630886,179452,0,180062,0
630938,179468,0,180078,1
630992,179484,0,180089,1
631042,179505,0,180099,1
631098,179519,0,180116,1
631150,179531,0,180127,1
631200,179546,0,180149,1
631250,179566,0,180151,1
631300,179583,0,180166,0
631351,179604,0,180175,1
631401,179614,0,180200,0
631454,179625,0,180211,0
631505,179634,0,180237,0
631561,179643,0,180260,1
631614,179663,0,180279,1
631664,179677,0,180294,1
631716,179693,0,180311,0
631766,179712,0,180320,1
631818,179722,0,180339,0
631868,179735,0,180352,1
631918,179751,0,180365,1
631969,179773,0,180373,1
632021,179792,0,180378,1
632080,179811,0,180391,1
632130,179820,0,180412,2
632180,179830,0,180422,0
632230,179838,0,180447,0
632280,179851,0,180460,2
632334,179866,0,180474,1
632384,179882,0,180484,1
632434,179897,0,180499,2
632484,179916,0,180512,0
632534,179925,0,180530,1
632587,179941,0,180539,1
632640,179961,0,180563,1
632691,179980,0,180578,0
632742,180000,0,180581,1
632792,180013,0,180615,0
632842,180021,0,180634,0
632896,180032,0,180643,1
632949,180042,0,180669,0
633000,180053,0,180683,0
633050,180070,0,180700,1
633100,180084,0,180708,1
633151,180103,0,180726,1
633202,180119,0,180736,1
633252,180130,0,180753,1
633304,180146,0,180762,1
633355,180163,0,180778,1
633407,180184,0,180779,1
633458,180205,0,180786,1
633510,180216,0,180797,0
633560,180225,0,180808,1
633612,180234,0,180824,1
633662,180242,0,180852,0
633712,180256,0,180865,1
633762,180272,0,180876,1
633817,180288,0,180891,1
633869,180307,0,180901,1
633919,180322,0,180906,1
633971,180334,0,180921,1
634024,180351,0,180925,1
634074,180369,0,180938,1
634125,180390,0,180945,4
634177,180407,0,180961,1
634227,180417,0,180976,0
634278,180429,0,180990,1
634329,180438,0,181013,0
634380,180448,0,181029,1
634431,180461,0,181046,1
634482,180480,0,181052,0
634532,180491,0,181081,1
634582,180510,0,181082,1
634634,180524,0,181097,0
634687,180539,0,181108,1
634738,180558,0,181123,1
634788,180575,0,181129,2
634843,180594,0,181134,1
634893,180611,0,181144,0
634944,180620,0,181161,0
634996,180632,0,181174,1
635049,180641,0,181188,1
635099,180653,0,181217,1
635159,180666,0,181231,1
635210,180686,0,181250,1
635260,180702,0,181257,1
635310,180720,0,181279,0
635362,180731,0,181301,1
635412,180746,0,181322,1
635462,180763,0,181331,2
635515,180781,0,181349,1
635566,180802,0,181358,1
635617,180815,0,181369,1
635667,180825,0,181383,1
635718,180834,0,181403,1
635768,180843,0,181421,0
635819,180857,0,181433,1
635870,180869,0,181441,1
635922,180888,0,181451,1
635973,180907,0,181473,0
636024,180922,0,181479,1
636075,180933,0,181491,1
636125,180948,0,181508,1
636175,180967,0,181523,1
636225,180981,0,181540,0
636277,181005,0,181546,1
636327,181017,0,181564,1
636378,181027,0,181581,0
636429,181038,0,181597,1
636485,181048,0,181614,1
636535,181061,0,181623,1
636585,181073,0,181643,2
636635,181089,0,181659,0
636685,181110,0,181667,2
636735,181124,0,181678,0
636785,181136,0,181700,1
636836,181149,0,181712,1
636887,181170,0,181719,1
636940,181184,0,181738,1
636990,181207,0,181744,0
637041,181219,0,181759,1
637093,181229,0,181777,0
637144,181239,0,181799,1
637194,181251,0,181822,0
637244,181263,0,181832,0
637294,181277,0,181850,1
637345,181293,0,181865,2
637395,181310,0,181868,2
637449,181324,0,181889,0
637499,181340,0,181901,3
637551,181357,0,181920,0
637601,181374,0,181927,1
637658,181389,0,181938,1
637708,181412,0,181944,1
637758,181423,0,181957,1
637808,181433,0,182022,1
637859,181441,0,182036,0
637912,181453,0,182051,1
637964,181465,0,182065,0
638014,181486,0,182075,3
638064,181498,0,182095,0
638115,181519,0,182102,1
638167,181529,0,182120,1
638218,181546,0,182137,0
638270,181562,0,182144,1
638320,181579,0,182155,1
638370,181594,0,182166,1
638420,181614,0,182179,2
638472,181624,0,182203,0
638522,181633,0,182213,0
638575,181642,0,182230,1
638626,181655,0,182244,1
638676,181670,0,182268,2
638726,181688,0,182276,1
638777,181700,0,182292,1
638827,181719,0,182301,1
638879,181731,0,182309,0
638932,181745,0,182323,1
638985,181764,0,182331,1
639035,181782,0,182338,1
639090,181799,0,182350,1
639148,181819,0,182356,1
639198,181830,0,182377,0
639250,181839,0,182393,1
639303,181848,0,182416,1
639353,181864,0,182433,1
639404,181877,0,182446,1
639455,181894,0,182463,1
639508,181909,0,182476,1
639560,181925,0,182491,1
639610,181938,0,182513,0
639662,181952,0,182524,1
639712,181977,0,182528,1
639763,181991,0,182545,1
639816,182009,0,182550,0
639866,182024,0,182565,1
639917,182032,0,182584,1
639967,182041,0,182608,0
640017,182054,0,182620,1
640069,182066,0,182637,1
640124,182082,0,182656,1
640175,182099,0,182679,0
640227,182113,0,182691,1
640278,182131,0,182701,2
640329,182142,0,182713,1
640382,182158,0,182726,1
640433,182180,0,182728,1
640483,182194,0,182737,0
640533,182213,0,182749,1
640585,182226,0,182768,0
640635,182236,0,182779,2
640685,182245,0,182806,1
640739,182258,0,182825,1
640789,182272,0,182835,1
640844,182287,0,182853,1
640895,182304,0,182859,1
640946,182319,0,182873,1
640996,182334,0,182892,0
641046,182349,0,182908,2
641098,182363,0,182923,1
641148,182384,0,182931,0
641198,182397,0,182941,1
641252,182418,0,182958,1
641305,182430,0,182970,1
641355,182439,0,182981,1
641406,182447,0,183001,1
641456,182464,0,183009,1
641506,182477,0,183021,1
641556,182491,0,183032,1
641606,182507,0,183042,1
641656,182523,0,183057,1
641706,182537,0,183064,1
641758,182548,0,183072,1
641810,182567,0,183076,1
641861,182587,0,183092,1
641913,182604,0,183100,1
641972,182623,0,183102,1
642022,182630,0,183136,0
642073,182641,0,183152,0
642123,182652,0,183163,1
642173,182665,0,183186,0
642225,182681,0,183193,1
642275,182697,0,183211,1
642325,182711,0,183228,1
642379,182725,0,183240,0
642430,182741,0,183253,0
642482,182756,0,183275,1
642532,182776,0,183279,1
642583,182793,0,183290,1
642633,182809,0,183300,1
642683,182826,0,183315,2
642733,182832,0,183342,0
642783,182841,0,183403,0
642833,182854,0,183423,0
642883,182869,0,183438,0
642933,182883,0,183448,1
642984,182898,0,183458,1
643035,182913,0,183471,1
643086,182928,0,183482,1
643137,182941,0,183496,0
643187,182955,0,183508,1
643238,182976,0,183520,0
643290,182993,0,183523,1
643340,183010,0,183538,1
643399,183026,0,183547,1
643449,183036,0,183564,1
643501,183046,0,183589,1
643551,183060,0,183597,1
643601,183073,0,183612,1
643652,183087,0,183625,1
643704,183105,0,183631,1
643754,183118,0,183639,1
643807,183134,0,183652,1
643857,183147,0,183669,0
643907,183165,0,183686,1
643957,183182,0,183701,1
644007,183197,0,183712,0
644072,183217,0,183723,1
644125,183231,0,183732,1
644175,183241,0,183745,0
644230,183252,0,183769,1
644281,183267,0,183834,1
644332,183281,0,183844,0
644382,183294,0,183853,1
644433,183311,0,183863,1
644483,183325,0,183883,0
644534,183340,0,183891,1
644585,183354,0,183905,1
644637,183375,0,183916,1
644687,183392,0,183927,2
644738,183407,0,183940,1
644788,183423,0,183947,1
644842,183433,0,183965,1
644892,183441,0,183987,0
644944,183455,0,184008,1
644994,183470,0,184022,0
645045,183484,0,184041,0
645097,183500,0,184063,1
645148,183515,0,184070,1
645198,183528,0,184087,0
645250,183542,0,184094,1
645301,183561,0,184108,1
645351,183578,0,184113,1
645403,183595,0,184126,1
645453,183611,0,184135,1
645503,183627,0,184147,1
645553,183634,0,184168,1
645603,183645,0,184176,1
645653,183660,0,184190,3
645705,183672,0,184208,1
645755,183687,0,184229,0
645805,183702,0,184244,1
645856,183716,0,184263,1
645906,183731,0,184274,3
645957,183745,0,184290,1
646007,183760,0,184302,1
646059,183779,0,184324,1
646109,183797,0,184336,1
646159,183814,0,184347,1
646209,183827,0,184358,0
646259,183835,0,184378,1
646314,183847,0,184401,1
646366,183862,0,184415,1
646416,183875,0,184437,0
646469,183890,0,184447,1
646520,183907,0,184460,0
646571,183921,0,184479,1
646621,183931,0,184492,0
646673,183949,0,184511,1
646723,183964,0,184520,1
646776,183983,0,184520,1
646826,184000,0,184528,1
646878,184017,0,184541,1
646931,184030,0,184551,1
646983,184041,0,184567,0
647036,184051,0,184580,0
647088,184067,0,184589,1
647139,184082,0,184604,1
647189,184094,0,184616,0
647239,184110,0,184625,1
647290,184124,0,184635,0
647341,184138,0,184660,1
647392,184152,0,184676,1
647446,184167,0,184688,1
647496,184186,0,184688,1
647548,184207,0,184691,1
647598,184223,0,184697,2
647648,184232,0,184718,0
647698,184241,0,184736,0
647752,184255,0,184750,1
647803,184269,0,184767,0
647853,184284,0,184781,1
647906,184295,0,184788,1
647960,184315,0,184798,1
648010,184329,0,184812,1
648062,184344,0,184821,1
648112,184356,0,184837,1
648162,184371,0,184853,0
648213,184394,0,184854,1
648263,184412,0,184863,1
648313,184427,0,184877,0
648365,184435,0,184898,1
648415,184444,0,184915,0
648465,184460,0,184926,2
648515,184472,0,184935,1
648565,184489,0,184946,1
648615,184496,0,184961,1
648666,184518,0,184970,2
648718,184530,0,184984,1
648773,184547,0,184992,1
648824,184560,0,185001,1
648875,184574,0,185011,1
648933,184598,0,185024,1
648984,184616,0,185027,1
649036,184630,0,185041,1
649087,184641,0,185061,0
649137,184651,0,185081,0
649187,184666,0,185096,1
649241,184681,0,185109,1
649291,184693,0,185129,1
649343,184708,0,185146,1
649394,184724,0,185164,0
649451,184739,0,185187,1
649501,184754,0,185252,2
649551,184767,0,185261,0
649601,184783,0,185273,1
649656,184806,0,185282,1
649708,184824,0,185293,1
649758,184834,0,185313,1
649808,184843,0,185335,0
649858,184856,0,185351,1
649908,184869,0,185366,0
649958,184884,0,185374,0
650012,184895,0,185400,1
650064,184915,0,185415,1
650115,184929,0,185433,1
650166,184942,0,185449,0
650220,184955,0,185470,1
650273,184972,0,185480,1
650325,184992,0,185485,2
650376,185010,0,185488,0
650426,185027,0,185505,0
650477,185037,0,185523,1
650527,185045,0,185541,0
650580,185062,0,185558,1
650630,185078,0,185570,2
650680,185090,0,185585,0
650730,185102,0,185602,2
650780,185119,0,185615,0
650830,185132,0,185645,1
650882,185148,0,185662,1
650933,185160,0,185670,1
650984,185175,0,185680,0
651037,185194,0,185738,1
651089,185213,0,185742,1
651149,185230,0,185752,1
651203,185242,0,185766,1
651253,185254,0,185776,1
651303,185269,0,185787,1
651357,185283,0,185809,1
651407,185294,0,185834,0
651458,185313,0,185844,1
651508,185327,0,185859,1
651561,185341,0,185880,1
651611,185354,0,185888,0
651664,185369,0,185913,2
651714,185384,0,185921,0
651766,185405,0,185929,1
651816,185421,0,185937,1
651866,185434,0,185957,0
651916,185443,0,185967,0
651967,185457,0,185976,1
652018,185470,0,185987,0
652068,185484,0,185988,1
652118,185495,0,186011,0
652169,185512,0,186018,1
652224,185530,0,186028,1
652274,185544,0,186047,1
652326,185556,0,186102,1
652376,185572,0,186118,1
652427,185589,0,186129,1
652477,185607,0,186142,0
652528,185625,0,186156,1
652578,185635,0,186176,0
652630,185645,0,186190,1
652684,185662,0,186199,1
652735,185673,0,186221,1
652785,185691,0,186235,1
652835,185699,0,186263,0
652885,185717,0,186274,1
652935,185732,0,186287,0
652985,185746,0,186299,0
653035,185760,0,186312,2
653086,185773,0,186334,1
653136,185791,0,186351,0
653186,185809,0,186360,1
653236,185828,0,186369,1
653289,185837,0,186390,1
653340,185849,0,186414,1
653390,185863,0,186421,2
653440,185874,0,186438,1
653491,185891,0,186447,1
653547,185900,0,186461,1
653599,185920,0,186466,1
653649,185935,0,186476,2
653699,185951,0,186498,1
653749,185964,0,186510,2
653800,185977,0,186525,1
653850,185995,0,186536,2
653902,186013,0,186551,0
653954,186030,0,186567,1
654005,186041,0,186595,1
654058,186050,0,186611,1
654110,186068,0,186622,0
654161,186081,0,186632,1
654214,186094,0,186644,1
654265,186105,0,186660,1
654316,186125,0,186674,1
654367,186140,0,186682,0
654424,186153,0,186700,1
654475,186168,0,186704,1
654526,186185,0,186723,1
654577,186199,0,186735,1
654628,186223,0,186747,1
654683,186236,0,186759,1
654737,186246,0,186774,1
654788,186261,0,186788,1
654840,186272,0,186806,0
654890,186286,0,186827,1
654941,186299,0,186846,0
654993,186317,0,186857,1
655043,186332,0,186878,1
655093,186347,0,186896,0
655145,186358,0,186917,0
655196,186376,0,186938,0
655246,186389,0,186954,1
655296,186408,0,186969,2
655346,186427,0,186978,1
655396,186437,0,187002,0
655447,186449,0,187017,1
655497,186465,0,187029,1
655549,186474,0,187047,1
655600,186492,0,187055,1
655650,186500,0,187078,0
655700,186517,0,187087,1
655751,186534,0,187101,1
655801,186549,0,187118,1
655852,186560,0,187136,1
655906,186577,0,187143,1
655956,186592,0,187164,1
656006,186611,0,187176,1
656056,186630,0,187192,0
656108,186640,0,187215,1
656164,186650,0,187233,1
656215,186667,0,187248,1
656265,186679,0,187265,1
656320,186695,0,187275,1
656371,186705,0,187293,1
656421,186724,0,187304,1
656471,186741,0,187310,1
656521,186752,0,187331,0
656578,186764,0,187351,1
656630,186782,0,187352,1
656680,186800,0,187363,3
656732,186819,0,187369,1
656783,186835,0,187374,0
656833,186844,0,187390,1
656884,186858,0,187408,1
656936,186871,0,187431,0
656986,186882,0,187451,0
657042,186898,0,187461,1
657092,186913,0,187479,1
657143,186928,0,187490,1
657193,186946,0,187508,1
657245,186957,0,187523,1
657296,186970,0,187539,1
657348,186988,0,187545,1
657402,187003,0,187559,1
657456,187029,0,187563,1
657506,187039,0,187569,1
657561,187049,0,187586,0
657612,187066,0,187600,0
657662,187077,0,187617,0
657718,187093,0,187634,1
657778,187104,0,187651,1
657832,187125,0,187655,1
657883,187140,0,187657,1
657933,187154,0,187672,1
657983,187165,0,187692,0
658034,187182,0,187695,1
658085,187200,0,187716,0
658135,187218,0,187732,1
658188,187235,0,187753,0
658239,187244,0,187770,1
658292,187257,0,187786,1
658342,187272,0,187796,1
658392,187283,0,187815,1
658443,187297,0,187831,0
658494,187309,0,187851,0
658546,187327,0,187855,1
658596,187345,0,187863,1
658646,187357,0,187882,1
658696,187368,0,187897,1
658746,187386,0,187906,1
658796,187401,0,187929,1
658847,187421,0,187936,1
658897,187435,0,187948,0
658947,187447,0,187972,0
658997,187461,0,188000,2
659047,187472,0,188009,0
659097,187484,0,188024,1
659149,187497,0,188034,0
659199,187509,0,188042,0
659250,187529,0,188050,2
659302,187546,0,188064,1
659355,187559,0,188079,1
659405,187568,0,188100,0
659456,187587,0,188112,1
659506,187604,0,188124,2
659556,187625,0,188131,1
659607,187636,0,188143,1
659657,187649,0,188159,0
659707,187663,0,188165,1
659758,187674,0,188178,0
659808,187688,0,188201,1
659859,187699,0,188218,1
659909,187713,0,188231,1
659961,187731,0,188234,1
660011,187749,0,188244,1
660062,187759,0,188265,0
660114,187770,0,188277,1
660165,187788,0,188290,0
660215,187807,0,188301,0
660265,187828,0,188307,1
660316,187839,0,188318,1
660366,187849,0,188348,0
660418,187866,0,188413,1
660468,187877,0,188426,1
660524,187889,0,188436,1
660574,187903,0,188449,0
660625,187918,0,188462,2
660675,187936,0,188481,1
660728,187952,0,188498,0
660782,187963,0,188519,0
660836,187977,0,188530,1
660886,187997,0,188540,2
660938,188015,0,188551,1
660988,188035,0,188563,0
661038,188043,0,188580,0
661093,188055,0,188593,1
661143,188071,0,188612,0
661194,188082,0,188634,0
661244,188096,0,188652,1
661299,188107,0,188670,1
661349,188123,0,188677,1
661399,188143,0,188685,1
661455,188156,0,188701,1
661509,188167,0,188716,1
661560,188187,0,188727,1
661618,188202,0,188736,1
661671,188226,0,188744,1
661721,188239,0,188754,1
661772,188250,0,188785,0
661822,188265,0,188798,0
661872,188277,0,188815,2
661922,188288,0,188839,2
661973,188302,0,188856,0
662028,188315,0,188865,1
662079,188336,0,188874,0
662129,188352,0,188880,1
662179,188363,0,188892,1
662230,188373,0,188908,0
662280,188392,0,188914,0
662332,188406,0,188924,1
662385,188426,0,188924,1
662435,188442,0,188930,1
662489,188453,0,188954,1
662540,188469,0,188969,1
662592,188482,0,188982,1
662645,188494,0,188998,1
662698,188506,0,189018,0
662751,188521,0,189037,0
662802,188543,0,189051,1
662852,188555,0,189072,1
662902,188566,0,189083,1
662953,188580,0,189112,1
663004,188597,0,189112,1
663055,188614,0,189127,2
663108,188633,0,189139,1
663158,188646,0,189156,2
663208,188661,0,189181,1
663258,188673,0,189247,1
663309,188684,0,189277,1
663361,188699,0,189304,1
663411,188709,0,189328,1
663462,188723,0,189342,0
663513,188747,0,189352,1
663563,188757,0,189370,1
663613,188768,0,189380,1
663663,188782,0,189399,1
663713,188800,0,189408,1
663763,188816,0,189422,1
663813,188834,0,189427,0
663868,188848,0,189445,1
663918,188865,0,189451,1
663972,188874,0,189470,1
664027,188887,0,189481,1
664077,188902,0,189500,0
664127,188914,0,189514,0
664178,188929,0,189522,0
664230,188948,0,189527,1
664280,188960,0,189545,0
664330,188972,0,189563,1
664380,188986,0,189578,1
664435,189004,0,189584,1
664485,189022,0,189600,1
664535,189041,0,189625,0
664591,189052,0,189646,1
664641,189069,0,189652,2
664691,189079,0,189666,1
664743,189090,0,189687,1
664801,189104,0,189701,1
664852,189119,0,189707,1
664902,189136,0,189730,2
664952,189154,0,189744,0
665004,189163,0,189772,1
665055,189177,0,189783,1
665107,189196,0,189792,1
665157,189210,0,189801,1
665207,189229,0,189864,2
665260,189245,0,189927,1
665312,189255,0,189953,1
665367,189273,0,189957,1
665420,189285,0,189968,1
665471,189297,0,189978,1
665521,189309,0,189990,2
665571,189324,0,190005,1
665623,189344,0,190025,1
665674,189359,0,190039,1
665724,189369,0,190054,1
665774,189382,0,190066,0
665828,189400,0,190077,1
665879,189418,0,190093,0
665933,189439,0,190101,1
665986,189451,0,190106,1
666036,189463,0,190128,0
666086,189477,0,190153,1
666139,189488,0,190165,1
666193,189503,0,190182,0
666243,189514,0,190202,0
666294,189532,0,190214,1
666345,189551,0,190226,1
666395,189561,0,190245,0
666446,189574,0,190257,2
666496,189590,0,190267,1
666546,189607,0,190282,0
666600,189626,0,190291,1
666653,189642,0,190297,0
666706,189653,0,190323,1
666756,189671,0,190333,2
666807,189681,0,190356,1
666857,189694,0,190369,1
666909,189705,0,190387,0
666959,189720,0,190400,1
667009,189735,0,190405,2
667062,189754,0,190420,1
667112,189764,0,190433,1
667162,189778,0,190453,0
667212,189794,0,190467,1
667262,189810,0,190479,1
667322,189830,0,190488,1
667372,189848,0,190502,1
667423,189856,0,190529,1
667477,189873,0,190538,0
667527,189886,0,190552,1
667580,189898,0,190570,1
667630,189912,0,190591,2
667681,189926,0,190612,1
667732,189943,0,190624,1
667783,189960,0,190633,1
667834,189969,0,190648,0
667885,189985,0,190666,1
667936,189999,0,190674,0
667990,190020,0,190727,1
668040,190036,0,190738,1
668090,190051,0,190755,1
668140,190060,0,190777,1
668190,190076,0,190783,0
668241,190087,0,190794,0
668293,190099,0,190804,1
668344,190114,0,190812,0
668394,190127,0,190833,0
668444,190147,0,190842,3
668494,190160,0,190859,0
668544,190171,0,190884,0
668595,190188,0,190896,1
668649,190202,0,190912,1
668700,190223,0,190918,1
668750,190242,0,190932,3
668808,190252,0,190953,1
668862,190267,0,190967,1
668912,190279,0,190980,0
668963,190293,0,190993,1
669016,190305,0,191009,1
669070,190321,0,191035,1
669120,190334,0,191048,1
669170,190352,0,191048,1
669221,190366,0,191066,1
669271,190379,0,191078,1
669322,190395,0,191102,1
669373,190412,0,191114,2
669423,190429,0,191129,0
669477,190447,0,191145,1
669528,190456,0,191164,1
669583,190473,0,191173,1
669635,190484,0,191199,1
669687,190498,0,191219,0
669740,190512,0,191236,0
669792,190527,0,191245,0
669842,190540,0,191259,1
669893,190559,0,191272,0
669946,190571,0,191287,1
669998,190586,0,191298,1
670050,190602,0,191305,1
670101,190621,0,191307,2
670151,190638,0,191327,1
670203,190651,0,191350,0
670253,190661,0,191366,0
670303,190678,0,191384,0
670353,190688,0,191404,0
670403,190703,0,191411,1
670453,190716,0,191428,1
670505,190728,0,191440,1
670561,190743,0,191454,1
670612,190761,0,191466,0
670667,190774,0,191479,1
670718,190793,0,191496,1
670770,190806,0,191508,1
670822,190829,0,191516,1
670872,190846,0,191524,1
670923,190855,0,191537,0
670973,190869,0,191554,1
671025,190880,0,191577,1
671075,190893,0,191580,2
671125,190904,0,191587,0
671176,190921,0,191600,1
671228,190932,0,191613,1
671279,190950,0,191621,1
671330,190965,0,191634,1
671381,190979,0,191655,0
671437,190998,0,191663,1
671489,191013,0,191675,1
671540,191033,0,191687,0
671591,191048,0,191688,1
671641,191058,0,191788,2
671691,191074,0,191857,0
671741,191083,0,191877,0
671792,191097,0,191894,1
671843,191109,0,191904,1
671895,191124,0,191917,1
671945,191138,0,191927,1
671995,191154,0,191934,1
672045,191170,0,191941,0
672096,191182,0,191962,1
672153,191201,0,191975,1
672203,191218,0,191984,1
672254,191235,0,191998,0
672306,191251,0,192012,0
672356,191261,0,192020,1
672408,191278,0,192037,1
672458,191286,0,192056,1
672508,191299,0,192072,0
672558,191313,0,192088,1
672609,191326,0,192107,1
672660,191341,0,192113,1
672711,191359,0,192125,1
672761,191373,0,192140,0
672814,191387,0,192152,1
672865,191403,0,192168,0
672916,191422,0,192177,1
672967,191437,0,192188,1
673017,191452,0,192202,0
673067,191464,0,192212,1
673118,191478,0,192219,0
673169,191489,0,192248,1
673219,191500,0,192268,1
673269,191516,0,192275,1
673320,191529,0,192290,1
673371,191545,0,192302,0
673422,191561,0,192316,0
673472,191573,0,192335,0
673522,191589,0,192359,1
673572,191605,0,192367,1
673622,191624,0,192386,1
673672,191637,0,192416,0
673722,191653,0,192429,1
673777,191665,0,192501,1
673830,191680,0,192514,1
673880,191692,0,192528,1
673934,191703,0,192548,0
673984,191721,0,192556,2
674037,191732,0,192579,1
674089,191748,0,192599,1
674140,191766,0,192611,1
674190,191779,0,192626,1
674241,191796,0,192639,1
674294,191810,0,192655,1
674350,191824,0,192655,1
674404,191847,0,192656,1
674454,191859,0,192673,1
674507,191873,0,192694,1
674557,191885,0,192712,1
674607,191899,0,192721,1
674658,191908,0,192734,1
674708,191925,0,192745,1
674761,191939,0,192763,1
674813,191956,0,192772,1
674863,191973,0,192781,0
674913,191982,0,192791,3
674963,192003,0,192805,1
675013,192014,0,192833,0
675063,192028,0,192851,2
675116,192051,0,192853,1
675166,192061,0,192862,1
675217,192078,0,192877,1
675270,192088,0,192908,1
675320,192099,0,192927,0
675371,192112,0,192944,1
675425,192127,0,192951,1
675475,192144,0,192965,1
675527,192161,0,192986,0
675579,192173,0,192997,0
675636,192190,0,193011,1
675689,192208,0,193013,0
675739,192222,0,193031,0
675789,192239,0,193042,1
675839,192255,0,193044,2
675892,192268,0,193064,1
675942,192283,0,193080,0
675992,192293,0,193096,0
676043,192305,0,193109,1
676095,192316,0,193118,1
676150,192333,0,193130,1
676201,192350,0,193147,1
676253,192367,0,193154,1
676303,192377,0,193175,1
676355,192395,0,193198,0
676406,192411,0,193213,0
676457,192425,0,193219,1
676508,192442,0,193225,1
676558,192459,0,193234,1
676608,192471,0,193245,1
676659,192484,0,193251,1
676709,192497,0,193295,0
676759,192506,0,193323,0
676811,192524,0,193336,1
676861,192537,0,193362,0
676914,192555,0,193371,1
676964,192572,0,193378,0
677016,192581,0,193397,1
677067,192599,0,193410,1
677117,192615,0,193426,1
677167,192626,0,193447,0
677217,192642,0,193459,0
677268,192661,0,193479,1
677319,192674,0,193493,1
677370,192687,0,193509,0
677420,192698,0,193531,0
677472,192711,0,193542,1
677522,192726,0,193552,1
677573,192742,0,193563,1
677623,192756,0,193574,0
677674,192773,0,193584,0
677725,192782,0,193599,1
677777,192802,0,193606,1
677828,192816,0,193617,1
677882,192827,0,193627,0
677932,192848,0,193635,2
677982,192865,0,193639,2
678035,192877,0,193659,1
678085,192890,0,193680,0
678136,192900,0,193700,1
678187,192911,0,193706,0
678241,192930,0,193715,1
678291,192944,0,193727,0
678343,192959,0,193785,1
678393,192973,0,193802,0
678443,192989,0,193817,1
678493,193008,0,193835,1
678544,193021,0,193854,1
678594,193030,0,193875,1
678644,193051,0,193887,0
678697,193068,0,193890,1
678747,193080,0,193911,2
678797,193093,0,193923,1
678852,193103,0,193953,1
678907,193114,0,193967,1
678958,193134,0,193984,1
679013,193146,0,193999,1
679065,193168,0,194004,1
679115,193178,0,194017,0
679165,193196,0,194040,1
679216,193212,0,194053,1
679266,193225,0,194079,0
679318,193238,0,194090,1
679369,193255,0,194092,1
679420,193272,0,194102,1
679470,193283,0,194116,2
679520,193298,0,194129,0
679571,193308,0,194156,0
679622,193321,0,194175,1
679672,193339,0,194185,1
679722,193349,0,194201,1
679774,193372,0,194210,2
679824,193380,0,194232,1
679875,193399,0,194252,1
679938,193414,0,194273,1
679990,193427,0,194284,0
680042,193445,0,194292,1
680094,193465,0,194295,1
680150,193478,0,194313,1
680202,193492,0,194327,0
680253,193503,0,194344,1
680310,193512,0,194368,1
680360,193534,0,194387,1
680410,193545,0,194405,0
680462,193565,0,194417,1
680513,193578,0,194433,1
680563,193595,0,194440,0
680618,193610,0,194445,1
680669,193626,0,194465,1
680719,193638,0,194493,1
680771,193654,0,194498,1
680821,193672,0,194514,1
680871,193681,0,194542,0
680921,193697,0,194604,0
680971,193707,0,194615,1
681022,193716,0,194634,1
681073,193737,0,194653,0
681123,193747,0,194665,0
681174,193767,0,194677,0
681225,193780,0,194694,1
681275,193798,0,194705,1
681325,193812,0,194721,2
681375,193825,0,194728,1
681425,193838,0,194737,2
681475,193854,0,194745,1
681525,193873,0,194765,1
681577,193882,0,194787,1
681629,193898,0,194808,0
681682,193909,0,194831,1
681733,193922,0,194851,1
681784,193941,0,194867,1
681834,193951,0,194889,3
681886,193973,0,194895,2
681936,193982,0,194918,1
681986,194002,0,194927,1
682036,194013,0,194945,0
682086,194026,0,194960,0
682140,194041,0,194970,1
682190,194057,0,194976,2
682240,194076,0,194989,1
682291,194086,0,195015,1
682343,194101,0,195026,1
682393,194111,0,195043,0
682446,194126,0,195062,1
682496,194144,0,195072,0
682546,194157,0,195090,2
682597,194173,0,195108,0
682647,194184,0,195125,1
682697,194204,0,195142,1
682751,194216,0,195162,1
682806,194228,0,195179,1
682857,194245,0,195185,1
682909,194265,0,195206,1
682961,194280,0,195225,1
683011,194295,0,195235,2
683062,194304,0,195260,1
683112,194312,0,195281,1
683168,194332,0,195283,1
683218,194345,0,195288,0
683270,194365,0,195298,1
683321,194378,0,195311,0
683371,194396,0,195322,2
683421,194407,0,195348,1
683471,194422,0,195364,0
683522,194433,0,195382,0
683575,194449,0,195388,1
683627,194473,0,195400,1
683678,194481,0,195420,0
683731,194497,0,195422,1
683782,194508,0,195428,1
683832,194520,0,195449,3
683885,194539,0,195460,1
683936,194547,0,195478,0
683986,194570,0,195493,1
684039,194580,0,195516,0
684090,194596,0,195519,1
684142,194614,0,195536,1
684192,194627,0,195560,1
684247,194641,0,195567,1
684297,194659,0,195578,3
684354,194677,0,195584,1
684404,194687,0,195604,1
684454,194702,0,195617,1
684510,194711,0,195624,0
684560,194728,0,195643,1
684610,194744,0,195673,0
684660,194758,0,195699,1
684712,194774,0,195710,0
684762,194787,0,195730,1
684813,194806,0,195737,2
684865,194821,0,195753,1
684917,194828,0,195773,1
684967,194845,0,195781,1
685018,194865,0,195790,1
685068,194880,0,195807,1
685119,194890,0,195822,1
685169,194903,0,195841,1
685220,194914,0,195868,1
685270,194932,0,195886,2
685322,194945,0,195895,0
685375,194960,0,195906,1
685425,194978,0,195916,1
685478,194989,0,195929,1
685528,195008,0,195938,1
685578,195023,0,195960,1
685629,195031,0,195970,1
685679,195048,0,195988,0
685731,195068,0,195992,1
685788,195082,0,196012,1
685840,195098,0,196018,1
685890,195108,0,196040,0
685944,195119,0,196055,1
685995,195141,0,196070,1
686048,195149,0,196091,1
686099,195168,0,196100,1
686150,195181,0,196115,1
686201,195196,0,196127,0
686254,195213,0,196132,1
686308,195227,0,196150,0
686364,195240,0,196163,1
686414,195260,0,196175,0
686465,195279,0,196192,0
686516,195287,0,196213,1
686566,195302,0,196224,1
686616,195311,0,196241,0
686669,195327,0,196258,1
686719,195344,0,196276,0
686771,195357,0,196288,1
686821,195376,0,196296,1
686872,195387,0,196315,0
686922,195406,0,196325,1
686973,195422,0,196341,1
687024,195428,0,196376,1
687075,195444,0,196399,1
687128,195462,0,196409,1
687178,195481,0,196412,0
687230,195492,0,196426,1
687280,195505,0,196434,1
687330,195516,0,196455,1
687381,195531,0,196468,1
687433,195547,0,196473,1
687484,195560,0,196484,0
687539,195580,0,196486,1
687590,195590,0,196500,0
687640,195611,0,196513,1
687690,195624,0,196528,1
687742,195635,0,196548,1
687793,195649,0,196568,1
687844,195667,0,196581,1
687896,195683,0,196590,1
687947,195697,0,196600,1
688001,195709,0,196615,0
688052,195720,0,196633,1
688102,195739,0,196638,1
688152,195749,0,196657,1
688204,195764,0,196670,0
688255,195781,0,196683,1
688306,195796,0,196696,2
688356,195814,0,196716,1
688410,195827,0,196733,0
688460,195839,0,196747,0
688511,195853,0,196762,1
688561,195875,0,196774,1
688611,195885,0,196783,0
688663,195901,0,196796,0
688713,195911,0,196821,0
688764,195924,0,196848,1
688818,195944,0,196862,1
688869,195952,0,196877,1
688919,195968,0,196881,1
688969,195984,0,196893,1
689021,195999,0,196901,1
689071,196016,0,196917,1
689124,196027,0,196935,0
689174,196043,0,196950,1
689225,196059,0,196960,1
689275,196077,0,196965,1
689327,196089,0,196978,0
689379,196104,0,196991,1
689430,196115,0,197009,2
689485,196129,0,197033,1
689535,196147,0,197044,1
689586,196160,0,197060,0
689636,196173,0,197067,3
689686,196189,0,197082,0
689736,196209,0,197102,4
689787,196223,0,197119,2
689837,196230,0,197145,0
689888,196247,0,197159,1
689938,196263,0,197218,1
689989,196280,0,197236,0
690039,196292,0,197248,1
690091,196306,0,197262,1
690142,196317,0,197276,1
690193,196333,0,197285,1
690245,196348,0,197296,1
690295,196361,0,197314,1
690345,196377,0,197333,1
690396,196390,0,197353,1
690446,196412,0,197360,2
690497,196425,0,197371,1
690547,196432,0,197396,1
690598,196448,0,197407,1
690650,196466,0,197421,1
690700,196482,0,197428,1
690752,196495,0,197436,1
690802,196509,0,197446,0
690852,196519,0,197463,1
690902,196533,0,197476,0
690955,196549,0,197490,1
691005,196564,0,197500,0
691055,196580,0,197517,1
691105,196592,0,197535,0
691156,196612,0,197546,0
691206,196626,0,197558,1
691259,196636,0,197588,1
691311,196651,0,197594,1
691361,196668,0,197600,1
691411,196684,0,197617,1
691462,196696,0,197640,0
691512,196710,0,197650,1
691564,196721,0,197662,1
691615,196737,0,197678,1
691666,196750,0,197693,0
691716,196765,0,197706,0
691768,196783,0,197719,1
691819,196798,0,197736,2
691872,196815,0,197745,1
691925,196827,0,197754,0
691976,196838,0,197769,0
692026,196855,0,197778,0
692076,196872,0,197781,1
692127,196887,0,197792,1
692181,196902,0,197809,1
692232,196912,0,197830,1
692284,196927,0,197840,1
692335,196946,0,197861,1
692385,196955,0,197874,1
692435,196968,0,197887,1
692485,196986,0,197904,1
692535,197003,0,197912,1
692592,197019,0,197935,1
692642,197030,0,197944,0
692692,197041,0,197953,1
692745,197060,0,197960,1
692798,197078,0,197965,1
692848,197091,0,197976,0
692902,197106,0,197996,1
692953,197117,0,198018,1
693004,197132,0,198026,1
693054,197147,0,198045,0
693106,197162,0,198060,1
693157,197177,0,198072,2
693210,197192,0,198084,1
693260,197211,0,198094,0
693312,197225,0,198101,1
693363,197235,0,198120,1
693414,197247,0,198138,1
693468,197268,0,198139,1
693522,197283,0,198150,1
693572,197297,0,198156,1
693622,197311,0,198161,2
693674,197321,0,198178,1
693724,197339,0,198191,1
693784,197351,0,198209,1
693835,197367,0,198217,1
693885,197384,0,198230,1
693937,197401,0,198245,1
693987,197418,0,198256,1
694038,197429,0,198272,0
694088,197440,0,198289,0
694138,197455,0,198299,1
694188,197475,0,198308,1
694239,197488,0,198329,0
694294,197503,0,198348,0
694346,197513,0,198365,0
694396,197530,0,198379,0
694447,197545,0,198386,1
694498,197554,0,198403,1
694555,197570,0,198420,1
694607,197591,0,198437,1
694658,197609,0,198453,1
694708,197623,0,198470,0
694759,197633,0,198491,1
694809,197645,0,198514,1
694860,197661,0,198526,1
694910,197679,0,198529,0
694961,197692,0,198546,0
695011,197706,0,198557,2
695065,197720,0,198565,1
695116,197732,0,198571,1
695167,197748,0,198584,1
695220,197762,0,198600,1
695270,197775,0,198614,1
695323,197793,0,198617,1
695373,197807,0,198617,1
695425,197826,0,198633,0
695476,197838,0,198642,1
695526,197848,0,198655,0
695576,197863,0,198674,0
695626,197883,0,198684,0
695676,197895,0,198693,1
695726,197909,0,198703,1
695776,197921,0,198725,1
695827,197935,0,198738,0
695877,197950,0,198742,0
695929,197965,0,198758,1
695979,197977,0,198766,1
696032,197994,0,198783,0
696082,198010,0,198798,1
696133,198028,0,198812,1
696183,198039,0,198835,1
696233,198049,0,198850,1
696283,198065,0,198856,1
696336,198084,0,198860,1
696388,198098,0,198870,1
696438,198112,0,198891,1
696488,198123,0,198912,0
696538,198138,0,198930,0
696590,198151,0,198946,1
696640,198167,0,198959,0
696693,198183,0,198969,2
696743,198197,0,198990,1
696794,198213,0,199011,1
696848,198229,0,199024,0
696904,198242,0,199044,1
696954,198257,0,199069,0
697006,198270,0,199084,1
697060,198288,0,199094,1
697111,198305,0,199100,1
697161,198318,0,199116,1
697211,198329,0,199140,1
697261,198342,0,199163,1
697315,198357,0,199173,1
697366,198372,0,199190,1
697420,198388,0,199200,1
697474,198406,0,199211,1
697527,198425,0,199213,1
697577,198438,0,199240,1
697627,198448,0,199262,1
697677,198463,0,199272,1
697729,198479,0,199281,1
697779,198494,0,199300,0
697829,198509,0,199315,1
697881,198521,0,199340,1
697932,198534,0,199346,2
697983,198550,0,199359,0
698033,198563,0,199372,1
698089,198576,0,199395,1
698140,198594,0,199403,1
698193,198611,0,199410,1
698243,198628,0,199419,1
698293,198639,0,199440,1
698345,198650,0,199452,1
698400,198666,0,199460,1
698453,198686,0,199473,1
698504,198702,0,199496,1
698556,198715,0,199520,1
698608,198727,0,199531,1
698658,198740,0,199544,1
698713,198755,0,199553,0
698763,198770,0,199569,1
698818,198787,0,199586,1
698869,198802,0,199605,0
698922,198823,0,199610,1
698973,198833,0,199630,1
699028,198845,0,199649,1
699080,198861,0,199660,1
699131,198879,0,199671,2
699183,198894,0,199681,1
699233,198910,0,199697,1
699286,198921,0,199707,1
699337,198934,0,199725,1
699387,198948,0,199742,0
699437,198963,0,199762,1
699491,198975,0,199776,0
699542,198989,0,199781,1
699594,199010,0,199786,0
699644,199027,0,199799,1
699695,199039,0,199808,1
699745,199049,0,199832,1
699797,199065,0,199842,0
699853,199084,0,199860,1
699905,199100,0,199883,1
699956,199114,0,199892,1
700008,199125,0,199958,0
700060,199140,0,199969,1
700111,199155,0,199986,0
700161,199169,0,200000,0
700214,199179,0,200066,0
700265,199197,0,200071,1
700315,199218,0,200079,1
700368,199232,0,200095,1
700420,199244,0,200117,0
700475,199257,0,200135,1
700526,199272,0,200142,1
700581,199292,0,200147,1
700635,199307,0,200154,1
700687,199321,0,200162,1
700750,199333,0,200191,1
700801,199351,0,200198,1
700855,199367,0,200218,1
700908,199378,0,200226,1
700959,199393,0,200238,1
701010,199412,0,200248,1
701060,199430,0,200251,0
701114,199442,0,200272,1
701166,199453,0,200287,1
701218,199469,0,200292,1
701270,199489,0,200305,1
701320,199505,0,200313,2
701370,199516,0,200328,0
701420,199528,0,200351,1
701470,199541,0,200366,0
701520,199554,0,200372,1
701570,199570,0,200379,1
701620,199580,0,200403,1
701670,199595,0,200421,1
701720,199614,0,200435,0
701770,199628,0,200437,2
701823,199644,0,200454,0
701876,199654,0,200459,1
701926,199672,0,200467,1
701976,199690,0,200481,1
702027,199705,0,200492,0
702078,199718,0,200505,1
702131,199730,0,200524,1
702182,199743,0,200537,0
702233,199758,0,200548,0
702289,199774,0,200561,1
702341,199783,0,200582,1
702392,199802,0,200590,1
702446,199819,0,200594,1
702496,199837,0,200604,0
702546,199846,0,200614,1
702603,199863,0,200624,1
702653,199882,0,200631,2
702710,199899,0,200642,1
702760,199912,0,200649,2
702811,199924,0,200667,0
702862,199935,0,200688,1
702912,199949,0,200702,1
702962,199968,0,200717,1
703012,199978,0,200735,1
703062,199993,0,200763,2
703115,200009,0,200770,1
703165,200024,0,200783,1
703219,200040,0,200799,1
703269,200052,0,200814,0
703323,200068,0,200820,1
703373,200085,0,200840,0
703423,200102,0,200850,1
703474,200117,0,200865,1
703525,200129,0,200871,1
703575,200139,0,200889,2
703626,200154,0,200900,1
703676,200171,0,200910,1
703729,200181,0,200933,0
703779,200198,0,200943,1
703829,200214,0,200959,0
703879,200228,0,200972,1
703929,200244,0,200987,1
703980,200254,0,201015,1
704031,200272,0,201034,1
704081,200289,0,201039,3
704134,200305,0,201057,1
704185,200317,0,201069,0
704235,200330,0,201078,1
704285,200342,0,201093,1
704335,200355,0,201117,1
704387,200373,0,201125,0
704439,200382,0,201146,1
704491,200399,0,201152,0
704542,200418,0,201162,0
704592,200433,0,201175,1
704642,200444,0,201186,0
704692,200459,0,201197,2
704745,200474,0,201248,1
704795,200493,0,201254,2
704846,200507,0,201272,1
704896,200517,0,201287,0
704947,200532,0,201300,0
704997,200541,0,201320,1
705047,200560,0,201321,1
705100,200574,0,201342,1
705150,200584,0,201359,0
705201,200600,0,201379,1
705252,200620,0,201390,1
705302,200637,0,201413,0
705352,200648,0,201427,2
705403,200660,0,201441,0
705454,200677,0,201452,1
705506,200696,0,201468,1
705557,200708,0,201482,0
705607,200720,0,201497,0
705658,200733,0,201504,0
705709,200746,0,201519,1
705759,200762,0,201532,1
705810,200777,0,201541,1
705861,200787,0,201561,1
705915,200803,0,201575,1
705968,200823,0,201590,1
706021,200840,0,201593,1
706075,200852,0,201603,1
706128,200864,0,201624,1
706180,200885,0,201630,1
706231,200901,0,201639,0
706282,200917,0,201649,1
706333,200926,0,201667,1
706383,200939,0,201687,1
706433,200951,0,201710,0
706485,200965,0,201725,1
706537,200981,0,201740,0
706589,200992,0,201751,1
706644,201011,0,201756,1
706695,201031,0,201765,1
706745,201044,0,201778,0
706795,201057,0,201799,0
706846,201070,0,201811,1
706896,201086,0,201825,0
706946,201106,0,201834,1
706996,201117,0,201852,0
707050,201130,0,201871,0
707101,201141,0,201888,1
707152,201158,0,201897,1
707204,201171,0,201910,1
707254,201184,0,201932,0
707304,201199,0,201945,0
707354,201217,0,201958,2
707404,201233,0,201965,1
707456,201246,0,201982,1
707508,201260,0,202012,0
707559,201273,0,202030,0
707610,201291,0,202036,1
707660,201307,0,202055,0
707711,201320,0,202063,1
707762,201333,0,202077,0
707814,201343,0,202098,1
707865,201363,0,202112,1
707915,201377,0,202128,1
707967,201386,0,202151,0
708020,201403,0,202168,1
708070,201421,0,202187,0
708120,201437,0,202203,0
708170,201450,0,202225,1
708226,201462,0,202240,1
708278,201480,0,202257,1
708328,201496,0,202266,1
708380,201512,0,202282,0
708432,201525,0,202293,1
708483,201536,0,202312,0
708533,201549,0,202329,1
708583,201564,0,202335,1
708636,201579,0,202344,1
708690,201591,0,202355,1
708744,201609,0,202369,1
708795,201630,0,202379,1
708847,201645,0,202395,1
708899,201655,0,202406,1
708954,201670,0,202432,1
709006,201687,0,202448,1
709057,201705,0,202454,1
709109,201718,0,202460,1
709160,201731,0,202478,1
709215,201741,0,202501,1
709267,201760,0,202503,1
709321,201774,0,202522,1
709371,201787,0,202537,1
709421,201802,0,202549,1
709471,201820,0,202568,1
709523,201837,0,202574,1
709575,201849,0,202590,1
709627,201862,0,202608,1
709677,201877,0,202618,2
709727,201895,0,202634,0
709781,201911,0,202635,1
709831,201923,0,202651,1
709881,201936,0,202669,0
709931,201946,0,202685,1
709981,201963,0,202695,0
710031,201971,0,202712,2
710081,201989,0,202723,0
710133,202002,0,202729,1
710185,202023,0,202739,0
710240,202039,0,202744,1
710291,202053,0,202761,1
710345,202067,0,202772,1
710395,202081,0,202788,1
710448,202101,0,202810,1
710498,202113,0,202820,0
710548,202128,0,202830,1
710598,202137,0,202844,0
710648,202151,0,202853,0
710698,202165,0,202870,0
710749,202177,0,202885,3
710807,202192,0,202893,1
710859,202208,0,202905,1
710912,202230,0,202906,1
710963,202246,0,202928,0
711013,202257,0,202945,1
711063,202272,0,202955,0
711113,202289,0,202972,2
711167,202303,0,202975,1
711217,202320,0,202981,1
711271,202332,0,202997,1
711323,202341,0,203015,1
711373,202358,0,203029,2
711424,202368,0,203055,0
711481,202382,0,203070,1
711531,202400,0,203075,1
711581,202418,0,203088,1
711631,202437,0,203100,0
711683,202449,0,203112,1
711733,202461,0,203135,0
711784,202476,0,203143,1
711835,202496,0,203153,1
711886,202511,0,203168,1
711938,202522,0,203185,1
711989,202535,0,203206,0
712040,202544,0,203218,1
712090,202564,0,203241,0
712140,202571,0,203263,1
712192,202584,0,203280,1
712242,202605,0,203286,1
712293,202620,0,203294,1
712355,202640,0,203306,1
712406,202656,0,203320,0
712457,202668,0,203342,1
712507,202686,0,203349,0
712559,202702,0,203361,1
712610,202715,0,203377,0
712662,202729,0,203382,1
712717,202738,0,203398,1
712773,202756,0,203413,0
712826,202768,0,203428,0
712877,202781,0,203435,0
712927,202794,0,203447,1
712978,202812,0,203465,1
713035,202835,0,203473,1
713085,202850,0,203492,1
713137,202861,0,203516,0
713189,202876,0,203523,1
713240,202896,0,203542,1
713294,202907,0,203557,1
713345,202922,0,203576,0
713395,202936,0,203583,1
713445,202946,0,203601,1
713495,202963,0,203614,1
713549,202971,0,203639,1
713600,202985,0,203648,1
713650,203006,0,203655,2
713700,203018,0,203666,1
713751,203039,0,203673,0
713801,203051,0,203680,1
713851,203063,0,203695,1
713901,203078,0,203704,1
713951,203099,0,203706,0
714003,203110,0,203729,1
714053,203124,0,203745,1
714103,203137,0,203759,0
714153,203148,0,203775,0
714206,203165,0,203799,0
714257,203172,0,203820,1
714308,203186,0,203837,0
714358,203206,0,203843,1
714409,203220,0,203907,1
714461,203240,0,203925,1
714513,203253,0,203940,1
714563,203270,0,203962,1
714615,203281,0,203972,0
714666,203302,0,203974,0
714716,203315,0,203995,0
714770,203327,0,204012,1
714822,203337,0,204026,0
714872,203356,0,204033,1
714922,203367,0,204048,0
714973,203376,0,204068,0
715023,203390,0,204077,1
715073,203408,0,204139,0
715125,203422,0,204145,1
715175,203445,0,204158,1
715225,203459,0,204172,2
715275,203471,0,204187,0
715327,203484,0,204210,1
715381,203503,0,204222,1
715433,203518,0,204231,1
715485,203531,0,204245,1
715535,203541,0,204256,2
715586,203559,0,204267,1
715640,203568,0,204287,0
715690,203582,0,204300,1
715741,203596,0,204319,1
715792,203613,0,204330,1
715844,203626,0,204341,1
715894,203647,0,204357,1
715946,203661,0,204373,0
715997,203674,0,204391,0
716062,203690,0,204403,1
716112,203711,0,204418,2
716162,203725,0,204427,0
716212,203737,0,204443,0
716263,203751,0,204463,1
716320,203767,0,204481,0
716370,203774,0,204505,1
716421,203789,0,204528,1
716473,203806,0,204543,1
716524,203821,0,204568,0
716575,203839,0,204579,1
716628,203855,0,204590,1
716678,203871,0,204592,0
716728,203884,0,204617,0
716779,203897,0,204625,1
716830,203915,0,204640,0
716880,203929,0,204661,1
716930,203937,0,204687,0
716982,203956,0,204700,1
717034,203968,0,204721,1
717087,203979,0,204741,1
717142,203993,0,204751,1
717194,204013,0,204763,1
717245,204026,0,204780,1
717295,204047,0,204785,1
717346,204060,0,204795,1
717396,204073,0,204813,1
717448,204088,0,204824,0
717499,204102,0,204830,1
717550,204119,0,204839,1
717601,204135,0,204856,1
717655,204147,0,204878,1
717705,204163,0,204891,1
717755,204171,0,204905,1
717808,204184,0,204921,1
717858,204198,0,204935,1
717909,204216,0,204949,1
717960,204231,0,204965,1
718013,204250,0,204969,1
718065,204263,0,204984,0
718119,204277,0,204995,1
718170,204289,0,205013,0
718221,204308,0,205017,2
718273,204326,0,205019,1
718323,204337,0,205042,0
718379,204352,0,205055,1
718430,204367,0,205068,0
718482,204375,0,205094,1
718532,204391,0,205108,2
718582,204406,0,205117,1
718633,204423,0,205130,1
718683,204440,0,205146,1
718740,204455,0,205161,1
718791,204472,0,205175,1
718847,204486,0,205185,1
718897,204495,0,205212,0
718948,204517,0,205218,1
718999,204533,0,205229,1
719053,204542,0,205251,1
719104,204560,0,205258,1
719155,204570,0,205275,0
719205,204583,0,205299,0
719257,204597,0,205311,0
719311,204614,0,205330,1
719363,204629,0,205334,1
719413,204649,0,205355,1
719465,204663,0,205370,1
719515,204675,0,205392,0
719569,204689,0,205413,0
719619,204703,0,205429,1
719669,204723,0,205438,1
719719,204737,0,205457,0
719769,204746,0,205470,1
719825,204765,0,205487,0
719875,204773,0,205502,1
719928,204789,0,205514,1
719979,204804,0,205518,0
720029,204819,0,205527,1
720084,204834,0,205532,1
720138,204854,0,205541,1
720188,204871,0,205547,0
720242,204885,0,205561,1
720293,204895,0,205573,1
720344,204912,0,205583,1
720394,204929,0,205605,0
720444,204938,0,205628,0
720494,204955,0,205638,1
720544,204968,0,205658,0
720595,204979,0,205667,1
720645,204993,0,205668,2
720695,205009,0,205680,1
720746,205023,0,205696,1
720799,205037,0,205702,1
720850,205056,0,205711,1
720901,205072,0,205729,0
720951,205086,0,205748,1
721004,205096,0,205769,0
721057,205111,0,205776,1
721107,205134,0,205779,0
721157,205140,0,205794,1
721207,205156,0,205803,1
721259,205169,0,205823,1
721311,205180,0,205842,1
721361,205197,0,205855,1
721411,205213,0,205878,1
721462,205226,0,205897,0
721519,205241,0,205910,1
721570,205262,0,205915,1
721620,205276,0,205927,2
721673,205289,0,205936,0
721723,205301,0,205963,0
721774,205317,0,205982,1
721825,205337,0,205985,1
721881,205345,0,206005,1
721932,205365,0,206012,0
721982,205373,0,206030,1
722034,205384,0,206044,1
722086,205405,0,206050,1
722137,205419,0,206062,0
722190,205431,0,206078,1
722241,205451,0,206086,1
722295,205468,0,206097,1
722348,205485,0,206111,0
722401,205496,0,206125,1
722451,205509,0,206143,0
722504,205526,0,206147,1
722554,205538,0,206165,0
722607,205554,0,206182,1
722657,205568,0,206204,0
722709,205579,0,206225,0
722759,205596,0,206240,0
722810,205611,0,206246,1
722861,205626,0,206254,0
722913,205637,0,206269,1
722964,205657,0,206286,1
723015,205673,0,206293,1
723067,205687,0,206306,1
723117,205698,0,206335,0
723168,205713,0,206353,2
723218,205733,0,206370,0
723269,205741,0,206386,1
723319,205756,0,206396,1
723369,205769,0,206411,0
723419,205780,0,206432,0
723471,205798,0,206446,1
723522,205815,0,206461,1
723573,205828,0,206470,1
723625,205841,0,206482,1
723682,205859,0,206495,1
723732,205878,0,206512,1
723783,205889,0,206526,0
723834,205901,0,206535,1
723884,205918,0,206553,0
723935,205937,0,206574,0
723987,205946,0,206596,0
724038,205964,0,206618,1
724089,205973,0,206646,1
724141,205984,0,206659,0
724192,206004,0,206669,1
724242,206018,0,206682,0
724293,206031,0,206696,1
724346,206047,0,206704,1
724400,206065,0,206721,1
724453,206084,0,206732,0
724503,206094,0,206751,0
724553,206107,0,206760,1
724603,206124,0,206763,2
724653,206138,0,206781,0
724704,206152,0,206788,1
724754,206168,0,206798,0
724804,206178,0,206820,1
724854,206187,0,206840,1
724905,206207,0,206841,4
724958,206220,0,206856,1
725010,206235,0,206869,1
725061,206254,0,206873,1
725111,206267,0,206888,0
725161,206285,0,206896,0
725212,206296,0,206913,0
725263,206309,0,206925,1
725314,206327,0,206932,1
725365,206340,0,206946,0
725416,206355,0,206968,1
725473,206369,0,206977,1
725523,206380,0,206995,0
725573,206390,0,207013,1
725623,206411,0,207067,1
725675,206421,0,207080,1
725727,206441,0,207091,1
725778,206457,0,207101,1
725828,206474,0,207118,1
725879,206488,0,207129,1
725931,206499,0,207144,1
725981,206513,0,207155,1
726032,206528,0,207158,1
726084,206543,0,207163,1
726138,206561,0,207170,1
726188,206572,0,207194,1
726239,206584,0,207209,1
726289,206595,0,207224,1
726340,206618,0,207226,2
726391,206626,0,207251,1
726442,206642,0,207261,0
726493,206660,0,207270,0
726543,206676,0,207288,1
726594,206689,0,207310,0
726648,206702,0,207326,1
726698,206717,0,207337,1
726751,206733,0,207344,1
726808,206749,0,207353,1
726859,206767,0,207363,1
726913,206779,0,207375,1
726964,206788,0,207386,0
727017,206800,0,207408,1
727067,206820,0,207421,0
727118,206836,0,207435,1
727168,206846,0,207453,1
727218,206864,0,207457,1
727269,206886,0,207461,1
727323,206896,0,207476,0
727376,206910,0,207487,1
727427,206922,0,207489,1
727477,206937,0,207500,1
727527,206955,0,207504,1
727577,206969,0,207519,1
727627,206981,0,207538,1
727677,206991,0,207555,1
727730,207004,0,207578,1
727780,207021,0,207585,0
727831,207037,0,207596,1
727883,207051,0,207602,1
727934,207069,0,207612,1
727985,207088,0,207620,0
728037,207098,0,207640,1
728087,207113,0,207655,1
728139,207128,0,207664,0
728189,207142,0,207690,0
728240,207159,0,207701,1
728293,207171,0,207720,0
728347,207183,0,207742,1
728397,207195,0,207748,1
728447,207212,0,207757,2
728499,207226,0,207770,1
728553,207242,0,207782,1
728605,207259,0,207802,1
728655,207278,0,207818,1
728712,207291,0,207825,1
728762,207307,0,207834,1
728814,207319,0,207845,1
728871,207336,0,207858,0
728923,207351,0,207865,1
728974,207368,0,207889,0
729030,207380,0,207945,1
729081,207389,0,207972,1
729131,207404,0,207980,1
729181,207421,0,207994,1
729235,207437,0,208005,1
729285,207450,0,208019,1
729336,207467,0,208021,1
729386,207488,0,208030,1
729436,207497,0,208052,0
729488,207509,0,208069,1
729538,207525,0,208083,2
729593,207539,0,208090,1
729643,207559,0,208093,1
729694,207571,0,208107,0
729746,207582,0,208129,0
729800,207594,0,208144,1
729851,207608,0,208149,1
729903,207626,0,208162,1
729954,207642,0,208169,1
730004,207656,0,208182,0
730056,207673,0,208196,1
730108,207690,0,208204,0
730159,207703,0,208222,0
730209,207717,0,208239,0
730265,207732,0,208259,1
730320,207745,0,208281,1
730370,207768,0,208287,0
730420,207778,0,208296,2
730472,207787,0,208320,1
730522,207800,0,208332,2
730573,207816,0,208350,0
730628,207833,0,208367,1
730679,207846,0,208380,1
730733,207863,0,208391,1
730784,207880,0,208408,1
730837,207897,0,208420,1
730887,207908,0,208448,0
730937,207923,0,208462,0
730987,207938,0,208473,1
731037,207950,0,208483,1
731087,207969,0,208493,1
731137,207981,0,208509,0
731188,207990,0,208527,2
731238,208003,0,208544,1
731290,208021,0,208561,1
731341,208037,0,208570,1
731393,208051,0,208589,1
731444,208066,0,208598,1
731498,208083,0,208613,1
731551,208099,0,208622,1
731602,208110,0,208646,0
731655,208128,0,208662,1
731705,208142,0,208677,2
731755,208159,0,208692,2
731808,208172,0,208713,1
731859,208184,0,208731,1
731909,208196,0,208757,0
731959,208208,0,208772,1
732012,208226,0,208782,1
732062,208242,0,208799,1
732118,208254,0,208826,1
732168,208275,0,208829,1
732220,208291,0,208890,2
732270,208304,0,208903,1
732321,208316,0,208914,1
732372,208332,0,208917,1
732425,208345,0,208928,1
732475,208363,0,208929,1
732525,208377,0,208947,1
732575,208387,0,208970,1
732626,208398,0,208987,1
732679,208411,0,208994,1
732730,208430,0,209009,1
732780,208444,0,209029,1
732832,208459,0,209035,1
732882,208477,0,209038,1
732933,208494,0,209054,1
732983,208508,0,209063,1
733034,208518,0,209076,1
733086,208535,0,209095,1
733138,208547,0,209106,1
733190,208569,0,209127,1
733241,208581,0,209147,1
733293,208591,0,209171,1
733344,208603,0,209194,1
733397,208622,0,209208,3
733447,208637,0,209219,2
733501,208649,0,209238,1
733551,208665,0,209246,1
733601,208683,0,209258,1
733652,208698,0,209279,0
733705,208710,0,209298,0
733758,208724,0,209316,1
733808,208741,0,209324,2
733859,208756,0,209344,0
733910,208772,0,209355,0
733966,208784,0,209374,1
734016,208795,0,209382,1
734067,208809,0,209391,1
734120,208825,0,209402,1
734170,208843,0,209412,0
734224,208854,0,209436,1
734276,208873,0,209452,1
734326,208890,0,209465,1
734378,208905,0,209476,1
734428,208914,0,209491,1
734478,208932,0,209496,2
734528,208944,0,209521,0
734579,208964,0,209529,1
734629,208976,0,209549,0
734679,208988,0,209572,1
734729,208997,0,209591,0
734781,209011,0,209600,1
734832,209028,0,209606,1
734884,209045,0,209616,1
734935,209055,0,209627,1
734988,209076,0,209633,1
735042,209093,0,209694,1
735092,209108,0,209710,0
735144,209117,0,209736,1
735195,209136,0,209748,1
735250,209148,0,209763,1
735301,209170,0,209766,1
735356,209182,0,209785,1
735416,209191,0,209789,1
735468,209205,0,209797,1
735521,209221,0,209811,1
735574,209239,0,209816,1
735632,209254,0,209830,1
735682,209273,0,209839,1
735733,209290,0,209860,0
735783,209305,0,209872,1
735833,209315,0,209894,1
735883,209329,0,209907,1
735934,209345,0,209915,0
735986,209362,0,209931,1
736038,209377,0,209948,1
736090,209388,0,209957,1
736140,209399,0,209969,1
736195,209412,0,209979,1
736246,209430,0,209993,1
736297,209447,0,210004,0
736347,209460,0,210016,3
736398,209478,0,210028,1
736448,209494,0,210040,0
736498,209508,0,210052,0
736549,209518,0,210079,1
736599,209536,0,210093,1
736650,209547,0,210117,0
736701,209567,0,210136,1
736751,209579,0,210159,1
736801,209589,0,210188,1
736851,209601,0,210204,0
736901,209616,0,210208,2
736951,209632,0,210224,1
737001,209647,0,210240,3
737056,209661,0,210262,1
737106,209681,0,210272,1
737156,209698,0,210294,1
737208,209710,0,210303,0
737262,209720,0,210324,1
737316,209741,0,210332,1
737367,209750,0,210350,1
737417,209773,0,210361,2
737468,209783,0,210378,1
737519,209791,0,210396,1
737569,209803,0,210413,1
737619,209819,0,210419,1
737670,209838,0,210423,0
737720,209852,0,210431,2
737778,209867,0,210445,1
737831,209888,0,210450,1
737885,209903,0,210454,1
737939,209914,0,210476,1
737992,209930,0,210485,1
738043,209945,0,210500,1
738094,209963,0,210561,0
738146,209978,0,210572,0
738200,209988,0,210591,1
738252,210001,0,210606,1
738303,210015,0,210630,1
738356,210031,0,210637,1
738406,210047,0,210650,1
738456,210059,0,210674,2
738508,210080,0,210687,0
738558,210095,0,210697,0
738610,210109,0,210702,1
738662,210119,0,210722,0
738712,210134,0,210726,1
738763,210149,0,210739,0
738813,210170,0,210745,2
738864,210180,0,210768,1
738915,210190,0,210781,0
738966,210201,0,210799,0
739019,210219,0,210813,1
739069,210236,0,210825,3
739121,210250,0,210856,1
739174,210265,0,210863,1
739227,210286,0,210872,1
739277,210299,0,210890,1
739327,210312,0,210906,1
739377,210323,0,210927,0
739427,210341,0,210935,1
739479,210354,0,210956,1
739529,210371,0,210961,1
739580,210383,0,210982,0
739632,210393,0,211004,1
739683,210405,0,211016,1
739733,210419,0,211040,0
739783,210439,0,211044,1
739833,210453,0,211051,1
739883,210466,0,211068,0
739934,210488,0,211077,1
739986,210500,0,211098,1
740037,210513,0,211110,0
740087,210526,0,211127,0
740137,210542,0,211149,0
740187,210556,0,211161,1
740237,210573,0,211171,1
740288,210584,0,211196,1
740338,210593,0,211213,0
740388,210606,0,211221,1
740438,210619,0,211242,0
740492,210640,0,211246,0
740542,210654,0,211268,0
740595,210669,0,211282,1
740651,210685,0,211285,1
740705,210703,0,211291,1
740758,210717,0,211300,0
740810,210733,0,211323,0
740862,210748,0,211336,1
740914,210762,0,211345,1
740965,210779,0,211358,0
741015,210790,0,211371,2
741066,210801,0,211389,1
741117,210818,0,211403,1
741168,210830,0,211415,0
741219,210849,0,211431,1
741269,210863,0,211451,2
741320,210875,0,211478,1
741370,210894,0,211480,1
741420,210910,0,211492,3
741470,210917,0,211519,0
741520,210933,0,211533,0
741572,210950,0,211546,1
741625,210965,0,211556,1
741676,210980,0,211569,1
741727,210990,0,211580,1
741777,211002,0,211594,0
741827,211017,0,211609,2
741877,211031,0,211629,1
741930,211052,0,211638,1
741982,211066,0,211653,1
742033,211079,0,211666,1
742085,211099,0,211677,1
742135,211113,0,211690,0
742185,211120,0,211715,2
742235,211137,0,211772,1
742287,211154,0,211777,1
742342,211168,0,211797,1
742392,211184,0,211810,0
742442,211193,0,211825,1
742495,211207,0,211835,1
742545,211219,0,211846,1
742600,211238,0,211854,1
742651,211255,0,211862,1
742701,211269,0,211877,0
742752,211282,0,211896,0
742804,211302,0,211905,1
742855,211316,0,211916,0
742906,211330,0,211939,1
742957,211344,0,211951,0
743007,211358,0,211968,0
743057,211376,0,211972,2
743107,211386,0,211995,0
743159,211397,0,212015,1
743212,211410,0,212026,1
743263,211425,0,212031,0
743314,211445,0,212043,3
743368,211458,0,212055,1
743419,211471,0,212062,1
743472,211486,0,212070,1
743524,211507,0,212078,1
743577,211518,0,212095,1
743631,211533,0,212097,0
743684,211547,0,212099,1
743738,211562,0,212119,1
743791,211583,0,212163,1
743842,211592,0,212184,0
743892,211606,0,212199,0
743942,211616,0,212222,2
743993,211636,0,212236,1
744044,211652,0,212244,1
744094,211665,0,212261,1
744144,211681,0,212272,1
744194,211695,0,212282,1
744247,211712,0,212289,1
744299,211721,0,212304,1
744351,211739,0,212310,0
744402,211753,0,212323,1
744452,211762,0,212337,0
744504,211782,0,212345,1
744554,211796,0,212358,0
744606,211809,0,212382,1
744658,211822,0,212400,1
744709,211838,0,212410,0
744759,211857,0,212422,2
744811,211869,0,212447,1
744861,211883,0,212465,0
744917,211900,0,212476,1
744967,211917,0,212482,0
745017,211927,0,212499,1
745074,211941,0,212508,1
745125,211959,0,212524,0
745176,211971,0,212547,2
745227,211988,0,212557,1
745278,212001,0,212560,1
745329,212010,0,212577,0
745379,212028,0,212589,1
745429,212045,0,212601,1
745480,212060,0,212609,0
745531,212074,0,212639,2
745584,212087,0,212656,1
745634,212104,0,212671,1
745684,212118,0,212679,0
745738,212131,0,212698,1
745788,212146,0,212718,0
745839,212162,0,212734,1
745890,212174,0,212750,1
745940,212189,0,212752,1
745992,212202,0,212770,0
746044,212215,0,212786,1
746094,212235,0,212796,0
746146,212249,0,212814,1
746196,212264,0,212825,1
746246,212278,0,212841,1
746297,212293,0,212863,1
746347,212310,0,212871,1
746397,212320,0,212882,1
746449,212334,0,212899,1
746499,212349,0,212915,2
746549,212362,0,212926,0
746602,212377,0,212943,1
746652,212391,0,212958,1
746702,212406,0,212982,0
746752,212418,0,212992,2
746802,212437,0,213004,0
746854,212450,0,213021,1
746911,212467,0,213037,1
746962,212483,0,213051,0
747012,212498,0,213070,1
747064,212513,0,213079,1
747119,212523,0,213102,1
747169,212540,0,213117,1
747223,212556,0,213172,1
747274,212567,0,213191,0
747327,212584,0,213205,1
747378,212596,0,213214,1
747432,212610,0,213233,0
747482,212625,0,213239,2
747532,212643,0,213251,1
747582,212659,0,213258,1
747635,212671,0,213274,1
747685,212687,0,213279,1
747739,212700,0,213284,1
747790,212718,0,213288,0
747840,212729,0,213304,1
747890,212745,0,213307,1
747942,212761,0,213326,1
747996,212773,0,213346,1
748046,212790,0,213354,1
748096,212803,0,213362,1
748146,212812,0,213378,1
748198,212827,0,213380,1
748248,212846,0,213392,0
748300,212864,0,213401,1
748350,212876,0,213420,1
748402,212892,0,213437,1
748453,212907,0,213449,1
748503,212920,0,213459,0
748553,212933,0,213470,0
748603,212949,0,213475,2
748653,212962,0,213489,0
748703,212975,0,213503,1
748756,212990,0,213527,0
748806,213006,0,213545,2
748860,213016,0,213565,1
748910,213030,0,213572,2
748960,213051,0,213579,2
749013,213066,0,213597,0
749069,213079,0,213622,1
749121,213096,0,213629,1
749174,213110,0,213635,1
749226,213124,0,213656,1
749279,213141,0,213680,1
749329,213157,0,213699,1
749381,213167,0,213712,1
749432,213184,0,213717,1
749482,213195,0,213776,0
749534,213210,0,213786,0
749591,213224,0,213813,1
749644,213242,0,213825,1
749697,213262,0,213828,1
749748,213275,0,213842,1
749800,213289,0,213851,1
749850,213304,0,213860,1
749902,213318,0,213871,1
749953,213332,0,213886,1
750003,213346,0,213899,1
750053,213362,0,213913,0
750108,213373,0,213931,1
750159,213390,0,213944,0
750210,213402,0,213951,1
750264,213416,0,213968,1
750314,213428,0,213987,1
750368,213450,0,214000,1
750420,213466,0,214012,1
750470,213479,0,214030,1
750520,213494,0,214044,0
750571,213504,0,214053,1
750621,213523,0,214062,2
750671,213539,0,214072,1
750729,213554,0,214082,1
750780,213566,0,214101,0
750830,213583,0,214115,2
750884,213594,0,214125,1
750936,213610,0,214149,0
750988,213622,0,214161,1
751038,213640,0,214172,1
751088,213657,0,214188,1
751141,213670,0,214201,0
751194,213685,0,214213,1
751245,213700,0,214216,2
751295,213714,0,214226,2
751347,213729,0,214244,1
751398,213744,0,214257,0
751449,213761,0,214265,1
751499,213770,0,214284,1
751550,213788,0,214301,1
751603,213799,0,214326,1
751655,213812,0,214338,1
751705,213824,0,214356,0
751755,213842,0,214361,1
751813,213860,0,214372,1
751865,213877,0,214394,0
751915,213892,0,214411,1
751966,213902,0,214416,1
752016,213919,0,214423,2
752066,213934,0,214435,0
752116,213951,0,214449,3
752167,213963,0,214473,1
752219,213974,0,214495,1
752269,213992,0,214501,1
752326,214003,0,214515,1
752376,214017,0,214527,0
752427,214029,0,214586,1
752477,214051,0,214593,1
752529,214067,0,214606,1
752579,214081,0,214627,0
752631,214093,0,214644,0
752681,214106,0,214656,1
752731,214123,0,214668,1
752781,214136,0,214680,1
752834,214154,0,214689,1
752886,214166,0,214699,1
752940,214179,0,214718,1
752991,214195,0,214727,1
753042,214209,0,214735,1
753093,214220,0,214752,1
753143,214234,0,214772,0
753194,214250,0,214779,1
753246,214271,0,214786,1
753296,214283,0,214802,1
753346,214296,0,214807,2
753396,214309,0,214826,0
753447,214328,0,214835,1
753499,214342,0,214853,1
753549,214359,0,214874,1
753603,214370,0,214897,1
753654,214383,0,214919,1
753706,214398,0,214951,1
753757,214412,0,214965,1
753807,214424,0,214977,0
753857,214439,0,214987,2
753911,214454,0,215004,1
753962,214475,0,215012,1
754012,214487,0,215024,1
754067,214501,0,215048,1
754118,214512,0,215070,1
754168,214533,0,215081,0
754218,214544,0,215092,1
754271,214562,0,215110,0
754324,214575,0,215119,1
754376,214592,0,215132,1
754426,214602,0,215159,0
754476,214617,0,215172,1
754526,214627,0,215190,0
754577,214644,0,215203,0
754627,214658,0,215212,3
754677,214678,0,215217,0
754727,214691,0,215229,0
754783,214703,0,215251,1
754836,214720,0,215271,1
754888,214736,0,215278,0
754938,214750,0,215299,1
754988,214765,0,215312,0
755042,214778,0,215335,0
755093,214795,0,215352,1
755143,214806,0,215370,0
755193,214818,0,215391,1
755243,214832,0,215396,1
755293,214848,0,215403,1
755343,214862,0,215416,1
755393,214880,0,215433,0
755443,214893,0,215447,0
755494,214908,0,215465,1
755544,214923,0,215473,1
755594,214938,0,215486,2
755646,214953,0,215507,1
755697,214967,0,215521,1
755749,214979,0,215534,1
755799,214995,0,215543,0
755849,215007,0,215562,0
755899,215018,0,215579,0
755949,215033,0,215588,1
755999,215049,0,215601,2
756050,215064,0,215618,1
756100,215082,0,215637,1
756151,215097,0,215653,2
756201,215109,0,215679,0
756251,215124,0,215699,1
756303,215139,0,215721,0
756353,215157,0,215730,2
756405,215167,0,215746,1
756456,215181,0,215760,1
756509,215197,0,215765,1
756559,215211,0,215778,1
756609,215222,0,215797,1
756659,215234,0,215808,1
756713,215250,0,215826,0
756763,215270,0,215846,1
756817,215286,0,215854,0
756867,215300,0,215869,0
756918,215311,0,215881,1
756969,215331,0,215899,1
757019,215341,0,215907,0
757069,215361,0,215914,1
757121,215371,0,215931,1
757173,215386,0,215946,1
757224,215399,0,215955,1
757274,215414,0,215966,1
757324,215423,0,215978,0
757374,215440,0,215985,1
757424,215451,0,216003,0
757477,215473,0,216012,1
757531,215489,0,216021,1
757581,215502,0,216029,2
757631,215513,0,216041,1
757683,215532,0,216053,1
757736,215543,0,216066,1
757786,215562,0,216067,1
757837,215576,0,216082,1
757887,215588,0,216098,2
757937,215602,0,216106,0
757987,215617,0,216115,1
758037,215625,0,216132,1
758089,215644,0,216142,1
758142,215655,0,216152,1
758192,215679,0,216155,3
758242,215692,0,216164,1
758292,215705,0,216179,0
758342,215717,0,216198,1
758392,215736,0,216200,1
758442,215745,0,216220,1
758495,215764,0,216232,1
758549,215778,0,216252,1
758599,215793,0,216262,2
758649,215806,0,216284,1
758699,215818,0,216296,1
758749,215830,0,216310,2
758800,215845,0,216335,0
758851,215859,0,216350,1
758902,215880,0,216351,2
758952,215894,0,216360,0
759002,215905,0,216380,0
759052,215921,0,216398,1
759106,215938,0,216413,1
759160,215947,0,216429,1
759210,215967,0,216443,0
759261,215981,0,216457,1
759311,215993,0,216469,0
759361,216010,0,216489,2
759411,216019,0,216510,0
759465,216029,0,216523,1
759515,216047,0,216536,0
759565,216063,0,216547,1
759616,216084,0,216557,1
759666,216096,0,216572,1
759717,216110,0,216588,0
759767,216124,0,216599,2
759818,216140,0,216615,0
759868,216149,0,216632,2
759920,216170,0,216637,0
759970,216182,0,216654,1
760023,216196,0,216672,1
760074,216212,0,216684,0
760125,216221,0,216699,1
760176,216232,0,216710,1
760229,216249,0,216724,1
760280,216267,0,216724,1
760333,216287,0,216733,0
760383,216300,0,216752,2
760433,216312,0,216768,1
760483,216331,0,216782,1
760535,216342,0,216796,0
760586,216353,0,216805,1
760636,216375,0,216816,1
760687,216386,0,216876,0
760738,216400,0,216888,1
760791,216416,0,216900,1
760843,216423,0,216922,0
760894,216437,0,216940,1
760945,216453,0,216951,1
760995,216470,0,216964,1
761046,216490,0,216975,1
761099,216505,0,216989,1
761149,216516,0,216997,1
761202,216534,0,217016,1
761252,216543,0,217037,1
761302,216560,0,217050,1
761357,216578,0,217061,1
761408,216591,0,217078,1
761458,216605,0,217087,1
761509,216619,0,217102,0
761559,216626,0,217119,0
761612,216644,0,217125,1
761667,216661,0,217134,1
761719,216676,0,217154,1
761769,216697,0,217161,2
761821,216711,0,217178,2
761871,216725,0,217196,0
761921,216739,0,217216,1
761972,216748,0,217240,0
762022,216767,0,217251,1
762074,216781,0,217264,0
762125,216795,0,217274,0
762176,216810,0,217284,1
762226,216820,0,217308,0
762279,216830,0,217321,1
762331,216849,0,217334,1
762381,216867,0,217346,1
762432,216881,0,217356,1
762483,216898,0,217360,1
762533,216911,0,217371,0
762586,216929,0,217379,1
762641,216941,0,217394,1
762691,216954,0,217409,1
762741,216974,0,217411,1
762791,216986,0,217428,1
762841,216998,0,217432,1
762891,217015,0,217447,0
762942,217023,0,217476,0
762996,217034,0,217485,1
763047,217052,0,217504,1
763097,217069,0,217516,1
763147,217088,0,217535,2
763198,217101,0,217553,0
763254,217115,0,217570,1
763304,217133,0,217587,0
763354,217142,0,217603,0
763407,217156,0,217616,0
763457,217177,0,217631,1
763511,217187,0,217654,0
763561,217205,0,217665,1
763612,217219,0,217681,0
763665,217226,0,217709,1
763720,217245,0,217714,1
763770,217259,0,217725,1
763822,217275,0,217736,1
763874,217296,0,217740,1
763926,217309,0,217755,1
763976,217323,0,217764,1
764031,217337,0,217779,1
764083,217349,0,217803,1
764133,217364,0,217811,2
764183,217382,0,217827,0
764240,217393,0,217845,1
764291,217411,0,217859,1
764342,217423,0,217873,1
764393,217433,0,217896,2
764443,217450,0,217916,1
764493,217465,0,217931,1
764546,217481,0,217938,1
764596,217498,0,217953,0
764650,217514,0,217960,0
764702,217532,0,217972,1
764753,217542,0,217983,0
764803,217552,0,217999,1
764855,217574,0,218002,2
764906,217587,0,218017,0
764956,217599,0,218037,1
765015,217618,0,218041,1
765065,217626,0,218060,1
765117,217635,0,218064,1
765167,217656,0,218071,1
765217,217672,0,218082,1
765269,217690,0,218142,1
765319,217704,0,218157,1
765369,217720,0,218179,3
765419,217735,0,218186,1
765470,217745,0,218209,1
765522,217758,0,218223,1
765572,217778,0,218226,1
765625,217790,0,218237,1
765679,217804,0,218247,1
765730,217820,0,218258,1
765780,217828,0,218280,0
765830,217840,0,218297,1
765884,217860,0,218308,1
765935,217878,0,218316,1
765985,217896,0,218328,1
766036,217911,0,218354,1
766088,217926,0,218364,1
766138,217938,0,218375,1
766189,217949,0,218391,0
766240,217963,0,218406,1
766291,217982,0,218422,0
766341,217993,0,218441,1
766391,218008,0,218456,1
766441,218022,0,218468,0
766491,218029,0,218500,0
766545,218043,0,218505,1
766598,218064,0,218507,1
766656,218081,0,218520,1
766706,218099,0,218533,0
766757,218114,0,218538,1
766807,218133,0,218547,1
766868,218143,0,218570,1
766919,218156,0,218583,1
766969,218175,0,218593,1
767019,218187,0,218613,0
767070,218202,0,218630,0
767122,218218,0,218645,0
767174,218227,0,218665,1
767225,218234,0,218691,1
767275,218256,0,218707,3
767327,218273,0,218723,1
767379,218292,0,218740,2
767430,218303,0,218761,1
767480,218316,0,218773,1
767530,218335,0,218777,1
767580,218346,0,218799,0
767630,218361,0,218820,1
767682,218380,0,218829,1
767735,218389,0,218840,1
767789,218405,0,218850,1
767839,218421,0,218869,1
767889,218429,0,218880,0
767939,218440,0,218897,0
767990,218455,0,218903,1
768041,218478,0,218911,0
768091,218493,0,218916,2
768141,218508,0,218925,1
768194,218521,0,218956,1
768247,218539,0,218974,1
768297,218549,0,218991,0
768347,218562,0,219003,1
768397,218582,0,219003,2
768448,218591,0,219017,1
768498,218608,0,219020,1
768548,218622,0,219037,0
768601,218630,0,219051,1
768651,218642,0,219074,0
768701,218662,0,219091,2
768752,218679,0,219104,0
768803,218696,0,219113,1
768855,218711,0,219130,1
768906,218725,0,219152,1
768956,218742,0,219171,1
769006,218751,0,219194,1
769057,218764,0,219210,1
769107,218786,0,219213,2
769158,218792,0,219229,1
769211,218811,0,219247,1
769262,218824,0,219261,1
769314,218832,0,219285,1
769364,218845,0,219296,1
769421,218866,0,219355,1
769472,218882,0,219368,1
769523,218900,0,219383,1
769573,218915,0,219394,0
769624,218933,0,219405,1
769675,218943,0,219436,0
769725,218955,0,219498,1
769777,218970,0,219512,1
769830,218987,0,219523,0
769880,219000,0,219536,1
769930,219017,0,219544,0
769981,219026,0,219572,0
770031,219033,0,219612,0
770081,219050,0,219613,2
770133,219070,0,219627,0
770184,219088,0,219634,2
770235,219103,0,219648,1
770288,219117,0,219664,1
770339,219135,0,219668,0
770389,219147,0,219682,0
770444,219157,0,219694,1
770497,219176,0,219704,1
770551,219189,0,219721,1
770607,219206,0,219726,1
770657,219222,0,219735,0
770710,219230,0,219752,1
770765,219242,0,219763,1
770817,219258,0,219763,1
770868,219281,0,219772,1
770921,219299,0,219780,0
770971,219315,0,219787,1
771021,219327,0,219799,1
771072,219342,0,219816,0
771122,219353,0,219825,0
771172,219369,0,219837,1
771223,219387,0,219843,0
771273,219393,0,219869,1
771328,219413,0,219877,1
771378,219426,0,219888,0
771428,219432,0,219905,0
771480,219446,0,219916,1
771530,219464,0,219927,1
771580,219484,0,219933,1
771630,219501,0,219944,1
771680,219515,0,219949,0
771730,219529,0,219961,1
771781,219543,0,219968,0
771835,219556,0,219992,1
771885,219571,0,220005,1
771937,219588,0,220020,1
771989,219598,0,220041,0
772039,219615,0,220056,0
772089,219626,0,220117,0
772139,219634,0,220140,0
772189,219648,0,220162,2
772240,219666,0,220178,1
772290,219688,0,220180,1
772345,219703,0,220194,1
772399,219717,0,220204,1
772449,219731,0,220209,1
772501,219748,0,220215,1
772555,219759,0,220235,1
772605,219776,0,220236,1
772655,219790,0,220249,1
772706,219801,0,220269,0
772756,219821,0,220277,2
772806,219829,0,220296,0
772856,219836,0,220310,0
772909,219852,0,220325,1
772961,219874,0,220329,1
773014,219896,0,220338,1
773065,219910,0,220350,1
773116,219919,0,220361,1
773169,219938,0,220373,1
773219,219951,0,220383,0
773269,219963,0,220397,1
773320,219981,0,220407,1
773370,219991,0,220419,0
773422,220005,0,220428,1
773472,220024,0,220445,0
773523,220030,0,220461,0
773575,220040,0,220480,1
773626,220057,0,220489,1
773676,220079,0,220495,2
773726,220098,0,220501,1
773776,220112,0,220506,1
773833,220124,0,220527,1
773884,220142,0,220538,0
773934,220154,0,220544,1
773985,220167,0,220567,1
774038,220187,0,220579,0
774089,220196,0,220597,0
774139,220213,0,220610,1
774191,220226,0,220627,0
774242,220234,0,220644,1
774293,220246,0,220659,1
774343,220262,0,220672,2
774394,220281,0,220681,1
774445,220302,0,220690,0
774496,220316,0,220703,0
774546,220329,0,220722,2
774599,220344,0,220731,1
774651,220358,0,220743,1
774704,220373,0,220755,1
774759,220389,0,220764,1
774809,220399,0,220775,0
774863,220421,0,220781,1
774913,220429,0,220796,0
774964,220437,0,220814,0
775015,220453,0,220823,1
775066,220472,0,220829,1
775124,220492,0,220851,1
775174,220511,0,220861,0
775226,220520,0,220876,1
775281,220538,0,220888,1
775332,220553,0,220944,0
775382,220565,0,220955,2
775433,220582,0,220967,1
775485,220594,0,220993,1
775536,220609,0,221008,1
775586,220626,0,221021,0
775636,220631,0,221040,0
775688,220643,0,221060,1
775738,220660,0,221066,1
775788,220678,0,221077,1
775839,220693,0,221079,1
775892,220715,0,221088,0
775942,220725,0,221101,1
775992,220740,0,221115,1
776042,220754,0,221133,1
776092,220767,0,221143,1
776143,220786,0,221207,0
776194,220796,0,221219,0
776244,220812,0,221232,1
776295,220826,0,221256,0
776345,220834,0,221279,2
776395,220843,0,221297,0
776445,220860,0,221307,0
776497,220879,0,221313,0
776547,220898,0,221333,1
776597,220916,0,221350,0
776648,220925,0,221373,0
776698,220943,0,221383,1
776748,220955,0,221408,0
776799,220969,0,221420,1
776849,220986,0,221437,0
776899,220997,0,221453,1
776954,221014,0,221462,1
777007,221028,0,221478,1
777057,221034,0,221502,0
777109,221048,0,221511,1
777160,221064,0,221518,1
777210,221081,0,221528,1
777260,221102,0,221534,1
777312,221118,0,221546,1
777363,221128,0,221560,1
777415,221145,0,221563,1
777465,221159,0,221572,1
777518,221174,0,221581,1
777569,221190,0,221596,1
777619,221199,0,221610,0
777669,221219,0,221615,1
777720,221230,0,221631,1
777772,221237,0,221644,0
777822,221250,0,221655,1
777872,221268,0,221667,1
777925,221286,0,221725,1
777975,221306,0,221737,1
778025,221319,0,221753,0
778075,221332,0,221771,1
778126,221347,0,221772,1
778176,221360,0,221785,0
778228,221378,0,221793,1
778280,221391,0,221810,0
778332,221404,0,221823,1
778386,221424,0,221835,1
778438,221431,0,221855,1
778490,221439,0,221868,1
778541,221455,0,221888,1
778592,221471,0,221896,1
778646,221492,0,221903,1
778698,221514,0,221912,3
778748,221525,0,221920,1
778799,221539,0,221929,0
778851,221555,0,221940,1
778901,221569,0,221948,1
778951,221587,0,221962,1
779003,221598,0,221984,0
779054,221609,0,222003,1
779105,221627,0,222011,1
779156,221634,0,222029,0
779207,221641,0,222051,0
779258,221662,0,222058,1
779308,221676,0,222069,2
779359,221696,0,222079,0
779409,221716,0,222089,1
779459,221725,0,222105,0
779510,221740,0,222121,1
779563,221756,0,222129,1
779615,221770,0,222142,1
779665,221788,0,222154,1
779715,221799,0,222182,0
779765,221811,0,222191,1
779816,221829,0,222199,1
779868,221835,0,222220,1
779919,221844,0,222246,1
779969,221866,0,222250,1
780021,221877,0,222258,1
780071,221898,0,222265,0
780122,221918,0,222317,0
780174,221930,0,222329,1
780224,221944,0,222342,1
780277,221959,0,222352,0
780328,221975,0,222362,1
780378,221991,0,222378,0
780433,222000,0,222402,1
780483,222018,0,222416,1
780536,222030,0,222443,0
780586,222037,0,222463,1
780641,222048,0,222471,1
780692,222069,0,222473,0
780742,222088,0,222492,2
780793,222103,0,222512,1
780845,222122,0,222521,1
780895,222136,0,222534,2
780945,222150,0,222548,0
780996,222164,0,222552,1
781046,222183,0,222577,1
781098,222193,0,222596,1
781148,222205,0,222611,1
781200,222224,0,222615,2
781251,222232,0,222642,0
781302,222240,0,222662,0
781352,222251,0,222687,1
781402,222271,0,222701,1
781453,222287,0,222704,2
781503,222307,0,222717,2
781555,222324,0,222727,1
781609,222339,0,222741,1
781659,222355,0,222746,2
781710,222367,0,222767,0
781761,222385,0,222783,1
781812,222398,0,222802,1
781862,222408,0,222824,1
781918,222428,0,222836,1
781972,222435,0,222856,1
782022,222444,0,222883,0
782074,222457,0,222896,1
782124,222477,0,222915,1
782175,222498,0,222922,1
782225,222514,0,222933,2
782275,222528,0,222945,1
782329,222542,0,222961,1
782381,222558,0,222973,0
782431,222576,0,222990,1
782483,222590,0,223017,0
782533,222599,0,223034,0
782584,222612,0,223096,1
782634,222630,0,223105,0
782685,222636,0,223126,0
782735,222645,0,223147,0
782785,222665,0,223157,3
782840,222680,0,223170,1
782890,222701,0,223189,0
782940,222719,0,223198,1
782990,222732,0,223212,0
783047,222745,0,223231,1
783097,222762,0,223243,1
783147,222777,0,223251,1
783197,222792,0,223269,1
783250,222804,0,223283,0
783303,222821,0,223302,2
783353,222832,0,223316,1
783403,222840,0,223338,1
783453,222850,0,223366,1
783504,222870,0,223378,1
783554,222884,0,223404,1
783604,222904,0,223411,1
783655,222922,0,223420,0
783707,222936,0,223439,1
783757,222950,0,223456,1
783817,222966,0,223466,1
783868,222987,0,223475,1
783919,222996,0,223491,1
783969,223007,0,223503,1
784020,223026,0,223522,1
784070,223034,0,223531,0
784121,223041,0,223550,1
784172,223056,0,223558,1
784227,223073,0,223564,1
784278,223092,0,223583,1
784330,223111,0,223600,1
784380,223128,0,223612,0
784431,223142,0,223640,1
784482,223152,0,223647,1
784533,223172,0,223663,2
784584,223190,0,223680,1
784637,223199,0,223695,0
784690,223212,0,223708,1
784740,223230,0,223713,0
784792,223237,0,223733,1
784851,223246,0,223766,1
784902,223264,0,223774,2
784954,223282,0,223781,1
785004,223303,0,223787,2
785055,223316,0,223797,1
785105,223335,0,223809,1
785156,223344,0,223831,0
785210,223361,0,223838,1
785260,223378,0,223849,1
785319,223393,0,223868,1
785369,223406,0,223881,2
785422,223424,0,223889,1
785472,223434,0,223954,2
785523,223441,0,223971,0
785574,223455,0,223989,0
785624,223471,0,224005,1
785675,223487,0,224009,1
785725,223509,0,224017,1
785775,223525,0,224025,1
785825,223539,0,224039,0
785875,223547,0,224059,1
785926,223567,0,224075,0
785977,223584,0,224092,1
786027,223596,0,224114,2
786077,223607,0,224127,1
786128,223625,0,224136,0
786182,223633,0,224153,1
786234,223644,0,224176,1
786284,223656,0,224185,1
786336,223675,0,224199,0
786386,223691,0,224214,1
786438,223712,0,224218,0
786491,223731,0,224233,1
786541,223742,0,224247,0
786591,223751,0,224266,0
786641,223772,0,224270,1
786694,223787,0,224285,1
786747,223800,0,224304,1
786798,223813,0,224315,1
786848,223830,0,224316,1
786899,223838,0,224338,1
786952,223846,0,224360,1
787005,223861,0,224377,1
787055,223878,0,224384,0
787105,223896,0,224391,1
787157,223916,0,224396,1
787208,223933,0,224413,1
787258,223944,0,224437,0
787309,223956,0,224451,1
787360,223976,0,224459,1
787410,223992,0,224472,2
787461,224002,0,224492,0
787512,224016,0,224509,0
787563,224031,0,224522,0
787613,224040,0,224539,1
787672,224049,0,224569,1
787723,224065,0,224572,1
787774,224084,0,224594,1
787824,224103,0,224608,0
787875,224123,0,224617,2
787927,224134,0,224624,1
787978,224147,0,224633,1
788028,224164,0,224639,1
788081,224183,0,224654,1
788131,224193,0,224667,1
788182,224205,0,224682,1
788234,224222,0,224693,1
788285,224232,0,224698,0
788335,224243,0,224717,1
788386,224252,0,224733,0
788436,224271,0,224734,2
788489,224290,0,224741,1
788542,224308,0,224746,1
788592,224329,0,224755,2
788643,224337,0,224777,1
788693,224350,0,224800,0
788743,224369,0,224813,2
788793,224386,0,224824,1
788849,224395,0,224835,1
788900,224413,0,224843,1
788955,224427,0,224850,1
789005,224438,0,224862,0
789059,224447,0,224890,1
789113,224457,0,224897,1
789164,224479,0,224901,1
789214,224496,0,224913,1
789264,224516,0,224920,1
789315,224533,0,224932,0
789366,224545,0,224951,1
789419,224558,0,224970,1
789469,224576,0,224981,1
789519,224592,0,224991,0
789578,224603,0,225014,1
789628,224618,0,225029,2
789681,224632,0,225044,1
789732,224641,0,225064,0
789782,224652,0,225081,1
789832,224662,0,225101,1
789883,224687,0,225109,1
789933,224701,0,225127,1
789983,224722,0,225134,3
790033,224735,0,225166,1
790084,224747,0,225232,2
790137,224763,0,225245,1
790189,224782,0,225254,1
790243,224793,0,225270,1
790294,224806,0,225292,0
790346,224822,0,225304,0
790396,224834,0,225319,0
790447,224845,0,225337,1
790497,224853,0,225359,1
790547,224866,0,225367,1
790598,224890,0,225379,0
790654,224903,0,225389,1
790706,224931,0,225393,1
790756,224939,0,225410,1
790809,224953,0,225420,0
790859,224971,0,225432,1
790909,224987,0,225448,0
790960,224996,0,225520,1
791010,225013,0,225537,3
791060,225025,0,225544,1
791111,225037,0,225563,1
791164,225046,0,225592,0
791215,225056,0,225603,0
791267,225077,0,225617,3
791320,225095,0,225634,0
791371,225110,0,225654,1
791421,225133,0,225658,0
791472,225142,0,225677,0
791523,225156,0,225697,1
791576,225175,0,225719,1
791626,225190,0,225719,1
791677,225202,0,225736,0
791727,225216,0,225745,2
791782,225231,0,225759,1
791834,225241,0,225779,0
791885,225251,0,225807,0
791941,225262,0,225823,1
791993,225286,0,225831,1
792043,225299,0,225850,0
792095,225322,0,225863,1
792147,225336,0,225875,1
792198,225350,0,225890,0
792248,225363,0,225902,2
792301,225383,0,225906,1
792352,225394,0,225933,0
792405,225408,0,225936,1
792456,225423,0,225943,0
792506,225435,0,225949,1
792559,225446,0,225967,1
792609,225455,0,225983,1
792659,225468,0,225998,1
792710,225491,0,226009,1
792760,225504,0,226033,1
792810,225524,0,226035,1
792860,225539,0,226052,0
792913,225552,0,226067,1
792966,225569,0,226082,1
793018,225584,0,226082,1
793073,225596,0,226102,1
793124,225614,0,226111,1
793174,225627,0,226135,0
793226,225639,0,226149,1
793277,225648,0,226165,0
793327,225658,0,226185,2
793377,225674,0,226190,1
793427,225695,0,226199,0
793478,225709,0,226220,1
793535,225734,0,226223,1
793585,225745,0,226236,0
793635,225757,0,226248,1
793685,225773,0,226257,0
793738,225792,0,226273,1
793788,225802,0,226286,1
793838,225817,0,226290,0
793888,225832,0,226300,2
793938,225841,0,226332,0
793990,225851,0,226349,1
794042,225860,0,226374,1
794092,225878,0,226377,1
794142,225896,0,226388,1
794192,225914,0,226398,2
794243,225932,0,226401,1
794294,225946,0,226413,1
794346,225958,0,226427,1
794396,225977,0,226438,1
794455,225993,0,226448,1
794505,226004,0,226464,0
794556,226021,0,226473,2
794607,226035,0,226490,1
794659,226045,0,226502,1
794710,226054,0,226529,0
794760,226064,0,226549,0
794810,226079,0,226551,1
794863,226101,0,226562,1
794913,226122,0,226575,1
794967,226138,0,226586,1
795019,226153,0,226598,1
795069,226166,0,226616,0
795119,226183,0,226625,1
795170,226195,0,226634,0
795221,226210,0,226645,1
795271,226225,0,226665,1
795321,226235,0,226679,0
795380,226247,0,226694,1
795432,226258,0,226707,0
795484,226270,0,226718,1
795534,226292,0,226731,2
795584,226310,0,226742,1
795635,226328,0,226753,1
795688,226344,0,226770,1
795738,226356,0,226785,0
795789,226371,0,226800,1
795839,226389,0,226810,1
795890,226398,0,226828,1
795943,226413,0,226849,1
795997,226431,0,226861,1
796050,226443,0,226888,1
796100,226452,0,226904,0
796153,226462,0,226921,1
796204,226475,0,226929,1
796257,226499,0,226933,1
796308,226519,0,226939,1
796359,226535,0,226949,0
796409,226547,0,226964,1
796463,226560,0,226983,0
796518,226580,0,226988,1
796571,226595,0,226999,1
796621,226608,0,227017,1
796674,226624,0,227036,1
796724,226636,0,227052,1
796775,226646,0,227076,0
796825,226656,0,227096,1
796875,226665,0,227109,0
796928,226686,0,227129,1
796983,226703,0,227136,1
797033,226727,0,227141,0
797084,226742,0,227152,1
797134,226754,0,227170,1
797185,226767,0,227183,1
797235,226787,0,227197,1
797289,226797,0,227219,0
797339,226812,0,227236,0
797391,226829,0,227247,1
797442,226839,0,227253,1
797495,226850,0,227276,1
797545,226859,0,227300,0
797595,226871,0,227316,2
797646,226891,0,227326,0
797701,226906,0,227342,1
797751,226930,0,227343,1
797805,226946,0,227356,0
797857,226958,0,227375,1
797907,226975,0,227383,2
797958,226993,0,227400,1
798010,227003,0,227426,0
798062,227018,0,227448,1
798112,227035,0,227465,0
798163,227044,0,227487,0
798213,227053,0,227504,0
798264,227061,0,227518,1
798317,227075,0,227530,1
798369,227096,0,227531,1
798422,227115,0,227542,1
798476,227137,0,227545,1
798527,227152,0,227567,1
798577,227163,0,227588,1
798629,227183,0,227591,1
798681,227195,0,227610,1
798733,227208,0,227616,1
798790,227224,0,227626,1
798840,227238,0,227636,1
798890,227248,0,227654,1
798944,227259,0,227676,1
798994,227269,0,227696,2
799045,227286,0,227704,1
799097,227304,0,227710,0
799147,227322,0,227718,1
799197,227342,0,227725,1
799247,227357,0,227740,0
799297,227368,0,227752,1
799353,227382,0,227753,1
799406,227401,0,227765,1
799457,227415,0,227777,0
799507,227428,0,227789,1
799557,227443,0,227801,1
799611,227452,0,227823,1
799661,227460,0,227836,1
799711,227472,0,227847,1
799761,227490,0,227849,1
799811,227510,0,227862,2
799862,227527,0,227876,1
799912,227545,0,227887,1
799963,227559,0,227900,1
800015,227574,0,227910,1
800065,227585,0,227924,1
800115,227603,0,227929,1
800166,227616,0,227955,1
800217,227631,0,227966,1
800268,227645,0,227984,1
800319,227653,0,228000,0
800371,227662,0,228015,1
800421,227677,0,228073,1
800471,227694,0,228084,1
800521,227714,0,228095,0
800571,227728,0,228110,0
800621,227746,0,228110,1
800673,227761,0,228130,0
800724,227775,0,228145,1
800777,227786,0,228156,1
800827,227804,0,228164,1
800880,227821,0,228180,0
800931,227835,0,228193,1
800984,227846,0,228214,1
801034,227856,0,228287,0
801086,227866,0,228303,1
801136,227878,0,228319,1
801187,227902,0,228324,0
801238,227918,0,228332,1
801289,227930,0,228346,0
801339,227953,0,228356,0
801391,227964,0,228384,0
801441,227978,0,228412,0
801491,227992,0,228420,3
801541,228010,0,228432,1
801591,228023,0,228455,0
801643,228038,0,228472,1
801693,228047,0,228490,0
801743,228058,0,228511,1
801797,228068,0,228525,1
801848,228083,0,228532,1
801898,228103,0,228533,2
801948,228121,0,228549,1
801999,228133,0,228576,0
802049,228149,0,228577,1
802104,228168,0,228592,1
802154,228180,0,228611,0
802204,228197,0,228624,2
802254,228213,0,228629,1
802305,228226,0,228644,1
802355,228238,0,228665,0
802405,228249,0,228678,1
802456,228259,0,228688,0
802507,228269,0,228703,0
802558,228287,0,228714,1
802611,228304,0,228729,1
802661,228323,0,228741,1
802711,228334,0,228763,0
802770,228352,0,228764,1
802824,228372,0,228769,1
802874,228385,0,228789,1
802924,228402,0,228797,0
802975,228417,0,228809,1
803025,228429,0,228823,2
803075,228445,0,228833,0
803126,228453,0,228847,0
803176,228461,0,228866,1
803229,228474,0,228880,1
803279,228492,0,228887,1
803330,228514,0,228894,2
803383,228527,0,228909,1
803436,228542,0,228922,1
803487,228562,0,228929,1
803548,228576,0,228943,1
803600,228590,0,228973,0
803650,228610,0,228980,1
803701,228623,0,228991,0
803753,228637,0,229010,1
803803,228647,0,229019,1
803854,228657,0,229043,0
803904,228669,0,229068,0
803956,228683,0,229091,1
804007,228698,0,229106,1
804057,228721,0,229116,0
804112,228734,0,229133,1
804162,228749,0,229154,0
804213,228769,0,229158,1
804265,228782,0,229172,1
804315,228795,0,229189,2
804366,228813,0,229199,1
804416,228827,0,229214,0
804466,228840,0,229223,1
804517,228850,0,229249,1
804568,228860,0,229266,0
804618,228871,0,229287,2
804670,228888,0,229303,1
804721,228902,0,229318,1
804773,228926,0,229330,1
804826,228937,0,229347,1
804876,228951,0,229360,1
804930,228971,0,229367,1
804980,228985,0,229376,1
805033,229001,0,229392,1
805084,229018,0,229408,1
805134,229030,0,229426,1
805187,229045,0,229433,1
805238,229054,0,229457,1
805292,229063,0,229480,1
805344,229076,0,229497,0
805394,229094,0,229511,1
805444,229114,0,229521,2
805498,229130,0,229524,1
805550,229142,0,229545,0
805600,229157,0,229551,1
805651,229176,0,229562,1
805704,229190,0,229574,1
805754,229209,0,229580,1
805804,229223,0,229586,1
805854,229234,0,229607,1
805904,229247,0,229618,1
805955,229257,0,229645,0
806011,229267,0,229716,1
806063,229284,0,229725,1
806113,229299,0,229741,1
806167,229319,0,229744,1
806217,229334,0,229757,1
806267,229346,0,229765,2
806318,229364,0,229772,1
806369,229378,0,229781,1
806419,229396,0,229793,1
806471,229413,0,229807,1
806521,229427,0,229819,1
806571,229438,0,229840,1
806621,229450,0,229851,1
806671,229460,0,229857,2
806721,229470,0,229872,2
806772,229488,0,229887,1
806824,229502,0,229900,1
806875,229524,0,229906,2
806930,229536,0,229923,1
806982,229551,0,229931,1
807035,229571,0,229935,1
807087,229585,0,229997,0
807139,229600,0,230015,1
807189,229615,0,230031,0
807239,229628,0,230102,1
807290,229643,0,230116,0
807341,229653,0,230126,1
807393,229663,0,230140,1
807445,229676,0,230150,1
807499,229693,0,230167,1
807549,229711,0,230180,2
807599,229727,0,230190,1
807651,229742,0,230205,0
807703,229755,0,230229,1
807756,229776,0,230233,1
807806,229790,0,230245,1
807856,229807,0,230255,2
807906,229820,0,230263,1
807958,229831,0,230281,1
808013,229847,0,230303,1
808065,229858,0,230316,1
808119,229867,0,230333,1
808170,229883,0,230340,1
808221,229896,0,230346,1
808272,229916,0,230354,1
808322,229933,0,230373,0
808372,229945,0,230388,1
808422,229961,0,230463,1
808475,229978,0,230477,1
808527,229997,0,230485,1
808580,230013,0,230499,1
808630,230027,0,230513,1
808680,230039,0,230527,2
808730,230051,0,230552,1
808780,230060,0,230578,0
808830,230070,0,230598,0
808882,230089,0,230610,1
808933,230104,0,230615,3
808984,230121,0,230621,1
809036,230136,0,230638,1
809088,230151,0,230650,1
809142,230167,0,230661,1
809193,230184,0,230670,1
809243,230198,0,230679,1
809293,230216,0,230680,1
809349,230229,0,230701,1
809399,230244,0,230723,1
809449,230254,0,230744,1
809499,230263,0,230771,1
809549,230275,0,230789,2
809600,230292,0,230804,0
809650,230309,0,230816,1
809700,230327,0,230825,1
809750,230341,0,230839,2
809801,230354,0,230855,1
809852,230371,0,230865,1
809902,230385,0,230878,1
809952,230401,0,230893,1
810002,230417,0,230901,0
810054,230430,0,230913,1
810104,230444,0,230922,2
810158,230455,0,230943,1
810208,230464,0,230957,1
810258,230479,0,230977,2
810308,230493,0,230990,1
810361,230510,0,231007,1
810413,230527,0,231007,1
810463,230542,0,231021,0
810513,230557,0,231027,1
810563,230576,0,231037,3
810614,230590,0,231051,0
810664,230606,0,231069,1
810714,230620,0,231091,1
810765,230631,0,231110,0
810817,230647,0,231117,1
810867,230658,0,231133,1
810918,230665,0,231148,1
810968,230681,0,231164,1
811020,230694,0,231175,0
811070,230712,0,231184,1
811124,230728,0,231191,1
811174,230742,0,231203,0
811225,230756,0,231206,1
811275,230777,0,231221,0
811325,230791,0,231246,0
811375,230808,0,231263,1
811426,230821,0,231280,1
811476,230833,0,231354,0
811526,230848,0,231366,1
811576,230858,0,231381,0
811628,230868,0,231400,1
811679,230882,0,231411,0
811733,230895,0,231424,1
811783,230917,0,231426,0
811833,230931,0,231440,1
811883,230943,0,231455,0
811933,230960,0,231471,3
811993,230979,0,231483,1
812043,230996,0,231497,0
812096,231013,0,231520,1
812148,231028,0,231535,0
812198,231036,0,231554,1
812248,231051,0,231559,0
812298,231062,0,231575,1
812348,231073,0,231589,1
812398,231088,0,231604,2
812453,231101,0,231618,1
812510,231122,0,231628,1
812562,231138,0,231637,1
812614,231155,0,231649,1
812664,231171,0,231655,2
812716,231189,0,231668,1
812767,231205,0,231680,1
812817,231220,0,231686,1
812868,231232,0,231701,1
812918,231244,0,231723,1
812970,231257,0,231733,0
813021,231265,0,231745,1
813071,231281,0,231761,0
813126,231293,0,231789,1
813178,231313,0,231799,1
813230,231328,0,231817,1
813282,231342,0,231830,0
813332,231356,0,231839,0
813384,231376,0,231845,1
813436,231393,0,231853,0
813486,231410,0,231873,1
813536,231423,0,231883,1
813588,231433,0,231904,0
813640,231449,0,231906,1
813690,231460,0,231920,0
813740,231469,0,231996,0
813794,231484,0,232014,1
813845,231499,0,232026,2
813897,231517,0,232037,1
813947,231535,0,232045,3
814001,231546,0,232063,1
814052,231563,0,232072,1
814107,231581,0,232087,1
814157,231600,0,232098,2
814207,231614,0,232109,0
814257,231629,0,232128,1
814308,231636,0,232154,1
814366,231651,0,232164,1
814417,231664,0,232183,0
814469,231677,0,232199,1
814519,231692,0,232206,0
814569,231705,0,232224,1
814621,231724,0,232237,1
814671,231740,0,232254,1
814721,231754,0,232264,1
814771,231771,0,232278,1
814821,231789,0,232296,1
814873,231805,0,232307,1
814923,231820,0,232321,0
814973,231831,0,232337,0
815024,231841,0,232349,1
815076,231855,0,232362,1
815127,231865,0,232386,1
815181,231881,0,232402,1
815231,231893,0,232419,1
815281,231910,0,232432,2
815335,231925,0,232444,1
815386,231942,0,232452,1
815436,231956,0,232463,0
815486,231973,0,232463,1
815537,231992,0,232467,1
815589,232008,0,232481,0
815640,232023,0,232501,1
815690,232033,0,232522,0
815740,232047,0,232537,0
815795,232060,0,232550,1
815845,232071,0,232561,1
815895,232083,0,232574,1
815948,232096,0,232589,1
815998,232115,0,232602,1
816051,232128,0,232622,1
816104,232144,0,232623,1
816155,232158,0,232643,0
816205,232179,0,232650,0
816258,232199,0,232672,1
816308,232214,0,232694,1
816360,232228,0,232714,1
816413,232235,0,232740,1
816466,232250,0,232757,0
816518,232264,0,232768,1
816570,232274,0,232784,0
816620,232291,0,232807,1
816671,232301,0,232819,1
816721,232322,0,232829,0
816776,232335,0,232842,1
816830,232354,0,232848,1
816880,232371,0,232863,3
816931,232389,0,232871,1
816981,232407,0,232881,1
817031,232420,0,232898,1
817082,232431,0,232925,0
817133,232442,0,232938,1
817190,232454,0,232947,1
817243,232467,0,232973,1
817295,232483,0,232988,1
817346,232495,0,233007,0
817398,232513,0,233020,1
817449,232527,0,233035,1
817499,232542,0,233048,0
817550,232557,0,233050,1
817601,232577,0,233065,0
817651,232591,0,233073,1
817701,232610,0,233073,1
817751,232624,0,233084,0
817801,232633,0,233109,0
817851,232648,0,233127,0
817901,232659,0,233154,1
817951,232670,0,233180,2
818003,232683,0,233190,0
818053,232695,0,233204,0
818105,232713,0,233211,1
818155,232728,0,233229,1
818207,232743,0,233243,1
818257,232758,0,233255,1
818307,232779,0,233271,1
818357,232792,0,233287,1
818408,232811,0,233295,1
818460,232825,0,233303,1
818511,232834,0,233376,1
818561,232850,0,233392,0
818613,232862,0,233413,2
818663,232872,0,233433,1
818713,232887,0,233448,1
818763,232897,0,233469,0
818815,232915,0,233479,1
818865,232928,0,233503,0
818918,232945,0,233519,0
818971,232961,0,233533,1
819022,232983,0,233543,1
819073,232997,0,233547,1
819126,233015,0,233559,1
819179,233031,0,233566,0
819229,233038,0,233585,1
819279,233052,0,233601,2
819330,233064,0,233626,0
819380,233074,0,233647,0
819434,233091,0,233665,1
819485,233104,0,233686,1
819536,233122,0,233694,1
819586,233135,0,233711,1
819637,233147,0,233726,0
819687,233164,0,233743,0
819737,233185,0,233745,3
819787,233203,0,233756,1
819837,233216,0,233766,1
819888,233231,0,233787,0
819950,233241,0,233795,1
820003,233256,0,233810,1
820054,233268,0,233819,1
820104,233282,0,233824,1
820155,233295,0,233830,0
820207,233311,0,233837,1
820257,233328,0,233859,1
820308,233342,0,233878,1
820363,233350,0,233889,1
820413,233372,0,233889,1
820463,233392,0,233889,3
820518,233408,0,233901,1
820568,233426,0,233904,2
820618,233435,0,233928,1
820668,233450,0,233945,2
820719,233461,0,233971,1
820771,233472,0,233986,0
820825,233488,0,234005,1
820877,233501,0,234021,1
820928,233517,0,234034,1
820980,233531,0,234092,1
821030,233546,0,234103,1
821082,233560,0,234122,3
821134,233580,0,234130,1
821186,233597,0,234143,1
821236,233614,0,234146,1
821286,233631,0,234167,0
821336,233640,0,234191,1
821387,233653,0,234219,1
821438,233664,0,234240,0
821488,233675,0,234254,1
821538,233691,0,234257,1
821588,233701,0,234268,0
821642,233719,0,234274,1
821693,233731,0,234286,1
821743,233748,0,234289,0
821794,233764,0,234304,0
821846,233782,0,234319,0
821896,233800,0,234332,1
821946,233818,0,234348,0
822001,233833,0,234356,0
822051,233841,0,234380,1
822113,233856,0,234394,1
822163,233869,0,234407,0
822216,233883,0,234420,1
822273,233896,0,234431,1
822323,233914,0,234438,2
822373,233928,0,234455,0
822424,233939,0,234472,1
822474,233952,0,234488,0
822526,233972,0,234488,1
822577,233991,0,234504,1
822628,234009,0,234533,1
822679,234027,0,234547,1
822729,234036,0,234563,1
822781,234051,0,234570,1
822831,234063,0,234586,1
822883,234074,0,234610,0
822933,234089,0,234630,1
822983,234097,0,234653,0
823033,234118,0,234718,1
823088,234129,0,234734,1
823140,234145,0,234747,1
823190,234155,0,234765,0
823240,234178,0,234769,0
823290,234195,0,234770,1
823340,234215,0,234783,2
823391,234230,0,234798,1
823442,234240,0,234821,0
823495,234253,0,234841,0
823545,234265,0,234853,1
823595,234276,0,234864,0
823647,234292,0,234873,1
823698,234301,0,234895,1
823749,234320,0,234899,1
823800,234330,0,234916,1
823850,234346,0,234933,0
823903,234362,0,234952,1
823954,234379,0,234952,1
824008,234400,0,234952,1
824059,234420,0,234956,1
824109,234433,0,234972,0
824160,234442,0,234989,1
824211,234455,0,235011,0
824263,234469,0,235024,1
824313,234480,0,235044,2
824363,234495,0,235064,0
824413,234504,0,235083,1
824466,234525,0,235084,1
824516,234534,0,235101,2
824568,234549,0,235108,1
824619,234565,0,235120,1
824672,234580,0,235142,0
824722,234601,0,235142,2
824781,234621,0,235142,1
824831,234636,0,235151,0
824881,234648,0,235166,1
824931,234660,0,235180,2
824984,234673,0,235204,1
825035,234686,0,235216,1
825086,234696,0,235234,0
825136,234713,0,235243,1
825186,234728,0,235255,0
825236,234740,0,235277,1
825287,234753,0,235297,0
825340,234771,0,235314,1
825390,234784,0,235325,0
825445,234808,0,235337,1
825499,234825,0,235351,1
825553,234841,0,235369,1
825604,234855,0,235379,1
825657,234866,0,235401,1
825707,234876,0,235419,0
825759,234893,0,235430,0
825809,234900,0,235441,1
825859,234920,0,235447,1
825909,234931,0,235464,0
825959,234947,0,235477,1
826010,234960,0,235480,1
826060,234978,0,235483,1
826113,234993,0,235496,1
826165,235015,0,235498,1
826217,235033,0,235513,0
826268,235043,0,235535,1
826322,235056,0,235553,1
826374,235069,0,235576,0
826431,235082,0,235590,1
826481,235096,0,235606,0
826533,235111,0,235626,1
826586,235128,0,235638,1
826638,235140,0,235653,1
826689,235153,0,235671,1
826740,235169,0,235677,4
826791,235184,0,235692,0
826843,235203,0,235704,1
826893,235223,0,235716,0
826943,235237,0,235736,1
826993,235250,0,235744,1
827044,235261,0,235764,1
827101,235275,0,235786,1
827152,235288,0,235804,0
827202,235297,0,235826,0
827252,235315,0,235837,0
827302,235329,0,235848,0
827359,235345,0,235857,1
827410,235356,0,235875,1
827461,235374,0,235894,1
827511,235389,0,235902,1
827563,235410,0,235913,1
827613,235431,0,235914,4
827665,235442,0,235929,1
827719,235454,0,235939,1
827770,235469,0,235954,1
827825,235479,0,235974,1
827875,235495,0,235989,0
827930,235502,0,236014,1
827980,235526,0,236077,0
828031,235534,0,236097,1
828084,235551,0,236104,1
828134,235561,0,236127,1
828184,235583,0,236146,0
828234,235597,0,236162,1
828285,235617,0,236167,1
828336,235636,0,236176,0
828388,235646,0,236203,0
828441,235659,0,236217,1
828492,235671,0,236231,0
828543,235683,0,236251,0
828593,235696,0,236272,0
828643,235709,0,236272,4
828694,235728,0,236288,1
828745,235737,0,236311,1
828798,235754,0,236318,1
828849,235769,0,236338,3
828899,235785,0,236352,1
828949,235803,0,236355,1
829000,235820,0,236367,1
829050,235838,0,236376,1
829100,235849,0,236396,0
829150,235862,0,236416,1
829200,235874,0,236432,1
829250,235886,0,236444,1
829300,235896,0,236464,0
829357,235911,0,236483,1
829407,235931,0,236490,1
829457,235940,0,236509,1
829508,235955,0,236524,0
829561,235969,0,236529,1
829612,235986,0,236550,0
829663,236007,0,236553,2
829714,236027,0,236569,1
829764,236041,0,236574,0
829815,236053,0,236601,0
829868,236066,0,236627,1
829919,236076,0,236637,1
829969,236094,0,236650,3
830020,236097,0,236664,1
830070,236118,0,236679,1
830124,236132,0,236694,0
830175,236149,0,236705,1
830229,236157,0,236720,0
830279,236177,0,236732,2
830331,236191,0,236752,1
830381,236206,0,236752,1
830433,236230,0,236761,1
830483,236243,0,236778,0
830533,236255,0,236796,2
830583,236269,0,236808,1
830633,236279,0,236827,0
830683,236296,0,236836,0
830735,236300,0,236861,1
830785,236325,0,236865,1
830835,236334,0,236892,1
830886,236350,0,236900,0
830936,236359,0,236923,0
830991,236375,0,236929,1
831041,236394,0,236941,1
831093,236407,0,236955,1
831145,236434,0,236959,1
831204,236447,0,236977,1
831255,236463,0,236991,1
831309,236473,0,237004,1
831362,236485,0,237015,1
831412,236496,0,237039,0
831465,236506,0,237057,1
831515,236531,0,237059,0
831565,236541,0,237083,1
831618,236555,0,237105,0
831670,236567,0,237116,1
831720,236581,0,237117,1
831771,236602,0,237125,1
831822,236621,0,237130,1
831872,236641,0,237132,0
831922,236653,0,237149,0
831975,236667,0,237168,1
832025,236677,0,237184,1
832075,236691,0,237198,3
832125,236697,0,237222,0
832175,236710,0,237245,1
832232,236732,0,237256,0
832282,236749,0,237273,2
832332,236757,0,237294,0
832383,236771,0,237321,0
832433,236784,0,237335,1
832483,236805,0,237339,1
832533,236826,0,237347,1
832583,236843,0,237355,0
832634,236853,0,237376,0
832684,236868,0,237394,0
832735,236878,0,237405,1
832785,236893,0,237419,1
832838,236900,0,237442,1
832889,236915,0,237467,0
832939,236934,0,237473,0
832989,236950,0,237487,0
833039,236959,0,237509,1
833092,236973,0,237519,1
833142,236986,0,237535,1
833192,237001,0,237546,1
833242,237028,0,237549,1
833292,237044,0,237597,1
833344,237056,0,237602,2
833396,237071,0,237607,1
833449,237080,0,237621,1
833501,237095,0,237629,1
833551,237103,0,237649,0
833605,237118,0,237654,1
833656,237136,0,237663,2
833706,237151,0,237686,0
833762,237162,0,237698,0
833821,237176,0,237702,1
833874,237192,0,237725,1
833924,237214,0,237740,1
833974,237240,0,237743,0
834027,237249,0,237760,1
834078,237266,0,237770,1
834130,237274,0,237789,0
834181,237291,0,237800,0
834231,237298,0,237810,1
834281,237308,0,237833,2
834331,237328,0,237847,0
834381,237342,0,237858,1
834436,237357,0,237875,1
834488,237367,0,237888,1
834541,237383,0,237899,1
834595,237400,0,237918,1
834645,237426,0,237921,6
834699,237444,0,237931,1
834749,237454,0,237951,1
834800,237471,0,237967,1
834851,237479,0,237984,0
834902,237494,0,237996,1
834952,237503,0,238020,0
835005,237512,0,238031,1
835057,237535,0,238081,1
835115,237551,0,238097,0
835165,237563,0,238107,1
835215,237574,0,238123,1
835266,237591,0,238139,0
835316,237604,0,238148,1
835366,237629,0,238149,6
835417,237647,0,238161,1
835467,237660,0,238172,1
835517,237674,0,238191,0
835571,237685,0,238210,1
835621,237696,0,238230,0
835672,237705,0,238250,0
835722,237720,0,238267,2
835772,237739,0,238277,1
835824,237752,0,238295,1
835874,237763,0,238311,0
835927,237777,0,238335,1
835977,237792,0,238367,1
836028,237810,0,238374,2
836078,237829,0,238377,3
836128,237848,0,238391,0
836180,237861,0,238402,1
836230,237874,0,238417,0
836281,237887,0,238437,1
836331,237897,0,238448,1
836381,237906,0,238469,1
836435,237927,0,238475,3
836486,237943,0,238490,1
836539,237955,0,238507,1
836590,237967,0,238518,2
836643,237982,0,238534,1
836693,237995,0,238538,1
836743,238014,0,238544,1
836795,238031,0,238548,1
836846,238052,0,238561,0
836897,238065,0,238574,1
836947,238078,0,238587,1
836997,238093,0,238604,1
837052,238100,0,238624,1
837106,238110,0,238640,1
837158,238132,0,238646,1
837212,238150,0,238653,1
837262,238160,0,238683,0
837312,238172,0,238708,0
837363,238186,0,238718,1
837415,238202,0,238736,1
837468,238220,0,238741,1
837521,238240,0,238746,1
837575,238259,0,238761,1
837625,238274,0,238774,0
837676,238284,0,238790,1
837729,238296,0,238808,1
837781,238305,0,238825,0
837832,238319,0,238840,1
837882,238336,0,238849,1
837932,238353,0,238862,0
837982,238363,0,238881,1
838033,238377,0,238889,1
838085,238390,0,238897,1
838135,238409,0,238905,1
838185,238425,0,238913,1
838236,238447,0,238930,0
838286,238462,0,238941,1
838336,238475,0,238956,1
838386,238486,0,238977,0
838437,238497,0,238993,1
838487,238507,0,239013,1
838537,238517,0,239025,1
838588,238536,0,239045,1
838639,238555,0,239057,1
838691,238564,0,239088,1
838743,238579,0,239106,1
838794,238593,0,239122,1
838854,238611,0,239132,1
838906,238630,0,239132,1
838958,238651,0,239144,0
839008,238667,0,239151,1
839059,238679,0,239168,0
839109,238693,0,239175,1
839161,238700,0,239187,1
839215,238710,0,239206,0
839265,238731,0,239217,2
839316,238744,0,239236,0
839367,238761,0,239257,1
839420,238768,0,239286,1
839473,238788,0,239293,1
839525,238802,0,239306,0
839575,238817,0,239321,0
839625,238841,0,239334,1
839675,238855,0,239347,1
839725,238872,0,239363,3
839775,238880,0,239395,0
839826,238894,0,239409,0
839878,238905,0,239427,1
839930,238913,0,239452,0
839980,238932,0,239454,3
840032,238950,0,239468,1
840082,238962,0,239485,0
840132,238972,0,239507,1
840183,238989,0,239524,0
840235,239004,0,239540,1
840285,239019,0,239547,0
840343,239044,0,239552,1
840396,239058,0,239558,1
840446,239077,0,239563,1
840497,239083,0,239582,1
840547,239097,0,239588,1
840597,239108,0,239604,1
840647,239117,0,239629,1
840697,239137,0,239641,5
840748,239151,0,239647,1
840798,239166,0,239661,1
840858,239177,0,239687,1
840908,239194,0,239707,0
840958,239212,0,239713,1
841009,239228,0,239720,1
841063,239248,0,239723,1
841115,239265,0,239730,1
841165,239279,0,239744,0
841216,239289,0,239760,1
841267,239299,0,239770,0
841317,239311,0,239781,1
841369,239324,0,239792,0
841419,239341,0,239805,1
841469,239361,0,239819,1
841520,239368,0,239844,1
841571,239381,0,239864,1
841622,239399,0,239865,1
841675,239415,0,239876,1
841725,239434,0,239880,4
841775,239452,0,239896,3
841828,239468,0,239904,1
841878,239480,0,239972,0
841928,239492,0,239995,2
841983,239501,0,240010,1
842035,239513,0,240020,0
842089,239529,0,240029,1
842139,239548,0,240032,2
842190,239563,0,240046,0
842241,239572,0,240060,0
842291,239585,0,240081,0
842342,239602,0,240085,1
842393,239620,0,240091,1
842449,239643,0,240101,1
842500,239658,0,240114,1
842550,239675,0,240126,1
842601,239682,0,240143,0
842651,239697,0,240147,1
842703,239708,0,240156,0
842755,239718,0,240173,1
842806,239731,0,240191,1
842856,239753,0,240196,1
842908,239767,0,240215,1
842959,239773,0,240231,1
843009,239789,0,240255,1
843060,239804,0,240274,1
843114,239824,0,240279,1
843165,239848,0,240279,1
843215,239862,0,240289,2
843265,239876,0,240300,1
843317,239886,0,240320,1
843367,239899,0,240328,0
843417,239910,0,240346,1
843469,239921,0,240357,1
843520,239938,0,240367,1
843572,239959,0,240373,1
843624,239968,0,240401,1
843674,239977,0,240413,3
843724,239994,0,240430,2
843775,240008,0,240435,3
843827,240026,0,240447,1
843882,240047,0,240447,1
843934,240067,0,240447,1
843984,240080,0,240460,0
844037,240090,0,240476,1
844089,240101,0,240501,1
844141,240114,0,240524,0
844191,240128,0,240540,1
844246,240146,0,240548,1
844297,240163,0,240561,0
844347,240171,0,240575,1
844399,240184,0,240584,1
844451,240199,0,240597,1
844501,240220,0,240607,1
844552,240234,0,240621,1
844602,240255,0,240623,1
844657,240274,0,240633,1
844709,240284,0,240650,1
844760,240296,0,240671,0
844810,240308,0,240687,0
844861,240318,0,240705,0
844913,240332,0,240724,1
844964,240353,0,240732,1
845014,240365,0,240751,1
845066,240373,0,240771,0
845118,240388,0,240789,1
845171,240404,0,240816,1
845221,240424,0,240886,1
845271,240440,0,240892,1
845321,240460,0,240902,2
845373,240476,0,240914,1
845424,240487,0,240927,1
845474,240499,0,240991,1
845524,240511,0,241011,0
845574,240521,0,241039,1
845624,240538,0,241053,0
845679,240555,0,241064,1
845729,240566,0,241073,1
845781,240574,0,241095,1
845833,240592,0,241099,1
845883,240609,0,241120,3
845933,240627,0,241123,1
845984,240645,0,241135,1
846036,240664,0,241148,1
846088,240680,0,241160,0
846142,240690,0,241191,1
846192,240701,0,241204,1
846245,240714,0,241218,1
846299,240728,0,241234,1
846349,240745,0,241245,1
846402,240763,0,241258,0
846452,240772,0,241269,1
846502,240782,0,241292,2
846554,240799,0,241312,1
846606,240818,0,241323,1
846659,240832,0,241341,1
846710,240853,0,241345,1
846764,240874,0,241351,0
846815,240885,0,241378,1
846865,240896,0,241411,0
846919,240907,0,241424,1
846974,240918,0,241436,1
847024,240937,0,241447,2
847074,240954,0,241463,0
847129,240966,0,241479,1
847180,240973,0,241493,0
847232,240989,0,241504,1
847283,241005,0,241509,0
847333,241025,0,241517,1
847385,241044,0,241526,1
847435,241057,0,241533,1
847485,241080,0,241535,0
847540,241088,0,241547,1
847590,241100,0,241565,0
847640,241112,0,241585,0
847691,241123,0,241605,1
847744,241142,0,241620,1
847796,241161,0,241632,1
847846,241169,0,241655,0
847898,241177,0,241672,1
847948,241196,0,241687,0
848000,241208,0,241699,1
848055,241230,0,241706,0
848108,241249,0,241726,1
848160,241265,0,241738,1
848210,241282,0,241753,0
848260,241295,0,241776,0
848311,241305,0,241791,1
848361,241316,0,241813,1
848414,241329,0,241836,0
848466,241344,0,241836,1
848517,241364,0,241842,1
848569,241373,0,241861,0
848622,241386,0,241882,1
848677,241403,0,241888,1
848727,241421,0,241903,0
848778,241438,0,241919,1
848828,241456,0,241938,2
848882,241475,0,241952,1
848932,241487,0,242024,0
848982,241497,0,242042,1
849033,241511,0,242050,1
849083,241520,0,242066,1
849133,241533,0,242076,0
849183,241550,0,242088,1
849235,241566,0,242100,0
849287,241574,0,242120,1
849340,241590,0,242133,1
849392,241606,0,242141,1
849443,241627,0,242147,1
849500,241642,0,242158,1
849552,241660,0,242172,1
849606,241681,0,242175,1
849657,241691,0,242190,1
849708,241703,0,242205,0
849761,241715,0,242217,1
849814,241729,0,242235,0
849867,241741,0,242253,1
849917,241761,0,242254,1
849967,241771,0,242270,1
850017,241784,0,242280,1
850068,241799,0,242297,1
850121,241814,0,242314,1
850172,241834,0,242330,1
850222,241850,0,242337,1
850273,241865,0,242349,1
850325,241885,0,242352,0
850376,241896,0,242383,0
850426,241908,0,242397,1
850477,241917,0,242414,0
850532,241930,0,242430,1
850582,241946,0,242446,3
850632,241966,0,242450,1
850683,241973,0,242471,0
850733,241988,0,242489,1
850785,242003,0,242505,1
850835,242020,0,242516,2
850888,242038,0,242535,1
850939,242055,0,242543,1
850989,242069,0,242555,2
851039,242087,0,242570,0
851090,242097,0,242583,1
851140,242108,0,242605,0
851192,242121,0,242612,1
851244,242135,0,242648,0
851295,242150,0,242666,1
851350,242167,0,242674,1
851400,242176,0,242741,1
851451,242191,0,242750,1
851502,242207,0,242767,0
851552,242229,0,242770,1
851602,242242,0,242784,1
851653,242258,0,242795,1
851703,242275,0,242805,1
851753,242289,0,242824,0
851806,242300,0,242842,1
851857,242312,0,242851,1
851909,242323,0,242861,1
851961,242337,0,242870,1
852011,242357,0,242876,1
852064,242370,0,242888,0
852115,242379,0,242907,1
852166,242396,0,242922,2
852216,242410,0,242940,0
852267,242431,0,242950,1
852317,242446,0,242962,1
852368,242462,0,242975,1
852421,242481,0,242987,1
852471,242491,0,243013,0
852521,242504,0,243026,1
852572,242515,0,243041,1
852622,242529,0,243057,2
852672,242539,0,243067,1
852723,242560,0,243075,1
852774,242570,0,243075,1
852824,242579,0,243091,1
852874,242597,0,243106,1
852924,242613,0,243117,0
852974,242633,0,243125,1
853024,242650,0,243139,1
853074,242664,0,243153,1
853128,242681,0,243159,1
853180,242694,0,243176,1
853230,242707,0,243198,1
853280,242716,0,243227,1
853335,242729,0,243242,0
853385,242743,0,243257,2
853435,242762,0,243265,0
853486,242773,0,243278,0
853538,242785,0,243301,1
853588,242802,0,243314,1
853640,242815,0,243327,1
853690,242837,0,243340,2
853740,242852,0,243358,1
853790,242865,0,243375,0
853841,242883,0,243382,1
853892,242896,0,243393,0
853943,242908,0,243413,0
853993,242919,0,243436,1
854043,242929,0,243464,0
854095,242944,0,243476,1
854146,242963,0,243483,1
854196,242974,0,243501,1
854247,242986,0,243506,1
854299,243004,0,243517,0
854350,243021,0,243526,2
854400,243040,0,243549,0
854452,243053,0,243566,1
854502,243067,0,243575,1
854556,243086,0,243583,1
854606,243099,0,243599,0
854656,243110,0,243615,1
854709,243122,0,243633,0
854759,243133,0,243653,1
854810,243150,0,243664,1
854860,243167,0,243672,0
854911,243176,0,243693,1
854963,243191,0,243701,1
855013,243206,0,243712,1
855063,243223,0,243714,1
855115,243243,0,243729,1
855167,243258,0,243741,1
855218,243275,0,243754,3
855268,243289,0,243768,1
855328,243301,0,243781,1
855381,243312,0,243797,1
855431,243329,0,243812,2
855484,243337,0,243817,1
855534,243355,0,243823,0
855585,243373,0,243839,1
855637,243380,0,243852,1
855687,243399,0,243866,1
855737,243413,0,243873,0
855790,243434,0,243879,1
855845,243452,0,243895,1
855898,243466,0,243900,1
855950,243484,0,243910,1
856005,243498,0,243917,1
856056,243509,0,243934,1
856109,243522,0,243954,1
856163,243531,0,243978,0
856213,243546,0,243986,1
856263,243567,0,243997,0
856313,243576,0,244023,1
856363,243588,0,244043,2
856413,243605,0,244056,1
856463,243621,0,244119,1
856515,243638,0,244122,1
856565,243656,0,244136,1
856616,243670,0,244148,1
856668,243687,0,244160,1
856722,243700,0,244177,0
856773,243710,0,244203,0
856823,243724,0,244219,1
856873,243732,0,244244,1
856923,243750,0,244252,1
856973,243769,0,244260,1
857023,243778,0,244281,1
857074,243788,0,244291,1
857124,243808,0,244298,1
857176,243822,0,244313,1
857227,243842,0,244313,1
857280,243858,0,244316,1
857330,243877,0,244331,1
857382,243890,0,244354,1
857434,243901,0,244378,0
857485,243912,0,244402,1
857536,243928,0,244422,1
857589,243936,0,244447,0
857646,243952,0,244450,1
857697,243973,0,244456,0
857748,243980,0,244475,0
857799,243997,0,244480,1
857852,244016,0,244482,1
857905,244031,0,244500,1
857955,244050,0,244501,1
858007,244066,0,244514,0
858058,244085,0,244523,1
858108,244096,0,244541,0
858163,244109,0,244563,1
858213,244120,0,244575,1
858263,244131,0,244587,0
858317,244142,0,244605,1
858368,244155,0,244624,1
858420,244176,0,244637,0
858475,244187,0,244656,1
858527,244205,0,244665,1
858577,244221,0,244682,0
858630,244238,0,244697,0
858689,244257,0,244699,1
858740,244278,0,244705,1
858790,244290,0,244717,0
858841,244301,0,244725,0
858893,244313,0,244756,1
858943,244327,0,244764,1
858993,244336,0,244777,2
859043,244351,0,244786,0
859093,244370,0,244794,4
859146,244379,0,244803,0
859196,244396,0,244814,1
859253,244411,0,244827,1
859303,244427,0,244886,0
859354,244445,0,244894,1
859404,244465,0,244902,1
859454,244481,0,244910,1
859505,244492,0,244930,1
859555,244502,0,244949,1
859606,244517,0,244958,1
859657,244530,0,244972,1
859707,244538,0,245008,0
859757,244553,0,245014,3
859808,244570,0,245021,2
859858,244580,0,245045,0
859910,244599,0,245061,1
859960,244612,0,245073,1
860011,244629,0,245087,0
860061,244646,0,245093,2
860111,244666,0,245100,1
860161,244683,0,245105,3
860212,244694,0,245129,0
860263,244704,0,245147,1
860313,244717,0,245170,0
860365,244731,0,245183,0
860416,244741,0,245201,1
860471,244754,0,245216,0
860521,244776,0,245228,1
860576,244784,0,245250,1
860626,244802,0,245266,1
860677,244820,0,245274,2
860727,244836,0,245296,1
860777,244850,0,245307,1
860827,244869,0,245318,1
860878,244882,0,245326,1
860935,244899,0,245338,1
860985,244910,0,245349,0
861038,244920,0,245358,1
861089,244932,0,245373,0
861140,244948,0,245387,1
861193,244958,0,245406,1
861243,244979,0,245413,1
861293,244988,0,245426,1
861343,245007,0,245429,1
861393,245024,0,245449,1
861443,245039,0,245472,0
861495,245050,0,245480,1
861545,245072,0,245484,0
861596,245090,0,245490,0
861649,245101,0,245514,0
861702,245113,0,245528,1
861755,245125,0,245539,1
861805,245138,0,245553,0
861855,245149,0,245570,1
861907,245163,0,245587,1
861958,245179,0,245597,0
862008,245195,0,245608,0
862063,245211,0,245623,1
862113,245229,0,245636,0
862167,245245,0,245640,1
862217,245258,0,245661,1
862267,245278,0,245679,2
862317,245295,0,245686,1
862367,245301,0,245709,0
862419,245315,0,245721,1
862469,245328,0,245738,0
862520,245340,0,245755,1
862578,245354,0,245771,1
862630,245372,0,245780,1
862680,245383,0,245791,0
862732,245402,0,245800,1
862782,245420,0,245808,1
862832,245432,0,245826,1
862883,245447,0,245845,0
862943,245463,0,245860,1
862995,245485,0,245866,1
863045,245500,0,245876,0
863097,245511,0,245895,1
863147,245521,0,245918,0
863197,245532,0,245925,0
863247,245547,0,245943,1
863299,245559,0,245959,1
863351,245577,0,245970,1
863401,245590,0,245981,1
863455,245610,0,245992,1
863506,245627,0,246005,0
863558,245643,0,246026,0
863608,245653,0,246048,0
863658,245672,0,246059,2
863708,245689,0,246073,1
863759,245701,0,246091,0
863809,245713,0,246113,1
863861,245725,0,246134,1
863911,245738,0,246155,3
863962,245749,0,246166,0
864014,245762,0,246187,1
864065,245780,0,246200,1
864119,245796,0,246206,1
864169,245812,0,246219,2
864224,245830,0,246230,1
864275,245843,0,246234,1
864326,245858,0,246254,1
864376,245878,0,246272,0
864434,245896,0,246278,1
864485,245906,0,246300,1
864539,245918,0,246316,0
864593,245932,0,246339,0
864644,245943,0,246364,1
864694,245957,0,246374,1
864744,245976,0,246384,2
864795,245986,0,246407,1
864845,246006,0,246425,2
864898,246018,0,246441,1
864948,246036,0,246443,0
864998,246049,0,246453,1
865048,246065,0,246518,3
865098,246081,0,246530,1
865148,246099,0,246596,0
865198,246110,0,246611,0
865248,246120,0,246633,1
865303,246133,0,246654,1
865353,246145,0,246666,1
865404,246159,0,246683,0
865454,246176,0,246694,0
865505,246187,0,246718,0
865556,246209,0,246727,1
865606,246224,0,246742,3
865659,246237,0,246753,1
865709,246251,0,246766,1
865762,246269,0,246777,1
865813,246284,0,246799,1
865863,246301,0,246805,0
865916,246313,0,246809,1
865967,246325,0,246824,0
866022,246337,0,246839,1
866072,246350,0,246853,0
866125,246363,0,246873,1
866180,246382,0,246889,1
866232,246397,0,246906,0
866283,246412,0,246915,1
866338,246429,0,246922,1
866389,246444,0,246937,1
866440,246459,0,246951,1
866490,246479,0,246958,0
866545,246496,0,246971,1
866596,246507,0,246987,1
866647,246519,0,247008,0
866697,246532,0,247066,0
866749,246543,0,247091,1
866807,246559,0,247104,1
866860,246570,0,247116,1
866910,246588,0,247127,0
866960,246609,0,247141,0
867010,246616,0,247153,1
867062,246638,0,247163,1
867112,246651,0,247166,1
867162,246668,0,247173,0
867212,246683,0,247197,0
867263,246701,0,247209,0
867313,246711,0,247223,3
867366,246725,0,247234,1
867417,246734,0,247255,1
867468,246747,0,247275,1
867520,246762,0,247291,1
867570,246776,0,247305,3
867620,246791,0,247313,1
867673,246809,0,247320,1
867724,246822,0,247335,1
867775,246840,0,247341,0
867826,246853,0,247357,1
867878,246871,0,247376,1
867929,246889,0,247390,1
867980,246902,0,247410,1
868030,246915,0,247421,1
868081,246929,0,247444,0
868132,246938,0,247468,1
868188,246950,0,247476,1
868239,246965,0,247493,0
868289,246980,0,247503,2
868341,246998,0,247510,1
868393,247012,0,247527,1
868445,247026,0,247536,1
868495,247043,0,247549,1
868547,247060,0,247556,0
868597,247079,0,247563,2
868649,247095,0,247574,1
868702,247106,0,247583,0
868754,247120,0,247601,0
868805,247132,0,247616,0
868855,247143,0,247631,1
868905,247158,0,247638,1
868955,247167,0,247660,0
869005,247185,0,247674,0
869057,247203,0,247681,1
869107,247214,0,247701,0
869158,247231,0,247711,1
869209,247245,0,247722,1
869259,247259,0,247723,2
869309,247283,0,247724,2
869359,247295,0,247739,0
869410,247307,0,247758,1
869462,247321,0,247774,1
869512,247332,0,247791,0
869564,247344,0,247810,0
869617,247358,0,247817,1
869672,247370,0,247835,1
869722,247390,0,247848,0
869772,247406,0,247861,0
869826,247417,0,247880,1
869877,247438,0,247890,0
869930,247448,0,247905,1
869980,247466,0,247912,1
870030,247489,0,247917,1
870084,247502,0,247936,1
870134,247513,0,247949,1
870186,247527,0,247958,1
870241,247538,0,247979,1
870292,247550,0,247996,1
870342,247566,0,248018,1
870394,247575,0,248036,1
870444,247598,0,248041,1
870494,247607,0,248063,1
870544,247625,0,248079,1
870595,247641,0,248093,0
870649,247653,0,248107,1
870699,247675,0,248115,1
870751,247694,0,248131,0
870804,247705,0,248144,1
870856,247720,0,248158,0
870906,247731,0,248175,0
870957,247742,0,248192,0
871009,247756,0,248203,1
871061,247767,0,248221,1
871112,247785,0,248235,3
871162,247804,0,248244,1
871213,247813,0,248267,1
871263,247829,0,248285,1
871313,247845,0,248309,0
871365,247859,0,248324,1
871416,247880,0,248331,0
871467,247895,0,248349,0
871518,247908,0,248368,0
871568,247922,0,248388,0
871620,247933,0,248408,1
871670,247945,0,248422,1
871720,247958,0,248442,1
871771,247969,0,248454,1
871821,247985,0,248462,1
871871,248006,0,248474,0
871921,248015,0,248493,2
871971,248030,0,248499,1
872027,248047,0,248513,1
872079,248061,0,248524,0
872132,248087,0,248535,1
872184,248100,0,248553,1
872237,248113,0,248575,1
872287,248127,0,248589,1
872338,248137,0,248607,0
872388,248149,0,248626,1
872438,248160,0,248647,0
872488,248172,0,248676,1
872540,248192,0,248683,1
872590,248206,0,248696,0
872640,248218,0,248711,0
872696,248240,0,248717,1
872749,248247,0,248740,0
872803,248266,0,248754,1
872854,248294,0,248759,1
872904,248304,0,248778,0
872954,248318,0,248793,1
873005,248331,0,248805,2
873056,248340,0,248825,1
873106,248352,0,248839,1
873158,248364,0,248857,1
873208,248377,0,248878,1
873260,248399,0,248880,1
873310,248408,0,248890,0
873364,248424,0,248896,1
873414,248444,0,248901,0
873464,248452,0,248919,1
873516,248474,0,248924,1
873567,248495,0,248941,0
873617,248506,0,248954,0
873670,248520,0,248964,0
873720,248531,0,248976,0
873773,248542,0,248988,1
873824,248555,0,249000,1
873875,248569,0,249021,0
873926,248583,0,249043,1
873979,248603,0,249055,1
874029,248613,0,249079,1
874079,248631,0,249098,1
874133,248647,0,249110,1
874183,248656,0,249118,1
874234,248685,0,249120,4
874284,248697,0,249135,0
874334,248711,0,249154,2
874388,248724,0,249160,1
874442,248737,0,249186,1
874493,248749,0,249195,0
874543,248760,0,249211,0
874594,248774,0,249235,1
874644,248790,0,249248,2
874695,248806,0,249265,0
874747,248817,0,249272,1
874798,248836,0,249280,1
874849,248847,0,249284,0
874900,248859,0,249288,1
874952,248884,0,249289,1
875012,248902,0,249293,1
875063,248918,0,249302,1
875113,248931,0,249317,0
875163,248938,0,249330,0
875213,248951,0,249340,1
875267,248964,0,249350,1
875317,248977,0,249361,1
875371,248996,0,249364,1
875423,249010,0,249377,1
875477,249027,0,249386,1
875530,249045,0,249403,1
875580,249054,0,249423,0
875630,249072,0,249440,0
875684,249094,0,249446,1
875734,249108,0,249462,1
875784,249122,0,249479,1
875836,249134,0,249491,0
875886,249146,0,249511,0
875938,249157,0,249534,1
875991,249170,0,249545,1
876042,249185,0,249552,1
876092,249203,0,249565,3
876157,249213,0,249584,1
876213,249237,0,249590,1
876266,249248,0,249610,1
876316,249264,0,249619,2
876366,249285,0,249631,3
876416,249302,0,249647,1
876466,249317,0,249655,1
876517,249331,0,249664,1
876568,249339,0,249692,1
876620,249351,0,249717,1
876670,249364,0,249736,1
876720,249378,0,249752,1
876770,249395,0,249769,0
876823,249409,0,249781,0
876874,249419,0,249796,1
876925,249441,0,249806,1
876975,249452,0,249834,2
877025,249468,0,249855,1
877075,249483,0,249865,1
877129,249506,0,249869,0
877185,249521,0,249890,1
877241,249532,0,249903,1
877297,249547,0,249921,1
877349,249558,0,249939,1
877399,249572,0,249950,1
877449,249583,0,249963,1
877503,249604,0,249972,1
877554,249612,0,249988,0
877607,249634,0,250003,1
877662,249647,0,250018,0
877713,249659,0,250040,1
877763,249678,0,250051,1
877815,249696,0,250054,1
877866,249716,0,250072,0
877917,249727,0,250081,0
877971,249739,0,250098,1
878022,249751,0,250113,1
878073,249764,0,250128,1
878125,249777,0,250149,1
878175,249794,0,250156,1
878225,249809,0,250164,0
878276,249816,0,250182,1
878328,249839,0,250182,2
878378,249850,0,250196,1
878428,249865,0,250207,2
878483,249882,0,250221,1
878533,249907,0,250227,1
878583,249920,0,250242,0
878633,249931,0,250264,0
878684,249943,0,250280,1
878734,249954,0,250300,0
878784,249968,0,250313,0
878839,249979,0,250332,1
878889,249998,0,250344,1
878939,250010,0,250363,0
878989,250019,0,250376,2
879040,250041,0,250385,1
879093,250056,0,250394,1
879143,250068,0,250404,3
879194,250087,0,250420,0
879245,250109,0,250435,1
879297,250123,0,250448,1
879347,250132,0,250469,0
879401,250147,0,250482,1
879451,250157,0,250497,0
879501,250172,0,250507,1
879551,250183,0,250574,1
879602,250199,0,250582,0
879654,250212,0,250596,0
879704,250226,0,250606,2
879754,250245,0,250612,1
879805,250257,0,250636,0
879857,250270,0,250647,1
879910,250291,0,250652,1
879961,250314,0,250662,0
880014,250326,0,250674,0
880064,250338,0,250685,0
880117,250348,0,250706,0
880169,250360,0,250716,1
880220,250375,0,250731,0
880270,250387,0,250752,1
880320,250403,0,250766,2
880373,250413,0,250779,0
880424,250428,0,250791,1
880475,250448,0,250795,0
880525,250458,0,250815,0
880577,250480,0,250820,1
880627,250496,0,250828,2
880682,250517,0,250841,1
880732,250531,0,250854,0
880783,250541,0,250871,1
880834,250550,0,250890,0
880885,250567,0,250903,1
880935,250578,0,250923,1
880987,250592,0,250937,1
881037,250608,0,250943,0
881091,250615,0,250970,1
881141,250632,0,250984,0
881192,250651,0,250991,1
881247,250664,0,250998,1
881297,250681,0,251007,1
881348,250706,0,251007,1
881402,250722,0,251016,1
881453,250733,0,251032,1
881506,250747,0,251053,0
881556,250756,0,251075,2
881606,250773,0,251082,1
881668,250782,0,251096,1
881719,250801,0,251106,1
881769,250813,0,251118,1
881819,250824,0,251141,2
881872,250845,0,251148,1
881923,250858,0,251158,0
881973,250872,0,251169,1
882023,250892,0,251180,1
882073,250915,0,251219,0
882124,250927,0,251253,1
882179,250939,0,251271,1
882233,250950,0,251290,1
882283,250964,0,251311,2
882337,250978,0,251320,1
882388,250990,0,251335,1
882440,251008,0,251340,1
882493,251015,0,251356,1
882546,251032,0,251359,0
882596,251052,0,251362,2
882649,251063,0,251383,1
882699,251080,0,251392,2
882750,251104,0,251405,1
882800,251121,0,251415,1
882850,251132,0,251429,0
882902,251144,0,251452,1
882953,251154,0,251471,1
883003,251171,0,251480,1
883053,251179,0,251493,0
883105,251197,0,251510,1
883155,251211,0,251533,1
883206,251216,0,251555,1
883259,251234,0,251564,1
883312,251255,0,251583,0
883362,251268,0,251593,2
883413,251283,0,251612,0
883464,251307,0,251631,1
883515,251324,0,251647,1
883567,251335,0,251661,0
883617,251347,0,251667,1
883667,251358,0,251682,1
883717,251373,0,251735,0
883767,251381,0,251768,0
883819,251397,0,251772,1
883873,251413,0,251788,1
883924,251422,0,251811,0
883974,251438,0,251832,1
884027,251455,0,251836,1
884082,251472,0,251847,0
884133,251490,0,251858,1
884185,251516,0,251858,1
884235,251530,0,251877,2
884285,251539,0,251895,0
884336,251549,0,251920,0
884387,251561,0,251930,0
884438,251576,0,251947,1
884491,251585,0,251974,1
884545,251605,0,251982,1
884595,251615,0,251998,0
884645,251627,0,252014,2
884695,251646,0,252023,0
884747,251660,0,252039,1
884798,251677,0,252055,1
884851,251698,0,252102,1
884901,251719,0,252103,1
884954,251733,0,252121,1
885004,251743,0,252137,0
885055,251752,0,252157,0
885106,251770,0,252172,1
885158,251779,0,252193,1
885208,251792,0,252213,1
885258,251810,0,252230,1
885308,251816,0,252258,1
885359,251832,0,252275,1
885410,251848,0,252282,1
885463,251865,0,252293,1
885513,251881,0,252296,1
885565,251902,0,252306,1
885615,251922,0,252309,1
885670,251935,0,252329,1
885720,251945,0,252344,1
885770,251958,0,252363,1
885821,251974,0,252375,1
885871,251981,0,252401,0
885921,251997,0,252411,1
885971,252012,0,252435,0
886021,252020,0,252457,1
886072,252035,0,252467,0
886122,252052,0,252488,0
886174,252068,0,252504,1
886225,252085,0,252523,2
886276,252105,0,252531,1
886329,252126,0,252534,0
886379,252138,0,252553,1
886429,252148,0,252580,0
886480,252159,0,252600,0
886530,252175,0,252613,0
886582,252182,0,252640,1
886634,252201,0,252652,0
886685,252213,0,252667,0
886735,252223,0,252678,1
886787,252239,0,252684,1
886838,252254,0,252704,1
886893,252271,0,252715,1
886947,252292,0,252773,1
886999,252313,0,252785,0
887049,252331,0,252797,0
887099,252340,0,252825,0
887149,252350,0,252840,0
887200,252363,0,252852,1
887251,252378,0,252860,0
887303,252390,0,252876,1
887356,252406,0,252894,1
887407,252415,0,252922,0
887458,252428,0,252938,1
887509,252445,0,252945,1
887561,252463,0,252955,1
887611,252478,0,252967,0
887661,252499,0,252980,2
887714,252517,0,252990,1
887766,252533,0,252994,0
887816,252544,0,253010,0
887867,252554,0,253028,0
887919,252566,0,253045,0
887970,252581,0,253063,0
888025,252596,0,253075,1
888076,252612,0,253094,1
888127,252621,0,253125,2
888194,252634,0,253140,1
888245,252655,0,253144,1
888297,252672,0,253164,1
888348,252690,0,253172,1
888401,252711,0,253181,1
888453,252728,0,253185,1
888503,252741,0,253190,1
888553,252750,0,253208,1
888603,252763,0,253224,0
888656,252778,0,253230,1
888707,252788,0,253252,1
888757,252804,0,253269,1
888810,252815,0,253285,0
888861,252829,0,253294,1
888911,252839,0,253312,1
888961,252858,0,253312,1
889012,252877,0,253325,1
889063,252897,0,253334,4
889115,252912,0,253353,1
889168,252931,0,253364,1
889218,252944,0,253392,1
889268,252954,0,253411,1
889324,252967,0,253425,1
889375,252980,0,253435,1
889426,252996,0,253449,1
889481,253012,0,253460,1
889537,253021,0,253477,1
889592,253033,0,253487,0
889642,253050,0,253507,1
889694,253070,0,253517,1
889745,253085,0,253539,1
889796,253109,0,253550,2
889847,253124,0,253556,1
889897,253139,0,253575,1
889951,253147,0,253597,1
890001,253162,0,253658,2
890053,253176,0,253673,1
890103,253185,0,253697,0
890153,253203,0,253712,2
890204,253215,0,253737,1
890256,253227,0,253760,1
890306,253234,0,253783,1
890356,253252,0,253793,1
890409,253274,0,253798,1
890461,253288,0,253804,1
890512,253311,0,253815,0
890562,253329,0,253831,2
890613,253343,0,253849,1
890664,253350,0,253864,1
890714,253365,0,253872,2
890769,253379,0,253888,0
890820,253391,0,253906,1
890870,253408,0,253923,1
890920,253416,0,253952,1
890972,253431,0,253967,1
891022,253440,0,253990,1
891076,253456,0,253998,1
891135,253482,0,254003,1
891187,253496,0,254013,1
891238,253519,0,254027,2
891290,253535,0,254044,1
891340,253546,0,254112,1
891391,253557,0,254131,0
891443,253570,0,254134,1
891496,253583,0,254142,1
891547,253601,0,254156,0
891598,253613,0,254173,0
891652,253623,0,254190,1
891702,253633,0,254209,0
891757,253651,0,254221,1
891808,253673,0,254238,3
891858,253687,0,254259,1
891908,253709,0,254266,1
891958,253726,0,254275,2
892012,253741,0,254287,1
892062,253748,0,254319,0
892116,253762,0,254339,1
892167,253776,0,254349,1
892219,253788,0,254365,0
892269,253807,0,254377,1
892321,253815,0,254401,0
892372,253829,0,254412,1
892422,253838,0,254431,1
892475,253855,0,254438,0
892526,253878,0,254440,1
892576,253890,0,254465,0
892627,253914,0,254475,0
892677,253932,0,254498,0
892727,253945,0,254507,1
892778,253953,0,254524,1
892828,253965,0,254538,2
892878,253978,0,254551,1
892930,253993,0,254566,2
892982,254011,0,254584,1
893032,254016,0,254605,0
893083,254028,0,254623,1
893133,254039,0,254636,0
893185,254056,0,254647,0
893235,254078,0,254652,1
893287,254092,0,254661,1
893337,254116,0,254662,2
893388,254133,0,254674,1
893439,254145,0,254687,0
893492,254156,0,254696,1
893545,254167,0,254710,1
893597,254183,0,254730,1
893651,254197,0,254738,1
893703,254213,0,254756,0
893753,254222,0,254777,0
893803,254232,0,254793,1
893853,254243,0,254804,1
893904,254262,0,254816,1
893954,254286,0,254828,0
894004,254297,0,254842,1
894055,254321,0,254849,0
894106,254337,0,254858,1
894157,254347,0,254882,1
894208,254359,0,254906,1
894260,254372,0,254927,1
894310,254385,0,254948,0
894360,254403,0,254963,2
894410,254413,0,254985,0
894467,254423,0,254998,1
894517,254435,0,255016,1
894569,254449,0,255038,1
894620,254466,0,255050,1
894670,254488,0,255050,1
894721,254503,0,255063,1
894771,254524,0,255073,1
894821,254542,0,255082,1
894871,254548,0,255099,0
894923,254562,0,255117,1
894973,254576,0,255126,2
895024,254588,0,255143,0
895075,254606,0,255155,0
895125,254615,0,255170,0
895176,254626,0,255185,1
895228,254637,0,255259,1
895279,254649,0,255270,1
895330,254670,0,255284,1
895380,254690,0,255289,1
895431,254704,0,255301,2
895481,254728,0,255310,1
895532,254742,0,255313,1
895582,254751,0,255335,0
895632,254764,0,255356,1
895682,254777,0,255378,0
895732,254789,0,255391,0
895784,254809,0,255396,0
895834,254817,0,255414,0
895884,254827,0,255436,0
895935,254838,0,255456,1
895985,254851,0,255476,1
896037,254873,0,255483,1
896087,254891,0,255492,1
896137,254905,0,255507,1
896188,254930,0,255513,1
896238,254945,0,255526,2
896289,254952,0,255546,1
896346,254966,0,255565,1
896396,254982,0,255576,1
896448,254993,0,255602,1
896499,255012,0,255620,1
896549,255019,0,255647,1
896599,255029,0,255662,0
896649,255042,0,255670,2
896701,255055,0,255690,1
896751,255077,0,255692,1
896801,255096,0,255709,0
896851,255109,0,255723,1
896902,255126,0,255723,1
896952,255146,0,255741,0
897002,255155,0,255773,1
897052,255166,0,255788,0
897103,255183,0,255796,1
897154,255196,0,255807,1
897206,255212,0,255819,0
897258,255220,0,255831,1
897310,255231,0,255852,1
897366,255243,0,255880,1
897420,255260,0,255892,1
897471,255286,0,255896,1
897521,255298,0,255903,1
897582,255313,0,255921,1
897635,255341,0,255926,1
897685,255351,0,255943,1
897736,255363,0,255959,1
897787,255376,0,255979,3
897837,255390,0,255990,3
897890,255408,0,255996,1
897941,255417,0,256011,0
897993,255428,0,256035,1
898043,255439,0,256053,1
898093,255452,0,256071,1
898148,255471,0,256083,1
898202,255493,0,256090,1
898256,255506,0,256104,1
898307,255526,0,256109,3
898361,255546,0,256115,0
898414,255558,0,256129,1
898464,255566,0,256148,0
898516,255583,0,256159,1
898566,255598,0,256170,1
898616,255613,0,256186,0
898666,255621,0,256196,1
898718,255633,0,256207,1
898770,255644,0,256228,1
898821,255660,0,256243,1
898871,255682,0,256249,1
898924,255698,0,256261,1
898974,255712,0,256286,0
899031,255734,0,256293,1
899081,255750,0,256313,0
899133,255762,0,256329,1
899183,255771,0,256355,1
899234,255787,0,256366,1
899284,255802,0,256376,1
899334,255814,0,256388,1
899385,255824,0,256410,1
899437,255837,0,256425,0
899489,255850,0,256439,1
899540,255863,0,256453,1
899597,255891,0,256460,1
899647,255904,0,256478,0
899701,255916,0,256533,1
899751,255936,0,256533,3
899801,255953,0,256552,0
899855,255965,0,256568,1
899905,255978,0,256582,1
899955,255992,0,256604,2
900007,256009,0,256612,1
900060,256018,0,256632,1
900110,256030,0,256650,0
900161,256041,0,256676,1
900214,256054,0,256682,1
900265,256076,0,256683,1
900315,256096,0,256694,1
900373,256107,0,256702,1
900424,256121,0,256712,1
900474,256147,0,256716,3
900524,256160,0,256739,1
900574,256167,0,256761,0
900629,256182,0,256766,1
900682,256200,0,256783,1
900733,256213,0,256799,0
900788,256224,0,256815,1
900838,256237,0,256825,0
900889,256248,0,256838,1
900939,256261,0,256855,0
900989,256285,0,256858,2
901039,256299,0,256868,1
901089,256313,0,256888,3
901140,256328,0,256897,1
901190,256351,0,256903,1
901240,256363,0,256920,1
901292,256371,0,256936,0
901345,256388,0,256949,1
901395,256405,0,256966,1
901445,256415,0,256987,1
901500,256424,0,257005,1
901550,256439,0,257008,1
901601,256450,0,257015,1
901652,256465,0,257034,0
901702,256487,0,257041,2
901752,256503,0,257056,3
901802,256514,0,257067,1
901857,256532,0,257075,1
901908,256554,0,257077,1
901959,256565,0,257092,0
902011,256574,0,257108,1
902063,256594,0,257117,1
902117,256609,0,257119,1
902170,256620,0,257130,1
902221,256629,0,257145,1
902274,256640,0,257170,0
902326,256658,0,257181,1
902381,256673,0,257190,1
902433,256698,0,257202,1
902484,256709,0,257216,1
902534,256723,0,257229,0
902586,256745,0,257237,1
902637,256762,0,257249,0
902689,256768,0,257264,1
902739,256785,0,257277,0
902792,256801,0,257292,1
902843,256814,0,257297,0
902894,256823,0,257322,0
902946,256835,0,257334,2
902996,256843,0,257356,0
903046,256863,0,257365,1
903096,256881,0,257383,1
903151,256900,0,257388,1
903201,256913,0,257404,0
903251,256928,0,257412,2
903301,256948,0,257418,1
903352,256964,0,257434,0
903402,256970,0,257507,0
903457,256988,0,257514,1
903508,257003,0,257522,1
903559,257017,0,257527,1
903611,257024,0,257549,1
903662,257039,0,257561,0
903712,257047,0,257584,1
903762,257067,0,257588,0
903820,257084,0,257599,1
903870,257106,0,257605,2
903921,257116,0,257621,1
903971,257135,0,257633,2
904021,257154,0,257638,0
904074,257166,0,257657,0
904124,257179,0,257670,1
904176,257194,0,257688,1
904234,257211,0,257706,1
904284,257222,0,257723,0
904334,257230,0,257747,1
904384,257241,0,257773,0
904434,257252,0,257787,1
904485,257270,0,257791,1
904543,257291,0,257804,1
904595,257312,0,257811,1
904645,257324,0,257834,0
904701,257341,0,257850,1
904753,257364,0,257857,1
904803,257370,0,257879,0
904856,257387,0,257892,0
904906,257402,0,257908,0
904960,257417,0,257924,1
905013,257424,0,257939,1
905063,257439,0,257962,0
905114,257447,0,257973,1
905165,257460,0,257986,1
905216,257483,0,257987,1
905267,257503,0,257996,2
905317,257515,0,258009,0
905371,257533,0,258022,1
905421,257550,0,258037,1
905471,257566,0,258050,0
905523,257576,0,258072,1
905573,257592,0,258127,2
905623,257607,0,258140,1
905674,257618,0,258168,1
905724,257626,0,258187,1
905775,257640,0,258206,1
905825,257648,0,258226,1
905876,257662,0,258243,1
905926,257684,0,258256,0
905976,257705,0,258269,1
906026,257717,0,258282,1
906081,257731,0,258294,1
906131,257755,0,258295,2
906181,257766,0,258317,0
906232,257780,0,258323,1
906282,257794,0,258336,1
906334,257810,0,258355,0
906384,257822,0,258381,0
906437,257829,0,258399,1
906487,257842,0,258407,1
906537,257852,0,258425,0
906591,257868,0,258439,1
906642,257890,0,258492,0
906692,257910,0,258505,2
906742,257922,0,258526,1
906792,257933,0,258539,1
906842,257961,0,258544,3
906893,257967,0,258557,1
906944,257981,0,258578,0
906998,257996,0,258586,1
907050,258013,0,258594,1
907101,258023,0,258614,0
907154,258031,0,258634,1
907206,258043,0,258656,0
907263,258056,0,258667,1
907314,258078,0,258670,2
907365,258097,0,258673,1
907415,258114,0,258697,0
907467,258126,0,258722,0
907522,258143,0,258733,1
907574,258166,0,258743,0
907624,258174,0,258772,1
907676,258188,0,258784,1
907726,258206,0,258801,1
907776,258217,0,258814,0
907827,258226,0,258833,1
907879,258240,0,258850,1
907931,258247,0,258869,1
907982,258263,0,258883,1
908032,258283,0,258902,1
908082,258298,0,258904,1
908134,258313,0,258904,1
908186,258329,0,258917,1
908238,258347,0,258919,1
908293,258365,0,258919,1
908346,258380,0,258934,1
908396,258395,0,258942,0
908447,258410,0,258956,0
908497,258423,0,258970,1
908548,258430,0,258993,0
908598,258443,0,259005,1
908649,258453,0,259028,0
908699,258468,0,259038,1
908750,258488,0,259045,1
908800,258502,0,259065,0
908850,258520,0,259079,3
908901,258529,0,259095,0
908951,258551,0,259100,2
909001,258569,0,259119,1
909051,258580,0,259143,0
909101,258595,0,259153,1
909151,258611,0,259174,1
909201,258623,0,259183,0
909251,258630,0,259194,0
909302,258643,0,259210,1
909354,258652,0,259222,1
909405,258670,0,259232,1
909456,258691,0,259243,1
909508,258705,0,259255,1
909562,258723,0,259262,1
909612,258734,0,259279,0
909662,258749,0,259296,1
909713,258770,0,259308,1
909766,258783,0,259327,0
909818,258802,0,259340,1
909870,258815,0,259358,0
909922,258824,0,259371,1
909976,258836,0,259378,1
910026,258845,0,259406,1
910078,258860,0,259419,1
910132,258879,0,259425,1
910184,258894,0,259431,1
910234,258912,0,259447,0
910284,258927,0,259467,0
910336,258945,0,259485,1
910387,258960,0,259502,1
910439,258975,0,259517,0
910491,258987,0,259536,1
910541,259006,0,259538,1
910591,259018,0,259551,1
910641,259028,0,259568,1
910692,259041,0,259580,1
910742,259047,0,259605,0
910792,259062,0,259622,0
910847,259082,0,259622,1
910897,259101,0,259675,1
910951,259114,0,259684,1
911002,259129,0,259697,0
911059,259148,0,259716,1
911111,259167,0,259721,1
911162,259182,0,259734,0
911213,259191,0,259758,0
911267,259213,0,259766,1
911317,259223,0,259783,0
911367,259233,0,259806,1
911418,259243,0,259825,0
911469,259254,0,259847,1
911521,259273,0,259849,0
911571,259290,0,259862,1
911623,259306,0,259888,0
911676,259321,0,259888,1
911727,259337,0,259890,1
911777,259355,0,259900,2
911828,259370,0,259909,3
911878,259385,0,259926,1
911932,259396,0,259937,1
911982,259416,0,259941,0
912034,259425,0,259972,0
912088,259437,0,259984,1
912139,259446,0,260011,0
912189,259458,0,260029,0
912239,259478,0,260040,0
912290,259494,0,260061,1
912340,259507,0,260068,1
912390,259525,0,260083,0
912441,259543,0,260090,2
912491,259557,0,260117,0
912541,259573,0,260123,1
912593,259586,0,260142,0
912643,259601,0,260153,2
912693,259618,0,260169,0
912744,259628,0,260190,1
912797,259637,0,260201,1
912847,259649,0,260227,1
912897,259660,0,260243,1
912949,259680,0,260249,1
913000,259695,0,260264,1
913050,259708,0,260283,1
913100,259727,0,260296,1
913155,259744,0,260310,1
913205,259760,0,260326,1
913255,259778,0,260338,0
913305,259789,0,260357,1
913355,259809,0,260371,4
913409,259822,0,260393,1
913460,259830,0,260408,1
913515,259843,0,260421,1
913565,259852,0,260439,0
913616,259867,0,260444,1
913668,259886,0,260450,1
913719,259901,0,260461,1
913771,259913,0,260474,1
913823,259934,0,260487,1
913873,259950,0,260506,1
913923,259964,0,260525,1
913973,259983,0,260531,1
914025,259994,0,260546,1
914075,260013,0,260556,1
914126,260023,0,260576,0
914177,260034,0,260602,0
914227,260043,0,260621,0
914279,260053,0,260639,1
914330,260070,0,260645,1
914380,260090,0,260650,1
914432,260106,0,260669,0
914482,260120,0,260687,3
914535,260136,0,260692,1
914585,260154,0,260708,0
914639,260166,0,260738,1
914692,260185,0,260749,1
914743,260198,0,260759,1
914793,260217,0,260778,1
914843,260226,0,260795,1
914897,260236,0,260810,0
914948,260246,0,260822,0
914999,260258,0,260843,1
915051,260278,0,260858,1
915101,260294,0,260875,0
915154,260308,0,260890,1
915205,260326,0,260902,0
915255,260343,0,260913,0
915305,260359,0,260928,1
915356,260373,0,260948,1
915409,260389,0,260964,1
915460,260402,0,260971,1
915510,260422,0,260977,1
915560,260428,0,260995,1
915610,260439,0,261016,1
915660,260450,0,261037,1
915711,260461,0,261051,2
915761,260480,0,261060,1
915814,260497,0,261071,1
915864,260510,0,261078,1
915919,260527,0,261088,0
915971,260548,0,261103,1
916021,260561,0,261120,0
916071,260579,0,261125,2
916123,260590,0,261149,0
916175,260607,0,261160,1
916225,260623,0,261174,0
916276,260631,0,261190,0
916333,260643,0,261206,1
916384,260653,0,261223,1
916435,260669,0,261235,0
916485,260687,0,261243,1
916535,260705,0,261250,1
916588,260716,0,261266,1
916638,260734,0,261280,1
916688,260752,0,261294,1
916740,260765,0,261311,0
916790,260780,0,261322,1
916842,260793,0,261341,0
916892,260815,0,261350,1
916942,260823,0,261368,0
916994,260836,0,261385,1
917044,260845,0,261407,0
917094,260857,0,261419,1
917144,260870,0,261426,1
917196,260884,0,261426,1
917246,260905,0,261429,1
917296,260918,0,261449,1
917346,260937,0,261458,1
917398,260953,0,261459,0
917450,260968,0,261473,1
917501,260982,0,261480,1
917552,260996,0,261499,1
917602,261017,0,261507,1
917652,261024,0,261529,1
917703,261036,0,261584,0
917755,261047,0,261608,1
917806,261057,0,261625,0
917858,261072,0,261633,0
917909,261091,0,261644,1
917960,261106,0,261661,1
918010,261123,0,261677,1
918060,261139,0,261690,1
918118,261158,0,261701,1
918169,261174,0,261717,1
918219,261189,0,261731,0
918270,261203,0,261751,0
918321,261223,0,261767,1
918376,261229,0,261791,1
918426,261242,0,261815,0
918477,261252,0,261829,1
918529,261263,0,261846,1
918586,261280,0,261867,1
918636,261298,0,261881,0
918687,261314,0,261898,1
918737,261331,0,261903,1
918792,261345,0,261927,1
918842,261365,0,261933,1
918892,261378,0,261950,0
918942,261393,0,261969,1
918994,261413,0,261978,1
919050,261423,0,261998,0
919100,261434,0,262025,1
919150,261445,0,262041,1
919202,261457,0,262054,1
919257,261471,0,262068,1
919310,261484,0,262082,1
919360,261506,0,262095,1
919411,261522,0,262111,1
919467,261539,0,262118,1
919518,261557,0,262135,0
919570,261574,0,262143,1
919620,261590,0,262159,1
919672,261603,0,262187,1
919723,261620,0,262200,1
919773,261628,0,262274,0
919823,261642,0,262290,2
919873,261651,0,262313,0
919923,261660,0,262341,0
919973,261675,0,262354,1
920024,261693,0,262370,3
920076,261708,0,262386,1
920130,261725,0,262400,1
920180,261743,0,262423,0
920232,261760,0,262435,1
920283,261775,0,262450,1
920336,261791,0,262463,1
920387,261806,0,262472,1
920437,261823,0,262479,0
920489,261831,0,262499,0
920540,261842,0,262522,0
920590,261852,0,262537,0
920640,261867,0,262555,0
920691,261880,0,262582,1
920744,261898,0,262596,1
920794,261915,0,262610,1
920846,261932,0,262620,1
920900,261946,0,262639,1
920952,261967,0,262650,1
921003,261980,0,262669,0
921054,261994,0,262689,0
921105,262011,0,262703,1
921156,262024,0,262718,1
921206,262034,0,262738,1
921257,262045,0,262750,0
921307,262057,0,262763,0
921360,262070,0,262781,0
921411,262083,0,262802,0
921465,262104,0,262814,1
921519,262121,0,262832,0
921569,262138,0,262857,0
921619,262153,0,262867,3
921669,262173,0,262881,1
921729,262184,0,262900,1
921779,262204,0,262916,2
921840,262221,0,262930,1
921890,262231,0,262952,0
921940,262242,0,262961,1
921990,262251,0,262968,2
922040,262267,0,262986,2
922093,262279,0,263005,1
922143,262292,0,263016,1
922198,262311,0,263019,1
922249,262330,0,263025,2
922302,262346,0,263083,1
922352,262365,0,263097,2
922403,262379,0,263105,1
922455,262393,0,263117,1
922507,262409,0,263126,1
922557,262423,0,263145,0
922607,262434,0,263155,1
922657,262445,0,263183,0
922711,262454,0,263209,1
922761,262470,0,263223,0
922811,262483,0,263242,1
922861,262499,0,263249,1
922913,262519,0,263261,1
922964,262536,0,263277,1
923015,262549,0,263296,1
923065,262566,0,263309,0
923119,262583,0,263319,1
923169,262596,0,263330,1
923219,262616,0,263338,1
923270,262626,0,263354,1
923320,262637,0,263374,1
923372,262647,0,263378,1
923422,262657,0,263398,1
923472,262673,0,263411,1
923525,262686,0,263420,1
923577,262701,0,263425,1
923627,262723,0,263446,0
923678,262740,0,263459,1
923728,262753,0,263466,1
923778,262770,0,263522,1
923828,262783,0,263541,0
923879,262797,0,263554,1
923931,262820,0,263561,1
923981,262828,0,263577,0
924032,262838,0,263594,1
924083,262848,0,263607,1
924137,262860,0,263621,1
924188,262875,0,263633,1
924238,262889,0,263653,0
924290,262905,0,263664,1
924342,262926,0,263678,1
924395,262943,0,263683,1
924446,262954,0,263698,1
924497,262976,0,263705,1
924547,262988,0,263720,1
924599,263004,0,263737,1
924650,263021,0,263788,1
924701,263032,0,263803,1
924753,263043,0,263824,0
924804,263052,0,263838,0
924854,263064,0,263861,2
924904,263078,0,263918,1
924955,263093,0,263939,1
925007,263111,0,263948,1
925060,263130,0,263962,1
925116,263148,0,264021,1
925168,263163,0,264034,1
925218,263181,0,264037,0
925269,263195,0,264045,1
925319,263209,0,264056,1
925377,263225,0,264058,1
925428,263237,0,264069,0
925478,263247,0,264080,0
925530,263257,0,264099,1
925582,263273,0,264111,1
925632,263286,0,264121,0
925682,263302,0,264138,2
925735,263323,0,264150,0
925785,263341,0,264159,1
925838,263352,0,264171,1
925891,263370,0,264189,1
925942,263387,0,264203,1
925992,263401,0,264215,1
926043,263415,0,264226,1
926096,263430,0,264239,1
926148,263440,0,264259,1
926198,263449,0,264275,1
926250,263461,0,264289,1
926306,263477,0,264304,1
926358,263491,0,264308,1
926409,263510,0,264317,2
926460,263529,0,264320,1
926510,263547,0,264333,1
926561,263560,0,264359,1
926615,263577,0,264371,1
926665,263591,0,264393,1
926715,263608,0,264409,1
926765,263621,0,264449,3
926816,263634,0,264485,1
926866,263644,0,264506,1
926918,263654,0,264522,0
926968,263666,0,264547,1
927018,263682,0,264561,1
927068,263694,0,264581,1
927120,263714,0,264590,1
927170,263733,0,264593,1
927221,263748,0,264598,1
927271,263763,0,264617,1
927321,263780,0,264625,2
927372,263792,0,264648,1
927424,263809,0,264670,0
927476,263824,0,264684,0
927527,263836,0,264700,1
927577,263846,0,264718,1
927629,263855,0,264734,0
927679,263869,0,264744,0
927730,263883,0,264764,1
927780,263898,0,264783,0
927835,263917,0,264788,1
927885,263937,0,264840,1
927935,263951,0,264856,0
927992,263968,0,264870,1
928042,263985,0,264896,0
928093,264000,0,264914,0
928144,264013,0,264927,1
928194,264028,0,264940,1
928245,264036,0,264956,1
928295,264048,0,264975,0
928345,264058,0,264998,1
928395,264072,0,265011,1
928447,264088,0,265021,1
928500,264100,0,265034,1
928551,264122,0,265040,1
928603,264141,0,265044,1
928654,264155,0,265071,1
928704,264172,0,265090,1
928754,264188,0,265107,1
928807,264203,0,265128,1
928858,264216,0,265145,1
928909,264231,0,265158,0
928959,264241,0,265171,1
929011,264251,0,265195,1
929061,264262,0,265210,1
929111,264277,0,265224,1
929162,264290,0,265233,0
929213,264304,0,265244,0
929263,264327,0,265254,1
929313,264344,0,265265,1
929364,264358,0,265288,1
929415,264376,0,265297,0
929465,264389,0,265312,0
929516,264405,0,265329,1
929566,264417,0,265343,1
929617,264431,0,265360,0
929668,264442,0,265391,1
929722,264454,0,265421,0
929772,264465,0,265434,1
929827,264482,0,265443,0
929878,264495,0,265464,1
929928,264507,0,265485,0
929980,264531,0,265493,0
930031,264548,0,265510,1
930084,264562,0,265527,1
930138,264581,0,265535,0
930188,264596,0,265556,2
930238,264610,0,265569,0
930289,264624,0,265587,1
930341,264634,0,265603,0
930391,264647,0,265617,1
930441,264657,0,265640,1
930492,264671,0,265649,1
930542,264684,0,265662,0
930596,264698,0,265680,0
930646,264712,0,265696,1
930701,264735,0,265697,1
930753,264751,0,265711,0
930804,264771,0,265720,3
930858,264785,0,265730,1
930910,264803,0,265734,1
930962,264815,0,265754,1
931013,264830,0,265768,0
931064,264841,0,265785,1
931114,264851,0,265806,2
931165,264860,0,265829,1
931215,264876,0,265850,0
931265,264890,0,265855,1
931315,264903,0,265866,2
931366,264919,0,265876,1
931417,264940,0,265880,1
931467,264956,0,265897,1
931518,264973,0,265903,1
931569,264989,0,265916,1
931619,265005,0,265928,0
931671,265016,0,265943,1
931721,265033,0,265956,1
931771,265042,0,265977,1
931821,265053,0,266002,1
931878,265062,0,266026,1
931929,265078,0,266047,0
931979,265094,0,266060,0
932029,265107,0,266073,2
932082,265125,0,266087,1
932134,265148,0,266097,2
932184,265160,0,266107,1
932234,265178,0,266122,0
932284,265191,0,266135,1
932335,265210,0,266146,1
932388,265220,0,266171,1
932442,265234,0,266181,0
932496,265247,0,266195,0
932547,265257,0,266215,0
932597,265269,0,266230,1
932648,265284,0,266247,1
932699,265298,0,266267,0
932749,265312,0,266282,4
932799,265330,0,266293,1
932849,265350,0,266297,1
932899,265366,0,266310,1
932950,265381,0,266327,0
933003,265396,0,266351,1
933057,265413,0,266359,1
933107,265425,0,266376,1
933159,265435,0,266395,1
933209,265449,0,266413,1
933259,265458,0,266418,1
933310,265474,0,266432,1
933363,265487,0,266452,1
933413,265500,0,266470,1
933463,265514,0,266529,1
933514,265534,0,266538,1
933568,265555,0,266552,1
933621,265570,0,266570,1
933673,265587,0,266579,1
933726,265603,0,266590,1
933777,265616,0,266601,0
933827,265633,0,266613,0
933880,265642,0,266647,1
933931,265654,0,266669,1
933983,265662,0,266685,0
934034,265679,0,266699,1
934084,265694,0,266707,1
934134,265704,0,266720,1
934188,265723,0,266728,1
934238,265743,0,266736,1
934288,265760,0,266742,0
934340,265778,0,266753,1
934391,265790,0,266774,0
934442,265805,0,266775,1
934492,265819,0,266794,0
934543,265834,0,266801,0
934594,265847,0,266813,1
934644,265855,0,266836,0
934699,265864,0,266851,1
934756,265883,0,266859,1
934809,265898,0,266867,0
934859,265911,0,266888,3
934909,265930,0,266892,2
934959,265950,0,266908,1
935012,265967,0,266921,1
935064,265984,0,266932,0
935114,265996,0,266947,1
935165,266013,0,266956,2
935215,266025,0,266981,0
935265,266037,0,266997,1
935315,266049,0,267006,0
935365,266058,0,267013,1
935415,266071,0,267032,2
935467,266087,0,267043,1
935518,266100,0,267058,0
935569,266112,0,267067,1
935621,266133,0,267068,1
935672,266153,0,267075,1
935728,266168,0,267090,1
935778,266188,0,267098,1
935829,266202,0,267118,1
935879,266217,0,267132,1
935929,266228,0,267143,1
935979,266240,0,267158,0
936030,266251,0,267184,1
936080,266258,0,267203,0
936130,266277,0,267206,1
936180,266288,0,267225,1
936230,266303,0,267246,3
936280,266314,0,267266,1
936332,266338,0,267277,1
936386,266356,0,267293,1
936437,266372,0,267314,1
936488,266390,0,267329,1
936539,266403,0,267348,0
936589,266418,0,267371,0
936640,266430,0,267381,1
936690,266443,0,267397,1
936743,266455,0,267406,1
936796,266461,0,267437,0
936848,266474,0,267441,2
936903,266493,0,267441,1
936953,266507,0,267457,1
937003,266522,0,267474,0
937055,266542,0,267484,1
937105,266564,0,267494,1
937159,266577,0,267508,1
937213,266594,0,267564,1
937264,266609,0,267572,1
937314,266624,0,267589,3
937364,266635,0,267604,1
937414,266649,0,267616,2
937471,266658,0,267636,1
937521,266666,0,267656,1
937579,266681,0,267670,1
937629,266700,0,267681,0
937682,266714,0,267699,1
937732,266733,0,267720,1
937782,266754,0,267730,1
937832,266768,0,267747,1
937883,266788,0,267758,1
937934,266801,0,267776,1
937987,266818,0,267794,1
938037,266828,0,267811,0
938088,266840,0,267827,1
938138,266852,0,267847,0
938188,266858,0,267865,0
938238,266870,0,267881,0
938288,266886,0,267893,3
938338,266903,0,267907,0
938391,266915,0,267928,1
938442,266934,0,267937,0
938493,266958,0,267942,1
938545,266971,0,267956,1
938597,266989,0,267970,1
938648,267004,0,267976,1
938698,267019,0,268003,0
938748,267032,0,268017,2
938801,267044,0,268032,1
938852,267055,0,268054,0
938903,267062,0,268082,0
938958,267075,0,268104,1
939009,267093,0,268111,1
939062,267107,0,268127,1
939112,267124,0,268139,1
939162,267141,0,268156,0
939212,267160,0,268157,1
939263,267177,0,268178,1
939313,267193,0,268180,0
939365,267205,0,268197,1
939415,267220,0,268200,0
939465,267235,0,268208,1
939516,267248,0,268225,1
939568,267256,0,268246,1
939619,267264,0,268260,1
939669,267278,0,268277,1
939720,267296,0,268289,4
939771,267308,0,268307,1
939821,267328,0,268314,5
939871,267342,0,268376,1
939921,267363,0,268378,2
939973,267379,0,268390,0
940024,267395,0,268398,1
940076,267406,0,268417,0
940126,267424,0,268434,1
940176,267438,0,268456,1
940226,267449,0,268471,1
940277,267458,0,268488,1
940328,267466,0,268508,1
940379,267480,0,268519,0
940430,267493,0,268533,1
940485,267510,0,268550,1
940536,267531,0,268562,1
940587,267547,0,268578,1
940640,267568,0,268589,1
940694,267585,0,268596,1
940744,267599,0,268614,1
940795,267614,0,268633,1
940845,267627,0,268658,1
940896,267640,0,268670,1
940952,267653,0,268681,1
941003,267659,0,268708,0
941055,267671,0,268715,1
941110,267686,0,268725,1
941161,267706,0,268728,1
941211,267718,0,268742,2
941263,267741,0,268749,1
941313,267756,0,268770,0
941363,267775,0,268789,1
941415,267790,0,268805,1
941468,267805,0,268818,1
941519,267820,0,268830,0
941569,267834,0,268839,0
941619,267847,0,268856,0
941669,267855,0,268873,0
941720,267862,0,268890,0
941770,267876,0,268907,1
941822,267888,0,268929,0
941872,267907,0,268933,1
941923,267921,0,268944,1
941973,267941,0,268948,1
942023,267958,0,268964,1
942074,267973,0,268966,1
942124,267994,0,268978,2
942175,268006,0,268992,0
942225,268021,0,269009,1
942277,268035,0,269027,1
942328,268049,0,269045,1
942378,268057,0,269072,0
942428,268065,0,269090,0
942479,268080,0,269101,0
942530,268090,0,269117,1
942580,268108,0,269125,1
942630,268122,0,269137,1
942686,268142,0,269146,1
942736,268162,0,269155,0
942786,268180,0,269161,1
942838,268196,0,269192,0
942888,268206,0,269216,0
942940,268225,0,269226,1
942990,268239,0,269230,1
943041,268250,0,269251,1
943093,268258,0,269267,0
943143,268266,0,269284,0
943193,268281,0,269294,0
943243,268294,0,269311,2
943293,268311,0,269319,1
943354,268328,0,269329,1
943404,268350,0,269335,0
943456,268369,0,269348,1
943510,268386,0,269364,1
943560,268403,0,269376,2
943612,268414,0,269389,1
943662,268427,0,269414,0
943712,268445,0,269426,0
943762,268454,0,269448,1
943812,268459,0,269470,0
943864,268470,0,269480,1
943914,268485,0,269504,1
943964,268499,0,269512,1
944014,268517,0,269518,2
944066,268531,0,269528,1
944118,268553,0,269537,1
944174,268570,0,269547,1
944226,268590,0,269556,1
944276,268605,0,269568,0
944327,268620,0,269580,0
944377,268632,0,269595,1
944427,268649,0,269606,1
944478,268656,0,269622,1
944528,268661,0,269647,1
944580,268673,0,269660,1
944630,268689,0,269685,0
944680,268706,0,269700,1
944734,268722,0,269705,1
944788,268738,0,269717,1
944844,268761,0,269725,1
944897,268775,0,269734,1
944947,268797,0,269740,0
944998,268807,0,269759,1
945048,268825,0,269767,1
945101,268839,0,269786,1
945152,268851,0,269804,1
945203,268858,0,269815,0
945253,268866,0,269841,0
945303,268882,0,269855,0
945354,268894,0,269873,1
945405,268911,0,269886,1
945455,268927,0,269906,2
945509,268945,0,269913,1
945559,268968,0,269967,1
945609,268980,0,269981,1
945659,268999,0,269994,1
945711,269011,0,270010,1
945764,269028,0,270019,1
945814,269044,0,270034,1
945864,269053,0,270049,0
945914,269059,0,270065,0
945964,269069,0,270089,1
946014,269084,0,270109,1
946064,269098,0,270119,1
946114,269115,0,270136,1
946164,269130,0,270160,1
946214,269146,0,270177,0
946264,269168,0,270188,1
946315,269180,0,270202,0
946366,269199,0,270204,1
946416,269213,0,270224,3
946466,269228,0,270241,0
946517,269244,0,270258,0
946567,269254,0,270271,1
946618,269259,0,270287,0
946668,269270,0,270312,2
946719,269285,0,270333,0
946772,269299,0,270347,1
946822,269317,0,270358,1
946878,269332,0,270366,1
946934,269349,0,270368,1
946988,269371,0,270380,1
947038,269385,0,270381,3
947088,269403,0,270384,1
947138,269421,0,270395,1
947193,269434,0,270412,1
947243,269449,0,270423,0
947296,269458,0,270446,1
947346,269465,0,270458,1
947404,269477,0,270463,1
947454,269492,0,270482,1
947507,269510,0,270484,1
947560,269526,0,270497,1
947610,269544,0,270508,1
947664,269561,0,270517,1
947714,269577,0,270532,0
947766,269594,0,270544,1
947816,269610,0,270556,1
947866,269628,0,270559,1
947918,269639,0,270579,1
947969,269654,0,270591,1
948021,269659,0,270615,0
948071,269669,0,270629,1
948121,269685,0,270653,0
948180,269696,0,270667,1
948230,269717,0,270675,1
948280,269732,0,270675,1
948331,269746,0,270691,1
948386,269767,0,270697,1
948438,269782,0,270717,0
948492,269800,0,270732,1
948543,269818,0,270736,2
948600,269834,0,270748,1
948652,269850,0,270761,0
948704,269858,0,270780,0
948754,269866,0,270804,1
948807,269877,0,270817,1
948857,269892,0,270827,1
948907,269905,0,270840,1
948957,269924,0,270856,1
949007,269940,0,270870,1
949057,269954,0,270880,1
949119,269974,0,270891,1
949171,269994,0,270901,1
949221,270009,0,270916,1
949272,270028,0,270932,0
949323,270039,0,270948,0
949373,270054,0,270974,0
949423,270059,0,270995,0
949473,270069,0,271012,1
949526,270083,0,271032,1
949586,270096,0,271043,1
949636,270114,0,271051,1
949686,270133,0,271054,1
949738,270146,0,271070,1
949792,270166,0,271079,1
949842,270183,0,271091,2
949895,270200,0,271101,1
949945,270214,0,271110,0
949995,270233,0,271122,0
950045,270249,0,271137,1
950097,270258,0,271152,1
950148,270262,0,271184,1
950200,270275,0,271196,1
950250,270289,0,271218,1
950300,270301,0,271241,1
950350,270317,0,271259,1
950401,270336,0,271275,1
950452,270352,0,271299,1
950504,270371,0,271311,1
950556,270385,0,271321,1
950614,270403,0,271329,1
950665,270424,0,271343,2
950717,270437,0,271362,0
950768,270451,0,271377,0
950819,270459,0,271401,0
950870,270465,0,271412,1
950922,270482,0,271419,1
950973,270493,0,271431,1
951024,270508,0,271445,0
951076,270528,0,271456,1
951127,270545,0,271465,1
951177,270560,0,271473,1
951228,270576,0,271491,0
951278,270589,0,271498,2
951328,270606,0,271508,1
951378,270629,0,271514,2
951438,270640,0,271530,1
951489,270655,0,271540,0
951539,270660,0,271568,0
951589,270672,0,271587,1
951639,270685,0,271603,1
951689,270695,0,271628,0
951739,270710,0,271642,1
951789,270733,0,271655,1
951839,270745,0,271668,0
951889,270764,0,271676,2
951941,270780,0,271689,1
951991,270795,0,271700,2
952041,270811,0,271718,2
952091,270832,0,271732,1
952143,270841,0,271754,1
952194,270856,0,271770,1
952248,270861,0,271800,0
952301,270874,0,271821,1
952351,270887,0,271838,0
952403,270898,0,271858,1
952454,270916,0,271868,1
952508,270937,0,271886,1
952558,270950,0,271905,2
952609,270968,0,271917,1
952659,270983,0,271934,0
952709,271000,0,271941,2
952760,271018,0,271969,1
952810,271034,0,271973,1
952862,271049,0,271981,1
952913,271059,0,272004,1
952969,271064,0,272021,1
953022,271080,0,272038,1
953075,271092,0,272056,0
953125,271107,0,272073,1
953175,271127,0,272087,3
953227,271143,0,272097,1
953279,271160,0,272113,1
953331,271175,0,272123,1
953386,271189,0,272136,1
953436,271207,0,272144,0
953488,271225,0,272204,0
953542,271240,0,272223,1
953592,271255,0,272236,0
953643,271260,0,272263,1
953693,271272,0,272281,1
953743,271286,0,272296,2
953794,271295,0,272316,0
953844,271312,0,272321,1
953894,271332,0,272341,1
953945,271345,0,272353,1
953997,271362,0,272376,1
954048,271380,0,272388,1
954099,271394,0,272405,1
954149,271412,0,272413,1
954199,271428,0,272423,2
954250,271442,0,272435,1
954304,271458,0,272447,1
954357,271462,0,272469,0
954407,271475,0,272480,1
954457,271487,0,272499,0
954508,271498,0,272512,1
954559,271513,0,272524,1
954613,271537,0,272524,1
954663,271551,0,272534,1
954715,271568,0,272541,1
954765,271583,0,272557,1
954815,271599,0,272577,0
954867,271618,0,272590,1
954917,271634,0,272596,1
954969,271648,0,272611,0
955020,271659,0,272638,0
955071,271663,0,272710,0
955121,271678,0,272723,0
955173,271689,0,272737,1
955224,271705,0,272759,1
955274,271720,0,272773,1
955324,271740,0,272774,1
955376,271752,0,272785,1
955426,271773,0,272794,2
955477,271785,0,272805,0
955527,271801,0,272820,1
955579,271821,0,272828,0
955634,271839,0,272835,1
955686,271850,0,272846,1
955737,271859,0,272866,0
955794,271867,0,272882,1
955845,271886,0,272890,1
955897,271895,0,272909,0
955947,271910,0,272923,0
955997,271926,0,272937,1
956049,271944,0,272948,0
956099,271961,0,272956,1
956152,271977,0,272961,1
956204,271993,0,272978,1
956257,272009,0,272988,1
956307,272026,0,273001,0
956358,272043,0,273018,1
956408,272058,0,273031,0
956463,272063,0,273055,1
956516,272072,0,273069,1
956567,272087,0,273078,0
956618,272099,0,273098,1
956668,272113,0,273108,0
956724,272133,0,273119,1
956776,272149,0,273129,1
956831,272169,0,273133,1
956881,272185,0,273143,0
956932,272199,0,273159,0
956986,272220,0,273165,2
957043,272236,0,273176,1
957100,272253,0,273189,1
957150,272260,0,273200,1
957203,272269,0,273215,1
957254,272286,0,273228,0
957309,272297,0,273249,1
957360,272311,0,273263,0
957411,272331,0,273264,1
957462,272345,0,273275,1
957512,272364,0,273292,1
957563,272378,0,273308,1
957613,272396,0,273318,0
957669,272410,0,273332,1
957722,272430,0,273336,1
957773,272446,0,273345,1
957823,272456,0,273368,0
957873,272463,0,273390,0
957925,272473,0,273406,1
957980,272488,0,273416,1
958034,272504,0,273428,0
958089,272517,0,273444,1
958139,272533,0,273444,2
958191,272553,0,273456,1
958241,272569,0,273466,0
958291,272589,0,273484,0
958344,272602,0,273497,1
958396,272623,0,273515,1
958446,272636,0,273537,0
958498,272651,0,273551,1
958548,272659,0,273568,0
958599,272667,0,273582,1
958650,272684,0,273597,1
958700,272695,0,273611,0
958752,272709,0,273629,1
958804,272720,0,273646,0
958855,272740,0,273651,1
958906,272757,0,273661,1
958957,272775,0,273675,1
959008,272791,0,273679,1
959058,272804,0,273691,1
959110,272825,0,273692,1
959163,272843,0,273701,1
959215,272856,0,273715,1
959265,272863,0,273738,1
959315,272871,0,273761,0
959368,272887,0,273775,0
959419,272898,0,273792,0
959470,272913,0,273804,0
959520,272923,0,273822,0
959570,272943,0,273833,1
959621,272961,0,273834,1
959671,272977,0,273848,1
959721,272992,0,273853,1
959771,273009,0,273863,1
959821,273029,0,273873,2
959872,273045,0,273888,1
959922,273056,0,273909,0
959972,273063,0,273934,0
960024,273072,0,273958,1
960074,273087,0,273963,0
960124,273100,0,273973,1
960174,273113,0,273992,0
960224,273124,0,274005,1
960275,273142,0,274013,1
960328,273161,0,274026,1
960379,273178,0,274042,1
960429,273195,0,274054,3
960482,273209,0,274075,1
960533,273230,0,274079,0
960583,273245,0,274090,1
960633,273257,0,274106,1
960683,273263,0,274129,0
960739,273274,0,274144,1
960789,273289,0,274153,1
960839,273304,0,274163,1
960896,273317,0,274177,1
960946,273330,0,274186,1
961002,273350,0,274186,1
961055,273370,0,274202,0
961108,273385,0,274221,1
961158,273403,0,274229,1
961212,273419,0,274244,1
961262,273440,0,274245,1
961312,273454,0,274258,1
961362,273461,0,274284,1
961412,273468,0,274306,0
961462,273481,0,274314,1
961513,273496,0,274335,1
961568,273509,0,274353,1
961618,273521,0,274378,1
961668,273535,0,274438,2
961718,273555,0,274446,1
961771,273575,0,274448,1
961822,273591,0,274454,1
961872,273605,0,274466,0
961924,273622,0,274477,1
961975,273641,0,274487,0
962027,273656,0,274497,0
962078,273663,0,274519,0
962131,273672,0,274543,1
962182,273687,0,274608,1
962232,273701,0,274621,1
962282,273715,0,274636,0
962332,273724,0,274654,1
962382,273741,0,274661,1
962432,273757,0,274680,1
962483,273778,0,274694,0
962542,273793,0,274711,1
962592,273810,0,274729,1
962642,273829,0,274747,1
962692,273846,0,274752,2
962747,273859,0,274769,1
962797,273864,0,274798,1
962848,273876,0,274812,1
962898,273890,0,274816,1
962948,273905,0,274830,0
962998,273917,0,274845,1
963048,273928,0,274858,1
963098,273949,0,274875,0
963148,273962,0,274897,1
963198,273982,0,274915,1
963248,273994,0,274926,1
963299,274011,0,274935,1
963349,274029,0,274950,0
963401,274046,0,274963,0
963451,274059,0,274973,0
963501,274065,0,274992,2
963552,274077,0,275018,1
963605,274090,0,275039,1
963655,274107,0,275051,1
963705,274118,0,275068,1
963755,274128,0,275090,1
963805,274147,0,275099,1
963855,274163,0,275111,1
963909,274183,0,275113,1
963959,274198,0,275130,4
964015,274213,0,275130,1
964065,274231,0,275139,1
964123,274252,0,275145,1
964174,274262,0,275160,0
964229,274269,0,275180,1
964280,274285,0,275188,1
964331,274296,0,275209,1
964382,274311,0,275225,1
964434,274323,0,275242,1
964485,274338,0,275251,1
964536,274355,0,275259,1
964588,274376,0,275275,1
964638,274392,0,275287,0
964689,274404,0,275304,1
964739,274423,0,275311,1
964789,274442,0,275317,3
964839,274456,0,275338,0
964889,274463,0,275358,0
964939,274473,0,275381,0
964989,274486,0,275391,1
965039,274501,0,275409,1
965094,274515,0,275423,1
965146,274525,0,275445,0
965197,274543,0,275452,2
965247,274560,0,275465,1
965300,274576,0,275471,1
965351,274593,0,275478,1
965404,274608,0,275490,1
965454,274628,0,275497,1
965505,274646,0,275515,0
965559,274659,0,275533,1
965610,274665,0,275558,0
965662,274677,0,275575,0
965712,274691,0,275587,2
965762,274706,0,275596,1
965812,274719,0,275612,1
965863,274728,0,275632,1
965914,274745,0,275636,3
965964,274765,0,275645,1
966015,274782,0,275658,1
966065,274797,0,275668,2
966115,274812,0,275683,1
966165,274830,0,275701,1
966215,274849,0,275704,1
966265,274861,0,275711,2
966317,274867,0,275736,0
966370,274877,0,275755,0
966420,274894,0,275760,2
966470,274908,0,275780,0
966520,274919,0,275791,0
966572,274929,0,275804,1
966623,274949,0,275812,1
966675,274967,0,275823,1
966726,274984,0,275841,1
966776,275000,0,275849,2
966826,275014,0,275863,2
966885,275031,0,275873,1
966939,275054,0,275887,1
966989,275063,0,275907,0
967039,275069,0,275937,0
967092,275080,0,275947,1
967143,275098,0,275951,2
967196,275113,0,275971,1
967246,275125,0,275987,1
967296,275134,0,276006,1
967346,275156,0,276017,1
967396,275174,0,276027,2
967446,275187,0,276047,1
967498,275205,0,276059,1
967551,275223,0,276075,1
967604,275241,0,276086,1
967654,275256,0,276094,1
967707,275264,0,276108,1
967758,275272,0,276131,1
967810,275284,0,276149,1
967861,275303,0,276157,1
967911,275317,0,276172,0
967965,275326,0,276193,1
968016,275341,0,276209,1
968066,275362,0,276221,0
968118,275380,0,276287,1
968171,275396,0,276302,1
968221,275412,0,276319,0
968275,275425,0,276332,1
968325,275444,0,276332,2
968376,275461,0,276344,1
968427,275468,0,276368,0
968478,275477,0,276381,0
968530,275492,0,276398,1
968583,275504,0,276405,1
968633,275521,0,276408,1
968684,275529,0,276433,0
968735,275550,0,276440,2
968786,275568,0,276444,1
968839,275585,0,276456,0
968893,275602,0,276465,1
968943,275619,0,276476,3
968993,275632,0,276493,2
969043,275650,0,276505,3
969093,275663,0,276527,0
969145,275670,0,276547,1
969196,275679,0,276570,0
969247,275696,0,276581,1
969301,275711,0,276598,1
969355,275723,0,276627,1
969405,275735,0,276647,1
969455,275754,0,276659,0
969507,275775,0,276665,1
969557,275790,0,276691,1
969610,275805,0,276707,0
969662,275817,0,276708,1
969713,275836,0,276708,1
969765,275857,0,276713,1
969815,275865,0,276734,1
969865,275872,0,276750,0
969916,275884,0,276773,1
969969,275901,0,276784,1
970019,275915,0,276788,1
970071,275927,0,276813,1
970123,275938,0,276825,1
970173,275957,0,276825,2
970224,275978,0,276825,1
970274,275995,0,276842,1
970324,276009,0,276849,1
970376,276022,0,276865,1
970427,276040,0,276875,1
970483,276058,0,276883,1
970533,276068,0,276903,1
970584,276077,0,276926,1
970636,276089,0,276936,1
970686,276103,0,276946,0
970736,276121,0,276960,1
970786,276129,0,276989,1
970837,276144,0,276997,1
970889,276162,0,277002,1
970942,276183,0,277010,1
970993,276201,0,277028,0
971043,276212,0,277054,1
971096,276225,0,277068,1
971146,276247,0,277069,1
971197,276263,0,277089,0
971248,276270,0,277111,1
971299,276279,0,277126,0
971349,276292,0,277148,0
971400,276306,0,277156,1
971455,276322,0,277168,0
971507,276331,0,277191,1
971559,276350,0,277206,0
971611,276372,0,277221,1
971663,276390,0,277233,1
971713,276405,0,277249,0
971763,276417,0,277266,1
971817,276428,0,277282,1
971868,276451,0,277282,1
971918,276465,0,277306,0
971970,276472,0,277321,0
972023,276484,0,277346,1
972073,276500,0,277359,1
972124,276515,0,277371,1
972183,276527,0,277393,1
972236,276540,0,277415,1
972287,276558,0,277429,1
972341,276580,0,277435,1
972394,276601,0,277444,1
972445,276612,0,277457,1
972497,276625,0,277474,1
972551,276642,0,277494,1
972601,276662,0,277498,1
972654,276670,0,277518,1
972706,276680,0,277539,1
972757,276693,0,277550,0
972809,276707,0,277569,0
972860,276723,0,277590,1
972910,276732,0,277621,2
972960,276750,0,277635,1
973011,276766,0,277638,1
973064,276786,0,277695,1
973117,276806,0,277706,1
973168,276818,0,277719,1
973219,276827,0,277739,1
973271,276850,0,277750,1
973321,276865,0,277772,1
973373,276873,0,277792,1
973425,276884,0,277823,1
973475,276899,0,277835,1
973526,276915,0,277855,1
973576,276926,0,277867,0
973626,276937,0,277892,0
973676,276953,0,277907,0
973726,276972,0,277915,1
973777,276989,0,277975,1
973829,277007,0,277980,1
973881,277019,0,277990,1
973932,277033,0,278006,1
973983,277056,0,278009,1
974036,277066,0,278029,0
974086,277076,0,278046,1
974143,277086,0,278054,1
974193,277104,0,278063,0
974243,277121,0,278077,1
974294,277129,0,278104,0
974344,277140,0,278119,0
974398,277158,0,278131,1
974450,277178,0,278131,1
974500,277196,0,278135,1
974552,277213,0,278143,1
974602,277225,0,278159,1
974652,277239,0,278178,1
974703,277261,0,278187,1
974753,277269,0,278214,0
974803,277279,0,278233,0
974854,277287,0,278249,1
974906,277305,0,278253,1
974956,277322,0,278260,1
975006,277330,0,278287,1
975062,277344,0,278347,1
975113,277362,0,278357,1
975164,277381,0,278374,1
975217,277396,0,278381,1
975267,277417,0,278386,1
975317,277426,0,278404,0
975368,277444,0,278421,1
975423,277464,0,278427,1
975476,277472,0,278454,0
975526,277482,0,278479,0
975577,277493,0,278499,1
975628,277510,0,278513,0
975680,277525,0,278525,1
975734,277537,0,278536,1
975784,277554,0,278556,2
975835,277570,0,278574,1
975885,277590,0,278584,2
975935,277603,0,278599,1
975986,277620,0,278621,1
976036,277632,0,278640,0
976086,277646,0,278645,1
976137,277666,0,278649,0
976189,277675,0,278669,1
976241,277685,0,278691,0
976293,277699,0,278703,1
976343,277713,0,278725,1
976394,277729,0,278742,1
976449,277741,0,278767,1
976501,277758,0,278825,1
976551,277774,0,278839,1
976602,277794,0,278847,0
976652,277807,0,278858,1
976702,277823,0,278865,0
976752,277838,0,278874,0
976803,277849,0,278896,1
976855,277868,0,278906,1
976905,277879,0,278919,1
976955,277887,0,278930,1
977005,277900,0,278940,1
977055,277919,0,278951,1
977105,277929,0,278971,0
977155,277941,0,278989,0
977206,277958,0,278999,1
977256,277976,0,279008,1
977306,277994,0,279025,0
977360,278008,0,279035,1
977410,278025,0,279050,0
977460,278039,0,279083,1
977511,278051,0,279097,1
977561,278069,0,279103,1
977614,278080,0,279120,1
977664,278087,0,279137,0
977715,278104,0,279143,1
977766,278121,0,279153,1
977819,278132,0,279170,1
977870,278145,0,279182,1
977921,278163,0,279200,1
977972,278181,0,279205,1
978022,278195,0,279216,0
978073,278213,0,279223,1
978128,278226,0,279235,1
978179,278244,0,279241,1
978234,278257,0,279253,1
978285,278273,0,279267,0
978337,278282,0,279281,0
978387,278292,0,279300,2
978437,278312,0,279300,1
978487,278324,0,279324,0
978537,278335,0,279343,1
978588,278350,0,279354,1
978638,278366,0,279367,1
978689,278387,0,279378,1
978740,278398,0,279402,1
978791,278418,0,279417,0
978843,278431,0,279426,1
978893,278447,0,279435,1
978943,278462,0,279460,0
979001,278475,0,279476,1
979052,278485,0,279493,0
979102,278496,0,279510,1
979153,278515,0,279528,1
979203,278529,0,279541,2
979254,278540,0,279563,0
979305,278556,0,279577,1
979355,278573,0,279587,0
979406,278594,0,279605,0
979456,278603,0,279615,1
979507,278622,0,279624,0
979557,278635,0,279642,0
979607,278648,0,279659,1
979657,278666,0,279673,0
979708,278676,0,279689,0
979759,278687,0,279710,1
979810,278698,0,279730,1
979861,278716,0,279736,1
979911,278730,0,279758,0
979961,278741,0,279770,1
980013,278758,0,279787,0
980069,278774,0,279801,1
980121,278795,0,279804,3
980171,278808,0,279824,0
980221,278825,0,279831,1
980275,278839,0,279845,1
980326,278852,0,279849,1
980376,278872,0,279861,0
980428,278881,0,279868,1
980478,278889,0,279884,0
980528,278902,0,279886,1
980579,278922,0,279895,1
980630,278932,0,279921,0
980681,278945,0,279987,0
980731,278963,0,279994,1
980784,278978,0,280008,1
980835,278995,0,280020,0
980888,279013,0,280042,0
980939,279026,0,280067,0
980990,279043,0,280080,0
981040,279057,0,280092,1
981093,279073,0,280108,0
981147,279082,0,280124,0
981197,279092,0,280150,2
981249,279111,0,280153,1
981309,279126,0,280161,1
981361,279141,0,280178,1
981411,279154,0,280191,0
981461,279171,0,280205,1
981511,279188,0,280212,1
981562,279201,0,280225,1
981612,279218,0,280240,1
981662,279235,0,280250,1
981713,279247,0,280267,1
981763,279265,0,280283,0
981821,279276,0,280301,1
981876,279286,0,280323,1
981927,279298,0,280338,1
981978,279317,0,280346,1
982028,279332,0,280366,1
982078,279344,0,280387,1
982130,279361,0,280410,1
982181,279374,0,280424,1
982231,279391,0,280433,1
982281,279405,0,280439,1
982332,279426,0,280447,1
982382,279437,0,280463,1
982438,279453,0,280481,1
982490,279473,0,280490,1
982540,279482,0,280511,1
982591,279489,0,280526,1
982646,279502,0,280536,1
982698,279524,0,280539,0
982748,279536,0,280556,0
982798,279547,0,280567,1
982856,279566,0,280623,1
982907,279581,0,280631,1
982957,279599,0,280650,0
983008,279616,0,280660,1
983058,279630,0,280677,1
983108,279646,0,280690,0
983159,279662,0,280694,1
983210,279675,0,280712,1
983260,279683,0,280775,1
983310,279693,0,280793,0
983360,279710,0,280801,5
983410,279725,0,280812,0
983465,279738,0,280827,0
983516,279755,0,280842,0
983567,279769,0,280855,1
983618,279785,0,280870,2
983669,279801,0,280886,1
983721,279819,0,280899,0
983771,279835,0,280907,0
983823,279847,0,280918,1
983873,279866,0,280925,1
983924,279876,0,280959,1
983978,279886,0,280972,1
984030,279895,0,280991,1
984082,279915,0,281014,1
984135,279931,0,281021,1
984189,279943,0,281040,1
984240,279964,0,281054,1
984291,279976,0,281069,0
984341,279992,0,281081,0
984391,280006,0,281094,0
984442,280026,0,281110,0
984499,280040,0,281129,1
984549,280054,0,281143,1
984601,280072,0,281147,1
984653,280079,0,281168,1
984708,280089,0,281190,1
984759,280104,0,281206,2
984809,280121,0,281210,1
984861,280138,0,281231,1
984916,280152,0,281248,1
984967,280168,0,281260,1
985017,280183,0,281271,0
985068,280200,0,281284,0
985118,280218,0,281297,3
985168,280230,0,281311,0
985218,280246,0,281325,0
985269,280262,0,281336,2
985321,280275,0,281346,0
985371,280284,0,281369,1
985421,280294,0,281385,1
985471,280310,0,281398,3
985522,280323,0,281417,1
985573,280340,0,281444,1
985626,280355,0,281454,1
985676,280370,0,281466,0
985726,280386,0,281480,1
985777,280403,0,281501,0
985832,280419,0,281510,1
985882,280432,0,281522,1
985932,280446,0,281536,0
985982,280467,0,281542,1
986032,280476,0,281553,0
986084,280485,0,281566,1
986134,280495,0,281583,0
986184,280514,0,281601,1
986235,280530,0,281617,0
986289,280542,0,281625,0
986339,280558,0,281633,2
986389,280572,0,281651,0
986440,280589,0,281664,1
986493,280603,0,281680,0
986543,280623,0,281689,1
986594,280638,0,281706,1
986645,280649,0,281724,1
986698,280669,0,281734,1
986749,280678,0,281758,1
986801,280688,0,281779,1
986853,280701,0,281788,1
986903,280718,0,281805,1
986953,280733,0,281814,0
987003,280743,0,281834,0
987053,280762,0,281847,1
987107,280776,0,281854,1
987157,280794,0,281867,0
987207,280806,0,281874,1
987258,280826,0,281875,1
987308,280840,0,281891,1
987358,280854,0,281905,1
987409,280873,0,281924,1
987459,280879,0,281940,1
987511,280888,0,281958,0
987562,280902,0,281977,0
987613,280920,0,281990,1
987666,280935,0,282009,1
987717,280947,0,282030,1
987767,280966,0,282037,2
987818,280981,0,282055,1
987868,280996,0,282070,1
987918,281011,0,282085,1
987971,281030,0,282098,1
988022,281046,0,282112,1
988072,281058,0,282126,1
988124,281074,0,282132,0
988176,281082,0,282150,1
988228,281092,0,282174,1
988279,281109,0,282185,1
988331,281124,0,282208,1
988381,281138,0,282222,1
988432,281151,0,282242,1
988482,281170,0,282245,2
988532,281184,0,282259,0
988583,281200,0,282266,1
988634,281214,0,282283,1
988684,281231,0,282290,0
988736,281246,0,282312,0
988786,281262,0,282317,1
988836,281276,0,282339,1
988888,281284,0,282358,1
988938,281293,0,282377,1
988990,281312,0,282384,1
989040,281330,0,282402,2
989090,281342,0,282422,2
989140,281352,0,282444,1
989190,281372,0,282457,2
989240,281387,0,282472,2
989290,281403,0,282477,3
989342,281413,0,282489,1
989392,281433,0,282510,1
989442,281447,0,282527,0
989493,281464,0,282534,2
989544,281476,0,282543,0
989596,281485,0,282562,1
989647,281496,0,282586,1
989698,281513,0,282596,1
989753,281531,0,282604,1
989803,281543,0,282614,0
989854,281559,0,282627,1
989905,281574,0,282642,1
989955,281590,0,282659,1
990006,281605,0,282686,1
990056,281618,0,282697,2
990108,281636,0,282701,0
990161,281649,0,282723,0
990211,281668,0,282736,1
990266,281680,0,282756,1
990317,281688,0,282771,0
990367,281703,0,282786,1
990419,281717,0,282794,1
990469,281735,0,282807,0
990525,281745,0,282825,1
990575,281766,0,282834,2
990627,281780,0,282847,1
990678,281799,0,282863,1
990732,281809,0,282875,0
990782,281830,0,282883,1
990833,281846,0,282901,2
990884,281857,0,282922,1
990935,281873,0,282932,1
990985,281882,0,282949,0
991035,281892,0,282964,0
991087,281911,0,282979,1
991143,281924,0,282993,1
991194,281941,0,283002,1
991245,281952,0,283019,1
991296,281971,0,283030,1
991346,281987,0,283042,1
991396,282003,0,283055,1
991448,282012,0,283076,0
991498,282033,0,283080,2
991548,282044,0,283094,1
991598,282061,0,283100,3
991652,282077,0,283121,1
991702,282086,0,283138,1
991754,282095,0,283156,1
991806,282114,0,283160,1
991859,282129,0,283165,1
991909,282143,0,283184,0
991959,282157,0,283207,1
992009,282174,0,283213,1
992060,282189,0,283223,1
992112,282205,0,283234,1
992164,282215,0,283258,1
992214,282236,0,283273,0
992267,282250,0,283293,1
992318,282269,0,283298,2
992371,282280,0,283307,1
992421,282288,0,283331,0
992471,282301,0,283338,1
992521,282316,0,283355,1
992572,282334,0,283367,1
992623,282344,0,283394,0
992675,282362,0,283407,0
992725,282379,0,283416,3
992776,282393,0,283430,0
992826,282408,0,283437,0
992877,282419,0,283454,1
992927,282437,0,283463,0
992978,282452,0,283482,1
993031,282471,0,283494,1
993083,282481,0,283505,1
993134,282490,0,283522,1
993187,282507,0,283544,1
993241,282519,0,283554,1
993294,282538,0,283567,1
993346,282549,0,283582,1
993403,282567,0,283586,1
993455,282587,0,283597,1
993505,282600,0,283609,1
993556,282613,0,283625,1
993607,282633,0,283625,2
993658,282646,0,283643,1
993710,282659,0,283660,1
993761,282677,0,283676,1
993811,282686,0,283691,1
993861,282697,0,283717,0
993914,282714,0,283726,0
993964,282726,0,283743,1
994017,282743,0,283755,0
994068,282757,0,283772,0
994120,282773,0,283834,1
994170,282790,0,283845,0
994221,282806,0,283864,1
994271,282813,0,283885,0
994326,282830,0,283888,1
994376,282851,0,283910,1
994430,282867,0,283923,1
994480,282880,0,283931,1
994531,282889,0,283948,1
994583,282902,0,283957,1
994637,282918,0,283969,1
994687,282936,0,283981,1
994739,282946,0,284000,1
994790,282965,0,284018,1
994843,282980,0,284034,0
994895,282995,0,284042,1
994945,283011,0,284051,0
994996,283021,0,284080,1
995048,283042,0,284108,1
995098,283055,0,284129,0
995149,283073,0,284138,1
995200,283084,0,284150,0
995250,283094,0,284160,1
995305,283108,0,284173,1
995358,283123,0,284183,1
995409,283142,0,284203,0
995459,283153,0,284224,0
995511,283167,0,284235,1
995561,283186,0,284239,1
995611,283200,0,284249,1
995663,283213,0,284274,0
995715,283225,0,284280,1
995765,283246,0,284291,1
995816,283258,0,284309,0
995868,283276,0,284310,1
995921,283286,0,284320,1
995971,283296,0,284341,0
996023,283313,0,284350,1
996073,283327,0,284369,1
996124,283343,0,284377,0
996180,283358,0,284394,1
996232,283373,0,284403,1
996282,283392,0,284405,1
996336,283408,0,284416,0
996386,283414,0,284441,0
996436,283433,0,284456,1
996486,283452,0,284463,0
996537,283462,0,284482,1
996591,283481,0,284485,1
996642,283488,0,284504,1
996692,283503,0,284524,0
996743,283518,0,284550,0
996793,283533,0,284566,1
996843,283546,0,284583,0
996893,283561,0,284591,1
996943,283578,0,284607,1
996993,283594,0,284618,1
997046,283610,0,284631,1
997097,283615,0,284655,0
997149,283636,0,284660,1
997199,283653,0,284668,2
997249,283667,0,284681,1
997299,283683,0,284694,0
997350,283690,0,284718,1
997400,283705,0,284726,0
997450,283721,0,284733,1
997500,283735,0,284751,2
997550,283747,0,284768,1
997600,283764,0,284772,2
997650,283779,0,284783,1
997700,283796,0,284795,2
997751,283811,0,284803,1
997802,283816,0,284822,0
997852,283836,0,284836,3
997904,283852,0,284850,1
997956,283867,0,284859,1
998006,283884,0,284866,0
998057,283892,0,284880,1
998107,283905,0,284894,0
998157,283922,0,284901,0
998208,283936,0,284915,0
998258,283948,0,284938,1
998311,283966,0,284953,0
998363,283983,0,284970,0
998413,283997,0,284976,0
998463,284012,0,284991,0
998513,284019,0,285015,1
998565,284039,0,285019,1
998619,284056,0,285032,1
998671,284070,0,285043,1
998726,284086,0,285062,1
998776,284096,0,285084,0
998828,284107,0,285093,1
998878,284126,0,285110,1
998929,284138,0,285115,1
998979,284156,0,285119,1
999029,284168,0,285133,1
999079,284185,0,285154,0
999131,284203,0,285167,2
999182,284213,0,285182,0
999239,284227,0,285200,1
999291,284248,0,285203,1
999343,284259,0,285224,1
999393,284278,0,285228,1
999444,284287,0,285245,0
999498,284298,0,285310,1
999548,284316,0,285326,1
999600,284330,0,285346,0
999650,284342,0,285355,1
999700,284361,0,285364,1
999750,284374,0,285373,1
999806,284394,0,285381,1
999856,284409,0,285395,1
999908,284416,0,285416,1
999976,284435,0,285425,1
1000028,284456,0,285433,1
1000083,284470,0,285456,1
1000135,284486,0,285468,0
1000186,284497,0,285478,1
1000240,284512,0,285495,1
1000290,284528,0,285507,2
1000340,284538,0,285528,1
1000391,284555,0,285542,1
1000441,284572,0,285559,2
1000492,284589,0,285564,1
1000543,284601,0,285573,1
1000596,284615,0,285583,1
1000646,284628,0,285600,1
1000697,284645,0,285618,0
1000749,284659,0,285624,1
1000800,284676,0,285639,1
1000850,284689,0,285653,1
1000904,284698,0,285675,1
1000954,284715,0,285686,2
1001005,284731,0,285696,0
1001055,284743,0,285719,1
1001106,284760,0,285733,1
1001159,284776,0,285744,1
1001211,284794,0,285754,1
1001263,284809,0,285768,1
1001313,284816,0,285781,0
1001364,284834,0,285788,0
1001415,284846,0,285809,0
1001474,284866,0,285820,1
1001526,284885,0,285824,1
1001577,284895,0,285839,1
1001628,284904,0,285863,1
1001678,284924,0,285869,0
1001730,284936,0,285883,1
1001781,284952,0,285902,0
1001832,284967,0,285906,0
1001882,284985,0,285917,2
1001932,284998,0,285928,0
1001986,285012,0,285943,1
1002037,285023,0,285960,0
1002087,285037,0,285977,0
1002138,285054,0,285987,1
1002191,285069,0,286002,1
1002241,285086,0,286021,0
1002292,285097,0,286038,0
1002343,285108,0,286055,1
1002395,285127,0,286078,0
1002445,285137,0,286096,0
1002496,285154,0,286110,1
1002546,285170,0,286122,0
1002596,285188,0,286151,1
1002646,285200,0,286163,0
1002696,285214,0,286184,1
1002746,285226,0,286200,0
1002797,285241,0,286221,1
1002849,285258,0,286232,1
1002899,285273,0,286248,1
1002949,285287,0,286263,0
1002999,285297,0,286286,0
1003050,285310,0,286296,1
1003103,285328,0,286306,0
1003155,285340,0,286324,0
1003205,285355,0,286347,1
1003255,285375,0,286364,0
1003308,285392,0,286383,1
1003359,285407,0,286400,1
1003410,285415,0,286420,0
1003461,285430,0,286442,1
1003512,285445,0,286458,0
1003562,285461,0,286480,1
1003616,285472,0,286498,1
1003666,285491,0,286504,2
1003716,285501,0,286523,1
1003768,285514,0,286542,0
1003818,285532,0,286550,1
1003868,285545,0,286560,3
1003920,285559,0,286570,1
1003970,285579,0,286574,2
1004021,285596,0,286591,0
1004073,285610,0,286603,1
1004124,285617,0,286632,1
1004175,285632,0,286644,1
1004228,285647,0,286655,1
1004278,285666,0,286670,1
1004329,285677,0,286699,1
1004382,285694,0,286706,1
1004437,285703,0,286726,1
1004487,285717,0,286731,1
1004538,285737,0,286741,1
1004588,285752,0,286758,0
1004638,285763,0,286774,1
1004690,285783,0,286780,1
1004741,285799,0,286791,1
1004791,285812,0,286805,0
1004841,285823,0,286820,0
1004892,285837,0,286831,1
1004942,285853,0,286843,1
1004994,285868,0,286862,1
1005044,285880,0,286878,0
1005096,285896,0,286888,1
1005146,285903,0,286957,0
1005199,285922,0,286959,1
1005249,285938,0,286969,1
1005299,285952,0,286980,2
1005351,285966,0,287002,1
1005406,285987,0,287005,1
1005456,286003,0,287025,1
1005506,286015,0,287043,0
1005561,286025,0,287050,0
1005612,286045,0,287063,2
1005662,286060,0,287078,0
1005712,286070,0,287090,0
1005762,286083,0,287109,1
1005812,286097,0,287122,0
1005862,286110,0,287131,2
1005912,286126,0,287139,1
1005962,286140,0,287157,1
1006012,286156,0,287160,1
1006062,286172,0,287169,1
1006112,286190,0,287174,2
1006162,286206,0,287188,1
1006213,286215,0,287206,0
1006263,286225,0,287214,2
1006316,286241,0,287230,1
1006369,286261,0,287237,0
1006419,286270,0,287254,0
1006469,286283,0,287272,0
1006520,286300,0,287279,0
1006571,286313,0,287300,1
1006622,286326,0,287312,1
1006672,286341,0,287322,0
1006722,286358,0,287330,1
1006773,286374,0,287341,1
1006823,286393,0,287351,1
1006873,286409,0,287364,1
1006924,286416,0,287393,0
1006974,286426,0,287406,1
1007025,286443,0,287427,1
1007078,286462,0,287433,1
1007129,286472,0,287445,1
1007182,286485,0,287463,1
1007234,286501,0,287467,1
1007286,286515,0,287477,1
1007344,286529,0,287496,1
1007395,286548,0,287512,3
1007447,286564,0,287526,1
1007500,286581,0,287540,1
1007550,286600,0,287556,0
1007600,286613,0,287581,1
1007650,286620,0,287598,0
1007701,286638,0,287605,1
1007751,286653,0,287626,3
1007802,286669,0,287645,0
1007852,286680,0,287663,0
1007902,286690,0,287678,0
1007952,286704,0,287698,1
1008005,286719,0,287707,0
1008055,286734,0,287715,1
1008110,286751,0,287740,1
1008160,286768,0,287758,0
1008210,286783,0,287772,1
1008260,286802,0,287779,1
1008317,286815,0,287792,1
1008367,286822,0,287810,1
1008417,286841,0,287820,1
1008470,286856,0,287830,1
1008520,286870,0,287852,0
1008571,286882,0,287863,1
1008623,286894,0,287876,1
1008673,286911,0,287889,1
1008724,286925,0,287908,0
1008775,286941,0,287921,0
1008826,286954,0,287930,1
1008876,286974,0,287935,3
1008926,286988,0,287950,3
1008979,287008,0,287962,1
1009029,287016,0,287983,0
1009079,287028,0,288001,2
1009130,287043,0,288011,1
1009180,287062,0,288023,3
1009239,287072,0,288037,1
1009289,287085,0,288054,0
1009342,287103,0,288072,1
1009392,287115,0,288085,1
1009442,287128,0,288103,0
1009497,287143,0,288115,1
1009547,287161,0,288117,2
1009597,287178,0,288144,0
1009647,287194,0,288158,2
1009698,287212,0,288177,0
1009750,287219,0,288195,1
1009803,287236,0,288209,1
1009853,287251,0,288220,1
1009905,287269,0,288237,1
1009956,287278,0,288266,0
1010006,287290,0,288286,0
1010057,287304,0,288301,1
1010107,287319,0,288315,1
1010161,287332,0,288381,1
1010211,287346,0,288398,1
1010262,287366,0,288403,1
1010313,287382,0,288418,1
1010363,287398,0,288430,2
1010413,287414,0,288448,1
1010467,287421,0,288470,1
1010518,287438,0,288476,0
1010568,287455,0,288493,1
1010621,287469,0,288495,1
1010680,287482,0,288549,1
1010730,287494,0,288573,0
1010781,287510,0,288583,1
1010832,287526,0,288604,0
1010883,287541,0,288632,0
1010933,287552,0,288645,1
1010986,287573,0,288653,1
1011037,287588,0,288674,1
1011090,287608,0,288680,1
1011140,287617,0,288693,1
1011192,287628,0,288703,1
1011242,287647,0,288718,1
1011293,287658,0,288741,1
1011343,287671,0,288759,0
1011395,287686,0,288778,0
1011446,287701,0,288798,1
1011498,287715,0,288813,0
1011550,287728,0,288830,0
1011601,287742,0,288846,0
1011652,287760,0,288857,1
1011703,287778,0,288864,1
1011757,287792,0,288889,1
1011809,287812,0,288893,0
1011859,287819,0,288911,0
1011909,287835,0,288925,2
1011959,287852,0,288941,1
1012017,287864,0,288966,1
1012070,287878,0,288985,1
1012121,287893,0,288997,1
1012171,287906,0,289012,1
1012221,287920,0,289027,0
1012271,287932,0,289039,0
1012325,287949,0,289050,1
1012376,287965,0,289059,1
1012426,287985,0,289068,1
1012477,288000,0,289089,1
1012530,288015,0,289105,0
1012580,288023,0,289127,1
1012633,288041,0,289129,1
1012684,288055,0,289157,0
1012737,288069,0,289179,0
1012787,288083,0,289192,2
1012837,288095,0,289207,0
1012889,288111,0,289234,1
1012941,288127,0,289241,1
1012991,288138,0,289255,1
1013041,288153,0,289280,0
1013094,288168,0,289295,1
1013144,288189,0,289313,1
1013194,288207,0,289318,1
1013245,288217,0,289331,0
1013298,288229,0,289344,1
1013349,288242,0,289348,3
1013399,288258,0,289361,0
1013450,288273,0,289385,1
1013503,288287,0,289404,0
1013553,288299,0,289419,2
1013603,288315,0,289433,2
1013653,288328,0,289447,0
1013705,288342,0,289458,1
1013755,288357,0,289459,2
1013813,288371,0,289470,1
1013865,288394,0,289476,1
1013916,288410,0,289488,0
1013967,288420,0,289518,1
1014020,288434,0,289534,1
1014073,288454,0,289543,1
1014124,288464,0,289555,0
1014175,288477,0,289567,0
1014225,288492,0,289571,1
1014276,288505,0,289586,1
1014326,288520,0,289600,0
1014376,288531,0,289615,0
1014426,288547,0,289628,1
1014476,288564,0,289639,1
1014527,288577,0,289655,1
1014579,288597,0,289660,1
1014629,288613,0,289669,1
1014683,288622,0,289688,1
1014735,288635,0,289710,0
1014787,288654,0,289718,1
1014837,288666,0,289722,1
1014887,288679,0,289736,0
1014937,288695,0,289743,1
1014987,288710,0,289757,2
1015039,288724,0,289783,1
1015090,288735,0,289851,1
1015140,288749,0,289877,0
1015192,288766,0,289898,0
1015242,288782,0,289916,1
1015295,288801,0,289932,1
1015345,288816,0,289946,1
1015395,288828,0,289965,2
1015445,288837,0,289986,1
1015495,288854,0,290001,0
1015545,288867,0,290009,1
1015595,288879,0,290017,0
1015646,288896,0,290025,1
1015696,288912,0,290039,1
1015748,288926,0,290052,1
1015798,288935,0,290063,2
1015849,288951,0,290084,1
1015905,288967,0,290094,1
1015956,288986,0,290098,1
1016009,289008,0,290113,3
1016059,289019,0,290119,1
1016111,289031,0,290147,1
1016161,289044,0,290161,1
1016211,289056,0,290176,1
1016261,289071,0,290191,0
1016311,289082,0,290207,1
1016361,289098,0,290219,1
1016411,289115,0,290228,1
1016466,289129,0,290238,1
1016517,289143,0,290244,1
1016568,289156,0,290255,1
1016621,289172,0,290262,1
1016677,289192,0,290267,1
1016730,289209,0,290274,0
1016780,289221,0,290305,0
1016833,289234,0,290312,1
1016885,289250,0,290328,1
1016935,289261,0,290346,0
1016985,289276,0,290369,1
1017041,289291,0,290392,1
1017093,289308,0,290410,1
1017144,289323,0,290417,1
1017194,289333,0,290431,1
1017245,289349,0,290441,1
1017297,289365,0,290459,1
1017348,289381,0,290469,1
1017398,289395,0,290474,2
1017453,289415,0,290479,1
1017503,289425,0,290494,1
1017553,289438,0,290507,1
1017603,289455,0,290513,1
1017653,289470,0,290534,1
1017703,289480,0,290555,0
1017753,289496,0,290576,0
1017808,289513,0,290585,1
1017858,289524,0,290597,1
1017910,289536,0,290619,1
1017960,289553,0,290629,1
1018010,289567,0,290649,1
1018062,289585,0,290659,1
1018114,289598,0,290666,1
1018164,289619,0,290673,3
1018216,289626,0,290697,1
1018268,289641,0,290714,1
1018321,289657,0,290730,1
1018371,289672,0,290752,0
1018421,289683,0,290771,0
1018471,289699,0,290774,2
1018522,289716,0,290779,1
1018573,289730,0,290797,0
1018623,289740,0,290811,2
1018673,289757,0,290820,0
1018724,289771,0,290836,1
1018778,289788,0,290840,1
1018831,289806,0,290851,1
1018885,289821,0,290867,0
1018937,289834,0,290878,1
1018987,289847,0,290892,2
1019040,289861,0,290906,1
1019090,289875,0,290920,1
1019140,289890,0,290935,1
1019190,289906,0,290948,1
1019241,289920,0,290958,1
1019293,289932,0,290980,1
1019343,289946,0,290996,0
1019393,289963,0,291006,2
1019443,289975,0,291020,1
1019494,289991,0,291025,1
1019546,290008,0,291035,1
1019596,290021,0,291047,0
1019650,290036,0,291061,1
1019700,290049,0,291075,0
1019752,290064,0,291088,1
1019804,290080,0,291106,1
1019854,290094,0,291128,1
1019904,290110,0,291142,1
1019954,290123,0,291159,0
1020006,290133,0,291171,0
1020057,290148,0,291187,0
1020107,290166,0,291204,0
1020157,290181,0,291214,1
1020210,290195,0,291228,1
1020263,290211,0,291235,1
1020315,290223,0,291254,1
1020366,290237,0,291267,1
1020416,290254,0,291271,1
1020466,290270,0,291286,0
1020517,290281,0,291301,1
1020567,290297,0,291312,1
1020618,290309,0,291324,1
1020670,290325,0,291340,1
1020724,290336,0,291352,1
1020778,290353,0,291365,1
1020836,290370,0,291380,1
1020890,290389,0,291390,1
1020947,290405,0,291410,1
1021000,290421,0,291426,0
1021054,290436,0,291444,1
1021106,290450,0,291453,1
1021156,290464,0,291468,0
1021206,290479,0,291484,1
1021256,290492,0,291495,1
1021309,290504,0,291511,1
1021359,290523,0,291519,0
1021411,290533,0,291528,0
1021461,290548,0,291542,1
1021516,290567,0,291556,1
1021566,290582,0,291565,2
1021617,290595,0,291575,1
1021667,290612,0,291576,1
1021718,290623,0,291602,1
1021769,290637,0,291619,1
1021826,290654,0,291630,1
1021876,290670,0,291647,1
1021926,290683,0,291656,0
1021976,290697,0,291679,0
1022035,290713,0,291689,1
1022087,290727,0,291711,1
1022142,290741,0,291730,1
1022196,290757,0,291737,1
1022249,290772,0,291747,1
1022299,290791,0,291759,2
1022349,290805,0,291775,1
1022401,290821,0,291783,0
1022453,290833,0,291789,1
1022503,290847,0,291806,2
1022555,290862,0,291821,1
1022610,290877,0,291832,1
1022661,290893,0,291848,1
1022713,290902,0,291870,1
1022763,290923,0,291888,0
1022813,290933,0,291905,2
1022865,290947,0,291925,0
1022915,290964,0,291939,1
1022966,290978,0,291943,1
1023017,290994,0,291959,0
1023068,291010,0,291982,0
1023118,291021,0,291998,0
1023168,291036,0,292013,0
1023218,291052,0,292032,0
1023268,291066,0,292043,0
1023318,291080,0,292056,0
1023368,291095,0,292073,2
1023421,291102,0,292084,1
1023475,291124,0,292086,1
1023527,291136,0,292111,1
1023577,291151,0,292126,2
1023629,291168,0,292138,1
1023679,291186,0,292146,0
1023730,291196,0,292168,0
1023781,291211,0,292181,1
1023832,291225,0,292189,1
1023885,291239,0,292195,1
1023935,291255,0,292210,1
1023986,291271,0,292228,0
1024038,291286,0,292248,1
1024092,291298,0,292260,0
1024144,291308,0,292286,1
1024195,291328,0,292293,0
1024247,291341,0,292300,0
1024297,291355,0,292314,1
1024347,291370,0,292335,1
1024402,291390,0,292335,1
1024453,291403,0,292348,1
1024504,291420,0,292361,0
1024554,291432,0,292380,2
1024606,291446,0,292394,1
1024662,291462,0,292411,1
1024714,291476,0,292427,1
1024767,291492,0,292444,1
1024818,291501,0,292463,0
1024869,291517,0,292477,1
1024919,291532,0,292488,1
1024971,291547,0,292502,0
1025023,291565,0,292509,1
1025074,291575,0,292534,1
1025124,291596,0,292541,2
1025174,291610,0,292602,0
1025224,291621,0,292615,0
1025275,291635,0,292633,0
1025326,291652,0,292638,1
1025377,291666,0,292640,1
1025432,291682,0,292658,1
1025484,291696,0,292674,1
1025534,291703,0,292700,1
1025585,291723,0,292718,1
1025639,291736,0,292726,1
1025689,291751,0,292744,1
1025741,291768,0,292750,1
1025791,291781,0,292771,0
1025844,291796,0,292787,0
1025896,291813,0,292797,0
1025949,291827,0,292815,0
1025999,291839,0,292831,1
1026050,291854,0,292844,0
1026100,291873,0,292854,0
1026154,291888,0,292869,1
1026205,291901,0,292888,1
1026258,291906,0,292909,1
1026313,291930,0,292916,0
1026364,291944,0,292925,1
1026414,291959,0,292930,1
1026465,291973,0,292935,1
1026520,291990,0,292939,1
1026571,292004,0,292951,1
1026621,292021,0,292965,0
1026672,292032,0,292979,1
1026722,292050,0,292989,3
1026772,292063,0,293006,1
1026823,292076,0,293022,1
1026874,292092,0,293026,1
1026924,292101,0,293051,0
1026975,292110,0,293070,1
1027025,292131,0,293080,1
1027086,292148,0,293094,1
1027137,292165,0,293106,1
1027190,292179,0,293126,1
1027241,292196,0,293139,0
1027291,292211,0,293158,1
1027342,292226,0,293179,1
1027393,292238,0,293202,1
1027445,292253,0,293219,0
1027496,292270,0,293226,1
1027546,292282,0,293241,2
1027596,292298,0,293254,0
1027646,292304,0,293280,0
1027698,292318,0,293294,1
1027749,292339,0,293304,0
1027801,292354,0,293327,1
1027853,292370,0,293342,1
1027903,292383,0,293356,1
1027953,292397,0,293374,1
1028007,292414,0,293391,1
1028057,292428,0,293407,0
1028107,292440,0,293423,0
1028160,292455,0,293436,1
1028210,292473,0,293452,0
1028261,292486,0,293467,1
1028317,292501,0,293482,0
1028367,292506,0,293503,0
1028417,292526,0,293508,1
1028470,292544,0,293529,0
1028520,292560,0,293532,1
1028571,292573,0,293544,2
1028621,292588,0,293560,1
1028674,292602,0,293573,1
1028724,292620,0,293584,2
1028777,292631,0,293594,1
1028830,292646,0,293603,1
1028881,292663,0,293620,2
1028931,292676,0,293641,0
1028984,292693,0,293652,1
1029034,292702,0,293674,0
1029084,292711,0,293685,2
1029135,292731,0,293702,0
1029190,292748,0,293731,1
1029244,292763,0,293751,1
1029294,292778,0,293760,1
1029347,292795,0,293775,1
1029399,292808,0,293790,1
1029450,292826,0,293804,0
1029501,292838,0,293828,0
1029552,292853,0,293836,0
1029603,292871,0,293839,0
1029653,292883,0,293855,2
1029707,292898,0,293864,1
1029758,292905,0,293886,0
1029809,292920,0,293892,1
1029859,292937,0,293894,1
1029911,292954,0,293905,0
1029965,292970,0,293916,0
1030018,292985,0,293926,1
1030068,293000,0,293948,0
1030118,293015,0,293956,0
1030169,293030,0,293975,1
1030219,293042,0,293993,1
1030269,293055,0,294010,0
1030319,293074,0,294017,1
1030369,293087,0,294021,1
1030421,293101,0,294029,0
1030472,293106,0,294046,0
1030531,293121,0,294049,1
1030582,293145,0,294060,1
1030636,293157,0,294076,0
1030687,293176,0,294086,1
1030742,293193,0,294102,1
1030792,293206,0,294120,0
1030842,293222,0,294129,1
1030895,293232,0,294150,0
1030945,293251,0,294154,3
1030995,293264,0,294169,1
1031047,293280,0,294182,1
1031098,293295,0,294192,1
1031148,293303,0,294204,0
1031200,293313,0,294227,1
1031250,293328,0,294234,2
1031300,293348,0,294240,0
1031357,293361,0,294257,1
1031407,293381,0,294257,1
1031459,293398,0,294262,1
1031511,293411,0,294272,1
1031561,293428,0,294288,0
1031611,293434,0,294304,1
1031662,293453,0,294308,1
1031713,293469,0,294320,1
1031765,293483,0,294332,0
1031816,293497,0,294348,0
1031867,293505,0,294369,0
1031917,293520,0,294372,2
1031969,293533,0,294380,1
1032019,293553,0,294384,1
1032069,293563,0,294406,1
1032120,293581,0,294411,1
1032179,293601,0,294419,1
1032229,293617,0,294435,1
1032284,293631,0,294444,1
1032335,293641,0,294459,1
1032385,293659,0,294465,1
1032435,293675,0,294471,1
1032485,293687,0,294478,1
1032535,293701,0,294488,0
1032585,293706,0,294520,0
1032636,293721,0,294539,1
1032686,293739,0,294558,1
1032741,293758,0,294565,1
1032791,293771,0,294581,1
1032843,293787,0,294595,1
1032893,293806,0,294618,1
1032943,293820,0,294629,1
1032994,293832,0,294639,0
1033049,293843,0,294656,0
1033099,293860,0,294669,0
1033149,293876,0,294686,1
1033200,293891,0,294696,0
1033254,293903,0,294715,0
1033307,293909,0,294735,1
1033359,293928,0,294746,2
1033410,293948,0,294750,2
1033460,293961,0,294769,1
1033511,293977,0,294786,1
1033561,293998,0,294795,2
1033614,294009,0,294818,0
1033664,294026,0,294827,1
1033714,294033,0,294839,1
1033766,294047,0,294853,1
1033816,294065,0,294867,1
1033867,294082,0,294873,1
1033918,294097,0,294882,0
1033968,294105,0,294900,0
1034018,294116,0,294912,1
1034068,294130,0,294929,1
1034118,294150,0,294944,0
1034173,294162,0,294956,1
1034223,294180,0,294971,1
1034273,294200,0,294978,0
1034326,294210,0,294988,1
1034376,294228,0,294996,0
1034427,294237,0,295012,1
1034477,294254,0,295017,4
1034527,294268,0,295038,0
1034577,294284,0,295055,0
1034627,294298,0,295067,1
1034678,294306,0,295087,0
1034728,294317,0,295098,0
1034780,294332,0,295121,0
1034830,294354,0,295133,0
1034883,294366,0,295155,1
1034933,294375,0,295165,1
1034983,294402,0,295167,1
1035034,294414,0,295185,1
1035084,294429,0,295190,1
1035135,294438,0,295211,1
1035186,294453,0,295219,1
1035240,294472,0,295235,1
1035290,294485,0,295250,0
1035341,294501,0,295263,0
1035391,294507,0,295279,1
1035441,294522,0,295296,4
1035491,294536,0,295307,2
1035544,294557,0,295315,0
1035594,294572,0,295333,2
1035645,294578,0,295355,1
1035695,294602,0,295355,3
1035748,294617,0,295376,1
1035802,294632,0,295385,0
1035852,294643,0,295405,0
1035902,294657,0,295409,2
1035953,294676,0,295415,1
1036005,294688,0,295422,0
1036057,294703,0,295436,0
1036111,294708,0,295461,1
1036161,294726,0,295516,0
1036211,294742,0,295535,1
1036261,294760,0,295548,0
1036311,294773,0,295562,0
1036361,294785,0,295572,3
1036412,294804,0,295577,1
1036462,294820,0,295593,0
1036512,294832,0,295612,0
1036568,294845,0,295623,1
1036618,294863,0,295628,1
1036672,294880,0,295636,1
1036722,294892,0,295652,2
1036774,294906,0,295670,1
1036824,294913,0,295696,0
1036878,294930,0,295701,1
1036933,294945,0,295702,1
1036983,294962,0,295712,1
1037035,294975,0,295731,1
1037085,294995,0,295739,1
1037135,295011,0,295755,0
1037189,295029,0,295762,1
1037243,295037,0,295782,1
1037294,295054,0,295796,1
1037344,295073,0,295802,1
1037394,295087,0,295815,1
1037444,295099,0,295833,2
1037497,295107,0,295851,1
1037548,295119,0,295873,1
1037598,295135,0,295888,1
1037651,295151,0,295888,1
1037702,295170,0,295897,2
1037754,295177,0,295917,1
1037804,295201,0,295933,2
1037858,295216,0,295951,1
1037908,295232,0,295965,0
1037958,295240,0,295984,1
1038010,295256,0,295994,1
1038061,295277,0,295999,1
1038111,295288,0,296014,0
1038162,295303,0,296028,0
1038212,295307,0,296059,0
1038262,295325,0,296076,2
1038313,295339,0,296092,1
1038364,295356,0,296103,2
1038414,295370,0,296109,1
1038465,295381,0,296129,1
1038516,295404,0,296133,1
1038570,295418,0,296149,1
1038622,295432,0,296161,0
1038675,295446,0,296174,1
1038733,295458,0,296195,1
1038783,295483,0,296197,2
1038837,295496,0,296217,1
1038889,295506,0,296237,0
1038939,295516,0,296264,1
1038990,295533,0,296275,1
1039040,295545,0,296297,1
1039092,295561,0,296307,0
1039145,295575,0,296319,1
1039196,295595,0,296326,1
1039246,295611,0,296336,2
1039296,295626,0,296349,2
1039347,295636,0,296375,1
1039401,295653,0,296391,1
1039451,295664,0,296401,2
1039501,295687,0,296408,1
1039551,295698,0,296425,0
1039605,295707,0,296444,0
1039658,295720,0,296452,1
1039708,295736,0,296468,1
1039758,295751,0,296483,2
1039810,295765,0,296498,1
1039862,295777,0,296517,1
1039913,295798,0,296525,1
1039963,295816,0,296551,0
1040019,295832,0,296558,0
1040069,295843,0,296577,2
1040119,295857,0,296592,3
1040171,295873,0,296607,1
1040222,295889,0,296616,1
1040274,295903,0,296625,0
1040324,295909,0,296644,1
1040374,295925,0,296666,0
1040426,295941,0,296678,0
1040478,295958,0,296693,0
1040529,295973,0,296708,0
1040579,295983,0,296719,0
1040629,296003,0,296723,1
1040679,296018,0,296731,0
1040730,296032,0,296749,0
1040780,296045,0,296754,2
1040833,296057,0,296776,0
1040885,296076,0,296780,0
1040935,296091,0,296788,1
1040986,296105,0,296799,0
1041038,296112,0,296820,0
1041088,296129,0,296830,1
1041142,296144,0,296841,1
1041194,296161,0,296855,0
1041248,296175,0,296870,1
1041298,296192,0,296880,1
1041348,296210,0,296888,1
1041403,296222,0,296904,1
1041455,296234,0,296931,0
1041507,296249,0,296937,1
1041558,296260,0,296964,1
1041610,296284,0,296968,1
1041662,296300,0,296980,1
1041715,296307,0,297008,0
1041766,296321,0,297022,1
1041816,296338,0,297043,0
1041867,296351,0,297063,1
1041918,296364,0,297077,1
1041968,296378,0,297082,1
1042018,296399,0,297096,0
1042068,296414,0,297103,1
1042118,296429,0,297118,2
1042169,296438,0,297133,0
1042222,296450,0,297147,1
1042274,296466,0,297174,1
1042325,296488,0,297183,0
1042375,296501,0,297194,0
1042432,296508,0,297213,1
1042483,296525,0,297213,1
1042533,296542,0,297221,1
1042584,296557,0,297231,1
1042636,296570,0,297251,1
1042690,296581,0,297259,1
1042743,296606,0,297271,1
1042793,296620,0,297287,0
1042844,296632,0,297298,0
1042895,296645,0,297316,1
1042945,296658,0,297334,1
1042998,296677,0,297345,0
1043049,296694,0,297356,1
1043105,296707,0,297377,1
1043155,296717,0,297394,1
1043211,296730,0,297401,1
1043261,296749,0,297407,1
1043312,296761,0,297428,0
1043362,296776,0,297443,0
1043412,296788,0,297471,1
1043463,296813,0,297475,1
1043513,296823,0,297492,0
1043565,296837,0,297504,1
1043615,296849,0,297524,0
1043665,296862,0,297545,0
1043715,296882,0,297561,1
1043769,296899,0,297570,1
1043819,296907,0,297595,0
1043870,296919,0,297611,1
1043923,296935,0,297628,1
1043974,296949,0,297634,1
1044026,296966,0,297645,1
1044077,296980,0,297661,0
1044129,296996,0,297668,1
1044179,297016,0,297680,0
1044229,297026,0,297741,1
1044280,297039,0,297757,0
1044330,297050,0,297794,0
1044380,297066,0,297812,1
1044430,297087,0,297816,1
1044480,297102,0,297833,1
1044530,297107,0,297854,0
1044581,297121,0,297869,0
1044631,297136,0,297887,1
1044681,297152,0,297900,1
1044731,297167,0,297909,1
1044787,297180,0,297932,0
1044838,297196,0,297939,1
1044890,297218,0,297939,1
1044947,297230,0,297957,1
1044997,297241,0,297961,1
1045047,297252,0,297971,1
1045097,297271,0,297976,1
1045151,297290,0,298001,1
1045201,297306,0,298012,0
1045251,297312,0,298033,1
1045302,297329,0,298046,1
1045356,297344,0,298057,1
1045406,297360,0,298067,1
1045457,297372,0,298085,1
1045515,297385,0,298102,1
1045566,297404,0,298115,1
1045616,297423,0,298122,1
1045668,297436,0,298140,1
1045718,297449,0,298162,0
1045781,297461,0,298178,1
1045832,297487,0,298188,2
1045882,297502,0,298245,0
1045932,297507,0,298262,0
1045982,297521,0,298277,0
1046034,297535,0,298303,1
1046086,297552,0,298321,1
1046137,297568,0,298328,1
1046188,297580,0,298350,0
1046238,297593,0,298358,1
1046290,297614,0,298364,1
1046340,297628,0,298379,0
1046391,297640,0,298397,1
1046441,297651,0,298420,1
1046491,297667,0,298431,1
1046543,297688,0,298447,1
1046594,297705,0,298453,1
1046648,297709,0,298474,1
1046701,297725,0,298484,1
1046751,297743,0,298497,0
1046802,297754,0,298512,1
1046853,297771,0,298532,0
1046903,297783,0,298551,1
1046954,297799,0,298566,1
1047007,297821,0,298577,1
1047058,297832,0,298590,1
1047110,297846,0,298605,1
1047161,297855,0,298632,0
1047213,297875,0,298640,1
1047263,297893,0,298656,2
1047314,297907,0,298667,0
1047365,297913,0,298685,1
1047416,297930,0,298693,1
1047467,297945,0,298705,0
1047518,297961,0,298718,0
1047570,297974,0,298729,1
1047620,297985,0,298748,0
1047670,298003,0,298753,1
1047720,298023,0,298766,0
1047770,298035,0,298782,1
1047820,298047,0,298797,0
1047871,298057,0,298857,1
1047924,298074,0,298870,1
1047978,298095,0,298879,0
1048028,298107,0,298888,0
1048078,298118,0,298905,1
1048128,298132,0,298925,0
1048178,298148,0,298935,1
1048234,298163,0,298940,1
1048285,298178,0,298947,1
1048335,298190,0,298963,0
1048386,298208,0,298973,1
1048436,298225,0,298985,0
1048491,298239,0,298998,1
1048541,298250,0,299020,0
1048592,298264,0,299044,1
1048643,298281,0,299060,0
1048693,298303,0,299076,1
1048743,298308,0,299099,1
1048795,298321,0,299118,0
1048845,298336,0,299137,0
1048902,298352,0,299149,1
1048955,298370,0,299164,1
1049005,298381,0,299181,0
1049063,298396,0,299193,1
1049113,298420,0,299210,0
1049167,298431,0,299228,0
1049217,298446,0,299244,1
1049267,298456,0,299259,1
1049317,298473,0,299263,1
1049367,298491,0,299272,2
1049419,298507,0,299292,0
1049477,298513,0,299312,1
1049527,298532,0,299318,1
1049578,298547,0,299335,1
1049630,298558,0,299346,1
1049681,298576,0,299360,1
1049731,298586,0,299382,1
1049784,298602,0,299397,1
1049834,298625,0,299407,2
1049886,298636,0,299439,1
1049939,298649,0,299461,0
1049989,298661,0,299481,2
1050042,298677,0,299496,1
1050093,298698,0,299498,1
1050147,298707,0,299515,0
1050199,298720,0,299545,1
1050249,298737,0,299550,1
1050301,298751,0,299564,1
1050351,298768,0,299577,1
1050401,298781,0,299594,0
1050455,298793,0,299608,1
1050507,298815,0,299615,3
1050557,298830,0,299621,2
1050610,298839,0,299637,1
1050660,298852,0,299647,2
1050712,298868,0,299653,1
1050764,298882,0,299665,1
1050814,298906,0,299670,1
1050875,298912,0,299698,1
1050928,298925,0,299701,1
1050985,298946,0,299706,1
1051038,298961,0,299715,1
1051088,298977,0,299732,1
1051139,298990,0,299748,2
1051190,299001,0,299769,1
1051241,299024,0,299786,1
1051294,299035,0,299806,1
1051344,299050,0,299818,1
1051394,299062,0,299829,0
1051448,299077,0,299850,1
1051501,299093,0,299856,1
1051552,299107,0,299871,0
1051602,299116,0,299908,0
1051654,299133,0,299909,1
1051704,299150,0,299923,0
1051754,299167,0,299936,1
1051804,299181,0,299941,1
1051854,299192,0,299960,1
1051904,299204,0,299970,1
1051956,299227,0,299977,1
1052008,299236,0,299997,0
1052059,299250,0,300010,0
1052109,299266,0,300024,1
1052161,299279,0,300050,0
1052212,299294,0,300059,1
1052263,299310,0,300076,1
1052315,299320,0,300088,1
1052367,299339,0,300094,1
1052422,299354,0,300105,1
1052474,299372,0,300125,0
1052526,299382,0,300147,1
1052576,299396,0,300157,1
1052627,299415,0,300170,1
1052679,299432,0,300180,1
1052730,299441,0,300193,1
1052781,299455,0,300215,1
1052831,299473,0,300228,1
1052885,299484,0,300250,1
1052935,299504,0,300252,4
1052985,299514,0,300271,1
1053036,299524,0,300286,1
1053090,299546,0,300303,1
1053144,299559,0,300319,1
1053196,299578,0,300331,1
1053246,299588,0,300346,1
1053297,299601,0,300370,0
1053348,299626,0,300381,0
1053399,299635,0,300393,0
1053449,299649,0,300405,0
1053499,299661,0,300427,2
1053550,299677,0,300446,1
1053600,299688,0,300458,1
1053650,299707,0,300473,0
1053702,299716,0,300494,1
1053752,299729,0,300508,2
1053802,299749,0,300518,1
1053853,299762,0,300528,1
1053903,299780,0,300544,1
1053955,299792,0,300567,1
1054005,299803,0,300584,2
1054055,299826,0,300594,0
1054106,299835,0,300609,0
1054156,299849,0,300619,1
1054207,299865,0,300638,1
1054258,299879,0,300662,1
1054308,299889,0,300675,1
1054359,299908,0,300683,1
1054411,299916,0,300703,0
1054461,299933,0,300716,1
1054515,299950,0,300723,1
1054566,299967,0,300738,1
1054619,299981,0,300752,0
1054669,299993,0,300761,1
1054722,300005,0,300778,1
1054772,300029,0,300790,1
1054822,300038,0,300803,1
1054874,300052,0,300818,0
1054924,300067,0,300827,1
1054976,300079,0,300845,0
1055026,300095,0,300853,3
1055077,300111,0,300864,1
1055127,300119,0,300884,0
1055180,300136,0,300895,1
1055232,300153,0,300904,1
1055282,300172,0,300910,1
1055332,300182,0,300938,1
1055382,300196,0,300955,2
1055437,300210,0,300969,1
1055487,300230,0,300980,1
1055537,300244,0,300990,1
1055588,300257,0,301004,1
1055638,300274,0,301015,1
1055689,300281,0,301034,1
1055739,300298,0,301041,1
1055789,300314,0,301057,1
1055839,300321,0,301084,1
1055889,300339,0,301092,1
1055940,300353,0,301108,1
1055993,300374,0,301115,1
1056045,300385,0,301138,1
1056095,300398,0,301154,1
1056147,300414,0,301165,1
1056197,300432,0,301185,0
1056249,300447,0,301196,0
1056305,300459,0,301207,1
1056356,300478,0,301221,1
1056407,300488,0,301246,0
1056458,300507,0,301306,0
1056517,300516,0,301324,0
1056568,300527,0,301343,1
1056619,300548,0,301353,1
1056669,300565,0,301371,1
1056721,300581,0,301388,0
1056771,300592,0,301404,1
1056821,300604,0,301425,0
1056872,300621,0,301439,1
1056922,300637,0,301453,0
1056973,300650,0,301464,0
1057023,300666,0,301483,0
1057073,300679,0,301494,0
1057124,300691,0,301516,1
1057176,300709,0,301533,0
1057227,300719,0,301545,1
1057277,300734,0,301554,4
1057328,300752,0,301564,0
1057379,300767,0,301575,1
1057429,300781,0,301587,0
1057482,300794,0,301611,1
1057534,300808,0,301625,1
1057585,300829,0,301638,3
1057636,300839,0,301655,1
1057688,300853,0,301659,1
1057739,300869,0,301679,0
1057790,300880,0,301693,0
1057840,300895,0,301703,2
1057890,300913,0,301716,2
1057940,300920,0,301741,1
1057992,300938,0,301756,3
1058042,300952,0,301762,0
1058093,300972,0,301775,1
1058143,300984,0,301789,1
1058193,300996,0,301801,1
1058245,301011,0,301818,1
1058296,301031,0,301834,0
1058346,301042,0,301857,1
1058396,301054,0,301867,1
1058447,301070,0,301879,0
1058498,301082,0,301897,1
1058554,301095,0,301906,1
1058607,301115,0,301922,0
1058657,301122,0,301945,1
1058708,301140,0,301960,0
1058758,301159,0,301972,1
1058808,301176,0,301983,2
1058858,301187,0,302002,1
1058910,301201,0,302020,1
1058960,301214,0,302035,0
1059010,301232,0,302039,0
1059060,301244,0,302057,1
1059113,301259,0,302065,0
1059163,301272,0,302085,0
1059217,301288,0,302090,1
1059270,301302,0,302105,1
1059320,301317,0,302124,1
1059372,301327,0,302151,1
1059423,301344,0,302158,1
1059480,301362,0,302174,1
1059530,301381,0,302179,1
1059583,301393,0,302202,1
1059633,301407,0,302221,1
1059684,301420,0,302234,3
1059734,301437,0,302235,1
1059784,301450,0,302254,0
1059836,301469,0,302261,1
1059886,301478,0,302277,1
1059940,301490,0,302299,1
1059990,301509,0,302304,1
1060041,301519,0,302324,0
1060092,301531,0,302341,1
1060142,301549,0,302347,2
1060193,301565,0,302362,1
1060244,301583,0,302377,1
1060300,301595,0,302398,1
1060351,301611,0,302401,0
1060401,301623,0,302411,1
1060456,301641,0,302430,1
1060506,301655,0,302449,1
1060557,301670,0,302463,0
1060608,301686,0,302470,1
1060662,301695,0,302494,1
1060715,301715,0,302502,1
1060769,301723,0,302512,1
1060819,301737,0,302520,1
1060870,301761,0,302530,2
1060920,301773,0,302546,3
1060974,301789,0,302567,1
1061024,301802,0,302588,3
1061077,301815,0,302601,0
1061127,301836,0,302615,2
1061178,301849,0,302629,3
1061229,301864,0,302641,1
1061279,301876,0,302650,0
1061329,301889,0,302663,2
1061382,301904,0,302678,1
1061440,301919,0,302691,1
1061491,301930,0,302711,0
1061541,301947,0,302726,1
1061592,301964,0,302730,0
1061644,301982,0,302742,1
1061696,301994,0,302755,1
1061748,302009,0,302776,1
1061802,302022,0,302796,1
1061853,302040,0,302808,0
1061904,302053,0,302819,1
1061954,302070,0,302834,0
1062009,302082,0,302848,1
1062060,302094,0,302870,0
1062111,302111,0,302882,0
1062161,302121,0,302899,0
1062212,302135,0,302914,0
1062263,302152,0,302933,1
1062313,302167,0,302959,0
1062366,302185,0,302961,1
1062420,302197,0,302979,1
1062470,302214,0,302986,1
1062520,302229,0,303000,1
1062571,302243,0,303015,1
1062622,302257,0,303018,1
1062673,302273,0,303025,0
1062723,302284,0,303042,1
1062774,302296,0,303065,1
1062824,302316,0,303076,1
1062874,302325,0,303095,1
1062924,302338,0,303110,1
1062974,302357,0,303124,1
1063024,302370,0,303140,1
1063077,302388,0,303142,1
1063127,302400,0,303159,3
1063177,302415,0,303183,1
1063232,302431,0,303192,1
1063285,302446,0,303203,1
1063337,302459,0,303234,1
1063389,302475,0,303241,1
1063440,302488,0,303257,0
1063490,302503,0,303274,2
1063541,302519,0,303293,1
1063592,302529,0,303307,1
1063643,302547,0,303328,1
1063693,302562,0,303340,2
1063745,302576,0,303357,1
1063796,302593,0,303368,0
1063846,302605,0,303384,0
1063898,302620,0,303396,1
1063948,302638,0,303408,0
1063998,302648,0,303422,0
1064048,302663,0,303436,1
1064098,302681,0,303448,2
1064148,302690,0,303469,1
1064198,302705,0,303484,2
1064250,302719,0,303497,0
1064300,302731,0,303508,0
1064352,302748,0,303570,1
1064402,302766,0,303586,1
1064452,302777,0,303617,0
1064503,302794,0,303629,1
1064554,302806,0,303645,1
1064608,302821,0,303657,0
1064658,302840,0,303665,1
1064708,302852,0,303684,0
1064760,302865,0,303698,0
1064811,302882,0,303700,1
1064861,302892,0,303715,0
1064914,302910,0,303729,1
1064966,302919,0,303758,0
1065023,302936,0,303765,1
1065073,302953,0,303781,1
1065124,302969,0,303798,1
1065175,302985,0,303807,0
1065225,302996,0,303823,0
1065275,303012,0,303848,1
1065325,303027,0,303864,2
1065376,303043,0,303887,0
1065428,303053,0,303908,0
1065478,303069,0,303919,2
1065530,303085,0,303927,1
1065586,303096,0,303944,1
1065641,303118,0,303947,1
1065691,303125,0,303970,0
1065743,303141,0,303979,1
1065795,303160,0,303987,0
1065845,303172,0,304004,1
1065895,303189,0,304015,1
1065946,303203,0,304026,1
1065999,303218,0,304032,1
1066050,303236,0,304038,2
1066100,303248,0,304047,0
1066153,303260,0,304058,1
1066205,303278,0,304074,1
1066256,303290,0,304093,1
1066307,303305,0,304102,1
1066359,303319,0,304117,0
1066410,303330,0,304136,1
1066461,303349,0,304148,1
1066514,303366,0,304161,0
1066564,303378,0,304179,0
1066614,303394,0,304189,1
1066665,303407,0,304251,1
1066715,303422,0,304269,1
1066768,303440,0,304287,0
1066818,303452,0,304301,0
1066868,303466,0,304323,1
1066918,303482,0,304333,0
1066969,303493,0,304354,1
1067019,303510,0,304367,2
1067069,303519,0,304390,0
1067119,303533,0,304402,1
1067169,303551,0,304421,2
1067219,303567,0,304434,1
1067271,303579,0,304446,1
1067321,303594,0,304454,1
1067372,303608,0,304471,1
1067422,303622,0,304486,0
1067472,303640,0,304500,0
1067523,303653,0,304516,0
1067574,303667,0,304540,1
1067626,303683,0,304554,0
1067681,303693,0,304566,1
1067731,303711,0,304576,1
1067781,303719,0,304598,0
1067833,303736,0,304606,1
1067886,303756,0,304613,1
1067936,303770,0,304632,0
1067986,303782,0,304644,1
1068037,303797,0,304649,1
1068094,303813,0,304710,1
1068145,303828,0,304721,1
1068198,303845,0,304723,1
1068248,303857,0,304736,2
1068298,303873,0,304749,1
1068349,303887,0,304757,1
1068400,303897,0,304771,1
1068452,303914,0,304771,1
1068502,303925,0,304801,0
1068553,303941,0,304809,1
1068603,303958,0,304809,1
1068654,303972,0,304823,0
1068704,303987,0,304831,1
1068754,304003,0,304839,2
1068805,304018,0,304854,1
1068855,304030,0,304869,0
1068909,304045,0,304882,1
1068961,304058,0,304907,1
1069011,304076,0,304962,1
1069062,304088,0,304978,0
1069112,304101,0,304993,0
1069163,304119,0,304999,1
1069216,304128,0,305016,0
1069266,304143,0,305026,2
1069317,304161,0,305039,1
1069367,304175,0,305049,1
1069417,304191,0,305060,1
1069467,304206,0,305074,0
1069517,304221,0,305080,2
1069568,304233,0,305099,1
1069621,304247,0,305118,1
1069671,304260,0,305142,0
1069722,304280,0,305145,2
1069772,304290,0,305160,1
1069825,304303,0,305179,0
1069878,304319,0,305187,0
1069928,304332,0,305198,1
1069978,304348,0,305214,1
1070031,304366,0,305233,0
1070083,304380,0,305252,1
1070135,304395,0,305263,1
1070187,304409,0,305282,1
1070237,304425,0,305287,0
1070288,304437,0,305305,1
1070339,304453,0,305309,1
1070389,304468,0,305324,2
1070441,304482,0,305328,1
1070493,304495,0,305344,0
1070544,304508,0,305352,0
1070594,304519,0,305364,0
1070647,304537,0,305377,1
1070697,304554,0,305381,2
1070749,304571,0,305396,1
1070799,304583,0,305421,1
1070850,304599,0,305430,2
1070907,304611,0,305443,1
1070957,304628,0,305448,1
1071007,304642,0,305465,2
1071057,304656,0,305481,1
1071107,304672,0,305497,2
1071159,304687,0,305511,1
1071210,304697,0,305527,0
1071260,304712,0,305534,1
1071310,304721,0,305553,2
1071360,304738,0,305562,0
1071411,304758,0,305570,1
1071462,304773,0,305580,1
1071514,304785,0,305599,1
1071565,304802,0,305618,0
1071621,304813,0,305641,1
1071671,304832,0,305650,0
1071723,304846,0,305660,1
1071774,304860,0,305669,1
1071824,304875,0,305684,0
1071876,304888,0,305694,0
1071929,304902,0,305713,1
1071980,304919,0,305727,1
1072033,304927,0,305747,1
1072084,304944,0,305750,1
1072135,304964,0,305759,1
1072186,304979,0,305779,1
1072236,304994,0,305791,0
1072286,305008,0,305798,1
1072342,305019,0,305821,1
1072394,305037,0,305822,0
1072447,305049,0,305832,1
1072497,305067,0,305848,0
1072548,305081,0,305856,1
1072599,305095,0,305873,0
1072660,305108,0,305889,1
1072711,305120,0,305897,1
1072761,305137,0,305907,1
1072820,305156,0,305914,1
1072870,305175,0,305925,1
1072923,305186,0,305936,1
1072978,305205,0,305950,1
1073028,305214,0,305969,0
1073078,305231,0,305973,1
1073128,305245,0,305982,1
1073179,305259,0,305987,1
1073229,305274,0,306001,1
1073280,305289,0,306016,0
1073331,305302,0,306028,1
1073385,305315,0,306042,1
1073435,305326,0,306062,0
1073488,305343,0,306083,1
1073538,305363,0,306100,2
1073589,305379,0,306108,1
1073639,305393,0,306125,1
1073691,305408,0,306142,1
1073745,305418,0,306161,1
1073795,305437,0,306176,0
1073846,305448,0,306201,1
1073896,305465,0,306220,2
1073947,305478,0,306249,0
1073997,305494,0,306266,1
1074047,305506,0,306291,1
1074099,305519,0,306300,0
1074151,305529,0,306314,1
1074201,305549,0,306319,1
1074253,305568,0,306336,1
1074304,305581,0,306367,0
1074355,305598,0,306388,0
1074406,305610,0,306415,0
1074456,305621,0,306428,1
1074506,305639,0,306445,1
1074556,305651,0,306464,2
1074606,305667,0,306477,1
1074663,305681,0,306491,1
1074714,305697,0,306505,0
1074765,305707,0,306532,0
1074818,305720,0,306548,1
1074869,305734,0,306564,1
1074921,305753,0,306581,1
1074971,305775,0,306588,1
1075021,305784,0,306615,1
1075072,305803,0,306632,0
1075129,305812,0,306640,1
1075185,305830,0,306660,1
1075235,305845,0,306668,0
1075285,305859,0,306682,1
1075336,305874,0,306703,1
1075386,305891,0,306717,1
1075436,305901,0,306729,0
1075488,305913,0,306745,1
1075539,305925,0,306760,0
1075591,305943,0,306764,1
1075644,305958,0,306782,1
1075694,305979,0,306791,0
1075745,305990,0,306804,1
1075796,306005,0,306835,0
1075847,306017,0,306851,0
1075902,306032,0,306857,1
1075953,306048,0,306871,0
1076004,306065,0,306883,1
1076054,306079,0,306896,0
1076105,306093,0,306907,0
1076157,306107,0,306917,0
1076207,306119,0,306941,0
1076257,306129,0,306957,0
1076308,306148,0,306973,0
1076362,306163,0,306976,1
1076414,306181,0,306987,0
1076467,306198,0,307001,1
1076519,306210,0,307025,0
1076573,306224,0,307038,1
1076625,306242,0,307059,1
1076676,306256,0,307080,1
1076728,306271,0,307094,1
1076779,306286,0,307108,0
1076836,306299,0,307129,1
1076887,306311,0,307151,1
1076937,306323,0,307168,1
1076987,306338,0,307178,1
1077037,306351,0,307200,0
1077088,306372,0,307203,1
1077140,306386,0,307216,0
1077190,306405,0,307234,0
1077240,306415,0,307256,2
1077291,306428,0,307263,1
1077341,306445,0,307274,0
1077391,306460,0,307281,2
1077441,306473,0,307296,1
1077491,306491,0,307310,1
1077541,306500,0,307330,1
1077591,306512,0,307361,1
1077643,306523,0,307423,1
1077695,306538,0,307429,1
1077746,306552,0,307445,0
1077796,306573,0,307459,1
1077846,306586,0,307486,0
1077897,306605,0,307498,0
1077949,306616,0,307509,0
1078000,306630,0,307531,0
1078050,306646,0,307539,1
1078103,306660,0,307555,2
1078154,306676,0,307565,1
1078205,306693,0,307622,0
1078263,306705,0,307641,1
1078313,306718,0,307654,1
1078363,306729,0,307665,0
1078414,306746,0,307677,1
1078467,306757,0,307695,1
1078518,306781,0,307697,4
1078569,306795,0,307712,1
1078619,306810,0,307726,0
1078672,306823,0,307742,0
1078723,306836,0,307753,1
1078774,306851,0,307765,1
1078825,306866,0,307772,1
1078876,306883,0,307790,1
1078927,306898,0,307800,1
1078977,306908,0,307844,1
1079029,306919,0,307887,0
1079079,306934,0,307905,0
1079129,306949,0,307931,0
1079179,306960,0,307948,1
1079229,306983,0,307999,2
1079281,306999,0,308010,1
1079332,307011,0,308029,0
1079382,307026,0,308038,1
1079434,307040,0,308050,1
1079486,307053,0,308068,1
1079537,307072,0,308075,1
1079589,307088,0,308081,1
1079640,307099,0,308103,1
1079690,307110,0,308126,0
1079748,307122,0,308151,1
1079798,307137,0,308158,0
1079851,307152,0,308168,0
1079904,307172,0,308180,1
1079958,307188,0,308198,1
1080008,307206,0,308202,1
1080059,307218,0,308219,0
1080119,307231,0,308230,1
1080169,307249,0,308238,1
1080219,307260,0,308250,1
1080270,307277,0,308263,0
1080320,307296,0,308273,1
1080372,307306,0,308285,1
1080425,307318,0,308292,1
1080477,307330,0,308303,0
1080527,307345,0,308312,1
1080582,307356,0,308331,1
1080634,307380,0,308335,1
1080684,307397,0,308348,1
1080736,307411,0,308362,0
1080788,307424,0,308382,1
1080840,307438,0,308401,1
1080891,307453,0,308412,0
1080943,307468,0,308428,1
1080994,307485,0,308444,1
1081044,307499,0,308459,0
1081096,307511,0,308475,1
1081146,307521,0,308493,1
1081197,307536,0,308506,0
1081250,307551,0,308524,1
1081302,307560,0,308540,1
1081352,307584,0,308547,2
1081403,307601,0,308558,1
1081454,307616,0,308577,0
1081507,307630,0,308589,1
1081557,307644,0,308601,1
1081607,307656,0,308621,1
1081657,307675,0,308641,1
1081711,307687,0,308657,1
1081761,307702,0,308663,2
1081811,307712,0,308682,0
1081861,307724,0,308706,0
1081911,307740,0,308718,2
1081961,307753,0,308738,0
1082011,307763,0,308755,1
1082064,307787,0,308763,0
1082114,307807,0,308781,2
1082168,307819,0,308805,0
1082221,307831,0,308825,1
1082273,307849,0,308835,0
1082325,307861,0,308864,1
1082375,307877,0,308873,0
1082426,307893,0,308882,1
1082477,307904,0,308895,1
1082528,307918,0,308919,1
1082578,307930,0,308935,1
1082628,307944,0,308945,1
1082679,307955,0,308967,0
1082730,307973,0,308977,1
1082782,307993,0,308986,1
1082832,308008,0,308989,1
1082882,308023,0,308998,1
1082935,308035,0,309015,1
1082985,308051,0,309034,1
1083035,308064,0,309050,0
1083085,308078,0,309054,1
1083135,308096,0,309067,1
1083187,308107,0,309085,1
1083238,308119,0,309102,0
1083290,308131,0,309115,1
1083340,308146,0,309133,1
1083391,308156,0,309154,0
1083444,308178,0,309158,1
1083494,308195,0,309171,0
1083552,308212,0,309187,0
1083602,308226,0,309207,1
1083652,308238,0,309219,0
1083702,308253,0,309234,0
1083753,308268,0,309240,1
1083806,308284,0,309254,1
1083857,308300,0,309268,0
1083909,308312,0,309285,1
1083963,308324,0,309294,1
1084013,308337,0,309314,0
1084063,308353,0,309328,0
1084123,308362,0,309350,1
1084180,308385,0,309350,1
1084232,308406,0,309352,0
1084282,308423,0,309374,2
1084332,308432,0,309392,0
1084383,308449,0,309407,1
1084434,308460,0,309428,2
1084484,308477,0,309438,0
1084536,308493,0,309450,1
1084586,308505,0,309459,0
1084637,308516,0,309476,1
1084689,308530,0,309487,0
1084742,308546,0,309503,1
1084792,308556,0,309526,0
1084842,308570,0,309539,0
1084895,308590,0,309544,1
1084948,308612,0,309549,0
1084998,308623,0,309565,0
1085052,308636,0,309582,1
1085103,308653,0,309597,0
1085154,308667,0,309618,1
1085205,308682,0,309635,1
1085255,308699,0,309648,1
1085307,308710,0,309665,1
1085359,308721,0,309681,1
1085410,308737,0,309692,1
1085462,308753,0,309706,1
1085514,308759,0,309723,1
1085565,308776,0,309739,1
1085619,308798,0,309745,1
1085669,308817,0,309759,1
1085719,308830,0,309776,1
1085769,308843,0,309788,1
1085819,308855,0,309808,0
1085872,308872,0,309818,1
1085922,308888,0,309824,1
1085973,308901,0,309836,1
1086023,308914,0,309846,1
1086080,308925,0,309861,1
1086130,308941,0,309871,1
1086180,308955,0,309891,0
1086230,308963,0,309917,1
1086281,308979,0,309938,0
1086331,308999,0,309942,1
1086381,309018,0,310003,1
1086432,309030,0,310010,0
1086487,309047,0,310024,1
1086540,309059,0,310039,1
1086592,309078,0,310048,1
1086649,309093,0,310059,1
1086700,309106,0,310084,0
1086751,309118,0,310094,1
1086801,309131,0,310108,1
1086851,309146,0,310112,2
1086901,309156,0,310128,0
1086952,309172,0,310145,1
1087004,309184,0,310163,1
1087059,309212,0,310163,1
1087110,309225,0,310182,1
1087161,309238,0,310193,1
1087211,309254,0,310209,0
1087261,309266,0,310219,2
1087313,309280,0,310228,1
1087364,309299,0,310241,1
1087417,309312,0,310266,1
1087469,309322,0,310281,1
1087519,309337,0,310295,1
1087572,309351,0,310308,1
1087622,309360,0,310327,2
1087685,309377,0,310348,1
1087736,309396,0,310371,1
1087786,309412,0,310371,1
1087836,309426,0,310385,0
1087888,309447,0,310398,1
1087938,309458,0,310420,0
1087989,309475,0,310435,1
1088042,309486,0,310453,1
1088097,309505,0,310468,1
1088150,309517,0,310490,1
1088201,309530,0,310501,1
1088254,309545,0,310507,1
1088305,309557,0,310517,1
1088355,309570,0,310530,1
1088407,309582,0,310554,1
1088457,309599,0,310561,1
1088507,309618,0,310572,1
1088557,309636,0,310584,1
1088609,309654,0,310594,1
1088659,309664,0,310612,0
1088709,309679,0,310629,0
1088759,309694,0,310639,1
1088809,309707,0,310654,1
1088863,309719,0,310671,1
1088915,309734,0,310685,1
1088966,309749,0,310711,0
1089016,309758,0,310735,1
1089072,309773,0,310754,1
1089124,309789,0,310765,1
1089175,309806,0,310777,1
1089227,309825,0,310791,0
1089279,309843,0,310804,1
1089332,309856,0,310823,1
1089382,309871,0,310841,1
1089434,309884,0,310858,1
1089485,309900,0,310862,1
1089538,309914,0,310872,0
1089588,309925,0,310887,1
1089639,309939,0,310910,0
1089689,309953,0,310918,1
1089743,309964,0,310937,1
1089794,309979,0,310946,1
1089844,309996,0,310960,0
1089894,310012,0,310968,1
1089944,310027,0,310980,1
1089996,310043,0,310984,1
1090046,310060,0,310994,1
1090096,310076,0,311003,2
1090146,310085,0,311020,1
1090196,310101,0,311035,2
1090246,310115,0,311058,1
1090296,310128,0,311086,2
1090346,310140,0,311098,0
1090397,310154,0,311109,1
1090447,310165,0,311130,1
1090498,310179,0,311184,1
1090548,310196,0,311186,1
1090598,310212,0,311193,2
1090652,310230,0,311202,1
1090704,310244,0,311220,0
1090754,310261,0,311228,0
1090805,310279,0,311243,0
1090858,310288,0,311259,1
1090909,310305,0,311273,1
1090959,310318,0,311288,1
1091009,310329,0,311300,1
1091059,310344,0,311318,0
1091112,310357,0,311329,0
1091162,310369,0,311353,0
1091216,310382,0,311375,1
1091268,310398,0,311387,0
1091318,310421,0,311390,1
1091371,310435,0,311400,1
1091424,310449,0,311412,1
1091474,310466,0,311419,1
1091525,310480,0,311432,1
1091575,310493,0,311435,2
1091625,310508,0,311453,1
1091677,310521,0,311467,1
1091727,310536,0,311485,1
1091777,310550,0,311502,0
1091827,310558,0,311518,0
1091878,310572,0,311526,1
1091928,310584,0,311536,1
1091979,310601,0,311546,1
1092033,310623,0,311561,1
1092084,310638,0,311577,1
1092134,310652,0,311594,1
1092184,310668,0,311599,2
1092236,310682,0,311613,1
1092288,310692,0,311619,1
1092341,310713,0,311635,1
1092391,310725,0,311665,0
1092443,310739,0,311682,0
1092495,310753,0,311702,1
1092546,310763,0,311716,0
1092598,310777,0,311732,1
1092655,310794,0,311746,0
1092707,310813,0,311756,1
1092760,310829,0,311771,0
1092811,310843,0,311782,1
1092862,310861,0,311794,1
1092915,310879,0,311803,0
1092965,310886,0,311824,0
1093017,310903,0,311834,1
1093067,310918,0,311847,0
1093119,310930,0,311860,0
1093171,310945,0,311872,1
1093221,310957,0,311887,0
1093276,310970,0,311901,1
1093326,310983,0,311914,1
1093376,310999,0,311937,1
1093426,311022,0,311944,2
1093480,311035,0,311957,1
1093535,311051,0,311968,1
1093585,311065,0,311982,1
1093635,311081,0,311992,0
1093685,311091,0,312008,1
1093735,311109,0,312027,1
1093786,311121,0,312038,1
1093836,311134,0,312057,0
1093886,311148,0,312081,0
1093936,311160,0,312104,1
1093986,311173,0,312134,1
1094038,311186,0,312145,1
1094088,311201,0,312160,1
1094138,311223,0,312167,1
1094190,311237,0,312178,1
1094240,311252,0,312191,0
1094291,311268,0,312206,1
1094342,311282,0,312227,1
1094392,311293,0,312241,1
1094443,311311,0,312242,1
1094498,311325,0,312303,1
1094549,311339,0,312317,1
1094601,311353,0,312328,1
1094651,311364,0,312343,1
1094701,311377,0,312368,1
1094752,311392,0,312375,1
1094803,311406,0,312389,1
1094855,311427,0,312391,1
1094905,311442,0,312403,0
1094956,311458,0,312416,1
1095006,311475,0,312437,1
1095056,311482,0,312466,0
1095106,311495,0,312473,1
1095159,311516,0,312482,1
1095210,311528,0,312498,1
1095262,311542,0,312506,1
1095315,311557,0,312521,1
1095366,311568,0,312540,0
1095420,311581,0,312555,1
1095470,311596,0,312573,1
1095521,311614,0,312591,1
1095573,311630,0,312602,0
1095623,311644,0,312622,1
1095678,311661,0,312629,0
1095731,311679,0,312639,0
1095787,311687,0,312652,0
1095837,311706,0,312656,1
1095887,311719,0,312672,1
1095937,311732,0,312690,1
1095992,311747,0,312704,1
1096042,311761,0,312719,1
1096093,311771,0,312738,1
1096144,311787,0,312754,1
1096195,311802,0,312769,1
1096245,311822,0,312777,1
1096298,311837,0,312788,1
1096354,311851,0,312801,1
1096404,311869,0,312815,1
1096455,311882,0,312828,0
1096506,311893,0,312846,1
1096556,311914,0,312859,0
1096606,311921,0,312866,1
1096656,311940,0,312884,1
1096706,311953,0,312947,1
1096757,311964,0,312967,0
1096808,311978,0,312979,1
1096860,311992,0,312991,1
1096910,312005,0,313019,2
1096961,312027,0,313022,1
1097011,312039,0,313031,1
1097063,312053,0,313052,1
1097114,312070,0,313068,1
1097166,312084,0,313087,1
1097221,312096,0,313104,1
1097271,312117,0,313122,0
1097321,312128,0,313135,2
1097375,312144,0,313145,1
1097426,312157,0,313164,0
1097478,312167,0,313196,1
1097529,312181,0,313262,0
1097579,312195,0,313269,1
1097629,312212,0,313272,1
1097679,312231,0,313279,1
1097732,312244,0,313292,1
1097784,312261,0,313310,1
1097834,312279,0,313320,0
1097884,312286,0,313341,0
1097938,312300,0,313357,1
1097991,312319,0,313366,1
1098041,312332,0,313385,0
1098091,312346,0,313401,0
1098146,312360,0,313412,1
1098197,312370,0,313431,0
1098247,312383,0,313447,0
1098302,312401,0,313465,0
1098353,312414,0,313473,1
1098405,312437,0,313480,1
1098455,312451,0,313489,1
1098509,312468,0,313499,1
1098561,312483,0,313511,1
1098611,312493,0,313535,2
1098661,312506,0,313544,1
1098717,312522,0,313560,1
1098767,312540,0,313564,1
1098817,312553,0,313578,4
1098867,312564,0,313591,0
1098919,312576,0,313599,1
1098970,312588,0,313617,1
1099021,312605,0,313634,1
1099072,312626,0,313644,1
1099122,312640,0,313662,0
1099172,312654,0,313681,0
1099225,312673,0,313682,1
1099276,312685,0,313705,1
1099330,312697,0,313724,0
1099384,312716,0,313735,1
1099440,312728,0,313755,1
1099491,312746,0,313761,0
1099543,312759,0,313776,0
1099593,312769,0,313791,2
1099644,312782,0,313806,1
1099696,312797,0,313814,1
1099747,312812,0,313828,1
1099797,312835,0,313837,1
1099848,312847,0,313858,1
1099900,312861,0,313884,1
1099951,312881,0,313895,0
1100002,312889,0,313914,1
1100053,312904,0,313931,1
1100103,312917,0,313937,1
1100155,312930,0,313997,1
1100205,312947,0,314002,0
1100258,312962,0,314026,1
1100309,312973,0,314037,1
1100362,312986,0,314046,1
1100412,313003,0,314054,1
1100463,313018,0,314072,1
1100514,313039,0,314134,1
1100564,313052,0,314150,1
1100614,313066,0,314165,1
1100667,313084,0,314172,1
1100718,313093,0,314195,1
1100768,313107,0,314220,1
1100819,313121,0,314235,1
1100869,313134,0,314248,1
1100923,313149,0,314255,1
1100973,313164,0,314262,0
1101023,313175,0,314279,0
1101073,313187,0,314296,0
1101124,313204,0,314305,0
1101180,313223,0,314313,1
1101232,313241,0,314327,1
1101283,313255,0,314339,1
1101335,313275,0,314355,1
1101385,313285,0,314374,0
1101437,313298,0,314394,1
1101487,313312,0,314407,0
1101545,313326,0,314422,1
1101596,313345,0,314439,1
1101646,313359,0,314458,0
1101696,313367,0,314467,0
1101747,313381,0,314484,1
1101797,313393,0,314496,1
1101847,313411,0,314524,0
1101898,313429,0,314538,1
1101951,313447,0,314546,1
1102005,313459,0,314608,1
1102055,313481,0,314610,1
1102106,313489,0,314638,0
1102156,313501,0,314649,1
1102206,313516,0,314710,1
1102257,313528,0,314733,1
1102311,313547,0,314747,0
1102361,313560,0,314754,1
1102411,313573,0,314763,2
1102461,313585,0,314790,1
1102514,313601,0,314795,1
1102564,313616,0,314814,0
1102617,313635,0,314817,1
1102667,313652,0,314826,2
1102724,313665,0,314842,1
1102774,313684,0,314850,0
1102826,313694,0,314877,1
1102879,313707,0,314895,1
1102929,313723,0,314913,1
1102979,313736,0,314923,2
1103029,313750,0,314938,1
1103080,313764,0,314951,0
1103130,313777,0,314959,0
1103184,313787,0,314974,0
1103235,313806,0,314990,0
1103285,313821,0,315009,1
1103338,313839,0,315020,1
1103392,313855,0,315032,1
1103442,313870,0,315090,2
1103493,313886,0,315107,0
1103543,313898,0,315121,1
1103593,313912,0,315133,1
1103645,313925,0,315145,1
1103695,313943,0,315159,1
1103745,313954,0,315175,1
1103796,313966,0,315190,0
1103846,313979,0,315213,0
1103896,313989,0,315235,1
1103946,314011,0,315238,2
1103997,314025,0,315254,1
1104047,314041,0,315268,0
1104097,314056,0,315278,1
1104150,314071,0,315295,0
1104204,314087,0,315299,0
1104255,314100,0,315320,1
1104305,314113,0,315337,1
1104356,314127,0,315359,1
1104407,314147,0,315369,1
1104458,314158,0,315398,1
1104508,314168,0,315416,1
1104561,314182,0,315432,1
1104611,314192,0,315451,0
1104665,314209,0,315453,1
1104715,314230,0,315453,2
1104767,314247,0,315473,1
1104821,314261,0,315488,1
1104874,314274,0,315503,1
1104924,314292,0,315521,2
1104974,314305,0,315542,1
1105026,314319,0,315547,1
1105077,314331,0,315555,1
1105127,314348,0,315564,1
1105178,314362,0,315587,0
1105229,314375,0,315607,1
1105280,314387,0,315619,1
1105330,314396,0,315631,0
1105380,314413,0,315655,2
1105430,314435,0,315660,3
1105480,314451,0,315668,0
1105532,314464,0,315686,1
1105582,314478,0,315698,2
1105634,314493,0,315718,1
1105685,314508,0,315726,2
1105736,314521,0,315749,1
1105786,314531,0,315764,1
1105837,314551,0,315768,1
1105888,314564,0,315785,0
1105941,314577,0,315804,0
1105995,314588,0,315819,1
1106046,314602,0,315842,1
1106100,314618,0,315852,1
1106153,314641,0,315862,0
1106207,314658,0,315875,0
1106258,314672,0,315884,1
1106308,314687,0,315887,1
1106358,314700,0,315906,2
1106408,314712,0,315967,1
1106462,314727,0,315983,1
1106512,314742,0,315992,1
1106562,314760,0,316006,2
1106613,314767,0,316025,0
1106664,314783,0,316041,1
1106714,314792,0,316058,1
1106764,314808,0,316066,0
1106814,314825,0,316080,2
1106864,314845,0,316096,1
1106916,314859,0,316100,1
1106966,314872,0,316106,1
1107019,314890,0,316117,1
1107069,314903,0,316140,1
1107120,314914,0,316161,0
1107171,314929,0,316172,1
1107221,314945,0,316186,1
1107272,314960,0,316192,1
1107322,314970,0,316211,0
1107372,314983,0,316220,0
1107422,314994,0,316240,0
1107472,315009,0,316247,0
1107523,315023,0,316266,1
1107574,315046,0,316273,1
1107626,315060,0,316291,1
1107679,315073,0,316304,0
1107731,315092,0,316315,1
1107782,315104,0,316326,0
1107834,315117,0,316347,1
1107885,315130,0,316357,0
1107935,315147,0,316365,2
1107985,315162,0,316396,0
1108037,315174,0,316410,1
1108090,315187,0,316422,0
1108141,315197,0,316436,1
1108191,315214,0,316440,1
1108241,315232,0,316451,2
1108291,315253,0,316470,1
1108341,315264,0,316493,0
1108391,315274,0,316506,1
1108441,315294,0,316524,1
1108491,315308,0,316542,1
1108541,315320,0,316555,1
1108595,315331,0,316576,1
1108645,315351,0,316583,2
1108695,315364,0,316603,1
1108745,315376,0,316616,1
1108795,315387,0,316631,0
1108846,315396,0,316649,1
1108899,315415,0,316658,1
1108952,315435,0,316665,1
1109002,315455,0,316677,0
1109052,315467,0,316689,1
1109103,315478,0,316709,1
1109154,315495,0,316721,1
1109204,315509,0,316732,0
1109254,315524,0,316739,1
1109306,315533,0,316747,0
1109357,315552,0,316758,1
1109407,315567,0,316766,1
1109457,315577,0,316798,0
1109507,315588,0,316814,0
1109557,315601,0,316831,1
1109607,315618,0,316840,2
1109659,315636,0,316851,1
1109709,315652,0,316859,1
1109760,315669,0,316878,1
1109811,315678,0,316896,1
1109861,315696,0,316905,1
1109912,315712,0,316915,1
1109962,315726,0,316931,0
1110013,315734,0,316949,1
1110063,315754,0,316959,1
1110118,315768,0,316975,1
1110169,315779,0,316993,1
1110219,315790,0,317006,0
1110269,315805,0,317012,1
1110320,315819,0,317023,1
1110371,315845,0,317029,5
1110421,315857,0,317045,1
1110472,315871,0,317059,0
1110522,315884,0,317065,1
1110574,315898,0,317077,1
1110626,315914,0,317090,0
1110680,315928,0,317105,1
1110730,315938,0,317124,0
1110780,315961,0,317133,2
1110831,315971,0,317164,1
1110881,315982,0,317182,1
1110933,315994,0,317202,0
1110983,316009,0,317209,0
1111034,316021,0,317219,1
1111086,316044,0,317225,1
1111136,316060,0,317235,0
1111191,316073,0,317247,1
1111241,316090,0,317262,3
1111296,316104,0,317270,1
1111346,316119,0,317290,1
1111396,316130,0,317303,0
1111446,316146,0,317320,1
1111496,316163,0,317325,1
1111546,316175,0,317340,1
1111597,316187,0,317368,0
1111650,316195,0,317388,0
1111700,316212,0,317396,1
1111750,316228,0,317409,1
1111801,316249,0,317415,1
1111852,316262,0,317427,0
1111902,316275,0,317447,1
1111952,316294,0,317459,0
1112003,316308,0,317476,1
1112054,316321,0,317490,1
1112105,316332,0,317517,0
1112155,316344,0,317529,1
1112205,316363,0,317531,0
1112255,316377,0,317545,0
1112307,316388,0,317562,0
1112358,316397,0,317585,0
1112408,316413,0,317596,0
1112459,316431,0,317608,1
1112512,316451,0,317617,0
1112563,316463,0,317631,1
1112613,316477,0,317642,1
1112663,316495,0,317655,1
1112714,316510,0,317673,1
1112764,316524,0,317683,2
1112814,316534,0,317698,1
1112864,316546,0,317714,1
1112916,316565,0,317724,1
1112966,316578,0,317735,1
1113016,316589,0,317751,1
1113075,316601,0,317759,1
1113125,316619,0,317759,1
1113176,316637,0,317772,0
1113226,316654,0,317780,1
1113277,316664,0,317799,1
1113328,316681,0,317812,0
1113380,316698,0,317831,1
1113430,316715,0,317843,1
1113483,316728,0,317850,1
1113533,316737,0,317868,2
1113586,316748,0,317877,1
1113638,316770,0,317885,1
1113688,316784,0,317898,0
1113739,316791,0,317931,0
1113789,316805,0,317939,2
1113839,316820,0,317959,1
1113889,316839,0,317967,0
1113940,316857,0,317975,1
1113990,316868,0,317985,1
1114041,316883,0,317997,1
1114091,316903,0,318001,1
1114141,316916,0,318011,2
1114192,316929,0,318037,0
1114242,316938,0,318057,0
1114297,316950,0,318069,1
1114347,316971,0,318075,1
1114398,316985,0,318089,0
1114449,316993,0,318105,0
1114501,317005,0,318108,1
1114551,317024,0,318112,1
1114604,317044,0,318115,1
1114657,317062,0,318132,1
1114707,317073,0,318153,1
1114758,317086,0,318174,1
1114808,317106,0,318191,0
1114860,317118,0,318202,1
1114910,317131,0,318209,1
1114963,317140,0,318222,0
1115014,317161,0,318239,1
1115064,317177,0,318255,2
1115114,317186,0,318278,1
1115164,317195,0,318297,1
1115214,317208,0,318306,1
1115265,317228,0,318312,0
1115315,317250,0,318326,3
1115368,317262,0,318344,0
1115418,317278,0,318357,2
1115469,317289,0,318369,1
1115520,317308,0,318378,0
1115570,317321,0,318388,1
1115620,317334,0,318404,0
1115671,317343,0,318434,1
1115721,317360,0,318443,1
1115771,317378,0,318452,1
1115821,317388,0,318455,1
1115875,317397,0,318468,1
1115926,317411,0,318479,1
1115980,317433,0,318490,1
1116030,317453,0,318505,0
1116082,317464,0,318519,0
1116134,317481,0,318528,1
1116184,317495,0,318536,2
1116235,317509,0,318543,1
1116288,317524,0,318552,1
1116339,317535,0,318567,1
1116389,317546,0,318594,0
1116441,317565,0,318595,1
1116493,317583,0,318607,1
1116544,317592,0,318629,1
1116595,317601,0,318640,0
1116648,317618,0,318647,1
1116698,317637,0,318650,1
1116750,317657,0,318662,1
1116800,317670,0,318676,1
1116851,317683,0,318689,1
1116903,317700,0,318701,1
1116959,317713,0,318713,1
1117010,317729,0,318724,1
1117064,317740,0,318740,0
1117127,317751,0,318764,1
1117177,317777,0,318770,0
1117228,317788,0,318783,1
1117279,317797,0,318802,0
1117333,317810,0,318810,1
1117384,317829,0,318818,1
1117434,317853,0,318820,1
1117484,317864,0,318848,0
1117536,317880,0,318862,1
1117587,317895,0,318882,2
1117637,317910,0,318900,2
1117688,317924,0,318916,1
1117738,317934,0,318936,0
1117789,317946,0,318951,0
1117839,317954,0,318962,1
1117890,317980,0,318969,1
1117941,317991,0,318984,0
1117993,318000,0,319006,1
1118045,318014,0,319017,1
1118097,318032,0,319033,1
1118147,318055,0,319044,1
1118198,318066,0,319063,1
1118249,318082,0,319088,0
1118300,318098,0,319108,1
1118350,318112,0,319125,1
1118400,318125,0,319138,0
1118452,318137,0,319155,1
1118502,318149,0,319168,1
1118552,318160,0,319201,1
1118602,318182,0,319213,0
1118654,318193,0,319227,1
1118704,318203,0,319257,1
1118754,318219,0,319282,1
1118804,318235,0,319303,1
1118855,318257,0,319313,1
1118909,318268,0,319330,1
1118959,318285,0,319348,1
1119009,318300,0,319365,0
1119060,318313,0,319431,1
1119110,318328,0,319447,0
1119160,318340,0,319464,1
1119210,318350,0,319482,0
1119261,318363,0,319498,1
1119311,318384,0,319510,0
1119367,318393,0,319527,0
1119417,318404,0,319547,0
1119470,318421,0,319567,1
1119521,318442,0,319581,1
1119572,318462,0,319597,0
1119624,318472,0,319614,1
1119674,318488,0,319630,1
1119727,318506,0,319641,1
1119779,318519,0,319662,1
1119829,318534,0,319674,2
1119880,318542,0,319697,1
1119931,318551,0,319713,1
1119982,318572,0,319722,1
1120032,318586,0,319740,0
1120085,318597,0,319764,0
1120137,318610,0,319779,1
1120189,318624,0,319793,1
1120242,318649,0,319806,1
1120292,318665,0,319813,1
1120344,318680,0,319836,1
1120394,318695,0,319856,1
1120446,318709,0,319864,1
1120496,318724,0,319879,0
1120552,318736,0,319904,0
1120602,318746,0,319927,0
1120653,318755,0,319941,1
1120707,318778,0,319941,1
1120757,318793,0,319951,1
1120807,318802,0,319971,1
1120858,318813,0,319980,1
1120908,318832,0,319989,1
1120958,318856,0,320004,1
1121009,318867,0,320027,0
1121059,318883,0,320033,0
1121112,318897,0,320046,0
1121162,318913,0,320063,1
1121218,318927,0,320077,1
1121268,318939,0,320092,1
1121319,318950,0,320111,0
1121369,318962,0,320126,3
1121419,318983,0,320134,1
1121470,318993,0,320151,0
1121522,319004,0,320159,0
1121576,319018,0,320174,1
1121627,319040,0,320180,1
1121685,319061,0,320182,0
1121737,319074,0,320205,1
1121788,319090,0,320215,1
1121839,319108,0,320224,0
1121889,319119,0,320249,1
1121940,319134,0,320264,0
1121990,319143,0,320292,0
1122043,319153,0,320318,1
1122094,319173,0,320330,1
1122144,319190,0,320347,1
1122195,319197,0,320359,1
1122247,319212,0,320371,1
1122302,319226,0,320385,1
1122352,319247,0,320385,3
1122409,319266,0,320397,1
1122460,319283,0,320457,0
1122516,319296,0,320518,1
1122566,319313,0,320525,1
1122616,319326,0,320538,1
1122667,319338,0,320551,1
1122718,319350,0,320569,1
1122768,319357,0,320587,1
1122818,319377,0,320587,1
1122870,319393,0,320597,0
1122924,319403,0,320611,1
1122974,319415,0,320633,1
1123024,319436,0,320644,2
1123076,319460,0,320658,2
1123126,319470,0,320677,1
1123176,319485,0,320682,0
1123226,319498,0,320697,1
1123276,319514,0,320699,1
1123326,319528,0,320716,1
1123379,319539,0,320729,1
1123429,319550,0,320748,0
1123479,319560,0,320768,2
1123530,319579,0,320775,1
1123580,319594,0,320784,1
1123630,319603,0,320806,1
1123681,319618,0,320816,1
1123732,319636,0,320824,1
1123782,319659,0,320828,1
1123835,319673,0,320844,0
1123886,319685,0,320859,0
1123936,319699,0,320876,0
1123986,319715,0,320896,0
1124039,319732,0,320910,1
1124089,319741,0,320926,0
1124140,319752,0,320946,1
1124191,319762,0,320960,1
1124241,319784,0,320968,1
1124291,319794,0,320978,0
1124341,319806,0,320993,0
1124392,319820,0,321008,1
1124442,319838,0,321012,1
1124493,319862,0,321017,1
1124546,319874,0,321039,1
1124598,319888,0,321055,1
1124651,319902,0,321070,1
1124701,319919,0,321084,1
1124752,319936,0,321099,0
1124803,319943,0,321118,1
1124853,319954,0,321133,0
1124904,319967,0,321151,1
1124956,319988,0,321163,1
1125006,319996,0,321190,0
1125057,320012,0,321209,1
1125107,320024,0,321228,1
1125158,320044,0,321236,1
1125213,320062,0,321245,1
1125263,320083,0,321264,2
1125313,320093,0,321276,1
1125366,320106,0,321287,1
1125417,320125,0,321299,0
1125467,320137,0,321314,1
1125518,320147,0,321339,1
1125569,320154,0,321362,0
1125623,320175,0,321366,1
1125674,320193,0,321379,0
1125724,320201,0,321389,1
1125774,320213,0,321402,0
1125825,320229,0,321418,1
1125878,320247,0,321421,1
1125928,320267,0,321422,1
1125980,320285,0,321438,0
1126033,320298,0,321450,1
1126083,320313,0,321463,3
1126133,320328,0,321484,0
1126186,320339,0,321502,1
1126236,320351,0,321514,1
1126290,320358,0,321531,1
1126341,320379,0,321535,1
1126391,320394,0,321553,0
1126445,320404,0,321571,1
1126495,320419,0,321584,0
1126545,320435,0,321596,1
1126595,320454,0,321612,0
1126646,320474,0,321628,1
1126698,320487,0,321644,1
1126749,320500,0,321649,1
1126799,320517,0,321663,1
1126849,320532,0,321676,0
1126900,320542,0,321700,1
1126950,320552,0,321721,0
1127000,320561,0,321747,2
1127050,320583,0,321759,2
1127101,320595,0,321776,1
1127151,320606,0,321799,0
1127204,320621,0,321807,1
1127255,320639,0,321814,1
1127308,320655,0,321824,1
1127358,320677,0,321834,1
1127408,320689,0,321853,1
1127459,320702,0,321870,0
1127511,320719,0,321879,1
1127563,320736,0,321888,1
1127613,320744,0,321911,0
1127663,320754,0,321930,1
1127713,320765,0,321946,1
1127763,320787,0,321952,1
1127820,320796,0,321971,1
1127871,320811,0,321993,0
1127921,320826,0,322006,1
1127971,320846,0,322017,0
1128022,320858,0,322028,1
1128073,320882,0,322037,1
1128123,320893,0,322052,1
1128175,320905,0,322077,0
1128225,320925,0,322086,1
1128277,320938,0,322109,0
1128327,320948,0,322126,1
1128381,320955,0,322148,1
1128432,320970,0,322155,1
1128485,320993,0,322163,0
1128535,321002,0,322179,1
1128587,321014,0,322198,1
1128640,321032,0,322213,1
1128690,321052,0,322228,1
1128740,321066,0,322243,1
1128790,321085,0,322257,0
1128840,321097,0,322276,0
1128890,321111,0,322284,2
1128941,321127,0,322290,1
1128992,321139,0,322294,0
1129042,321151,0,322299,2
1129092,321158,0,322325,1
1129143,321171,0,322341,1
1129193,321194,0,322342,4
1129243,321203,0,322368,0
1129296,321216,0,322382,0
1129348,321233,0,322388,1
1129399,321253,0,322400,1
1129449,321270,0,322420,2
1129501,321286,0,322428,1
1129555,321300,0,322441,1
1129605,321315,0,322447,0
1129662,321328,0,322458,1
1129712,321343,0,322489,0
1129762,321353,0,322515,0
1129813,321360,0,322534,1
1129864,321377,0,322553,1
1129914,321395,0,322568,0
1129969,321406,0,322585,1
1130021,321422,0,322595,2
1130071,321440,0,322604,1
1130122,321453,0,322607,1
1130175,321474,0,322612,1
1130227,321491,0,322614,1
1130278,321505,0,322627,0
1130331,321518,0,322643,1
1130381,321537,0,322648,2
1130432,321547,0,322715,0
1130482,321554,0,322731,0
1130533,321567,0,322744,0
1130583,321584,0,322751,0
1130635,321598,0,322766,0
1130685,321612,0,322787,1
1130735,321627,0,322807,1
1130788,321644,0,322821,1
1130838,321660,0,322825,0
1130888,321678,0,322836,1
1130941,321695,0,322855,1
1130991,321709,0,322867,1
1131041,321722,0,322882,1
1131093,321739,0,322894,1
1131143,321749,0,322924,0
1131193,321757,0,322940,0
1131243,321769,0,322954,1
1131293,321788,0,322966,1
1131344,321799,0,322973,1
1131394,321814,0,322981,2
1131444,321830,0,322993,1
1131495,321846,0,323003,1
1131547,321860,0,323014,1
1131597,321878,0,323018,1
1131653,321897,0,323022,1
1131704,321912,0,323037,1
1131754,321926,0,323048,3
1131804,321941,0,323062,1
1131855,321952,0,323073,1
1131912,321959,0,323092,1
1131962,321973,0,323104,1
1132012,321993,0,323117,1
1132063,322003,0,323137,1
1132113,322017,0,323159,0
1132164,322035,0,323171,1
1132214,322051,0,323184,1
1132264,322065,0,323198,1
1132315,322086,0,323217,0
1132368,322101,0,323230,0
1132418,322117,0,323243,0
1132469,322128,0,323262,1
1132520,322144,0,323271,1
1132570,322153,0,323291,0
1132621,322160,0,323306,0
1132671,322177,0,323323,1
1132721,322194,0,323337,1
1132771,322206,0,323357,1
1132821,322218,0,323370,0
1132873,322237,0,323370,1
1132923,322252,0,323378,1
1132973,322268,0,323391,1
1133024,322289,0,323401,1
1133074,322302,0,323414,1
1133126,322317,0,323430,0
1133177,322330,0,323445,3
1133227,322345,0,323453,0
1133278,322354,0,323473,1
1133329,322362,0,323489,1
1133383,322378,0,323500,1
1133433,322397,0,323523,0
1133484,322407,0,323529,1
1133539,322420,0,323545,1
1133589,322442,0,323552,1
1133640,322454,0,323573,1
1133692,322474,0,323585,1
1133742,322494,0,323599,1
1133794,322508,0,323613,1
1133845,322519,0,323635,0
1133895,322534,0,323638,2
1133947,322549,0,323655,0
1133997,322555,0,323680,1
1134049,322569,0,323699,0
1134101,322584,0,323712,1
1134151,322598,0,323725,0
1134201,322611,0,323748,0
1134256,322625,0,323759,1
1134306,322648,0,323775,1
1134357,322662,0,323797,1
1134407,322678,0,323810,1
1134459,322698,0,323826,1
1134509,322711,0,323842,1
1134559,322723,0,323858,1
1134617,322741,0,323871,1
1134667,322753,0,323885,0
1134718,322758,0,323912,0
1134768,322774,0,323922,1
1134818,322790,0,323927,2
1134870,322801,0,323985,1
1134920,322816,0,323998,2
1134971,322830,0,324006,1
1135023,322851,0,324016,0
1135073,322865,0,324023,3
1135123,322883,0,324032,1
1135173,322901,0,324049,0
1135231,322917,0,324062,1
1135281,322927,0,324084,1
1135331,322945,0,324092,0
1135381,322954,0,324103,1
1135431,322962,0,324118,1
1135481,322977,0,324139,1
1135531,322994,0,324162,0
1135585,323006,0,324176,1
1135635,323019,0,324192,1
1135686,323038,0,324198,1
1135736,323051,0,324211,0
1135786,323070,0,324222,1
1135837,323090,0,324230,2
1135888,323105,0,324241,1
1135938,323118,0,324262,1
1135988,323130,0,324285,1
1136038,323147,0,324291,1
1136088,323154,0,324319,0
1136138,323163,0,324335,1
1136189,323178,0,324343,0
1136239,323196,0,324350,1
1136289,323209,0,324370,1
1136340,323219,0,324388,0
1136391,323239,0,324398,1
1136441,323251,0,324413,0
1136493,323271,0,324416,1
1136543,323291,0,324420,1
1136593,323306,0,324435,2
1136645,323319,0,324447,1
1136695,323331,0,324468,0
1136745,323349,0,324474,1
1136795,323354,0,324542,0
1136846,323365,0,324555,2
1136904,323380,0,324580,1
1136954,323398,0,324595,0
1137004,323410,0,324610,1
1137054,323423,0,324626,1
1137107,323444,0,324629,1
1137157,323455,0,324645,1
1137208,323476,0,324654,1
1137258,323495,0,324664,1
1137310,323510,0,324681,0
1137363,323522,0,324699,1
1137415,323536,0,324703,1
1137465,323552,0,324718,2
1137517,323556,0,324745,1
1137567,323571,0,324766,1
1137617,323585,0,324778,1
1137668,323598,0,324791,0
1137721,323614,0,324800,1
1137778,323627,0,324816,0
1137828,323648,0,324823,1
1137883,323663,0,324836,1
1137933,323683,0,324839,1
1137985,323701,0,324843,1
1138035,323716,0,324862,1
1138086,323726,0,324890,1
1138137,323740,0,324902,1
1138188,323754,0,324921,0
1138238,323761,0,324942,0
1138288,323777,0,324960,1
1138339,323794,0,324974,5
1138389,323805,0,325000,0
1138439,323819,0,325009,0
1138489,323831,0,325028,1
1138541,323851,0,325037,0
1138591,323868,0,325047,3
1138641,323886,0,325063,1
1138691,323903,0,325073,1
1138741,323918,0,325094,2
1138792,323928,0,325107,1
1138844,323942,0,325126,1
1138896,323954,0,325192,0
1138946,323963,0,325210,0
1138997,323978,0,325230,0
1139047,323997,0,325234,3
1139097,324005,0,325263,0
1139149,324019,0,325280,0
1139201,324033,0,325301,1
1139254,324052,0,325314,1
1139305,324071,0,325322,0
1139355,324090,0,325339,1
1139405,324107,0,325348,1
1139459,324118,0,325356,1
1139517,324133,0,325370,1
1139567,324150,0,325380,1
1139617,324156,0,325408,1
1139671,324171,0,325431,1
1139721,324182,0,325441,2
1139773,324198,0,325452,0
1139825,324211,0,325474,1
1139875,324227,0,325482,1
1139926,324244,0,325494,1
1139977,324258,0,325503,1
1140028,324280,0,325506,2
1140081,324295,0,325530,1
1140132,324313,0,325541,1
1140184,324324,0,325565,0
1140234,324337,0,325574,1
1140286,324354,0,325576,1
1140337,324360,0,325644,1
1140388,324375,0,325659,0
1140442,324386,0,325676,1
1140494,324404,0,325682,1
1140544,324416,0,325698,1
1140594,324431,0,325708,2
1140644,324451,0,325730,0
1140696,324461,0,325740,1
1140746,324483,0,325745,1
1140797,324502,0,325755,1
1140849,324516,0,325773,1
1140899,324529,0,325788,1
1140950,324539,0,325799,1
1141001,324555,0,325816,1
1141051,324563,0,325829,0
1141103,324578,0,325845,0
1141153,324592,0,325871,1
1141204,324606,0,325883,1
1141255,324618,0,325895,1
1141305,324633,0,325921,1
1141355,324652,0,325934,1
1141410,324665,0,325943,1
1141462,324690,0,325953,1
1141516,324707,0,325957,1
1141567,324719,0,325972,0
1141624,324733,0,325986,1
1141674,324748,0,326008,2
1141727,324757,0,326033,1
1141777,324769,0,326049,1
1141828,324782,0,326064,1
1141879,324798,0,326074,0
1141929,324811,0,326083,1
1141981,324825,0,326095,1
1142032,324842,0,326104,1
1142082,324857,0,326126,1
1142132,324875,0,326132,1
1142183,324894,0,326135,1
1142235,324913,0,326151,1
1142289,324924,0,326159,1
1142339,324935,0,326173,0
1142390,324953,0,326189,1
1142442,324960,0,326221,0
1142493,324969,0,326227,1
1142550,324986,0,326235,1
1142601,325002,0,326241,0
1142651,325017,0,326262,1
1142701,325029,0,326280,0
1142752,325050,0,326289,0
1142802,325061,0,326307,0
1142865,325083,0,326309,1
1142915,325104,0,326315,1
1142969,325118,0,326336,0
1143020,325132,0,326350,0
1143072,325145,0,326367,1
1143122,325155,0,326389,0
1143175,325165,0,326403,1
1143225,325180,0,326412,0
1143275,325194,0,326427,1
1143326,325210,0,326441,0
1143377,325221,0,326452,0
1143428,325241,0,326466,2
1143479,325256,0,326476,1
1143529,325271,0,326486,1
1143581,325286,0,326490,1
1143631,325307,0,326490,2
1143681,325320,0,326504,0
1143736,325334,0,326518,1
1143786,325349,0,326527,2
1143838,325358,0,326538,1
1143888,325367,0,326554,0
1143938,325382,0,326566,1
1143988,325398,0,326579,1
1144038,325413,0,326600,1
1144088,325423,0,326605,1
1144141,325443,0,326610,1
1144192,325458,0,326622,1
1144244,325474,0,326627,0
1144296,325488,0,326646,0
1144347,325513,0,326657,1
1144398,325524,0,326672,1
1144449,325536,0,326679,1
1144499,325554,0,326693,1
1144549,325560,0,326720,0
1144600,325570,0,326740,1
1144653,325585,0,326747,1
1144704,325601,0,326764,0
1144756,325614,0,326781,1
1144809,325628,0,326796,1
1144859,325647,0,326797,2
1144910,325661,0,326813,0
1144961,325682,0,326830,1
1145012,325693,0,326840,1
1145062,325717,0,326854,1
1145112,325729,0,326874,3
1145162,325738,0,326893,0
1145213,325755,0,326902,1
1145263,325763,0,326929,0
1145313,325773,0,326945,0
1145363,325788,0,326951,1
1145413,325804,0,326965,1
1145465,325818,0,326983,1
1145515,325829,0,327001,0
1145569,325845,0,327005,1
1145620,325863,0,327014,0
1145670,325883,0,327021,1
1145720,325895,0,327038,1
1145772,325918,0,327051,1
1145823,325931,0,327065,1
1145873,325940,0,327084,1
1145923,325955,0,327104,0
1145976,325964,0,327121,0
1146030,325975,0,327141,1
1146080,325993,0,327148,0
1146130,326010,0,327156,2
1146183,326022,0,327170,1
1146233,326037,0,327189,0
1146284,326051,0,327207,1
1146338,326066,0,327220,1
1146388,326085,0,327235,0
1146438,326106,0,327256,2
1146489,326122,0,327274,1
1146539,326133,0,327300,0
1146589,326145,0,327308,2
1146642,326158,0,327318,1
1146693,326167,0,327329,0
1146745,326177,0,327343,1
1146795,326197,0,327354,1
1146845,326213,0,327368,1
1146896,326225,0,327393,1
1146948,326239,0,327398,1
1146998,326257,0,327403,1
1147048,326270,0,327428,1
1147098,326288,0,327446,1
1147150,326304,0,327451,1
1147200,326323,0,327512,0
1147250,326335,0,327528,0
1147301,326349,0,327536,3
1147352,326359,0,327548,1
1147402,326368,0,327566,1
1147452,326381,0,327579,1
1147505,326398,0,327591,1
1147557,326413,0,327602,0
1147609,326426,0,327614,1
1147668,326441,0,327632,1
1147718,326461,0,327642,1
1147768,326477,0,327649,1
1147819,326493,0,327664,1
1147872,326509,0,327679,1
1147923,326528,0,327682,1
1147977,326539,0,327705,1
1148027,326555,0,327726,0
1148079,326564,0,327746,0
1148129,326574,0,327765,0
1148180,326589,0,327773,1
1148235,326608,0,327782,1
1148290,326621,0,327799,1
1148342,326635,0,327812,1
1148392,326651,0,327819,2
1148443,326667,0,327832,1
1148496,326685,0,327848,1
1148546,326703,0,327867,0
1148598,326712,0,327895,1
1148650,326734,0,327900,1
1148700,326744,0,327915,1
1148750,326758,0,327931,0
1148800,326767,0,327953,0
1148850,326778,0,327961,1
1148900,326795,0,327968,1
1148951,326813,0,327973,0
1149001,326824,0,327990,1
1149051,326839,0,328020,0
1149101,326854,0,328032,0
1149156,326868,0,328047,1
1149207,326888,0,328053,0
1149258,326902,0,328059,1
1149309,326916,0,328073,1
1149360,326936,0,328083,0
1149411,326948,0,328104,1
1149461,326961,0,328123,1
1149511,326968,0,328140,0
1149562,326983,0,328158,2
1149614,326999,0,328177,0
1149668,327013,0,328187,0
1149718,327027,0,328197,0
1149772,327041,0,328211,1
1149822,327061,0,328228,1
1149878,327074,0,328235,1
1149931,327092,0,328252,0
1149981,327109,0,328267,0
1150033,327127,0,328273,1
1150083,327139,0,328276,0
1150135,327155,0,328283,0
1150185,327164,0,328302,0
1150235,327172,0,328320,1
1150287,327189,0,328322,1
1150340,327204,0,328326,1
1150390,327221,0,328340,2
1150442,327234,0,328367,0
1150493,327249,0,328385,1
1150544,327266,0,328395,1
1150597,327282,0,328417,1
1150648,327294,0,328438,1
1150698,327311,0,328442,0
1150748,327329,0,328454,0
1150802,327342,0,328471,1
1150852,327358,0,328481,0
1150903,327367,0,328500,0
1150955,327374,0,328515,0
1151010,327396,0,328528,1
1151060,327413,0,328554,1
1151111,327426,0,328570,0
1151161,327439,0,328583,1
1151213,327455,0,328593,1
1151263,327471,0,328606,1
1151316,327488,0,328621,0
1151369,327500,0,328638,1
1151419,327514,0,328647,0
1151472,327534,0,328657,1
1151524,327549,0,328668,1
1151579,327562,0,328671,1
1151630,327571,0,328690,0
1151682,327582,0,328713,1
1151732,327602,0,328718,2
1151786,327615,0,328729,1
1151836,327632,0,328740,3
1151889,327644,0,328758,1
1151943,327663,0,328761,1
1151993,327677,0,328769,1
1152047,327693,0,328787,1
1152097,327711,0,328801,1
1152147,327728,0,328819,1
1152198,327740,0,328831,1
1152248,327753,0,328838,1
1152299,327765,0,328843,1
1152349,327774,0,328865,1
1152402,327787,0,328884,1
1152452,327808,0,328899,1
1152502,327823,0,328917,1
1152553,327837,0,328937,1
1152603,327848,0,328946,1
1152666,327865,0,328960,1
1152717,327887,0,328961,1
1152767,327898,0,328977,1
1152817,327914,0,328996,0
1152867,327932,0,329000,0
1152917,327945,0,329016,1
1152967,327958,0,329025,1
1153022,327969,0,329043,1
1153073,327977,0,329057,0
1153123,327997,0,329064,3
1153173,328013,0,329073,0
1153223,328027,0,329083,0
1153273,328040,0,329106,0
1153323,328057,0,329114,3
1153373,328067,0,329132,1
1153423,328088,0,329144,2
1153474,328100,0,329167,0
1153525,328116,0,329188,1
1153575,328133,0,329201,1
1153628,328147,0,329220,1
1153679,328161,0,329238,0
1153729,328169,0,329257,0
1153779,328178,0,329282,1
1153831,328193,0,329287,1
1153881,328213,0,329296,0
1153932,328227,0,329308,0
1153983,328242,0,329323,0
1154033,328258,0,329331,3
1154083,328270,0,329344,1
1154133,328289,0,329357,1
1154184,328303,0,329371,1
1154234,328317,0,329384,0
1154286,328336,0,329392,1
1154339,328348,0,329406,1
1154389,328362,0,329420,0
1154439,328372,0,329437,1
1154489,328379,0,329459,1
1154539,328392,0,329467,1
1154589,328414,0,329467,3
1154640,328429,0,329485,1
1154692,328443,0,329490,1
1154743,328458,0,329500,1
1154795,328473,0,329518,1
1154846,328492,0,329520,1
1154896,328508,0,329527,1
1154946,328517,0,329549,0
1154998,328539,0,329555,0
1155048,328550,0,329576,2
1155098,328564,0,329595,1
1155148,328573,0,329601,0
1155199,328585,0,329621,1
1155249,328595,0,329646,1
1155299,328613,0,329651,1
1155350,328632,0,329665,0
1155400,328643,0,329683,0
1155457,328662,0,329700,1
1155507,328677,0,329711,1
1155560,328695,0,329731,1
1155611,328712,0,329742,0
1155661,328723,0,329758,1
1155712,328742,0,329762,0
1155762,328753,0,329783,2
1155815,328764,0,329805,0
1155867,328774,0,329825,0
1155922,328789,0,329847,1
1155972,328803,0,329855,3
1156022,328824,0,329865,1
1156074,328838,0,329883,1
1156129,328850,0,329894,1
1156183,328867,0,329911,1
1156234,328888,0,329919,1
1156285,328902,0,329935,1
1156335,328915,0,329959,1
1156387,328928,0,330009,1
1156437,328946,0,330012,1
1156487,328960,0,330029,1
1156537,328970,0,330048,0
1156587,328978,0,330066,0
1156642,328991,0,330078,0
1156698,329011,0,330086,1
1156749,329029,0,330090,0
1156800,329043,0,330112,0
1156852,329059,0,330129,1
1156903,329074,0,330146,1
1156957,329093,0,330157,1
1157010,329108,0,330171,1
1157060,329118,0,330184,1
1157110,329134,0,330196,1
1157165,329151,0,330218,1
1157216,329165,0,330232,1
1157266,329174,0,330255,0
1157316,329187,0,330263,1
1157367,329197,0,330279,1
1157417,329213,0,330288,1
1157467,329235,0,330288,4
1157518,329249,0,330302,1
1157569,329265,0,330319,1
1157619,329281,0,330332,2
1157670,329297,0,330337,0
1157720,329312,0,330344,2
1157771,329322,0,330372,1
1157824,329337,0,330378,1
1157875,329359,0,330389,1
1157926,329366,0,330402,0
1157976,329375,0,330425,0
1158026,329388,0,330439,0
1158079,329401,0,330454,1
1158130,329415,0,330469,1
1158184,329439,0,330481,0
1158235,329452,0,330502,1
1158287,329467,0,330527,1
1158337,329483,0,330537,1
1158387,329499,0,330553,0
1158441,329515,0,330567,1
1158491,329528,0,330578,2
1158541,329545,0,330636,1
1158591,329560,0,330671,1
1158641,329569,0,330690,1
1158694,329578,0,330715,0
1158744,329591,0,330729,0
1158797,329608,0,330741,1
1158848,329618,0,330750,1
1158902,329643,0,330756,0
1158952,329655,0,330762,2
1159007,329673,0,330777,1
1159061,329693,0,330788,1
1159111,329704,0,330800,1
1159168,329718,0,330814,1
1159218,329735,0,330826,0
1159268,329752,0,330845,1
1159326,329765,0,330866,1
1159379,329776,0,330878,1
1159431,329790,0,330884,1
1159482,329801,0,330902,0
1159532,329814,0,330913,0
1159583,329837,0,330922,2
1159634,329850,0,330940,0
1159686,329866,0,330951,0
1159739,329880,0,330952,1
1159791,329899,0,330961,0
1159842,329914,0,330972,0
1159892,329926,0,330987,2
1159942,329942,0,331002,1
1159994,329959,0,331004,1
1160044,329969,0,331029,1
1160094,329978,0,331040,0
1160148,329992,0,331057,1
1160199,330008,0,331060,1
1160252,330018,0,331083,1
1160307,330043,0,331088,1
1160363,330054,0,331099,1
1160415,330073,0,331107,1
1160465,330091,0,331119,1
1160518,330105,0,331140,1
1160568,330117,0,331154,0
1160621,330134,0,331164,1
1160671,330151,0,331182,1
1160721,330164,0,331196,0
1160774,330174,0,331219,0
1160824,330187,0,331238,1
1160878,330195,0,331253,1
1160930,330213,0,331255,1
1160980,330229,0,331267,2
1161030,330249,0,331276,0
1161081,330260,0,331292,0
1161136,330278,0,331300,1
1161187,330298,0,331309,1
1161238,330310,0,331313,2
1161292,330322,0,331332,1
1161346,330340,0,331335,1
1161396,330357,0,331339,1
1161448,330369,0,331349,1
1161498,330378,0,331373,1
1161549,330392,0,331389,1
1161600,330403,0,331404,0
1161651,330417,0,331414,0
1161706,330436,0,331416,1
1161756,330453,0,331431,0
1161808,330469,0,331440,1
1161859,330487,0,331457,1
1161909,330501,0,331471,0
1161960,330516,0,331485,0
1162010,330529,0,331503,2
1162060,330544,0,331513,1
1162112,330561,0,331521,0
1162162,330573,0,331541,0
1162212,330580,0,331558,1
1162262,330593,0,331584,1
1162313,330607,0,331601,1
1162365,330619,0,331617,1
1162415,330639,0,331633,1
1162466,330654,0,331643,1
1162517,330672,0,331658,1
1162568,330687,0,331676,0
1162618,330701,0,331685,0
1162672,330717,0,331701,1
1162722,330731,0,331710,1
1162772,330750,0,331722,2
1162824,330763,0,331733,1
1162874,330774,0,331743,0
1162925,330784,0,331761,1
1162980,330795,0,331783,1
1163032,330813,0,331798,1
1163082,330821,0,331811,1
1163133,330844,0,331811,1
1163183,330857,0,331820,1
1163233,330876,0,331836,2
1163283,330891,0,331845,2
1163333,330904,0,331857,0
1163388,330920,0,331865,1
1163438,330937,0,331880,3
1163491,330954,0,331881,1
1163541,330967,0,331897,0
1163593,330976,0,331923,0
1163643,330990,0,331931,2
1163693,330998,0,331947,1
1163743,331014,0,331953,0
1163797,331025,0,331976,0
1163850,331049,0,331986,1
1163900,331062,0,332002,0
1163950,331080,0,332011,1
1164000,331096,0,332020,1
1164052,331112,0,332037,1
1164105,331123,0,332048,1
1164163,331141,0,332054,1
1164215,331160,0,332062,0
1164265,331172,0,332073,1
1164315,331179,0,332086,1
1164365,331192,0,332092,0
1164417,331204,0,332109,0
1164468,331219,0,332139,0
1164518,331230,0,332151,1
1164570,331254,0,332160,1
1164620,331269,0,332174,1
1164671,331287,0,332194,0
1164722,331302,0,332214,0
1164772,331315,0,332228,1
1164830,331331,0,332241,1
1164880,331348,0,332253,2
1164932,331364,0,332316,1
1164985,331375,0,332336,1
1165037,331385,0,332351,1
1165088,331396,0,332369,0
1165141,331411,0,332379,1
1165191,331422,0,332394,1
1165241,331442,0,332402,2
1165291,331459,0,332410,1
1165350,331475,0,332422,1
1165402,331495,0,332427,1
1165453,331509,0,332442,1
1165504,331522,0,332457,0
1165555,331537,0,332471,1
1165605,331557,0,332484,0
1165655,331568,0,332501,1
1165712,331578,0,332523,1
1165762,331591,0,332588,0
1165813,331603,0,332598,1
1165864,331618,0,332613,1
1165916,331627,0,332632,1
1165966,331652,0,332635,1
1166017,331666,0,332644,0
1166068,331681,0,332661,1
1166121,331701,0,332668,1
1166172,331713,0,332692,1
1166223,331729,0,332706,1
1166273,331744,0,332718,1
1166324,331761,0,332728,1
1166376,331773,0,332741,1
1166426,331781,0,332769,1
1166479,331793,0,332778,1
1166529,331805,0,332793,1
1166579,331820,0,332803,0
1166629,331833,0,332819,1
1166680,331853,0,332822,1
1166733,331871,0,332843,1
1166783,331887,0,332850,1
1166835,331903,0,332867,1
1166885,331916,0,332878,1
1166938,331931,0,332908,1
1166988,331949,0,332922,3
1167041,331965,0,332927,1
1167091,331975,0,332941,1
1167143,331984,0,332960,1
1167193,331996,0,332974,1
1167246,332009,0,332990,1
1167297,332023,0,332996,1
1167350,332040,0,333008,1
1167401,332060,0,333014,1
1167454,332075,0,333026,1
1167506,332090,0,333032,1
1167557,332108,0,333042,1
1167608,332123,0,333053,1
1167659,332138,0,333075,1
1167710,332153,0,333082,1
1167762,332169,0,333090,1
1167812,332177,0,333108,0
1167865,332188,0,333134,1
1167915,332203,0,333157,1
1167965,332217,0,333171,1
1168019,332227,0,333197,1
1168074,332247,0,333199,1
1168124,332267,0,333213,1
1168174,332279,0,333233,0
1168224,332301,0,333244,3
1168278,332313,0,333258,1
1168332,332330,0,333261,1
1168382,332345,0,333274,0
1168433,332356,0,333283,0
1168484,332373,0,333290,1
1168534,332382,0,333308,1
1168585,332393,0,333326,0
1168635,332405,0,333340,0
1168686,332420,0,333369,0
1168736,332432,0,333381,1
1168788,332452,0,333389,1
1168838,332470,0,333404,2
1168891,332485,0,333420,1
1168943,332501,0,333425,1
1168993,332520,0,333434,1
1169043,332531,0,333451,1
1169093,332547,0,333468,1
1169143,332557,0,333484,1
1169194,332574,0,333497,0
1169246,332584,0,333514,1
1169296,332595,0,333531,1
1169348,332608,0,333553,1
1169398,332622,0,333571,1
1169448,332634,0,333598,2
1169500,332658,0,333608,1
1169553,332673,0,333619,1
1169605,332689,0,333633,0
1169656,332705,0,333640,1
1169706,332722,0,333645,3
1169756,332735,0,333657,1
1169807,332750,0,333675,1
1169858,332763,0,333694,1
1169910,332775,0,333710,1
1169961,332787,0,333717,0
1170015,332800,0,333734,1
1170066,332814,0,333751,2
1170116,332826,0,333761,0
1170166,332838,0,333776,1
1170216,332861,0,333785,0
1170266,332877,0,333805,0
1170316,332892,0,333871,0
1170370,332909,0,333884,1
1170423,332925,0,333896,1
1170473,332942,0,333908,1
1170525,332956,0,333924,2
1170575,332968,0,333940,3
1170626,332979,0,333954,0
1170677,332989,0,333971,1
1170727,333004,0,333982,1
1170782,333017,0,333994,1
1170832,333029,0,334011,1
1170882,333045,0,334026,1
1170932,333065,0,334031,2
1170982,333077,0,334057,0
1171032,333098,0,334063,0
1171083,333111,0,334087,0
1171133,333129,0,334099,0
1171186,333145,0,334116,1
1171236,333156,0,334138,0
1171287,333173,0,334152,1
1171337,333180,0,334184,1
1171387,333193,0,334211,0
1171438,333204,0,334223,0
1171488,333219,0,334241,1
1171540,333232,0,334257,1
1171590,333247,0,334270,1
1171642,333268,0,334286,1
1171693,333279,0,334295,1
1171745,333301,0,334299,1
1171796,333314,0,334318,1
1171847,333332,0,334329,1
1171897,333346,0,334348,0
1171950,333357,0,334376,1
1172000,333374,0,334388,0
1172050,333385,0,334403,2
1172101,333395,0,334420,1
1172152,333406,0,334431,1
1172203,333422,0,334449,1
1172254,333433,0,334467,1
1172304,333450,0,334474,1
1172355,333471,0,334478,0
1172406,333482,0,334488,1
1172457,333504,0,334549,0
1172507,333516,0,334566,0
1172557,333533,0,334581,0
1172607,333549,0,334600,1
1172657,333559,0,334612,2
1172709,333574,0,334630,0
1172759,333587,0,334645,1
1172809,333597,0,334665,0
1172859,333607,0,334686,0
1172910,333623,0,334697,1
1172960,333633,0,334717,0
1173010,333652,0,334724,1
1173066,333672,0,334727,1
1173118,333687,0,334745,1
1173168,333708,0,334750,1
1173222,333719,0,334756,1
1173274,333737,0,334760,1
1173327,333754,0,334773,1
1173378,333766,0,334787,1
1173428,333778,0,334801,1
1173484,333788,0,334813,1
1173537,333803,0,334829,1
1173591,333815,0,334839,1
1173642,333831,0,334851,1
1173693,333843,0,334869,1
1173744,333866,0,334878,1
1173797,333878,0,334891,1
1173847,333898,0,334900,2
1173898,333913,0,334915,0
1173948,333928,0,334925,2
1173998,333945,0,334931,2
1174051,333956,0,334945,0
1174101,333973,0,334958,2
1174153,333982,0,334988,1
1174203,333995,0,335005,1
1174253,334005,0,335018,0
1174305,334019,0,335022,1
1174357,334033,0,335030,1
1174407,334050,0,335045,1
1174457,334066,0,335055,0
1174509,334080,0,335076,1
1174559,334104,0,335090,0
1174614,334117,0,335106,1
1174666,334133,0,335110,1
1174721,334149,0,335117,1
1174771,334162,0,335127,2
1174821,334175,0,335147,1
1174872,334187,0,335162,0
1174923,334200,0,335183,0
1174973,334210,0,335203,2
1175024,334225,0,335217,1
1175076,334236,0,335229,1
1175126,334256,0,335239,1
1175177,334274,0,335256,1
1175232,334290,0,335324,1
1175284,334308,0,335328,0
1175334,334320,0,335334,2
1175384,334338,0,335341,1
1175434,334351,0,335351,1
1175486,334367,0,335366,1
1175536,334378,0,335386,1
1175587,334388,0,335398,1
1175639,334402,0,335410,1
1175690,334413,0,335428,1
1175740,334430,0,335439,1
1175791,334440,0,335455,1
1175841,334459,0,335464,1
1175891,334477,0,335470,0
1175941,334491,0,335486,0
1175992,334509,0,335505,0
1176042,334522,0,335514,1
1176096,334539,0,335526,1
1176147,334553,0,335540,1
1176197,334569,0,335543,1
1176250,334580,0,335562,1
1176301,334593,0,335571,1
1176351,334605,0,335583,0
1176401,334615,0,335605,0
1176451,334630,0,335620,0
1176501,334644,0,335632,1
1176553,334661,0,335643,1
1176606,334678,0,335655,1
1176656,334697,0,335671,1
1176708,334712,0,335690,1
1176758,334725,0,335713,1
1176809,334742,0,335722,1
1176860,334756,0,335736,0
1176910,334773,0,335745,1
1176960,334781,0,335762,0
1177011,334794,0,335790,0
1177062,334805,0,335815,0
1177113,334818,0,335826,0
1177163,334832,0,335840,1
1177213,334847,0,335852,1
1177263,334864,0,335869,0
1177313,334881,0,335887,2
1177369,334899,0,335901,1
1177424,334918,0,335913,1
1177474,334929,0,335925,2
1177524,334945,0,335933,1
1177575,334960,0,335945,1
1177631,334976,0,335955,1
1177681,334983,0,335986,0
1177732,335000,0,335992,1
1177786,335011,0,336010,0
1177838,335025,0,336025,0
1177888,335036,0,336041,1
1177940,335056,0,336050,1
1177992,335073,0,336051,1
1178045,335087,0,336057,1
1178096,335109,0,336063,2
1178147,335121,0,336084,1
1178198,335137,0,336096,1
1178249,335151,0,336123,0
1178301,335168,0,336138,1
1178352,335180,0,336150,1
1178404,335191,0,336177,1
1178459,335205,0,336198,0
1178514,335216,0,336217,1
1178564,335231,0,336229,1
1178614,335245,0,336240,1
1178664,335259,0,336256,0
1178716,335279,0,336267,1
1178770,335298,0,336285,1
1178820,335315,0,336296,1
1178873,335326,0,336314,1
1178923,335344,0,336329,1
1178973,335358,0,336376,1
1179023,335374,0,336382,1
1179073,335383,0,336400,1
1179123,335396,0,336415,1
1179176,335408,0,336432,1
1179226,335420,0,336457,0
1179278,335433,0,336469,0
1179332,335451,0,336478,1
1179382,335469,0,336493,3
1179432,335482,0,336507,0
1179484,335500,0,336516,1
1179536,335518,0,336531,0
1179590,335530,0,336544,1
1179640,335547,0,336561,0
1179690,335563,0,336574,0
1179744,335577,0,336586,1
1179796,335585,0,336599,1
1179847,335601,0,336616,0
1179897,335613,0,336633,1
1179947,335624,0,336647,1
1179997,335638,0,336658,2
1180048,335657,0,336659,3
1180099,335674,0,336671,2
1180149,335688,0,336696,1
1180200,335705,0,336705,1
1180250,335719,0,336716,0
1180301,335732,0,336726,1
1180351,335750,0,336739,0
1180403,335766,0,336749,1
1180454,335779,0,336761,0
1180507,335786,0,336785,0
1180560,335803,0,336792,1
1180611,335815,0,336811,0
1180665,335828,0,336829,0
1180717,335843,0,336845,1
1180768,335858,0,336852,1
1180818,335879,0,336863,3
1180869,335894,0,336879,0
1180920,335914,0,336887,2
1180970,335924,0,336906,0
1181020,335939,0,336919,0
1181073,335955,0,336925,1
1181123,335970,0,336934,0
1181173,335982,0,336946,1
1181223,335991,0,337017,1
1181273,336005,0,337032,0
1181323,336016,0,337049,0
1181373,336029,0,337068,1
1181426,336044,0,337081,1
1181476,336060,0,337096,0
1181530,336081,0,337106,1
1181581,336094,0,337112,1
1181631,336117,0,337114,4
1181686,336127,0,337136,1
1181737,336145,0,337198,1
1181789,336158,0,337217,1
1181840,336176,0,337234,1
1181891,336183,0,337251,0
1181941,336196,0,337267,1
1181993,336207,0,337291,1
1182044,336222,0,337312,0
1182094,336235,0,337329,1
1182147,336247,0,337338,1
1182201,336268,0,337343,1
1182252,336284,0,337354,1
1182303,336302,0,337364,1
1182353,336318,0,337368,1
1182403,336330,0,337383,1
1182453,336349,0,337389,0
1182503,336363,0,337405,1
1182555,336376,0,337426,0
1182605,336385,0,337438,1
1182655,336400,0,337451,0
1182712,336414,0,337470,1
1182764,336427,0,337492,1
1182815,336439,0,337508,1
1182868,336454,0,337524,1
1182918,336474,0,337525,1
1182970,336490,0,337536,0
1183020,336508,0,337544,2
1183071,336523,0,337559,1
1183124,336537,0,337584,1
1183174,336554,0,337608,0
1183225,336570,0,337626,0
1183276,336581,0,337644,0
1183328,336591,0,337665,1
1183378,336606,0,337682,0
1183428,336616,0,337706,0
1183480,336629,0,337712,1
1183531,336645,0,337725,1
1183582,336656,0,337746,1
1183636,336676,0,337754,1
1183687,336692,0,337775,0
1183737,336712,0,337791,0
1183791,336727,0,337799,1
1183841,336743,0,337808,1
1183891,336757,0,337822,0
1183942,336775,0,337829,1
1183993,336783,0,337851,0
1184044,336795,0,337869,0
1184103,336807,0,337877,1
1184153,336822,0,337885,1
1184203,336836,0,337903,1
1184253,336847,0,337928,1
1184304,336862,0,337934,1
1184354,336884,0,337949,1
1184404,336898,0,337963,1
1184454,336915,0,337978,3
1184506,336930,0,337990,1
1184557,336943,0,337997,1
1184607,336965,0,338008,2
1184659,336977,0,338034,1
1184714,336985,0,338052,1
1184764,336998,0,338064,1
1184814,337011,0,338080,1
1184865,337025,0,338085,1
1184917,337037,0,338102,1
1184967,337052,0,338112,1
1185017,337068,0,338123,2
1185069,337086,0,338133,1
1185120,337102,0,338150,1
1185171,337117,0,338161,0
1185224,337133,0,338174,0
1185274,337153,0,338194,3
1185326,337167,0,338201,1
1185376,337181,0,338227,1
1185429,337188,0,338235,1
1185479,337203,0,338244,2
1185529,337215,0,338256,1
1185579,337227,0,338269,1
1185629,337240,0,338278,0
1185683,337254,0,338296,1
1185733,337272,0,338304,1
1185784,337291,0,338311,0
1185834,337306,0,338327,0
1185891,337322,0,338386,1
1185941,337337,0,338390,2
1185991,337357,0,338400,1
1186041,337374,0,338414,1
1186091,337381,0,338435,0
1186146,337393,0,338456,1
1186198,337406,0,338469,0
1186248,337419,0,338480,2
1186302,337434,0,338490,1
1186352,337446,0,338507,0
1186403,337458,0,338520,1
1186453,337479,0,338530,1
1186505,337494,0,338541,1
1186555,337512,0,338548,1
1186605,337524,0,338562,1
1186656,337541,0,338568,1
1186708,337561,0,338570,1
1186764,337576,0,338589,0
1186814,337584,0,338613,0
1186868,337597,0,338627,1
1186921,337611,0,338645,0
1186972,337624,0,338666,0
1187025,337638,0,338682,1
1187077,337653,0,338692,0
1187129,337670,0,338708,0
1187179,337686,0,338721,1
1187232,337702,0,338740,1
1187282,337719,0,338750,2
1187335,337733,0,338767,1
1187385,337750,0,338774,3
1187435,337771,0,338787,2
1187486,337781,0,338795,0
1187537,337790,0,338825,1
1187590,337803,0,338838,0
1187640,337815,0,338856,1
1187690,337828,0,338873,1
1187741,337842,0,338887,1
1187795,337855,0,338899,1
1187845,337875,0,338957,0
1187897,337892,0,338965,0
1187947,337906,0,338976,1
1187999,337922,0,339003,0
1188049,337934,0,339011,1
1188102,337957,0,339022,1
1188152,337974,0,339030,0
1188203,337983,0,339043,1
1188253,337991,0,339061,0
1188303,338006,0,339076,0
1188353,338020,0,339090,1
1188405,338030,0,339106,1
1188456,338046,0,339108,0
1188506,338057,0,339121,1
1188558,338076,0,339129,1
1188608,338094,0,339184,1
1188658,338113,0,339188,2
1188711,338125,0,339201,1
1188763,338140,0,339220,1
1188821,338162,0,339232,1
1188874,338178,0,339247,1
1188925,338185,0,339263,0
1188976,338196,0,339283,0
1189026,338211,0,339301,0
1189077,338224,0,339316,0
1189129,338237,0,339329,0
1189181,338249,0,339344,1
1189231,338266,0,339356,2
1189282,338285,0,339364,1
1189332,338297,0,339376,0
1189384,338318,0,339383,0
1189434,338330,0,339411,1
1189484,338345,0,339421,1
1189540,338368,0,339431,1
1189594,338381,0,339446,1
1189645,338390,0,339464,1
1189695,338402,0,339474,1
1189748,338415,0,339487,1
1189799,338427,0,339503,1
1189849,338444,0,339520,2
1189899,338455,0,339536,0
1189949,338475,0,339553,2
1190006,338488,0,339564,1
1190057,338504,0,339571,3
1190107,338524,0,339573,1
1190157,338535,0,339587,0
1190208,338556,0,339589,1
1190261,338574,0,339598,1
1190315,338583,0,339617,0
1190366,338594,0,339636,0
1190417,338607,0,339641,1
1190470,338623,0,339664,0
1190520,338634,0,339675,1
1190572,338647,0,339734,1
1190626,338662,0,339749,1
1190678,338682,0,339762,1
1190729,338693,0,339778,1
1190782,338710,0,339785,1
1190833,338729,0,339796,1
1190883,338742,0,339814,1
1190934,338765,0,339816,2
1190984,338780,0,339826,1
1191034,338787,0,339852,1
1191084,338796,0,339874,1
1191134,338812,0,339882,1
1191187,338825,0,339899,1
1191240,338838,0,339910,1
1191291,338850,0,339921,1
1191346,338867,0,339927,1
1191397,338886,0,339938,0
1191447,338898,0,339951,0
1191497,338915,0,339969,0
1191547,338930,0,340024,0
1191597,338948,0,340038,3
1191650,338966,0,340055,1
1191700,338982,0,340065,1
1191750,338989,0,340096,0
1191801,339000,0,340104,1
1191853,339016,0,340139,1
1191903,339025,0,340166,0
1191957,339042,0,340175,1
1192009,339056,0,340187,1
1192062,339071,0,340197,1
1192116,339088,0,340208,0
1192167,339104,0,340211,1
1192219,339121,0,340223,1
1192270,339136,0,340241,1
1192320,339157,0,340255,1
1192371,339170,0,340266,1
1192423,339184,0,340276,1
1192473,339194,0,340293,0
1192531,339208,0,340319,1
1192581,339224,0,340337,1
1192636,339232,0,340364,1
1192686,339248,0,340373,0
1192738,339263,0,340386,0
1192789,339282,0,340389,1
1192840,339294,0,340409,1
1192890,339310,0,340415,0
1192940,339330,0,340431,1
1192992,339341,0,340452,1
1193042,339362,0,340453,1
1193093,339379,0,340465,1
1193144,339389,0,340484,1
1193194,339396,0,340501,1
1193247,339410,0,340513,1
1193298,339425,0,340516,0
1193350,339436,0,340540,1
1193405,339453,0,340551,1
1193458,339468,0,340572,1
1193509,339488,0,340582,1
1193561,339498,0,340598,1
1193615,339517,0,340607,1
1193665,339535,0,340620,0
1193715,339553,0,340630,0
1193765,339568,0,340645,1
1193815,339583,0,340656,1
1193866,339592,0,340671,0
1193916,339604,0,340694,0
1193968,339616,0,340721,1
1194019,339629,0,340737,1
1194071,339644,0,340747,1
1194121,339656,0,340759,0
1194175,339673,0,340767,1
1194227,339688,0,340776,0
1194277,339705,0,340795,3
1194328,339721,0,340815,2
1194378,339737,0,340827,1
1194432,339756,0,340839,1
1194485,339772,0,340848,1
1194536,339784,0,340861,1
1194588,339795,0,340882,0
1194642,339808,0,340888,1
1194692,339825,0,340898,3
1194743,339833,0,340913,1
1194793,339848,0,340930,0
1194844,339862,0,340941,1
1194895,339878,0,340949,0
1194950,339894,0,340961,1
1195002,339912,0,340978,1
1195054,339930,0,340981,0
1195104,339944,0,340990,0
1195160,339963,0,340994,1
1195211,339980,0,341000,1
1195265,339990,0,341014,1
1195319,340001,0,341034,1
1195369,340015,0,341053,0
1195419,340026,0,341071,1
1195469,340039,0,341088,1
1195522,340055,0,341096,1
1195573,340070,0,341116,1
1195630,340085,0,341125,1
1195681,340103,0,341142,1
1195731,340121,0,341156,3
1195782,340135,0,341173,1
1195833,340151,0,341178,1
1195883,340170,0,341185,1
1195935,340183,0,341199,0
1195985,340195,0,341210,0
1196036,340204,0,341222,1
1196086,340219,0,341240,0
1196136,340231,0,341252,1
1196188,340243,0,341268,1
1196238,340260,0,341275,1
1196289,340277,0,341286,1
1196339,340290,0,341303,0
1196389,340304,0,341314,1
1196441,340323,0,341323,1
1196491,340338,0,341330,1
1196541,340353,0,341350,1
1196591,340373,0,341356,1
1196641,340383,0,341374,0
1196692,340395,0,341389,0
1196742,340407,0,341412,1
1196792,340421,0,341432,1
1196843,340432,0,341444,0
1196893,340446,0,341462,1
1196945,340461,0,341478,1
1196998,340478,0,341538,2
1197048,340492,0,341558,1
1197099,340510,0,341573,1
1197149,340526,0,341588,1
1197203,340541,0,341605,0
1197254,340556,0,341623,1
1197304,340576,0,341636,1
1197355,340585,0,341649,1
1197405,340596,0,341667,1
1197458,340610,0,341684,1
1197508,340621,0,341697,0
1197559,340635,0,341712,0
1197610,340653,0,341719,2
1197660,340665,0,341741,1
1197710,340680,0,341757,0
1197761,340694,0,341780,0
1197815,340712,0,341796,1
1197866,340731,0,341800,1
1197916,340747,0,341824,1
1197975,340762,0,341841,1
1198033,340781,0,341852,1
1198083,340792,0,341864,0
1198135,340803,0,341886,0
1198185,340818,0,341899,0
1198236,340830,0,341916,1
1198293,340842,0,341936,1
1198347,340860,0,341941,1
1198397,340875,0,341955,0
1198449,340888,0,341966,1
1198501,340908,0,341977,1
1198552,340925,0,342031,1
1198602,340938,0,342047,1
1198652,340954,0,342055,0
1198702,340973,0,342061,1
1198753,340984,0,342075,1
1198804,340995,0,342093,0
1198856,341009,0,342105,1
1198906,341021,0,342124,0
1198958,341034,0,342149,1
1199008,341047,0,342159,1
1199059,341063,0,342166,1
1199109,341080,0,342185,0
1199159,341093,0,342199,1
1199209,341109,0,342206,1
1199262,341124,0,342226,1
1199312,341141,0,342238,1
1199362,341156,0,342249,1
1199417,341176,0,342257,1
1199472,341187,0,342270,1
1199523,341199,0,342285,1
1199574,341214,0,342306,0
1199625,341225,0,342317,1
1199676,341238,0,342336,0
1199726,341248,0,342353,1
1199777,341266,0,342359,1
1199827,341282,0,342370,1
1199884,341298,0,342382,1
1199935,341317,0,342395,0
1199989,341334,0,342402,1
1200041,341348,0,342424,0
1200094,341364,0,342433,1
1200147,341383,0,342435,0
1200197,341395,0,342446,0
1200248,341405,0,342453,1
1200301,341421,0,342460,0
1200352,341432,0,342486,1
1200402,341443,0,342503,0
1200453,341455,0,342525,1
1200504,341471,0,342525,1
1200555,341487,0,342530,1
1200605,341505,0,342540,0
1200655,341518,0,342559,1
1200707,341537,0,342565,1
1200757,341554,0,342588,1
1200807,341569,0,342600,2
1200858,341583,0,342612,0
1200911,341596,0,342633,1
1200961,341609,0,342647,1
1201011,341621,0,342657,0
1201064,341634,0,342671,1
1201114,341647,0,342689,1
1201164,341657,0,342706,1
1201214,341676,0,342721,2
1201265,341690,0,342734,1
1201315,341709,0,342739,2
1201365,341721,0,342749,1
1201418,341740,0,342760,0
1201471,341758,0,342775,1
1201521,341771,0,342784,1
1201573,341786,0,342795,1
1201623,341798,0,342815,0
1201673,341811,0,342821,0
1201723,341823,0,342840,1
1201776,341835,0,342853,1
1201826,341848,0,342876,1
1201877,341860,0,342896,0
1201927,341877,0,342899,2
1201980,341893,0,342914,1
1202030,341913,0,342926,2
1202081,341927,0,342932,1
1202131,341941,0,342944,0
1202181,341960,0,342949,1
1202232,341973,0,342965,0
1202282,341991,0,342981,2
1202332,341999,0,343048,1
1202382,342013,0,343059,1
1202439,342025,0,343082,1
1202493,342038,0,343093,1
1202544,342050,0,343109,1
1202594,342063,0,343131,1
1202644,342078,0,343141,1
1202694,342096,0,343152,2
1202744,342117,0,343167,0
1202794,342133,0,343189,2
1202845,342143,0,343208,0
1202895,342162,0,343214,1
1202945,342177,0,343236,2
1202997,342192,0,343243,1
1203049,342201,0,343261,0
1203100,342219,0,343276,2
1203153,342228,0,343303,1
1203203,342242,0,343314,1
1203253,342254,0,343326,3
1203304,342265,0,343349,0
1203356,342278,0,343364,1
1203407,342299,0,343370,1
1203458,342317,0,343379,0
1203509,342336,0,343393,1
1203564,342348,0,343411,1
1203614,342368,0,343417,2
1203668,342383,0,343425,0
1203721,342396,0,343430,1
1203771,342407,0,343450,1
1203825,342423,0,343469,1
1203878,342434,0,343477,1
1203929,342448,0,343497,1
1203979,342460,0,343509,2
1204031,342471,0,343532,0
1204081,342489,0,343539,1
1204132,342505,0,343553,1
1204182,342526,0,343570,2
1204234,342541,0,343578,1
1204284,342555,0,343594,1
1204334,342571,0,343614,2
1204390,342589,0,343628,1
1204441,342600,0,343647,1
1204498,342615,0,343662,1
1204548,342626,0,343691,1
1204598,342639,0,343712,1
1204658,342650,0,343735,1
1204708,342665,0,343740,1
1204760,342678,0,343746,1
1204810,342698,0,343752,1
1204860,342717,0,343764,0
1204910,342734,0,343774,1
1204961,342747,0,343791,1
1205014,342764,0,343804,1
1205067,342783,0,343815,1
1205120,342795,0,343826,0
1205170,342806,0,343843,1
1205222,342822,0,343865,1
1205273,342833,0,343877,0
1205323,342847,0,343898,0
1205374,342854,0,343918,1
1205428,342867,0,343934,1
1205479,342885,0,343946,1
1205531,342904,0,343960,1
1205583,342924,0,343968,1
1205633,342940,0,343979,0
1205687,342952,0,343993,1
1205737,342969,0,343999,1
1205788,342988,0,344011,1
1205839,342998,0,344028,1
1205889,343013,0,344041,1
1205939,343024,0,344063,0
1205989,343036,0,344086,1
1206039,343048,0,344103,0
1206090,343059,0,344119,1
1206142,343071,0,344132,1
1206192,343090,0,344136,2
1206242,343104,0,344154,0
1206296,343126,0,344166,1
1206347,343143,0,344176,1
1206397,343155,0,344190,1
1206447,343173,0,344200,2
1206503,343190,0,344210,1
1206554,343201,0,344222,0
1206604,343215,0,344250,0
1206655,343225,0,344265,0
1206705,343238,0,344287,0
1206755,343249,0,344305,0
1206808,343263,0,344317,1
1206860,343275,0,344329,1
1206911,343296,0,344340,1
1206961,343310,0,344353,2
1207014,343333,0,344354,1
1207065,343346,0,344369,0
1207115,343360,0,344382,1
1207166,343379,0,344387,0
1207221,343394,0,344400,1
1207271,343406,0,344428,0
1207321,343419,0,344435,2
1207373,343427,0,344457,0
1207424,343444,0,344466,1
1207474,343453,0,344492,1
1207529,343466,0,344508,0
1207581,343480,0,344515,1
1207631,343503,0,344521,2
1207682,343517,0,344533,1
1207732,343538,0,344541,1
1207782,343551,0,344563,1
1207833,343565,0,344584,1
1207885,343585,0,344598,1
1207936,343596,0,344615,0
1207991,343609,0,344634,1
1208042,343624,0,344640,1
1208093,343633,0,344657,0
1208143,343648,0,344674,0
1208194,343658,0,344688,0
1208246,343670,0,344700,1
1208296,343685,0,344706,2
1208347,343704,0,344719,0
1208399,343721,0,344733,1
1208450,343742,0,344740,1
1208500,343753,0,344754,0
1208550,343770,0,344773,0
1208600,343789,0,344782,0
1208656,343799,0,344803,1
1208706,343815,0,344819,1
1208756,343825,0,344827,0
1208806,343835,0,344838,1
1208859,343849,0,344856,0
1208920,343861,0,344878,1
1208970,343875,0,344889,1
1209021,343895,0,344901,2
1209071,343910,0,344913,2
1209123,343931,0,344920,1
1209173,343947,0,344934,0
1209224,343959,0,344946,1
1209276,343980,0,344946,1
1209330,343994,0,344959,1
1209380,344007,0,345019,1
1209430,344020,0,345036,1
1209480,344029,0,345058,1
1209530,344045,0,345078,2
1209580,344053,0,345105,1
1209631,344065,0,345121,1
1209682,344079,0,345135,1
1209732,344096,0,345148,1
1209785,344113,0,345151,1
1209835,344130,0,345152,1
1209886,344149,0,345159,1
1209937,344163,0,345166,0
1209988,344183,0,345178,1
1210039,344196,0,345189,0
1210089,344208,0,345193,1
1210139,344222,0,345206,1
1210190,344231,0,345226,0
1210241,344247,0,345242,1
1210291,344257,0,345267,0
1210341,344266,0,345285,0
1210397,344281,0,345305,1
1210447,344297,0,345308,2
1210497,344318,0,345312,1
1210549,344336,0,345326,1
1210600,344353,0,345347,1
1210652,344366,0,345362,1
1210703,344386,0,345372,1
1210755,344398,0,345398,0
1210806,344411,0,345405,1
1210860,344424,0,345423,1
1210913,344435,0,345437,1
1210964,344449,0,345453,0
1211015,344460,0,345467,0
1211074,344473,0,345490,1
1211127,344486,0,345505,0
1211177,344505,0,345509,1
1211227,344527,0,345512,1
1211278,344547,0,345517,0
1211329,344558,0,345534,1
1211383,344576,0,345539,1
1211433,344594,0,345553,1
1211487,344605,0,345575,1
1211538,344621,0,345587,1
1211588,344631,0,345607,1
1211642,344645,0,345627,1
1211692,344653,0,345648,0
1211742,344666,0,345661,0
1211794,344676,0,345674,1
1211844,344690,0,345688,1
1211899,344708,0,345698,1
1211949,344735,0,345698,1
1212000,344753,0,345710,1
1212052,344766,0,345728,1
1212102,344785,0,345742,3
1212152,344797,0,345768,0
1212204,344809,0,345786,1
1212255,344823,0,345794,1
1212305,344834,0,345826,1
1212356,344849,0,345835,0
1212406,344856,0,345853,0
1212456,344870,0,345873,1
1212507,344879,0,345892,1
1212557,344894,0,345898,2
1212607,344913,0,345916,3
1212665,344934,0,345921,1
1212717,344954,0,345932,0
1212767,344968,0,345947,1
1212819,344988,0,345960,1
1212869,344999,0,345974,0
1212920,345012,0,345992,0
1212970,345025,0,346010,0
1213020,345037,0,346029,1
1213071,345050,0,346047,0
1213122,345060,0,346065,0
1213172,345072,0,346082,0
1213223,345085,0,346109,1
1213275,345100,0,346115,1
1213327,345117,0,346123,1
1213377,345139,0,346128,1
1213431,345157,0,346135,1
1213481,345172,0,346141,1
1213532,345193,0,346155,1
1213585,345204,0,346167,1
1213635,345216,0,346181,1
1213693,345228,0,346196,1
1213747,345244,0,346210,1
1213803,345254,0,346224,1
1213854,345267,0,346239,1
1213910,345278,0,346256,1
1213961,345294,0,346267,1
1214013,345312,0,346278,0
1214063,345333,0,346281,0
1214114,345352,0,346289,1
1214172,345367,0,346301,1
1214227,345388,0,346307,1
1214278,345400,0,346321,1
1214329,345414,0,346388,1
1214381,345427,0,346403,1
1214434,345440,0,346415,1
1214485,345451,0,346433,0
1214535,345462,0,346458,0
1214586,345473,0,346473,0
1214638,345487,0,346498,1
1214691,345504,0,346505,1
1214741,345520,0,346512,1
1214791,345544,0,346516,1
1214844,345559,0,346524,1
1214894,345574,0,346541,1
1214944,345594,0,346543,0
1214994,345604,0,346557,0
1215045,345618,0,346579,0
1215095,345628,0,346591,1
1215147,345643,0,346610,0
1215197,345653,0,346629,0
1215247,345663,0,346645,0
1215297,345675,0,346661,0
1215347,345688,0,346691,0
1215397,345704,0,346698,0
1215447,345720,0,346709,0
1215497,345744,0,346711,1
1215550,345759,0,346715,1
1215601,345777,0,346723,2
1215657,345796,0,346728,1
1215707,345809,0,346739,0
1215757,345822,0,346747,1
1215808,345833,0,346767,1
1215858,345848,0,346779,1
1215908,345854,0,346852,0
1215962,345866,0,346864,1
1216016,345878,0,346882,1
1216066,345893,0,346891,1
1216117,345911,0,346910,1
1216167,345928,0,346935,1
1216217,345951,0,346945,2
1216271,345966,0,346954,0
1216321,345984,0,347014,0
1216372,345998,0,347035,0
1216424,346011,0,347059,1
1216474,346023,0,347069,0
1216526,346036,0,347084,1
1216577,346050,0,347103,1
1216628,346059,0,347110,1
1216680,346071,0,347135,1
1216731,346084,0,347148,1
1216784,346098,0,347161,1
1216834,346116,0,347171,1
1216887,346135,0,347185,1
1216937,346156,0,347186,1
1216989,346170,0,347207,0
1217041,346189,0,347215,1
1217091,346203,0,347227,0
1217141,346215,0,347250,0
1217192,346227,0,347317,0
1217242,346237,0,347338,1
1217292,346251,0,347356,0
1217342,346263,0,347368,1
1217392,346274,0,347379,0
1217444,346286,0,347403,0
1217494,346299,0,347416,0
1217545,346320,0,347421,0
1217595,346337,0,347438,0
1217648,346358,0,347453,1
1217698,346371,0,347467,0
1217749,346391,0,347483,1
1217802,346405,0,347512,1
1217852,346418,0,347531,1
1217906,346429,0,347547,1
1217956,346441,0,347554,1
1218013,346454,0,347571,1
1218066,346465,0,347586,0
1218117,346477,0,347595,0
1218171,346492,0,347607,1
1218221,346506,0,347617,1
1218271,346527,0,347630,1
1218321,346546,0,347635,1
1218371,346566,0,347649,1
1218421,346578,0,347670,1
1218473,346596,0,347684,0
1218528,346610,0,347697,0
1218578,346621,0,347705,1
1218628,346635,0,347719,0
1218681,346650,0,347738,1
1218731,346660,0,347756,2
1218781,346670,0,347767,1
1218836,346681,0,347778,1
1218887,346697,0,347791,1
1218941,346712,0,347799,1
1218991,346731,0,347799,1
1219041,346753,0,347813,1
1219092,346770,0,347820,0
1219142,346788,0,347826,1
1219194,346803,0,347840,0
1219247,346815,0,347851,0
1219298,346827,0,347862,0
1219349,346838,0,347891,1
1219402,346852,0,347910,1
1219453,346863,0,347924,1
1219503,346873,0,347946,1
1219555,346889,0,347966,1
1219607,346900,0,347986,1
1219659,346921,0,348013,0
1219710,346940,0,348023,1
1219760,346961,0,348029,3
1219813,346972,0,348040,1
1219864,346995,0,348048,1
1219918,347006,0,348074,1
1219974,347019,0,348091,1
1220024,347034,0,348111,1
1220076,347045,0,348130,1
1220126,347055,0,348145,0
1220177,347068,0,348161,1
1220228,347078,0,348169,0
1220279,347094,0,348193,1
1220329,347108,0,348202,1
1220384,347126,0,348210,1
1220436,347147,0,348222,1
1220486,347168,0,348227,1
1220537,347180,0,348236,1
1220587,347198,0,348243,0
1220637,347212,0,348262,1
1220687,347222,0,348278,0
1220739,347236,0,348289,1
1220792,347250,0,348298,1
1220845,347260,0,348313,1
1220897,347271,0,348327,0
1220952,347285,0,348343,1
1221005,347298,0,348363,1
1221055,347314,0,348375,1
1221106,347334,0,348386,2
1221158,347354,0,348395,1
1221210,347371,0,348408,0
1221260,347393,0,348419,3
1221310,347405,0,348428,1
1221360,347415,0,348452,0
1221412,347429,0,348463,0
1221463,347441,0,348483,0
1221515,347453,0,348503,0
1221565,347464,0,348520,1
1221616,347474,0,348545,1
1221672,347491,0,348551,1
1221723,347503,0,348569,1
1221773,347523,0,348578,3
1221827,347542,0,348587,1
1221879,347562,0,348588,1
1221933,347577,0,348606,1
1221984,347596,0,348613,1
1222040,347611,0,348636,1
1222093,347623,0,348652,1
1222143,347636,0,348674,0
1222193,347650,0,348686,1
1222244,347659,0,348697,0
1222296,347671,0,348710,0
1222348,347682,0,348731,0
1222403,347696,0,348744,1
1222456,347712,0,348759,1
1222508,347726,0,348762,1
1222560,347749,0,348767,1
1222611,347771,0,348771,0
1222663,347785,0,348784,1
1222718,347805,0,348802,0
1222768,347816,0,348826,1
1222818,347830,0,348848,1
1222868,347841,0,348861,2
1222918,347854,0,348881,1
1222970,347865,0,348892,1
1223020,347875,0,348915,2
1223071,347889,0,348933,1
1223124,347902,0,348955,1
1223176,347918,0,348965,1
1223226,347936,0,348975,3
1223286,347953,0,348993,1
1223342,347978,0,348994,1
1223395,347999,0,349002,1
1223451,348012,0,349009,1
1223502,348026,0,349025,1
1223553,348036,0,349036,0
1223611,348051,0,349054,0
1223661,348063,0,349071,1
1223711,348071,0,349084,0
1223762,348084,0,349099,1
1223820,348099,0,349110,1
1223870,348116,0,349123,2
1223922,348128,0,349136,1
1223977,348152,0,349137,1
1224027,348170,0,349155,1
1224077,348189,0,349161,1
1224129,348206,0,349172,0
1224180,348217,0,349189,0
1224232,348232,0,349203,1
1224282,348244,0,349214,1
1224335,348255,0,349224,1
1224386,348268,0,349242,0
1224436,348279,0,349259,1
1224486,348293,0,349267,0
1224537,348305,0,349274,1
1224591,348320,0,349289,0
1224641,348339,0,349308,2
1224693,348354,0,349324,1
1224743,348377,0,349331,1
1224793,348396,0,349340,1
1224843,348410,0,349349,0
1224894,348420,0,349371,1
1224946,348433,0,349388,0
1224997,348447,0,349401,1
1225048,348458,0,349423,0
1225100,348471,0,349441,1
1225150,348481,0,349459,1
1225200,348494,0,349474,0
1225250,348511,0,349491,1
1225301,348521,0,349516,1
1225351,348541,0,349523,2
1225402,348558,0,349539,1
1225454,348580,0,349552,0
1225504,348593,0,349564,1
1225555,348612,0,349577,1
1225605,348620,0,349596,1
1225655,348637,0,349660,1
1225705,348650,0,349678,1
1225756,348661,0,349691,0
1225806,348671,0,349701,0
1225857,348681,0,349721,0
1225907,348696,0,349731,1
1225958,348711,0,349754,0
1226008,348724,0,349763,1
1226059,348743,0,349770,1
1226110,348757,0,349779,1
1226161,348781,0,349790,1
1226214,348797,0,349807,1
1226265,348813,0,349809,0
1226316,348826,0,349825,1
1226370,348838,0,349837,1
1226422,348851,0,349851,0
1226472,348864,0,349867,1
1226522,348873,0,349892,0
1226574,348884,0,349899,1
1226624,348900,0,349923,1
1226675,348914,0,349934,0
1226725,348926,0,349940,1
1226776,348950,0,349944,1
1226826,348965,0,349971,0
1226881,348983,0,349974,1
1226932,349004,0,349986,1
1226983,349017,0,350000,0
1227033,349029,0,350006,1
1227086,349041,0,350023,1
1227136,349053,0,350038,1
1227191,349067,0,350051,1
1227241,349078,0,350064,1
1227293,349092,0,350085,1
1227346,349105,0,350094,1
1227396,349119,0,350111,0
1227446,349130,0,350117,1
1227496,349153,0,350120,1
1227546,349170,0,350131,1
1227608,349188,0,350131,1
1227660,349211,0,350131,1
1227711,349221,0,350148,1
1227761,349237,0,350153,0
1227813,349250,0,350164,1
1227863,349261,0,350181,1
1227913,349271,0,350203,0
1227963,349281,0,350268,0
1228014,349296,0,350285,0
1228068,349311,0,350308,1
1228119,349323,0,350333,0
1228169,349337,0,350339,2
1228219,349358,0,350343,0
1228272,349377,0,350355,1
1228325,349394,0,350375,1
1228376,349415,0,350385,1
1228426,349425,0,350400,0
1228476,349439,0,350411,2
1228528,349451,0,350428,0
1228581,349465,0,350441,1
1228633,349474,0,350448,1
1228683,349487,0,350470,1
1228737,349503,0,350480,1
1228788,349517,0,350494,2
1228838,349527,0,350513,1
1228891,349544,0,350526,1
1228942,349565,0,350535,0
1228994,349584,0,350547,1
1229044,349600,0,350556,1
1229097,349617,0,350561,0
1229147,349631,0,350577,0
1229198,349644,0,350599,0
1229248,349655,0,350611,2
1229300,349667,0,350625,0
1229352,349679,0,350637,1
1229404,349692,0,350654,1
1229459,349707,0,350660,1
1229509,349720,0,350676,0
1229559,349732,0,350693,0
1229609,349748,0,350707,1
1229659,349770,0,350719,1
1229709,349788,0,350732,1
1229759,349804,0,350741,1
1229814,349820,0,350749,1
1229864,349836,0,350761,0
1229918,349848,0,350786,1
1229969,349861,0,350801,0
1230019,349871,0,350818,1
1230069,349881,0,350842,0
1230123,349897,0,350849,1
1230173,349911,0,350863,1
1230224,349922,0,350873,1
1230277,349935,0,350892,1
1230328,349954,0,350902,1
1230378,349973,0,350905,1
1230429,349991,0,350908,1
1230482,350007,0,350969,1
1230532,350025,0,350975,0
1230587,350039,0,350992,1
1230637,350052,0,351004,1
1230687,350064,0,351015,1
1230740,350074,0,351034,1
1230790,350087,0,351049,1
1230840,350101,0,351061,1
1230892,350115,0,351074,1
1230943,350128,0,351095,1
1230993,350140,0,351106,1
1231043,350158,0,351116,0
1231094,350181,0,351130,1
1231145,350195,0,351137,1
1231196,350207,0,351143,1
1231246,350230,0,351151,2
1231301,350243,0,351161,1
1231353,350253,0,351181,0
1231406,350267,0,351189,1
1231458,350280,0,351199,1
1231513,350292,0,351233,1
1231565,350306,0,351250,0
1231615,350320,0,351264,0
1231666,350332,0,351276,0
1231719,350348,0,351289,1
1231769,350369,0,351301,2
1231819,350386,0,351311,1
1231871,350402,0,351321,1
1231923,350418,0,351337,1
1231974,350436,0,351350,1
1232024,350449,0,351365,2
1232078,350457,0,351386,1
1232131,350471,0,351410,0
1232182,350483,0,351429,1
1232232,350495,0,351434,1
1232289,350509,0,351456,1
1232339,350526,0,351464,1
1232389,350536,0,351480,1
1232439,350555,0,351484,1
1232490,350577,0,351495,1
1232541,350593,0,351504,1
1232591,350606,0,351521,0
1232642,350619,0,351530,1
1232693,350640,0,351590,1
1232743,350652,0,351614,1
1232795,350664,0,351625,0
1232845,350674,0,351645,0
1232895,350685,0,351663,0
1232947,350701,0,351682,1
1232997,350713,0,351696,2
1233049,350728,0,351707,1
1233107,350741,0,351725,1
1233159,350760,0,351729,1
1233213,350785,0,351736,1
1233263,350799,0,351748,0
1233317,350811,0,351761,1
1233367,350831,0,351773,2
1233422,350845,0,351785,1
1233475,350856,0,351807,1
1233525,350871,0,351823,0
1233577,350882,0,351840,1
1233627,350893,0,351862,1
1233678,350907,0,351871,0
1233730,350921,0,351882,1
1233781,350934,0,351893,0
1233832,350951,0,351906,2
1233884,350970,0,351909,2
1233935,350989,0,351925,1
1233989,351006,0,351946,1
1234039,351018,0,351967,0
1234089,351035,0,351970,1
1234140,351051,0,351983,1
1234192,351059,0,351999,1
1234244,351073,0,352015,1
1234296,351085,0,352033,0
1234352,351099,0,352041,1
1234404,351114,0,352052,1
1234454,351128,0,352068,1
1234504,351140,0,352081,1
1234558,351155,0,352089,1
1234608,351181,0,352091,3
1234658,351197,0,352102,1
1234710,351209,0,352113,1
1234760,351221,0,352126,1
1234812,351242,0,352133,1
1234866,351254,0,352156,1
1234916,351269,0,352180,1
1234967,351279,0,352192,1
1235020,351290,0,352213,1
1235076,351306,0,352236,1
1235126,351318,0,352258,2
1235176,351331,0,352263,1
1235226,351344,0,352273,0
1235277,351364,0,352286,4
1235327,351388,0,352294,0
1235377,351401,0,352306,0
1235428,351414,0,352321,0
1235481,351424,0,352339,1
1235536,351446,0,352345,1
1235589,351457,0,352360,1
1235639,351471,0,352370,0
1235692,351484,0,352432,1
1235745,351495,0,352450,1
1235798,351510,0,352464,1
1235854,351523,0,352480,1
1235906,351538,0,352498,1
1235959,351554,0,352515,0
1236010,351572,0,352518,2
1236061,351595,0,352525,1
1236112,351609,0,352542,1
1236163,351621,0,352553,1
1236213,351640,0,352562,1
1236264,351653,0,352569,0
1236315,351665,0,352578,1
1236365,351677,0,352584,1
1236415,351689,0,352599,2
1236473,351704,0,352618,1
1236525,351716,0,352639,1
1236578,351731,0,352644,1
1236628,351744,0,352661,0
1236679,351757,0,352680,1
1236729,351776,0,352686,1
1236780,351802,0,352686,3
1236832,351814,0,352710,0
1236882,351823,0,352728,0
1236932,351844,0,352734,1
1236985,351855,0,352745,0
1237035,351871,0,352770,1
1237086,351881,0,352796,0
1237137,351892,0,352826,1
1237191,351908,0,352844,0
1237241,351920,0,352855,2
1237291,351935,0,352863,1
1237343,351946,0,352926,1
1237396,351961,0,352929,1
1237447,351984,0,352934,1
1237498,352005,0,352946,1
1237549,352016,0,352967,1
1237606,352030,0,352978,1
1237657,352048,0,352997,1
1237710,352063,0,353006,1
1237761,352073,0,353013,1
1237811,352087,0,353030,0
1237873,352100,0,353049,1
1237923,352115,0,353057,0
1237974,352128,0,353072,1
1238024,352144,0,353093,0
1238075,352155,0,353109,1
1238125,352170,0,353117,1
1238178,352195,0,353123,1
1238228,352210,0,353134,1
1238279,352222,0,353159,0
1238330,352243,0,353176,0
1238380,352255,0,353191,0
1238430,352268,0,353208,0
1238480,352281,0,353230,1
1238530,352290,0,353248,0
1238580,352300,0,353256,1
1238631,352316,0,353267,0
1238683,352331,0,353277,1
1238733,352344,0,353286,0
1238783,352355,0,353303,1
1238833,352371,0,353309,2
1238885,352392,0,353309,1
1238935,352412,0,353319,1
1238985,352423,0,353338,0
1239035,352443,0,353342,0
1239087,352455,0,353356,0
1239137,352469,0,353373,0
1239190,352481,0,353382,0
1239241,352492,0,353389,1
1239292,352505,0,353409,0
1239345,352519,0,353420,1
1239397,352532,0,353434,1
1239447,352546,0,353446,0
1239500,352560,0,353459,1
1239553,352577,0,353465,1
1239606,352604,0,353472,3
1239656,352619,0,353487,1
1239706,352629,0,353502,0
1239760,352648,0,353519,1
1239810,352660,0,353536,1
1239861,352672,0,353543,1
1239913,352685,0,353557,1
1239965,352698,0,353569,1
1240015,352711,0,353587,0
1240067,352723,0,353597,1
1240117,352738,0,353609,1
1240168,352751,0,353619,1
1240218,352765,0,353637,2
1240268,352785,0,353653,2
1240320,352808,0,353658,0
1240370,352820,0,353679,1
1240426,352834,0,353693,1
1240479,352851,0,353705,0
1240530,352866,0,353717,0
1240584,352876,0,353734,1
1240634,352890,0,353748,1
1240687,352901,0,353761,1
1240737,352916,0,353777,0
1240789,352931,0,353792,1
1240844,352944,0,353796,1
1240895,352957,0,353815,1
1240945,352972,0,353825,1
1240995,352995,0,353831,3
1241049,353014,0,353840,1
1241099,353025,0,353860,0
1241150,353044,0,353875,1
1241201,353056,0,353894,1
1241252,353071,0,353906,1
1241304,353083,0,353930,0
1241355,353093,0,353945,1
1241405,353109,0,353961,0
1241457,353122,0,353985,1
1241507,353133,0,354009,1
1241560,353148,0,354025,1
1241610,353159,0,354038,0
1241660,353176,0,354044,1
1241711,353201,0,354044,1
1241761,353218,0,354052,1
1241812,353230,0,354059,1
1241863,353248,0,354077,0
1241914,353259,0,354091,1
1241966,353272,0,354114,1
1242020,353286,0,354122,1
1242071,353298,0,354145,1
1242122,353312,0,354162,1
1242174,353324,0,354179,0
1242224,353337,0,354193,1
1242277,353351,0,354205,1
1242330,353366,0,354219,1
1242380,353381,0,354235,1
1242431,353403,0,354240,1
1242481,353419,0,354261,0
1242532,353434,0,354269,1
1242583,353451,0,354287,0
1242635,353466,0,354301,0
1242687,353476,0,354318,1
1242745,353489,0,354339,1
1242797,353503,0,354359,1
1242849,353518,0,354374,0
1242902,353531,0,354387,0
1242953,353545,0,354402,1
1243010,353558,0,354423,1
1243064,353576,0,354438,1
1243114,353595,0,354443,1
1243165,353617,0,354449,1
1243215,353629,0,354467,1
1243265,353647,0,354475,2
1243319,353659,0,354496,1
1243370,353672,0,354514,1
1243425,353685,0,354521,1
1243476,353699,0,354533,1
1243529,353713,0,354542,1
1243583,353725,0,354553,1
1243634,353739,0,354560,1
1243684,353753,0,354571,1
1243734,353767,0,354593,1
1243786,353780,0,354610,1
1243837,353799,0,354610,1
1243887,353820,0,354612,1
1243937,353835,0,354624,0
1243988,353851,0,354634,0
1244038,353864,0,354642,1
1244088,353875,0,354671,1
1244139,353888,0,354680,1
1244189,353900,0,354692,1
1244239,353915,0,354697,1
1244289,353927,0,354707,0
1244345,353941,0,354720,1
1244396,353956,0,354732,0
1244448,353971,0,354744,1
1244499,353987,0,354757,1
1244550,353998,0,354768,1
1244600,354023,0,354778,1
1244651,354039,0,354789,1
1244704,354054,0,354804,1
1244757,354069,0,354821,1
1244807,354078,0,354835,2
1244859,354089,0,354851,1
1244909,354105,0,354869,0
1244960,354118,0,354886,0
1245011,354133,0,354903,0
1245061,354146,0,354915,2
1245113,354158,0,354925,1
1245166,354175,0,354938,0
1245216,354191,0,354953,0
1245268,354203,0,354967,1
1245319,354226,0,354976,0
1245369,354245,0,354990,2
1245420,354258,0,355010,0
1245470,354272,0,355025,1
1245522,354282,0,355038,1
1245574,354295,0,355052,1
1245624,354307,0,355062,1
1245674,354321,0,355081,1
1245727,354336,0,355091,1
1245777,354349,0,355099,1
1245827,354361,0,355109,1
1245882,354377,0,355126,0
1245933,354391,0,355133,1
1245984,354411,0,355149,2
1246034,354430,0,355150,1
1246084,354449,0,355163,1
1246134,354462,0,355181,2
1246184,354473,0,355203,1
1246234,354485,0,355222,1
1246284,354499,0,355232,1
1246335,354509,0,355244,1
1246388,354525,0,355254,1
1246441,354538,0,355268,1
1246492,354553,0,355292,0
1246543,354565,0,355303,1
1246594,354580,0,355322,1
1246644,354595,0,355337,1
1246694,354616,0,355347,1
1246745,354634,0,355355,1
1246798,354652,0,355367,1
1246853,354667,0,355381,1
1246906,354676,0,355397,0
1246956,354688,0,355417,0
1247007,354703,0,355428,1
1247057,354717,0,355449,0
1247107,354729,0,355468,1
1247157,354741,0,355493,0
1247207,354757,0,355512,1
1247257,354770,0,355522,1
1247307,354784,0,355541,3
1247357,354795,0,355557,1
1247407,354820,0,355563,2
1247457,354838,0,355577,1
1247509,354855,0,355587,1
1247562,354869,0,355600,1
1247614,354877,0,355623,1
1247664,354889,0,355636,0
1247715,354905,0,355655,1
1247765,354919,0,355659,1
1247815,354932,0,355676,1
1247866,354944,0,355691,1
1247917,354958,0,355701,1
1247972,354973,0,355727,0
1248022,354987,0,355736,1
1248080,354995,0,355747,1
1248130,355017,0,355747,1
1248181,355043,0,355749,1
1248232,355059,0,355758,1
1248283,355072,0,355776,0
1248333,355081,0,355793,1
1248383,355094,0,355806,1
1248435,355107,0,355834,0
1248486,355122,0,355844,1
1248536,355136,0,355864,0
1248587,355150,0,355884,1
1248637,355162,0,355901,1
1248692,355178,0,355912,1
1248742,355191,0,355924,0
1248799,355202,0,355945,1
1248851,355222,0,355956,1
1248901,355251,0,355962,1
1248951,355266,0,355977,0
1249003,355275,0,355997,2
1249053,355287,0,356010,0
1249104,355300,0,356018,1
1249156,355315,0,356027,1
1249208,355326,0,356051,0
1249258,355339,0,356066,0
1249308,355353,0,356074,0
1249358,355369,0,356086,1
1249408,355381,0,356091,1
1249460,355394,0,356103,0
1249511,355406,0,356124,1
1249564,355424,0,356130,1
1249618,355455,0,356138,1
1249672,355469,0,356159,0
1249722,355478,0,356178,0
1249772,355490,0,356197,1
1249825,355504,0,356209,1
1249879,355519,0,356218,0
1249929,355534,0,356234,1
1249979,355547,0,356254,1
1250036,355559,0,356267,1
1250086,355575,0,356273,1
1250142,355589,0,356286,1
1250195,355599,0,356314,1
1250245,355614,0,356315,1
1250295,355635,0,356318,1
1250345,355662,0,356324,1
1250396,355672,0,356342,0
1250447,355684,0,356357,1
1250501,355697,0,356371,1
1250553,355712,0,356382,0
1250603,355726,0,356402,0
1250655,355739,0,356422,0
1250706,355751,0,356432,1
1250756,355766,0,356445,0
1250806,355778,0,356471,0
1250856,355794,0,356483,1
1250907,355801,0,356503,1
1250957,355817,0,356516,1
1251008,355843,0,356520,1
1251058,355867,0,356530,1
1251109,355875,0,356545,1
1251163,355888,0,356611,1
1251217,355900,0,356639,1
1251267,355916,0,356652,2
1251320,355929,0,356675,1
1251372,355941,0,356696,1
1251422,355954,0,356709,1
1251473,355969,0,356721,0
1251523,355984,0,356731,0
1251576,355994,0,356748,0
1251628,356005,0,356774,1
1251678,356026,0,356784,1
1251728,356048,0,356785,4
1251779,356070,0,356794,1
1251830,356078,0,356818,0
1251880,356091,0,356842,0
1251930,356105,0,356857,1
1251983,356119,0,356873,0
1252033,356132,0,356889,1
1252084,356144,0,356902,1
1252135,356157,0,356911,1
1252186,356173,0,356917,0
1252239,356188,0,356931,0
1252289,356195,0,356953,0
1252339,356209,0,356967,0
1252390,356230,0,356980,3
1252441,356245,0,356985,1
1252491,356271,0,356987,0
1252541,356279,0,356996,1
1252591,356294,0,357027,0
1252644,356306,0,357046,0
1252697,356322,0,357061,1
1252755,356336,0,357073,1
1252805,356350,0,357097,1
1252855,356360,0,357110,0
1252907,356377,0,357121,1
1252957,356392,0,357140,2
1253010,356401,0,357158,1
1253062,356416,0,357171,1
1253113,356437,0,357180,1
1253163,356456,0,357190,2
1253214,356474,0,357203,0
1253267,356488,0,357218,1
1253317,356497,0,357239,1
1253373,356514,0,357251,1
1253423,356528,0,357261,0
1253475,356540,0,357281,1
1253525,356553,0,357299,0
1253588,356567,0,357312,1
1253638,356587,0,357319,1
1253689,356595,0,357334,0
1253740,356608,0,357348,0
1253790,356628,0,357352,1
1253842,356641,0,357366,1
1253893,356667,0,357366,1
1253951,356681,0,357374,1
1254003,356696,0,357388,0
1254054,356708,0,357408,1
1254106,356724,0,357423,1
1254158,356736,0,357432,1
1254208,356750,0,357450,1
1254259,356760,0,357464,0
1254309,356777,0,357469,1
1254360,356791,0,357498,1
1254411,356801,0,357520,1
1254461,356814,0,357541,1
1254511,356835,0,357547,0
1254563,356848,0,357556,1
1254623,356869,0,357556,1
1254673,356889,0,357569,0
1254724,356898,0,357589,1
1254775,356913,0,357602,0
1254825,356928,0,357619,0
1254879,356940,0,357635,1
1254933,356953,0,357651,0
1254983,356965,0,357663,1
1255035,356982,0,357667,1
1255087,356995,0,357684,1
1255137,357007,0,357697,1
1255188,357025,0,357702,1
1255238,357040,0,357707,1
1255290,357059,0,357715,1
1255340,357075,0,357726,1
1255391,357094,0,357735,1
1255442,357104,0,357749,1
1255492,357117,0,357774,0
1255542,357132,0,357790,1
1255592,357145,0,357807,1
1255643,357155,0,357827,1
1255693,357166,0,357830,1
1255744,357184,0,357834,1
1255794,357195,0,357850,0
1255844,357208,0,357871,1
1255898,357224,0,357880,1
1255950,357241,0,357882,1
1256002,357262,0,357888,1
1256056,357279,0,357897,1
1256107,357296,0,357901,1
1256159,357308,0,357926,0
1256209,357321,0,357941,2
1256262,357335,0,357952,0
1256318,357350,0,357970,1
1256369,357361,0,357987,0
1256419,357377,0,357992,0
1256469,357392,0,358006,1
1256520,357401,0,358021,0
1256571,357415,0,358050,1
1256623,357432,0,358061,1
1256675,357450,0,358086,1
1256726,357469,0,358096,1
1256777,357484,0,358111,2
1256827,357499,0,358127,1
1256877,357511,0,358148,1
1256927,357523,0,358151,1
1256978,357539,0,358180,0
1257035,357553,0,358195,1
1257086,357564,0,358221,0
1257141,357582,0,358237,1
1257192,357595,0,358300,0
1257246,357608,0,358315,1
1257296,357623,0,358324,1
1257347,357640,0,358331,0
1257398,357657,0,358337,1
1257450,357677,0,358347,1
1257502,357694,0,358366,1
1257552,357705,0,358388,0
1257603,357717,0,358395,1
1257653,357733,0,358405,1
1257704,357746,0,358417,1
1257755,357757,0,358440,1
1257809,357769,0,358452,1
1257860,357789,0,358456,1
1257910,357798,0,358484,1
1257961,357810,0,358494,0
1258012,357827,0,358510,1
1258062,357843,0,358530,1
1258113,357859,0,358542,1
1258165,357880,0,358548,1
1258215,357896,0,358561,0
1258265,357908,0,358577,1
1258316,357920,0,358591,1
1258366,357936,0,358611,1
1258417,357949,0,358626,0
1258472,357959,0,358654,0
1258522,357973,0,358663,0
1258572,357990,0,358669,1
1258623,358000,0,358687,0
1258673,358015,0,358694,1
1258724,358029,0,358717,1
1258774,358047,0,358719,1
1258826,358063,0,358730,1
1258876,358082,0,358745,1
1258926,358098,0,358755,1
1258980,358110,0,358779,1
1259030,358123,0,358807,1
1259080,358138,0,358817,0
1259130,358152,0,358832,1
1259182,358161,0,358855,1
1259234,358175,0,358870,1
1259285,358193,0,358892,0
1259336,358203,0,358915,1
1259389,358218,0,358933,1
1259439,358235,0,358949,1
1259489,358252,0,358952,2
1259539,358266,0,358973,1
1259589,358287,0,358983,0
1259644,358301,0,358991,1
1259694,358312,0,359005,0
1259745,358326,0,359010,1
1259796,358342,0,359016,1
1259851,358355,0,359025,1
1259902,358365,0,359034,1
1259958,358380,0,359036,1
1260009,358396,0,359046,1
1260059,358408,0,359068,1
1260112,358422,0,359080,1
1260162,358438,0,359086,1
1260214,358457,0,359090,1
1260265,358479,0,359102,1
1260317,358493,0,359114,1
1260368,358505,0,359130,1
1260419,358519,0,359153,0
1260472,358535,0,359160,1
1260523,358550,0,359182,1
1260573,358559,0,359207,0
1260624,358570,0,359224,0
1260674,358588,0,359234,1
1260733,358601,0,359256,1
1260783,358617,0,359268,1
1260840,358630,0,359279,1
1260893,358651,0,359290,1
1260943,358666,0,359306,0
1260993,358687,0,359313,1
1261043,358699,0,359331,1
1261096,358710,0,359348,0
1261146,358725,0,359354,1
1261196,358739,0,359375,0
1261247,358753,0,359392,0
1261300,358764,0,359419,1
1261351,358775,0,359439,1
1261401,358793,0,359443,1
1261453,358805,0,359458,1
1261504,358819,0,359474,0
1261555,358834,0,359482,1
1261607,358853,0,359492,1
1261658,358868,0,359504,0
1261710,358890,0,359512,0
1261760,358904,0,359528,1
1261820,358913,0,359549,1
1261870,358932,0,359557,1
1261920,358945,0,359569,1
1261970,358959,0,359587,1
1262021,358970,0,359613,1
1262075,358981,0,359632,1
1262125,359000,0,359642,0
1262175,359011,0,359657,1
1262226,359024,0,359668,1
1262278,359040,0,359683,1
1262328,359059,0,359690,0
1262381,359075,0,359698,1
1262431,359096,0,359706,0
1262484,359108,0,359722,1
1262535,359118,0,359736,1
1262586,359138,0,359745,1
1262640,359151,0,359752,1
1262692,359161,0,359766,1
1262748,359173,0,359777,1
1262799,359187,0,359793,1
1262850,359203,0,359814,1
1262901,359219,0,359829,0
1262953,359229,0,359842,1
1263003,359247,0,359848,1
1263053,359266,0,359859,0
1263106,359286,0,359870,1
1263156,359302,0,359887,1
1263207,359311,0,359900,1
1263264,359327,0,359911,1
1263315,359342,0,359918,1
1263365,359358,0,359929,1
1263415,359366,0,359954,0
1263466,359376,0,359966,1
1263516,359397,0,359982,1
1263569,359407,0,360005,1
1263619,359421,0,360023,2
1263669,359434,0,360029,1
1263719,359452,0,360051,0
1263770,359470,0,360057,1
1263820,359492,0,360066,2
1263874,359504,0,360078,0
1263924,359513,0,360113,0
1263975,359533,0,360119,2
1264026,359543,0,360136,1
1264076,359559,0,360154,1
1264126,359568,0,360175,0
1264178,359580,0,360191,1
1264228,359600,0,360201,2
1264282,359610,0,360221,1
1264332,359623,0,360236,0
1264384,359638,0,360245,1
1264434,359655,0,360251,0
1264490,359675,0,360256,1
1264547,359698,0,360259,0
1264598,359710,0,360268,0
1264652,359719,0,360283,1
1264703,359740,0,360293,2
1264755,359752,0,360299,1
1264807,359764,0,360316,1
1264858,359773,0,360333,1
1264908,359788,0,360355,1
1264958,359802,0,360372,0
1265009,359819,0,360388,1
1265059,359829,0,360407,0
1265109,359847,0,360418,1
1265162,359867,0,360433,0
1265212,359884,0,360447,1
1265263,359900,0,360451,1
1265314,359912,0,360465,1
1265366,359923,0,360481,1
1265417,359940,0,360496,0
1265467,359955,0,360505,1
1265518,359966,0,360533,0
1265570,359976,0,360554,1
1265623,359991,0,360566,1
1265673,360007,0,360583,1
1265725,360022,0,360601,1
1265775,360035,0,360609,2
1265830,360052,0,360622,1
1265882,360073,0,360638,1
1265936,360089,0,360645,1
1265986,360105,0,360652,1
1266037,360114,0,360668,1
1266087,360131,0,360683,2
1266138,360146,0,360693,1
1266193,360160,0,360718,0
1266243,360170,0,360733,1
1266293,360184,0,360744,0
1266344,360196,0,360754,1
1266399,360211,0,360765,0
1266453,360227,0,360783,1
1266504,360243,0,360795,0
1266554,360263,0,360800,1
1266604,360276,0,360817,0
1266656,360297,0,360827,1
1266710,360311,0,360841,1
1266761,360320,0,360866,0
1266816,360340,0,360871,1
1266870,360355,0,360886,1
1266921,360366,0,360897,0
1266971,360375,0,360915,0
1267021,360390,0,360927,0
1267072,360404,0,360947,0
1267124,360421,0,360953,1
1267177,360429,0,360974,0
1267228,360449,0,360981,1
1267280,360470,0,360989,0
1267330,360486,0,361002,0
1267384,360503,0,361019,1
1267434,360513,0,361037,0
1267484,360526,0,361059,3
1267534,360545,0,361072,1
1267584,360559,0,361100,0
1267635,360566,0,361129,0
1267686,360577,0,361143,1
1267738,360593,0,361154,1
1267792,360610,0,361163,1
1267842,360623,0,361170,1
1267893,360634,0,361190,0
1267943,360653,0,361198,1
1267996,360675,0,361216,1
1268048,360691,0,361230,1
1268098,360706,0,361240,1
1268152,360717,0,361253,1
1268203,360728,0,361272,1
1268253,360749,0,361277,2
1268305,360762,0,361292,0
1268355,360772,0,361307,2
1268408,360781,0,361324,1
1268458,360801,0,361328,1
1268508,360812,0,361347,0
1268558,360827,0,361372,1
1268608,360840,0,361393,1
1268658,360860,0,361408,2
1268709,360876,0,361424,0
1268764,360897,0,361476,1
1268814,360911,0,361484,1
1268865,360921,0,361507,1
1268915,360935,0,361524,1
1268968,360953,0,361538,1
1269018,360965,0,361556,0
1269068,360974,0,361564,1
1269118,360983,0,361590,0
1269169,361002,0,361602,0
1269219,361015,0,361615,1
1269269,361028,0,361630,0
1269322,361041,0,361638,1
1269372,361065,0,361639,1
1269422,361080,0,361655,1
1269473,361100,0,361666,1
1269525,361112,0,361692,1
1269575,361121,0,361716,0
1269625,361132,0,361720,1
1269676,361154,0,361732,0
1269726,361166,0,361747,0
1269776,361175,0,361767,0
1269829,361187,0,361779,1
1269881,361205,0,361783,1
1269932,361219,0,361803,1
1269989,361230,0,361822,1
1270039,361248,0,361835,1
1270093,361271,0,361845,1
1270149,361287,0,361860,1
1270199,361303,0,361869,0
1270250,361315,0,361886,0
1270302,361324,0,361900,1
1270352,361347,0,361913,1
1270404,361361,0,361931,1
1270454,361370,0,361944,1
1270506,361380,0,361961,0
1270558,361396,0,361977,1
1270612,361412,0,361989,0
1270666,361427,0,362003,1
1270718,361437,0,362027,1
1270768,361457,0,362031,2
1270819,361478,0,362048,1
1270870,361494,0,362067,0
1270920,361507,0,362077,1
1270971,361518,0,362090,1
1271023,361531,0,362098,1
1271074,361548,0,362099,1
1271124,361565,0,362120,0
1271175,361575,0,362148,1
1271226,361584,0,362164,0
1271277,361603,0,362180,1
1271328,361615,0,362194,1
1271378,361629,0,362208,0
1271430,361641,0,362226,1
1271482,361657,0,362237,1
1271532,361682,0,362241,1
1271582,361694,0,362245,1
1271635,361711,0,362253,1
1271687,361721,0,362274,0
1271737,361733,0,362288,1
1271789,361752,0,362292,1
1271840,361766,0,362306,0
1271890,361775,0,362321,0
1271941,361789,0,362334,1
1271991,361807,0,362347,1
1272041,361820,0,362365,0
1272091,361830,0,362381,1
1272143,361845,0,362396,1
1272199,361862,0,362403,1
1272250,361884,0,362413,0
1272301,361899,0,362426,1
1272351,361915,0,362452,1
1272401,361923,0,362466,0
1272454,361937,0,362472,1
1272504,361956,0,362484,1
1272554,361968,0,362506,0
1272604,361978,0,362513,1
1272654,361993,0,362527,1
1272704,362010,0,362535,0
1272754,362019,0,362541,1
1272806,362034,0,362553,1
1272856,362048,0,362565,0
1272906,362063,0,362578,0
1272959,362081,0,362578,1
1273009,362102,0,362596,1
1273059,362117,0,362609,1
1273110,362124,0,362628,1
1273160,362138,0,362649,1
1273211,362158,0,362655,1
1273263,362168,0,362673,0
1273315,362181,0,362684,1
1273368,362195,0,362691,1
1273418,362212,0,362706,0
1273468,362226,0,362719,0
1273520,362236,0,362735,1
1273574,362254,0,362749,1
1273627,362270,0,362763,1
1273678,362290,0,362771,1
1273729,362308,0,362782,1
1273781,362319,0,362795,1
1273832,362331,0,362821,1
1273882,362344,0,362828,1
1273933,362366,0,362846,0
1273983,362373,0,362870,1
1274033,362383,0,362894,0
1274083,362401,0,362913,1
1274133,362415,0,362928,1
1274183,362427,0,362950,0
1274233,362438,0,362965,1
1274285,362456,0,362987,0
1274335,362471,0,362998,1
1274386,362491,0,363005,1
1274437,362511,0,363009,1
1274490,362520,0,363036,0
1274541,362533,0,363056,1
1274593,362547,0,363076,1
1274643,362566,0,363089,0
1274696,362576,0,363116,1
1274755,362585,0,363142,1
1274811,362610,0,363148,1
1274862,362620,0,363169,2
1274915,362635,0,363191,1
1274966,362649,0,363202,0
1275018,362667,0,363209,1
1275071,362684,0,363226,1
1275124,362703,0,363231,1
1275174,362717,0,363236,0
1275224,362729,0,363248,1
1275274,362741,0,363276,1
1275324,362761,0,363297,1
1275374,362770,0,363321,0
1275424,362781,0,363340,0
1275474,362791,0,363347,3
1275524,362812,0,363352,0
1275574,362824,0,363368,1
1275624,362836,0,363393,0
1275674,362851,0,363404,1
1275727,362869,0,363416,1
1275778,362887,0,363421,1
1275828,362903,0,363432,0
1275878,362917,0,363448,0
1275928,362928,0,363465,2
1275978,362940,0,363482,1
1276030,362964,0,363488,1
1276081,362970,0,363502,0
1276133,362982,0,363516,0
1276184,362994,0,363535,1
1276235,363015,0,363544,1
1276285,363028,0,363563,1
1276336,363037,0,363586,0
1276387,363056,0,363595,3
1276437,363070,0,363611,1
1276487,363090,0,363623,0
1276539,363104,0,363634,1
1276589,363119,0,363651,1
1276641,363129,0,363656,1
1276691,363145,0,363673,1
1276741,363166,0,363676,0
1276791,363172,0,363700,0
1276842,363183,0,363712,0
1276892,363198,0,363723,1
1276947,363215,0,363727,1
1276998,363230,0,363732,0
1277050,363243,0,363749,1
1277100,363256,0,363756,1
1277152,363273,0,363771,1
1277203,363292,0,363832,1
1277254,363307,0,363837,1
1277304,363321,0,363850,0
1277358,363333,0,363866,1
1277408,363347,0,363878,0
1277458,363362,0,363882,2
1277508,363377,0,363905,0
1277561,363385,0,363931,1
1277613,363398,0,363943,1
1277663,363417,0,363948,1
1277713,363434,0,363959,0
1277763,363445,0,363979,0
1277815,363459,0,363987,1
1277866,363476,0,364002,1
1277919,363494,0,364020,1
1277971,363510,0,364031,1
1278026,363525,0,364048,0
1278077,363539,0,364067,1
1278129,363550,0,364081,0
1278180,363570,0,364089,0
1278231,363580,0,364099,1
1278283,363589,0,364118,1
1278333,363609,0,364128,1
1278383,363626,0,364149,1
1278434,363636,0,364168,0
1278484,363648,0,364194,0
1278536,363668,0,364206,1
1278586,363686,0,364218,1
1278638,363703,0,364230,0
1278688,363717,0,364244,1
1278739,363727,0,364263,1
1278789,363740,0,364279,0
1278844,363753,0,364297,1
1278895,363772,0,364305,1
1278948,363783,0,364322,0
1278999,363795,0,364336,0
1279050,363813,0,364347,0
1279100,363829,0,364360,1
1279150,363841,0,364367,1
1279206,363853,0,364385,1
1279257,363873,0,364397,0
1279310,363892,0,364404,0
1279362,363907,0,364424,1
1279412,363921,0,364434,0
1279463,363935,0,364445,1
1279515,363949,0,364462,1
1279565,363959,0,364481,1
1279615,363972,0,364487,1
1279665,363985,0,364501,1
1279715,363997,0,364555,0
1279766,364017,0,364562,1
1279818,364031,0,364562,1
1279868,364046,0,364577,1
1279919,364059,0,364595,2
1279969,364075,0,364609,1
1280019,364093,0,364627,0
1280069,364109,0,364655,0
1280120,364121,0,364661,1
1280170,364136,0,364672,0
1280221,364149,0,364686,1
1280272,364160,0,364697,1
1280322,364177,0,364709,2
1280373,364187,0,364720,1
1280425,364198,0,364733,0
1280478,364218,0,364744,1
1280529,364236,0,364766,1
1280580,364246,0,364785,0
1280633,364261,0,364794,1
1280683,364278,0,364807,2
1280734,364298,0,364816,1
1280785,364313,0,364831,1
1280835,364325,0,364846,0
1280888,364339,0,364863,0
1280939,364352,0,364873,1
1280989,364361,0,364892,1
1281039,364379,0,364898,1
1281092,364390,0,364913,1
1281143,364402,0,364928,1
1281198,364422,0,364932,1
1281251,364438,0,364942,1
1281302,364449,0,364960,0
1281353,364471,0,364964,1
1281403,364488,0,364971,1
1281453,364504,0,364979,1
1281503,364517,0,364991,1
1281553,364528,0,365001,1
1281604,364541,0,365011,1
1281655,364553,0,365020,0
1281709,364568,0,365035,1
1281761,364584,0,365041,0
1281811,364594,0,365061,1
1281865,364608,0,365079,1
1281916,364629,0,365084,1
1281967,364642,0,365098,1
1282018,364653,0,365123,1
1282068,364674,0,365140,0
1282123,364691,0,365151,1
1282173,364708,0,365165,0
1282224,364720,0,365193,1
1282275,364732,0,365212,1
1282325,364749,0,365225,0
1282375,364760,0,365236,1
1282426,364772,0,365264,1
1282477,364786,0,365273,0
1282527,364798,0,365284,1
1282580,364813,0,365295,1
1282631,364833,0,365302,1
1282682,364846,0,365310,0
1282733,364858,0,365337,1
1282783,364877,0,365344,1
1282833,364893,0,365360,1
1282884,364911,0,365367,1
1282939,364924,0,365388,1
1282990,364938,0,365409,1
1283041,364950,0,365433,0
1283092,364961,0,365455,1
1283143,364976,0,365466,1
1283193,364989,0,365480,0
1283244,365001,0,365502,1
1283299,365016,0,365524,1
1283349,365037,0,365531,1
1283400,365047,0,365539,1
1283451,365064,0,365543,2
1283501,365082,0,365556,2
1283551,365098,0,365562,1
1283601,365115,0,365579,1
1283651,365125,0,365594,1
1283703,365140,0,365608,0
1283753,365152,0,365622,1
1283803,365162,0,365644,0
1283854,365180,0,365652,1
1283904,365192,0,365658,1
1283954,365202,0,365671,0
1284004,365217,0,365682,0
1284059,365237,0,365689,0
1284112,365248,0,365707,1
1284163,365267,0,365726,1
1284214,365288,0,365733,1
1284264,365303,0,365801,1
1284314,365318,0,365813,0
1284365,365330,0,365831,0
1284421,365341,0,365852,1
1284473,365356,0,365864,1
1284525,365368,0,365881,1
1284575,365386,0,365890,1
1284626,365396,0,365909,1
1284678,365409,0,365916,1
1284728,365426,0,365969,2
1284779,365441,0,365990,0
1284833,365451,0,366009,1
1284883,365474,0,366027,2
1284933,365491,0,366033,1
1284983,365509,0,366043,1
1285033,365522,0,366119,1
1285086,365532,0,366138,1
1285136,365544,0,366157,1
1285186,365560,0,366174,1
1285237,365569,0,366179,1
1285290,365587,0,366187,0
1285340,365599,0,366209,1
1285390,365613,0,366219,4
1285440,365633,0,366235,1
1285493,365644,0,366260,1
1285543,365653,0,366284,1
1285594,365675,0,366284,1
1285646,365694,0,366298,0
1285696,365712,0,366313,0
1285749,365723,0,366327,1
1285801,365739,0,366343,1
1285852,365747,0,366357,1
1285906,365762,0,366368,1
1285956,365777,0,366386,2
1286007,365792,0,366405,1
1286062,365802,0,366422,1
1286113,365816,0,366442,1
1286163,365837,0,366448,0
1286213,365847,0,366466,0
1286263,365860,0,366478,1
1286313,365883,0,366484,1
1286363,365899,0,366499,1
1286415,365917,0,366524,1
1286468,365929,0,366540,1
1286518,365940,0,366554,0
1286568,365954,0,366560,0
1286618,365965,0,366576,2
1286670,365982,0,366589,1
1286720,365994,0,366604,0
1286774,366004,0,366619,1
1286825,366018,0,366629,1
1286875,366038,0,366641,0
1286928,366048,0,366665,0
1286978,366062,0,366671,1
1287028,366086,0,366671,1
1287078,366104,0,366679,1
1287128,366119,0,366705,1
1287179,366130,0,366725,1
1287233,366141,0,366733,0
1287286,366157,0,366745,1
1287337,366168,0,366766,0
1287387,366186,0,366778,0
1287438,366198,0,366790,0
1287490,366207,0,366810,1
1287543,366223,0,366828,1
1287595,366244,0,366839,1
1287646,366253,0,366863,1
1287702,366267,0,366876,1
1287754,366292,0,366876,1
1287804,366313,0,366891,0
1287855,366323,0,366902,1
1287909,366334,0,366918,1
1287959,366348,0,366938,2
1288011,366362,0,366952,1
1288061,366375,0,366973,2
1288114,366392,0,366981,1
1288165,366402,0,367001,1
1288215,366416,0,367015,2
1288265,366433,0,367032,1
1288316,366446,0,367045,1
1288366,366457,0,367053,1
1288418,366475,0,367059,1
1288469,366496,0,367069,2
1288519,366517,0,367078,1
1288570,366529,0,367099,1
1288620,366536,0,367109,1
1288670,366548,0,367115,1
1288720,366563,0,367131,0
1288770,366577,0,367145,1
1288825,366594,0,367158,1
1288877,366603,0,367170,1
1288930,366617,0,367186,0
1288980,366639,0,367191,2
1289030,366648,0,367206,0
1289080,366661,0,367225,0
1289130,366677,0,367235,1
1289186,366700,0,367239,1
1289240,366720,0,367251,1
1289291,366730,0,367268,0
1289341,366741,0,367283,0
1289394,366759,0,367296,1
1289444,366768,0,367314,0
1289494,366786,0,367326,2
1289544,366797,0,367344,1
1289596,366807,0,367365,1
1289647,366821,0,367378,0
1289698,366841,0,367379,1
1289748,366853,0,367393,1
1289800,366864,0,367411,1
1289853,366886,0,367421,1
1289903,366903,0,367430,1
1289954,366922,0,367435,0
1290006,366933,0,367453,1
1290057,366943,0,367464,0
1290107,366960,0,367473,0
1290158,366969,0,367488,0
1290208,366990,0,367494,0
1290260,367001,0,367516,1
1290312,367011,0,367532,1
1290362,367025,0,367553,1
1290415,367044,0,367560,0
1290465,367056,0,367576,1
1290517,367069,0,367593,1
1290569,367093,0,367598,1
1290619,367110,0,367660,4
1290669,367125,0,367671,1
1290719,367134,0,367682,1
1290770,367147,0,367700,1
1290821,367163,0,367705,1
1290875,367171,0,367733,1
1290926,367192,0,367733,1
1290979,367202,0,367750,0
1291030,367217,0,367757,1
1291081,367233,0,367769,1
1291131,367248,0,367779,0
1291181,367260,0,367800,0
1291232,367275,0,367815,1
1291283,367296,0,367815,2
1291333,367314,0,367823,3
1291383,367329,0,367836,2
1291435,367336,0,367851,1
1291489,367351,0,367868,1
1291543,367366,0,367879,1
1291593,367380,0,367898,1
1291643,367396,0,367912,2
1291695,367405,0,367926,1
1291745,367417,0,367940,0
1291795,367438,0,367949,2
1291849,367451,0,367962,1
1291900,367463,0,367980,0
1291951,367479,0,367992,1
1292001,367500,0,367992,2
1292055,367521,0,368008,1
1292105,367531,0,368024,1
1292156,367543,0,368035,1
1292207,367555,0,368050,1
1292257,367569,0,368062,0
1292308,367581,0,368074,1
1292358,367599,0,368086,0
1292411,367606,0,368120,0
1292461,367623,0,368127,0
1292514,367643,0,368136,1
1292566,367654,0,368153,0
1292616,367666,0,368172,1
1292666,367681,0,368173,1
1292717,367699,0,368173,1
1292767,367723,0,368178,1
1292819,367733,0,368192,0
1292869,367745,0,368204,0
1292919,367759,0,368227,1
1292972,367770,0,368244,1
1293022,367786,0,368254,2
1293072,367801,0,368266,1
1293123,367809,0,368277,1
1293173,367828,0,368290,1
1293228,367846,0,368302,1
1293280,367858,0,368311,1
1293330,367869,0,368339,0
1293380,367886,0,368341,1
1293435,367901,0,368342,1
1293487,367926,0,368342,1
1293537,367936,0,368357,1
1293588,367950,0,368374,1
1293639,367965,0,368386,1
1293690,367973,0,368407,1
1293743,367992,0,368414,1
1293796,368004,0,368430,1
1293852,368016,0,368452,1
1293912,368037,0,368467,1
1293964,368052,0,368479,1
1294014,368064,0,368498,1
1294064,368078,0,368523,0
1294117,368095,0,368539,1
1294171,368113,0,368553,1
1294221,368133,0,368561,1
1294271,368144,0,368577,2
1294322,368158,0,368590,0
1294372,368170,0,368609,1
1294422,368181,0,368613,1
1294476,368200,0,368617,1
1294526,368208,0,368636,1
1294577,368224,0,368644,2
1294627,368245,0,368650,0
1294679,368257,0,368666,1
1294734,368269,0,368683,1
1294784,368286,0,368693,2
1294835,368298,0,368717,1
1294886,368321,0,368731,1
1294938,368336,0,368747,1
1294988,368349,0,368762,3
1295038,368363,0,368778,0
1295089,368371,0,368801,1
1295142,368387,0,368813,1
1295194,368403,0,368818,0
1295247,368413,0,368839,1
1295297,368432,0,368849,1
1295347,368449,0,368867,3
1295398,368460,0,368882,1
1295448,368473,0,368890,1
1295499,368490,0,368901,0
1295549,368504,0,368921,0
1295599,368529,0,368924,2
1295651,368538,0,368937,1
1295702,368551,0,368948,1
1295753,368566,0,368960,0
1295805,368575,0,368979,1
1295855,368588,0,369007,1
1295905,368606,0,369010,1
1295955,368615,0,369022,1
1296006,368636,0,369033,1
1296061,368650,0,369045,1
1296113,368663,0,369067,1
1296165,368678,0,369081,1
1296215,368693,0,369090,0
1296270,368707,0,369097,1
1296320,368731,0,369101,0
1296372,368741,0,369124,1
1296422,368757,0,369133,2
1296474,368769,0,369144,0
1296526,368780,0,369155,1
1296582,368798,0,369172,1
1296635,368808,0,369203,1
1296687,368822,0,369210,1
1296737,368843,0,369216,0
1296787,368858,0,369233,0
1296841,368869,0,369251,1
1296898,368883,0,369272,1
1296948,368900,0,369279,2
1296998,368916,0,369286,1
1297048,368933,0,369286,2
1297098,368949,0,369306,0
1297148,368963,0,369319,1
1297199,368973,0,369349,0
1297251,368987,0,369362,0
1297303,369004,0,369372,1
1297353,369014,0,369393,1
1297403,369026,0,369403,2
1297453,369045,0,369409,1
1297507,369061,0,369418,1
1297560,369076,0,369443,1
1297611,369084,0,369464,1
1297662,369104,0,369473,1
1297713,369122,0,369482,2
1297766,369139,0,369504,0
1297816,369153,0,369517,0
1297874,369169,0,369529,1
1297924,369179,0,369542,1
1297974,369193,0,369564,0
1298024,369207,0,369579,1
1298077,369219,0,369608,1
1298127,369234,0,369613,1
1298177,369253,0,369620,0
1298227,369265,0,369633,1
1298277,369280,0,369653,1
1298327,369288,0,369671,1
1298377,369303,0,369675,1
1298427,369328,0,369686,1
1298481,369341,0,369694,1
1298532,369357,0,369704,1
1298584,369370,0,369723,0
1298635,369381,0,369742,0
1298688,369395,0,369749,1
1298738,369408,0,369765,1
1298793,369422,0,369787,1
1298844,369442,0,369794,5
1298894,369457,0,369803,0
1298944,369470,0,369822,1
1298996,369482,0,369838,0
1299046,369497,0,369850,1
1299097,369512,0,369856,0
1299147,369529,0,369861,0
1299197,369547,0,369871,1
1299247,369561,0,369890,1
1299297,369572,0,369918,2
1299348,369585,0,369926,2
1299401,369598,0,369944,1
1299452,369613,0,369951,1
1299502,369623,0,369966,1
1299555,369645,0,370020,1
1299607,369660,0,370036,1
1299657,369674,0,370046,1
1299710,369683,0,370061,0
1299760,369700,0,370073,1
1299810,369717,0,370094,2
1299863,369735,0,370099,1
1299914,369749,0,370112,0
1299967,369766,0,370124,1
1300020,369776,0,370151,1
1300075,369789,0,370160,1
1300127,369806,0,370166,0
1300182,369818,0,370194,1
1300238,369829,0,370206,1
1300289,369855,0,370209,0
1300339,369866,0,370227,0
1300389,369882,0,370244,1
1300442,369893,0,370263,1
1300492,369908,0,370285,1
1300542,369926,0,370292,1
1300592,369942,0,370300,0
1300642,369960,0,370315,1
1300695,369970,0,370330,0
1300745,369982,0,370345,0
1300798,369995,0,370358,1
1300848,370009,0,370365,1
1300899,370022,0,370386,0
1300951,370034,0,370408,1
1301003,370057,0,370427,0
1301056,370072,0,370440,1
1301107,370083,0,370455,0
1301158,370099,0,370468,1
1301208,370113,0,370526,1
1301259,370131,0,370535,1
1301313,370148,0,370542,1
1301363,370165,0,370551,0
1301413,370173,0,370568,0
1301464,370186,0,370635,1
1301514,370199,0,370652,2
1301565,370215,0,370663,0
1301615,370224,0,370677,0
1301669,370241,0,370692,1
1301721,370262,0,370700,1
1301771,370276,0,370715,1
1301821,370284,0,370724,0
1301872,370302,0,370741,1
1301922,370318,0,370753,0
1301974,370337,0,370763,1
1302024,370352,0,370779,2
1302078,370367,0,370790,1
1302128,370378,0,370799,1
1302180,370389,0,370821,1
1302230,370403,0,370833,2
1302280,370417,0,370856,0
1302335,370428,0,370869,1
1302385,370445,0,370887,1
1302435,370465,0,370900,1
1302485,370479,0,370921,1
1302535,370487,0,370938,0
1302585,370503,0,370949,0
1302636,370521,0,370970,1
1302687,370539,0,370980,0
1302738,370556,0,370995,0
1302788,370570,0,371005,1
1302839,370581,0,371020,1
1302889,370590,0,371094,1
1302939,370605,0,371112,1
1302989,370618,0,371119,1
1303040,370628,0,371134,0
1303092,370646,0,371144,1
1303143,370666,0,371147,1
1303193,370680,0,371163,1
1303243,370687,0,371180,0
1303293,370703,0,371194,0
1303343,370724,0,371205,1
1303394,370739,0,371230,0
1303445,370757,0,371239,1
1303497,370770,0,371264,0
1303551,370782,0,371287,0
1303604,370793,0,371301,1
1303654,370810,0,371311,3
1303704,370820,0,371323,1
1303754,370831,0,371336,1
1303804,370848,0,371348,1
1303855,370869,0,371359,1
1303909,370882,0,371364,1
1303962,370894,0,371388,1
1304012,370913,0,371399,2
1304063,370930,0,371405,1
1304113,370943,0,371427,1
1304163,370960,0,371436,0
1304213,370971,0,371453,1
1304267,370984,0,371468,1
1304318,370996,0,371491,0
1304370,371012,0,371509,1
1304420,371024,0,371541,0
1304470,371036,0,371552,1
1304520,371054,0,371565,1
1304571,371072,0,371573,0
1304621,371083,0,371592,0
1304674,371097,0,371609,1
1304724,371118,0,371617,1
1304777,371134,0,371629,1
1304827,371147,0,371697,1
1304882,371163,0,371708,1
1304932,371174,0,371722,1
1304988,371188,0,371736,0
1305039,371202,0,371752,1
1305091,371218,0,371765,1
1305142,371228,0,371788,0
1305192,371244,0,371799,1
1305245,371259,0,371803,1
1305298,371280,0,371808,0
1305349,371289,0,371838,1
1305402,371304,0,371847,1
1305453,371323,0,371853,1
1305503,371340,0,371873,1
1305553,371358,0,371881,1
1305605,371369,0,371886,1
1305655,371381,0,371904,1
1305705,371392,0,371928,1
1305755,371407,0,371941,0
1305805,371420,0,371950,1
1305857,371430,0,371973,1
1305907,371447,0,371985,1
1305957,371465,0,371995,1
1306010,371481,0,372013,0
1306061,371491,0,372026,1
1306111,371506,0,372039,0
1306167,371526,0,372053,1
1306222,371543,0,372071,1
1306278,371561,0,372078,1
1306328,371571,0,372091,0
1306379,371588,0,372096,1
1306429,371597,0,372114,0
1306480,371614,0,372141,0
1306533,371625,0,372163,1
1306583,371638,0,372176,1
1306634,371653,0,372192,1
1306686,371672,0,372201,0
1306738,371685,0,372212,0
1306790,371698,0,372233,1
1306842,371721,0,372242,1
1306892,371736,0,372250,1
1306943,371750,0,372266,1
1306993,371764,0,372285,1
1307043,371772,0,372303,0
1307094,371790,0,372313,1
1307145,371804,0,372333,1
1307195,371817,0,372401,1
1307245,371828,0,372422,1
1307297,371839,0,372435,1
1307347,371857,0,372444,1
1307397,371876,0,372455,1
1307447,371888,0,372467,1
1307500,371903,0,372480,1
1307551,371919,0,372485,1
1307601,371939,0,372501,2
1307653,371952,0,372519,1
1307703,371968,0,372535,3
1307754,371975,0,372559,1
1307804,371991,0,372569,0
1307856,372006,0,372592,1
1307910,372020,0,372615,1
1307960,372029,0,372625,0
1308010,372046,0,372642,0
1308061,372063,0,372649,2
1308113,372081,0,372660,0
1308166,372092,0,372688,1
1308219,372107,0,372708,1
1308271,372125,0,372713,1
1308325,372143,0,372727,1
1308378,372160,0,372740,0
1308432,372171,0,372753,0
1308483,372188,0,372766,1
1308533,372197,0,372787,0
1308585,372213,0,372789,1
1308635,372225,0,372796,1
1308686,372237,0,372810,1
1308737,372252,0,372831,1
1308787,372272,0,372843,0
1308837,372284,0,372858,1
1308889,372296,0,372875,0
1308939,372313,0,372887,1
1308989,372330,0,372903,0
1309040,372346,0,372916,0
1309091,372362,0,372930,0
1309144,372372,0,372948,0
1309194,372389,0,372958,0
1309244,372401,0,372981,0
1309294,372415,0,372991,0
1309344,372426,0,373006,1
1309395,372438,0,373021,0
1309445,372455,0,373037,1
1309498,372473,0,373049,0
1309548,372487,0,373063,1
1309599,372498,0,373076,1
1309650,372510,0,373083,1
1309702,372533,0,373091,1
1309752,372549,0,373096,1
1309804,372566,0,373109,1
1309854,372573,0,373127,1
1309904,372591,0,373137,1
1309954,372601,0,373158,0
1310004,372617,0,373180,1
1310055,372628,0,373204,1
1310106,372639,0,373219,1
1310156,372655,0,373222,1
1310206,372675,0,373236,1
1310256,372687,0,373248,1
1310307,372702,0,373262,1
1310357,372713,0,373283,1
1310407,372735,0,373284,2
1310458,372749,0,373297,1
1310508,372766,0,373301,1
1310560,372773,0,373321,1
1310610,372791,0,373337,0
1310663,372803,0,373353,1
1310715,372819,0,373362,1
1310765,372829,0,373385,1
1310815,372843,0,373412,0
1310868,372858,0,373420,1
1310918,372878,0,373421,3
1310968,372889,0,373439,1
1311021,372906,0,373453,0
1311074,372919,0,373469,1
1311124,372940,0,373483,1
1311178,372954,0,373497,1
1311231,372971,0,373513,1
1311281,372981,0,373531,1
1311331,372996,0,373540,2
1311382,373009,0,373552,1
1311432,373023,0,373567,1
1311483,373033,0,373595,0
1311533,373047,0,373605,1
1311583,373065,0,373617,0
1311633,373082,0,373631,1
1311686,373095,0,373641,1
1311737,373108,0,373704,1
1311787,373124,0,373729,0
1311838,373143,0,373744,1
1311889,373157,0,373760,1
1311939,373172,0,373780,0
1311989,373181,0,373795,1
1312039,373197,0,373814,2
1312090,373210,0,373827,1
1312143,373225,0,373838,0
1312195,373236,0,373855,1
1312246,373253,0,373871,1
1312296,373268,0,373884,1
1312347,373284,0,373902,1
1312398,373297,0,373918,0
1312451,373309,0,373943,1
1312503,373326,0,373949,1
1312554,373346,0,373962,1
1312604,373365,0,373971,2
1312655,373372,0,373993,0
1312705,373390,0,374006,3
1312755,373401,0,374025,0
1312805,373415,0,374047,0
1312859,373427,0,374059,1
1312909,373439,0,374090,1
1312959,373453,0,374098,1
1313009,373473,0,374104,0
1313060,373486,0,374119,1
1313115,373501,0,374133,1
1313168,373514,0,374149,1
1313219,373534,0,374161,3
1313269,373547,0,374179,0
1313322,373567,0,374185,1
1313372,373574,0,374204,1
1313425,373592,0,374211,1
1313475,373604,0,374229,1
1313529,373618,0,374248,1
1313579,373632,0,374260,1
1313635,373646,0,374275,1
1313686,373660,0,374292,1
1313736,373681,0,374302,1
1313789,373693,0,374317,1
1313840,373708,0,374334,1
1313891,373721,0,374341,0
1313945,373742,0,374357,1
1313998,373757,0,374373,1
1314050,373772,0,374387,0
1314101,373781,0,374403,0
1314153,373800,0,374411,0
1314206,373814,0,374421,1
1314260,373827,0,374433,1
1314311,373839,0,374450,1
1314361,373854,0,374466,2
1314411,373872,0,374475,3
1314461,373886,0,374492,1
1314511,373900,0,374513,0
1314561,373909,0,374524,1
1314612,373927,0,374539,1
1314662,373946,0,374543,0
1314712,373964,0,374556,1
1314763,373972,0,374578,0
1314814,373984,0,374593,1
1314866,374001,0,374609,0
1314917,374016,0,374614,1
1314968,374028,0,374632,0
1315019,374040,0,374641,1
1315074,374058,0,374654,1
1315124,374075,0,374677,1
1315175,374087,0,374740,1
1315225,374103,0,374802,2
1315276,374111,0,374813,1
1315328,374132,0,374825,1
1315378,374150,0,374841,1
1315429,374167,0,374850,1
1315480,374175,0,374875,0
1315530,374190,0,374882,2
1315580,374203,0,374899,1
1315631,374218,0,374910,1
1315687,374232,0,374920,1
1315748,374244,0,374934,1
1315798,374262,0,374942,1
1315853,374284,0,374959,1
1315903,374297,0,374975,1
1315960,374308,0,374981,0
1316011,374324,0,375041,1
1316061,374343,0,375047,1
1316117,374362,0,375056,1
1316169,374372,0,375074,0
1316219,374384,0,375097,1
1316270,374402,0,375107,1
1316320,374413,0,375127,1
1316373,374429,0,375138,1
1316423,374440,0,375155,2
1316473,374456,0,375169,2
1316523,374468,0,375180,1
1316573,374486,0,375198,0
1316631,374501,0,375212,1
1316681,374511,0,375230,1
1316732,374529,0,375232,1
1316783,374550,0,375237,1
1316834,374566,0,375241,1
1316886,374576,0,375254,1
1316938,374590,0,375263,1
1316989,374605,0,375281,0
1317040,374618,0,375294,0
1317094,374632,0,375308,1
1317145,374643,0,375329,0
1317195,374660,0,375338,1
1317250,374682,0,375345,1
1317301,374692,0,375362,0
1317352,374705,0,375376,0
1317404,374719,0,375443,1
1317455,374738,0,375450,1
1317505,374755,0,375459,1
1317555,374772,0,375466,0
1317605,374780,0,375484,0
1317655,374798,0,375492,1
1317705,374807,0,375509,1
1317755,374819,0,375524,1
1317807,374834,0,375540,1
1317857,374845,0,375561,0
1317907,374863,0,375568,1
1317961,374884,0,375568,1
1318013,374894,0,375594,0
1318064,374909,0,375607,1
1318117,374921,0,375620,1
1318167,374942,0,375624,2
1318219,374959,0,375637,0
1318269,374972,0,375655,0
1318319,374983,0,375668,1
1318373,375000,0,375682,1
1318424,375009,0,375704,1
1318475,375027,0,375708,1
1318527,375039,0,375727,1
1318577,375052,0,375746,1
1318629,375066,0,375763,1
1318680,375087,0,375771,0
1318731,375100,0,375793,1
1318781,375110,0,375828,1
1318835,375125,0,375840,1
1318885,375145,0,375845,0
1318935,375162,0,375860,1
1318985,375174,0,375874,1
1319035,375187,0,375941,1
1319087,375203,0,375954,1
1319137,375213,0,375977,1
1319187,375231,0,375987,1
1319239,375241,0,376008,1
1319291,375256,0,376018,1
1319345,375267,0,376031,1
1319397,375286,0,376031,1
1319447,375304,0,376044,1
1319501,375312,0,376065,1
1319551,375330,0,376081,0
1319602,375353,0,376100,1
1319655,375367,0,376117,1
1319706,375379,0,376134,1
1319757,375394,0,376145,1
1319807,375407,0,376163,1
1319859,375420,0,376177,1
1319909,375434,0,376189,1
1319961,375446,0,376207,0
1320012,375463,0,376221,1
1320063,375472,0,376290,0
1320113,375493,0,376299,1
1320166,375507,0,376312,1
1320217,375517,0,376321,1
1320267,375536,0,376338,1
1320317,375557,0,376344,1
1320368,375572,0,376352,0
1320419,375579,0,376368,1
1320469,375596,0,376377,1
1320520,375608,0,376391,0
1320576,375624,0,376407,1
1320628,375638,0,376414,0
1320679,375647,0,376435,1
1320731,375665,0,376455,0
1320782,375679,0,376476,1
1320832,375697,0,376491,0
1320885,375710,0,376514,1
1320936,375723,0,376527,1
1320990,375742,0,376543,1
1321040,375762,0,376554,1
1321092,375773,0,376578,0
1321144,375786,0,376592,1
1321195,375806,0,376601,2
1321247,375814,0,376619,0
1321297,375828,0,376631,0
1321349,375843,0,376646,0
1321402,375857,0,376656,1
1321452,375870,0,376670,3
1321504,375886,0,376683,1
1321556,375905,0,376692,0
1321606,375914,0,376709,2
1321657,375931,0,376716,1
1321710,375948,0,376723,1
1321760,375969,0,376728,1
1321810,375977,0,376753,1
1321860,375992,0,376768,1
1321910,376007,0,376776,1
1321961,376017,0,376806,1
1322011,376033,0,376821,0
1322061,376045,0,376880,1
1322112,376061,0,376894,1
1322163,376072,0,376912,0
1322213,376089,0,376924,1
1322264,376105,0,376944,0
1322315,376115,0,376963,0
1322366,376131,0,376976,0
1322416,376152,0,376989,1
1322466,376169,0,376999,1
1322516,376178,0,377022,0
1322568,376193,0,377034,1
1322624,376208,0,377037,1
1322675,376221,0,377050,0
1322726,376235,0,377068,1
1322779,376246,0,377076,0
1322830,376264,0,377092,0
1322880,376275,0,377112,0
1322930,376293,0,377123,1
1322981,376309,0,377127,0
1323033,376318,0,377143,1
1323085,376336,0,377150,1
1323138,376356,0,377152,1
1323188,376373,0,377171,0
1323238,376382,0,377195,1
1323291,376399,0,377207,0
1323345,376413,0,377220,1
1323395,376428,0,377231,1
1323448,376440,0,377258,1
1323498,376450,0,377277,1
1323549,376467,0,377290,1
1323599,376480,0,377300,2
1323652,376500,0,377311,1
1323702,376511,0,377331,0
1323755,376525,0,377342,1
1323805,376544,0,377360,0
1323857,376561,0,377371,1
1323907,376576,0,377384,1
1323958,376588,0,377394,0
1324013,376601,0,377408,1
1324063,376615,0,377425,0
1324114,376633,0,377442,1
1324165,376644,0,377462,0
1324215,376657,0,377476,2
1324266,376670,0,377493,1
1324316,376685,0,377508,2
1324370,376703,0,377516,1
1324420,376715,0,377539,0
1324472,376732,0,377560,0
1324524,376750,0,377575,1
1324575,376767,0,377581,1
1324626,376779,0,377597,1
1324676,376794,0,377610,1
1324726,376808,0,377621,2
1324777,376820,0,377633,1
1324830,376835,0,377649,1
1324880,376846,0,377662,1
1324931,376862,0,377679,2
1324981,376874,0,377703,1
1325032,376889,0,377712,1
1325082,376907,0,377726,1
1325133,376917,0,377750,1
1325183,376933,0,377760,1
1325233,376952,0,377764,2
1325288,376969,0,377776,1
1325338,376981,0,377792,1
1325388,376996,0,377811,0
1325439,377008,0,377869,0
1325489,377025,0,377874,1
1325540,377038,0,377891,1
1325590,377046,0,377908,0
1325640,377065,0,377920,1
1325691,377076,0,377946,1
1325746,377092,0,377966,1
1325796,377111,0,377979,1
1325846,377119,0,377992,0
1325896,377136,0,378018,1
1325946,377158,0,378077,1
1325999,377173,0,378088,1
1326049,377184,0,378103,1
1326100,377199,0,378116,3
1326150,377209,0,378130,1
1326200,377223,0,378136,1
1326252,377239,0,378143,1
1326306,377249,0,378163,0
1326356,377267,0,378173,1
1326408,377277,0,378181,0
1326459,377295,0,378186,1
1326511,377311,0,378197,0
1326561,377324,0,378205,1
1326613,377343,0,378212,1
1326664,377362,0,378230,1
1326715,377376,0,378243,0
1326765,377388,0,378261,0
1326815,377401,0,378283,1
1326866,377415,0,378303,1
1326916,377425,0,378314,1
1326966,377442,0,378334,1
1327016,377452,0,378352,3
1327066,377468,0,378376,0
1327118,377478,0,378386,0
1327168,377499,0,378396,2
1327218,377512,0,378409,1
1327269,377526,0,378419,2
1327319,377543,0,378432,1
1327370,377563,0,378433,0
1327420,377576,0,378447,1
1327470,377589,0,378471,1
1327521,377602,0,378494,1
1327571,377615,0,378512,0
1327622,377628,0,378534,1
1327672,377644,0,378541,0
1327726,377654,0,378563,1
1327776,377670,0,378580,2
1327826,377679,0,378597,1
1327880,377703,0,378607,1
1327930,377715,0,378620,1
1327981,377726,0,378634,1
1328031,377744,0,378642,2
1328081,377766,0,378643,1
1328133,377778,0,378657,1
1328186,377792,0,378682,1
1328239,377807,0,378694,1
1328293,377819,0,378709,1
1328343,377834,0,378724,0
1328394,377846,0,378734,0
1328444,377860,0,378744,1
1328494,377876,0,378752,1
1328544,377888,0,378772,5
1328595,377907,0,378782,1
1328645,377918,0,378804,0
1328695,377933,0,378818,1
1328747,377946,0,378831,1
1328797,377970,0,378833,1
1328847,377982,0,378862,1
1328897,377996,0,378871,0
1328947,378008,0,378885,1
1328999,378019,0,378891,1
1329051,378036,0,378900,1
1329101,378047,0,378917,0
1329152,378061,0,378930,1
1329202,378076,0,378952,0
1329253,378090,0,378968,1
1329305,378107,0,379031,0
1329355,378119,0,379051,1
1329406,378134,0,379064,0
1329456,378148,0,379076,1
1329506,378171,0,379091,1
1329558,378185,0,379102,1
1329608,378198,0,379116,1
1329658,378208,0,379143,0
1329708,378222,0,379159,2
1329760,378239,0,379172,1
1329812,378248,0,379187,1
1329862,378264,0,379206,1
1329914,378278,0,379223,0
1329964,378294,0,379236,0
1330015,378310,0,379255,2
1330075,378321,0,379270,1
1330129,378336,0,379274,1
1330180,378353,0,379276,1
1330233,378375,0,379285,1
1330283,378390,0,379300,0
1330333,378403,0,379314,0
1330384,378413,0,379338,0
1330434,378428,0,379343,1
1330487,378444,0,379360,0
1330539,378454,0,379375,1
1330589,378472,0,379389,1
1330641,378482,0,379415,1
1330691,378503,0,379424,1
1330741,378517,0,379430,2
1330793,378527,0,379447,0
1330844,378537,0,379458,1
1330897,378557,0,379466,1
1330948,378578,0,379485,0
1330999,378595,0,379493,0
1331050,378607,0,379507,0
1331101,378615,0,379536,0
1331151,378631,0,379549,1
1331205,378645,0,379578,0
1331255,378658,0,379586,1
1331306,378675,0,379592,1
1331357,378687,0,379613,1
1331410,378706,0,379620,1
1331461,378720,0,379641,1
1331512,378733,0,379662,1
1331564,378745,0,379675,1
1331615,378763,0,379679,1
1331667,378784,0,379686,1
1331718,378798,0,379693,1
1331772,378808,0,379718,0
1331822,378822,0,379728,1
1331872,378841,0,379740,2
1331922,378851,0,379755,2
1331972,378864,0,379775,0
1332023,378878,0,379784,0
1332073,378895,0,379796,2
1332125,378910,0,379810,1
1332178,378921,0,379836,1
1332231,378935,0,379848,0
1332283,378951,0,379868,1
1332333,378972,0,379875,1
1332386,378988,0,379885,1
1332436,379003,0,379907,1
1332486,379011,0,379929,0
1332538,379027,0,379942,0
1332590,379044,0,379955,1
1332643,379054,0,379973,1
1332693,379071,0,379987,1
1332745,379082,0,379998,1
1332797,379102,0,380005,1
1332847,379118,0,380020,1
1332898,379125,0,380034,0
1332949,379138,0,380058,1
1332999,379154,0,380064,1
1333054,379178,0,380072,1
1333105,379193,0,380079,2
1333156,379207,0,380094,1
1333208,379214,0,380116,1
1333262,379234,0,380120,1
1333315,379247,0,380134,1
1333366,379261,0,380157,1
1333418,379278,0,380165,0
1333474,379289,0,380186,0
1333526,379309,0,380196,0
1333578,379320,0,380221,0
1333630,379335,0,380234,0
1333680,379347,0,380259,0
1333731,379366,0,380267,1
1333784,379384,0,380276,1
1333835,379402,0,380283,2
1333889,379410,0,380303,1
1333939,379422,0,380321,2
1333990,379441,0,380339,1
1334041,379453,0,380353,1
1334093,379468,0,380371,1
1334143,379481,0,380381,0
1334196,379498,0,380395,1
1334247,379517,0,380407,1
1334297,379525,0,380433,1
1334349,379537,0,380446,1
1334399,379552,0,380464,0
1334450,379575,0,380474,1
1334501,379590,0,380492,0
1334552,379605,0,380513,1
1334607,379613,0,380543,1
1334660,379629,0,380558,1
1334710,379646,0,380580,0
1334763,379658,0,380596,1
1334819,379674,0,380606,1
1334869,379686,0,380621,1
1334923,379707,0,380630,1
1334974,379720,0,380638,0
1335027,379734,0,380666,1
1335082,379745,0,380690,1
1335133,379763,0,380701,1
1335191,379782,0,380708,1
1335241,379802,0,380714,0
1335291,379811,0,380727,2
1335342,379822,0,380750,1
1335392,379842,0,380756,2
1335445,379853,0,380770,1
1335498,379869,0,380785,1
1335548,379881,0,380799,0
1335599,379894,0,380808,1
1335649,379912,0,380811,0
1335699,379925,0,380827,1
1335750,379936,0,380843,0
1335805,379952,0,380861,1
1335857,379972,0,380866,1
1335911,379991,0,380871,1
1335961,380006,0,380888,1
1336011,380014,0,380907,2
1336063,380028,0,380914,0
1336113,380044,0,380919,1
1336163,380058,0,380928,1
1336217,380073,0,380948,1
1336268,380084,0,380965,0
1336324,380105,0,380975,0
1336378,380120,0,380999,0
1336430,380134,0,381013,1
1336480,380144,0,381035,0
1336531,380160,0,381049,1
1336581,380181,0,381057,2
1336631,380196,0,381062,1
1336681,380208,0,381084,0
1336732,380218,0,381109,1
1336783,380233,0,381119,1
1336834,380248,0,381132,1
1336884,380264,0,381148,1
1336935,380275,0,381150,1
1336986,380289,0,381168,0
1337036,380306,0,381184,0
1337091,380322,0,381203,1
1337142,380336,0,381218,1
1337194,380348,0,381237,1
1337244,380362,0,381258,1
1337294,380381,0,381270,0
1337345,380401,0,381274,1
1337396,380411,0,381290,1
1337447,380420,0,381307,1
1337497,380440,0,381319,1
1337547,380453,0,381331,1
1337597,380465,0,381358,0
1337648,380477,0,381377,1
1337703,380491,0,381388,1
1337753,380511,0,381388,1
1337803,380525,0,381399,1
1337853,380536,0,381410,0
1337903,380551,0,381428,1
1337954,380566,0,381446,1
1338006,380584,0,381463,1
1338056,380602,0,381464,2
1338106,380612,0,381485,0
1338156,380624,0,381505,2
1338220,380640,0,381520,1
1338270,380658,0,381527,1
1338331,380671,0,381550,1
1338381,380686,0,381569,1
1338433,380700,0,381581,1
1338486,380721,0,381583,1
1338538,380734,0,381602,1
1338589,380744,0,381625,0
1338639,380761,0,381636,1
1338689,380781,0,381643,0
1338741,380794,0,381654,1
1338792,380809,0,381664,0
1338843,380819,0,381692,1
1338896,380835,0,381696,1
1338947,380849,0,381717,1
1338997,380865,0,381721,0
1339047,380876,0,381747,1
1339097,380889,0,381761,1
1339147,380902,0,381772,1
1339200,380924,0,381787,1
1339251,380936,0,381800,0
1339302,380947,0,381814,1
1339352,380964,0,381834,1
1339402,380982,0,381840,0
1339454,380997,0,381853,1
1339507,381012,0,381877,1
1339558,381023,0,381891,1
1339617,381039,0,381910,0
1339667,381055,0,381923,0
1339722,381070,0,381939,1
1339776,381082,0,381952,1
1339827,381096,0,381961,1
1339877,381115,0,381965,4
1339927,381130,0,381979,0
1339979,381139,0,381997,1
1340031,381158,0,382008,1
1340081,381175,0,382020,1
1340134,381191,0,382041,1
1340184,381208,0,382047,1
1340238,381216,0,382064,0
1340289,381229,0,382079,0
1340340,381242,0,382095,0
1340390,381262,0,382100,2
1340440,381270,0,382130,0
1340490,381286,0,382146,0
1340540,381299,0,382161,1
1340594,381315,0,382173,1
1340645,381334,0,382186,1
1340695,381345,0,382197,1
1340748,381362,0,382204,1
1340800,381376,0,382207,1
1340850,381395,0,382218,1
1340901,381409,0,382225,0
1340954,381419,0,382246,1
1341006,381435,0,382260,1
1341056,381448,0,382278,1
1341106,381466,0,382288,1
1341156,381477,0,382303,2
1341207,381490,0,382314,1
1341257,381502,0,382337,1
1341307,381518,0,382349,1
1341357,381536,0,382357,0
1341409,381547,0,382369,1
1341463,381564,0,382374,1
1341526,381581,0,382380,1
1341579,381602,0,382386,0
1341630,381615,0,382397,1
1341683,381627,0,382411,1
1341737,381642,0,382421,1
1341790,381658,0,382430,1
1341843,381671,0,382442,1
1341894,381686,0,382463,0
1341944,381700,0,382474,2
1341994,381714,0,382489,3
1342046,381732,0,382501,1
1342096,381742,0,382516,1
1342146,381757,0,382526,2
1342196,381773,0,382546,0
1342248,381791,0,382555,1
1342300,381807,0,382566,1
1342352,381818,0,382587,1
1342402,381832,0,382597,1
1342452,381845,0,382611,0
1342502,381864,0,382627,1
1342553,381874,0,382650,1
1342604,381888,0,382673,0
1342656,381901,0,382691,0
1342710,381916,0,382702,1
1342763,381936,0,382718,0
1342817,381947,0,382735,1
1342873,381965,0,382748,1
1342925,381980,0,382768,0
1342975,382002,0,382775,1
1343025,382012,0,382794,0
1343080,382023,0,382815,1
1343132,382039,0,382828,1
1343186,382055,0,382832,1
1343237,382070,0,382844,1
1343287,382084,0,382870,2
1343337,382097,0,382886,0
1343388,382107,0,382906,0
1343449,382128,0,382916,1
1343501,382142,0,382929,1
1343551,382157,0,382945,2
1343604,382174,0,382954,1
1343655,382192,0,382960,1
1343707,382209,0,382975,1
1343758,382219,0,383004,1
1343810,382232,0,383018,0
1343860,382247,0,383036,1
1343910,382262,0,383055,1
1343965,382276,0,383069,1
1344018,382290,0,383084,1
1344069,382303,0,383097,1
1344121,382320,0,383122,1
1344171,382336,0,383136,0
1344225,382348,0,383141,1
1344275,382364,0,383152,1
1344325,382378,0,383166,1
1344375,382398,0,383167,1
1344428,382413,0,383174,1
1344480,382423,0,383236,1
1344532,382437,0,383261,1
1344584,382453,0,383273,1
1344635,382466,0,383284,1
1344685,382481,0,383296,1
1344736,382496,0,383316,0
1344786,382507,0,383342,1
1344839,382519,0,383344,1
1344890,382538,0,383344,2
1344941,382553,0,383363,0
1344993,382568,0,383365,1
1345044,382583,0,383373,1
1345095,382604,0,383389,1
1345145,382616,0,383403,0
1345195,382628,0,383424,1
1345246,382642,0,383440,0
1345296,382657,0,383453,1
1345347,382670,0,383469,0
1345400,382686,0,383488,0
1345450,382698,0,383507,1
1345501,382709,0,383523,1
1345551,382722,0,383531,1
1345604,382741,0,383564,1
1345655,382755,0,383586,1
1345708,382771,0,383592,1
1345759,382791,0,383607,0
1345811,382806,0,383625,1
1345863,382818,0,383644,1
1345913,382832,0,383657,0
1345966,382847,0,383680,1
1346016,382862,0,383706,1
1346067,382875,0,383715,1
1346117,382889,0,383731,0
1346169,382902,0,383740,0
1346220,382913,0,383755,1
1346271,382928,0,383764,0
1346322,382946,0,383771,1
1346372,382960,0,383786,1
1346425,382977,0,383809,0
1346476,382994,0,383817,1
1346533,383010,0,383822,1
1346583,383023,0,383838,1
1346634,383035,0,383854,1
1346684,383052,0,383870,0
1346735,383065,0,383884,1
1346790,383080,0,383899,1
1346842,383097,0,383909,1
1346893,383107,0,383929,0
1346944,383118,0,383942,1
1346994,383135,0,383953,1
1347047,383152,0,383957,1
1347101,383169,0,383968,1
1347153,383186,0,383979,1
1347206,383204,0,383998,1
1347256,383217,0,384014,0
1347308,383230,0,384028,1
1347360,383246,0,384035,1
1347410,383259,0,384049,2
1347460,383270,0,384067,0
1347510,383288,0,384081,1
1347562,383300,0,384095,1
1347612,383310,0,384112,0
1347662,383323,0,384128,1
1347713,383342,0,384145,1
1347763,383355,0,384153,1
1347816,383369,0,384161,1
1347866,383389,0,384162,2
1347916,383407,0,384181,1
1347967,383419,0,384198,1
1348017,383432,0,384222,0
1348068,383446,0,384239,3
1348118,383460,0,384255,1
1348168,383471,0,384270,1
1348221,383489,0,384281,0
1348271,383500,0,384296,0
1348327,383513,0,384309,1
1348377,383529,0,384323,0
1348427,383545,0,384339,1
1348480,383558,0,384355,1
1348530,383571,0,384365,2
1348582,383593,0,384372,1
1348634,383610,0,384379,1
1348688,383622,0,384399,1
1348739,383635,0,384409,0
1348789,383652,0,384429,2
1348840,383665,0,384450,0
1348897,383679,0,384464,1
1348948,383695,0,384482,1
1348998,383707,0,384500,0
1349050,383717,0,384511,0
1349106,383736,0,384515,1
1349156,383752,0,384524,1
1349210,383768,0,384543,0
1349264,383784,0,384554,1
1349314,383805,0,384561,1
1349367,383818,0,384578,1
1349417,383832,0,384598,0
1349470,383845,0,384615,1
1349521,383857,0,384632,1
1349576,383871,0,384640,1
1349629,383889,0,384645,0
1349681,383901,0,384654,1
1349733,383914,0,384675,1
1349785,383928,0,384685,1
1349837,383946,0,384692,1
1349889,383959,0,384707,1
1349940,383972,0,384724,0
1349990,383995,0,384736,0
1350045,384010,0,384756,0
1350096,384023,0,384772,1
1350147,384035,0,384788,0
1350198,384053,0,384806,0
1350248,384067,0,384818,1
1350298,384078,0,384829,3
1350349,384094,0,384838,1
1350399,384107,0,384860,1
1350449,384117,0,384888,0
1350501,384129,0,384897,1
1350551,384150,0,384901,1
1350602,384163,0,384913,1
1350653,384175,0,384926,1
1350703,384198,0,384932,0
1350753,384211,0,384945,1
1350804,384227,0,384957,1
1350854,384236,0,384981,1
1350906,384254,0,384988,1
1350960,384269,0,385003,1
1351014,384279,0,385020,1
1351065,384298,0,385029,1
1351119,384310,0,385052,0
1351170,384319,0,385068,1
1351220,384337,0,385079,1
1351272,384356,0,385091,1
1351324,384368,0,385109,0
1351374,384382,0,385126,1
1351424,384404,0,385134,2
1351477,384418,0,385145,1
1351527,384432,0,385157,0
1351577,384444,0,385174,0
1351628,384458,0,385180,1
1351678,384470,0,385195,0
1351728,384486,0,385201,3
1351778,384500,0,385217,1
1351829,384512,0,385233,1
1351880,384521,0,385242,1
1351930,384540,0,385245,1
1351980,384557,0,385252,1
1352034,384569,0,385276,1
1352084,384586,0,385283,1
1352134,384607,0,385291,0
1352184,384620,0,385306,1
1352235,384633,0,385321,1
1352287,384645,0,385337,1
1352338,384662,0,385352,1
1352388,384672,0,385367,1
1352438,384690,0,385386,0
1352489,384704,0,385402,1
1352539,384713,0,385425,1
1352590,384722,0,385442,1
1352640,384742,0,385454,1
1352690,384759,0,385466,1
1352740,384772,0,385487,2
1352795,384789,0,385500,1
1352845,384809,0,385514,1
1352895,384821,0,385529,1
1352946,384835,0,385554,0
1353006,384849,0,385572,1
1353057,384867,0,385573,1
1353108,384876,0,385598,0
1353160,384896,0,385614,1
1353212,384908,0,385646,0
1353262,384917,0,385669,0
1353312,384927,0,385677,0
1353364,384940,0,385678,1
1353414,384964,0,385679,1
1353465,384976,0,385699,0
1353517,384992,0,385700,1
1353569,385013,0,385706,1
1353620,385029,0,385725,1
1353670,385038,0,385737,2
1353723,385052,0,385746,1
1353776,385070,0,385767,0
1353827,385079,0,385783,0
1353878,385099,0,385790,1
1353929,385111,0,385809,0
1353979,385118,0,385827,0
1354031,385132,0,385842,0
1354083,385149,0,385864,1
1354133,385168,0,385865,0
1354184,385182,0,385877,1
1354234,385202,0,385881,1
1354289,385219,0,385888,1
1354339,385232,0,385901,1
1354389,385243,0,385912,1
1354439,385259,0,385929,1
1354493,385272,0,385938,1
1354543,385285,0,385953,1
1354593,385304,0,385961,2
1354649,385314,0,385982,1
1354699,385322,0,385997,1
1354749,385338,0,386011,1
1354804,385350,0,386018,1
1354857,385373,0,386019,1
1354910,385390,0,386034,1
1354960,385411,0,386044,1
1355013,385425,0,386054,1
1355063,385436,0,386071,1
1355118,385450,0,386080,1
1355170,385467,0,386091,1
1355223,385477,0,386112,1
1355273,385496,0,386119,0
1355324,385510,0,386135,1
1355374,385518,0,386154,1
1355426,385529,0,386167,1
1355477,385545,0,386179,1
1355530,385563,0,386187,1
1355580,385578,0,386193,0
1355633,385597,0,386199,1
1355685,385618,0,386211,0
1355735,385631,0,386225,0
1355787,385641,0,386244,1
1355837,385656,0,386258,1
1355887,385671,0,386275,0
1355938,385681,0,386291,0
1355990,385701,0,386300,1
1356040,385711,0,386315,0
1356092,385720,0,386332,1
1356142,385733,0,386347,1
1356193,385748,0,386360,0
1356244,385766,0,386367,2
1356294,385782,0,386392,0
1356348,385806,0,386414,1
1356399,385820,0,386428,0
1356449,385834,0,386441,0
1356500,385845,0,386465,1
1356553,385861,0,386471,1
1356606,385873,0,386483,1
1356662,385887,0,386493,1
1356713,385907,0,386496,1
1356765,385915,0,386517,1
1356816,385924,0,386541,2
1356867,385939,0,386568,0
1356919,385952,0,386582,1
1356970,385976,0,386588,1
1357021,385989,0,386595,1
1357072,386013,0,386604,1
1357123,386025,0,386610,1
1357173,386036,0,386639,0
1357226,386047,0,386647,1
1357276,386067,0,386654,1
1357326,386076,0,386668,1
1357376,386091,0,386678,1
1357426,386109,0,386689,0
1357477,386118,0,386712,0
1357527,386128,0,386728,0
1357578,386141,0,386740,1
1357629,386158,0,386755,3
1357679,386178,0,386766,0
1357730,386195,0,386774,1
1357781,386215,0,386779,0
1357831,386228,0,386796,1
1357881,386238,0,386816,1
1357932,386247,0,386834,1
1357982,386270,0,386845,1
1358033,386278,0,386859,1
1358084,386294,0,386871,1
1358136,386311,0,386878,1
1358186,386318,0,386901,0
1358237,386330,0,386923,1
1358293,386343,0,386946,1
1358343,386362,0,386959,1
1358394,386381,0,386968,1
1358446,386399,0,386976,2
1358497,386416,0,387042,0
1358548,386432,0,387050,2
1358598,386442,0,387065,0
1358649,386455,0,387090,1
1358701,386472,0,387119,0
1358754,386481,0,387138,1
1358804,386500,0,387143,1
1358854,386513,0,387162,0
1358914,386521,0,387182,1
1358964,386538,0,387198,1
1359014,386549,0,387221,1
1359065,386568,0,387226,1
1359115,386584,0,387234,1
1359171,386603,0,387256,1
1359224,386621,0,387265,1
1359277,386636,0,387275,0
1359327,386646,0,387298,0
1359377,386660,0,387301,1
1359427,386675,0,387310,0
1359481,386690,0,387330,1
1359535,386708,0,387342,1
1359585,386718,0,387355,0
1359639,386728,0,387371,1
1359689,386742,0,387386,0
1359740,386753,0,387399,1
1359791,386775,0,387400,1
1359842,386793,0,387423,2
1359893,386810,0,387432,2
1359943,386827,0,387440,2
1359995,386840,0,387458,1
1360045,386851,0,387478,1
1360095,386871,0,387491,1
1360149,386880,0,387524,1
1360199,386896,0,387540,0
1360254,386912,0,387549,1
1360309,386920,0,387570,1
1360362,386937,0,387580,1
1360412,386947,0,387606,1
1360462,386963,0,387618,1
1360513,386982,0,387628,1
1360564,387002,0,387635,1
1360615,387014,0,387642,1
1360665,387034,0,387656,1
1360715,387044,0,387670,1
1360765,387055,0,387695,0
1360816,387073,0,387704,1
1360866,387081,0,387718,0
1360916,387098,0,387733,0
1360966,387113,0,387746,0
1361017,387120,0,387764,1
1361067,387138,0,387774,1
1361117,387148,0,387799,2
1361168,387164,0,387809,0
1361218,387183,0,387823,1
1361268,387202,0,387835,0
1361318,387215,0,387852,1
1361370,387234,0,387861,1
1361420,387245,0,387873,1
1361471,387257,0,387895,1
1361525,387274,0,387906,1
1361576,387285,0,387924,0
1361626,387302,0,387929,1
1361680,387315,0,387943,1
1361730,387324,0,387962,1
1361782,387341,0,387972,1
1361832,387350,0,387987,2
1361882,387369,0,387999,2
1361932,387386,0,388014,1
1361982,387405,0,388030,1
1362041,387420,0,388042,1
1362091,387436,0,388042,1
1362141,387448,0,388063,0
1362191,387462,0,388087,2
1362242,387475,0,388101,0
1362296,387490,0,388118,1
1362346,387509,0,388128,1
1362400,387519,0,388134,1
1362450,387530,0,388153,1
1362501,387543,0,388168,0
1362552,387553,0,388190,1
1362602,387575,0,388195,1
1362652,387593,0,388214,0
1362702,387606,0,388222,0
1362752,387622,0,388244,1
1362804,387641,0,388259,1
1362856,387651,0,388287,0
1362908,387670,0,388297,0
1362958,387681,0,388316,1
1363010,387692,0,388343,1
1363067,387713,0,388350,1
1363117,387720,0,388369,1
1363167,387732,0,388393,1
1363217,387746,0,388409,1
1363271,387757,0,388425,1
1363322,387781,0,388432,1
1363372,387801,0,388433,2
1363426,387814,0,388452,1
1363477,387831,0,388460,3
1363527,387846,0,388474,0
1363578,387857,0,388491,0
1363630,387873,0,388496,0
1363681,387885,0,388507,1
1363731,387901,0,388512,1
1363783,387914,0,388532,1
1363847,387923,0,388549,1
1363897,387941,0,388551,2
1363947,387952,0,388561,2
1363998,387965,0,388570,2
1364048,387989,0,388580,1
1364099,388006,0,388589,0
1364150,388021,0,388603,1
1364204,388038,0,388611,1
1364257,388050,0,388635,1
1364307,388065,0,388637,1
1364361,388077,0,388650,1
1364411,388092,0,388663,1
1364461,388110,0,388678,1
1364513,388119,0,388697,0
1364563,388128,0,388721,1
1364614,388143,0,388732,0
1364666,388155,0,388748,1
1364717,388172,0,388756,1
1364767,388195,0,388801,1
1364817,388208,0,388817,0
1364867,388224,0,388832,0
1364918,388243,0,388843,0
1364970,388252,0,388858,1
1365021,388269,0,388873,0
1365073,388281,0,388884,0
1365123,388296,0,388896,2
1365173,388313,0,388909,0
1365223,388321,0,388930,1
1365274,388332,0,388947,1
1365324,388344,0,388964,0
1365375,388357,0,388977,1
1365426,388374,0,388989,1
1365476,388398,0,388995,1
1365527,388411,0,389014,1
1365577,388426,0,389036,1
1365628,388445,0,389053,2
1365678,388454,0,389066,0
1365731,388472,0,389075,1
1365785,388483,0,389089,1
1365835,388501,0,389095,1
1365885,388514,0,389120,0
1365935,388522,0,389155,0
1365985,388534,0,389170,1
1366036,388546,0,389188,1
1366088,388558,0,389210,1
1366138,388581,0,389213,3
1366188,388602,0,389216,1
1366239,388615,0,389234,1
1366289,388630,0,389259,0
1366342,388646,0,389276,0
1366393,388657,0,389299,1
1366443,388674,0,389320,0
1366494,388684,0,389338,1
1366546,388703,0,389347,1
1366596,388715,0,389365,1
1366648,388723,0,389385,1
1366698,388738,0,389396,0
1366748,388750,0,389430,1
1366798,388761,0,389441,2
1366850,388776,0,389445,1
1366901,388806,0,389452,1
1366955,388819,0,389467,1
1367007,388836,0,389488,1
1367057,388849,0,389498,0
1367107,388860,0,389512,1
1367157,388876,0,389536,1
1367207,388890,0,389555,2
1367258,388904,0,389562,1
1367308,388919,0,389576,1
1367358,388924,0,389599,1
1367409,388941,0,389613,0
1367459,388952,0,389635,1
1367510,388963,0,389651,0
1367561,388983,0,389664,2
1367616,389008,0,389676,1
1367667,389022,0,389684,1
1367717,389039,0,389697,1
1367767,389051,0,389711,1
1367818,389063,0,389730,1
1367872,389077,0,389743,1
1367922,389091,0,389752,1
1367974,389111,0,389762,1
1368024,389120,0,389786,1
1368081,389127,0,389806,1
1368133,389145,0,389818,1
1368184,389157,0,389829,0
1368234,389173,0,389838,1
1368284,389195,0,389849,1
1368341,389211,0,389857,1
1368391,389230,0,389859,1
1368443,389246,0,389875,1
1368493,389253,0,389897,0
1368544,389272,0,389903,0
1368594,389282,0,389923,0
1368644,389298,0,389935,1
1368694,389314,0,389947,0
1368745,389322,0,389973,0
1368796,389330,0,389990,1
1368847,389348,0,389995,1
1368898,389359,0,390014,0
1368948,389375,0,390030,0
1368999,389391,0,390031,2
1369049,389413,0,390032,0
1369104,389426,0,390035,1
1369156,389447,0,390035,1
1369207,389455,0,390052,1
1369259,389475,0,390054,0
1369309,389485,0,390074,1
1369359,389503,0,390078,2
1369411,389519,0,390088,1
1369461,389524,0,390111,0
1369514,389533,0,390117,1
1369564,389552,0,390124,1
1369614,389563,0,390135,0
1369665,389579,0,390153,1
1369717,389592,0,390167,1
1369768,389618,0,390172,1
1369818,389628,0,390192,0
1369869,389650,0,390194,1
1369920,389659,0,390211,2
1369970,389676,0,390223,0
1370020,389688,0,390240,1
1370070,389707,0,390255,2
1370120,389719,0,390270,2
1370175,389725,0,390292,0
1370226,389733,0,390308,1
1370276,389754,0,390323,0
1370326,389766,0,390342,0
1370377,389784,0,390351,1
1370428,389795,0,390365,1
1370481,389818,0,390366,0
1370531,389832,0,390378,1
1370582,389848,0,390387,1
1370634,389862,0,390400,1
1370684,389878,0,390414,0
1370734,389890,0,390435,1
1370784,389910,0,390446,0
1370845,389921,0,390461,1
1370896,389929,0,390483,0
1370946,389943,0,390493,1
1370998,389958,0,390509,0
1371053,389973,0,390530,1
1371106,389991,0,390540,0
1371156,390005,0,390554,2
1371207,390026,0,390563,2
1371257,390041,0,390585,2
1371307,390054,0,390598,0
1371361,390072,0,390607,1
1371414,390085,0,390629,1
1371466,390103,0,390638,2
1371520,390115,0,390656,1
1371570,390124,0,390673,0
1371620,390132,0,390692,0
1371670,390152,0,390706,1
1371721,390163,0,390721,1
1371771,390180,0,390732,1
1371822,390191,0,390746,0
1371877,390211,0,390752,1
1371928,390230,0,390762,1
1371980,390246,0,390767,1
1372030,390261,0,390789,2
1372080,390277,0,390802,1
1372136,390289,0,390822,1
1372187,390308,0,390825,1
1372238,390320,0,390843,1
1372288,390326,0,390868,0
1372339,390334,0,390884,1
1372389,390356,0,390903,0
1372439,390367,0,390921,0
1372489,390383,0,390931,1
1372539,390397,0,390943,2
1372593,390414,0,390943,1
1372644,390433,0,390959,0
1372695,390451,0,390977,0
1372749,390463,0,390994,1
1372799,390480,0,391009,1
1372849,390492,0,391025,0
1372900,390508,0,391033,1
1372950,390522,0,391049,1
1373000,390528,0,391076,1
1373052,390539,0,391085,1
1373102,390559,0,391098,0
1373152,390572,0,391117,0
1373203,390586,0,391132,1
1373253,390601,0,391143,0
1373303,390619,0,391161,3
1373353,390635,0,391174,1
1373403,390651,0,391198,0
1373453,390666,0,391218,2
1373503,390680,0,391245,0
1373553,390692,0,391264,0
1373606,390708,0,391266,1
1373659,390722,0,391275,0
1373709,390730,0,391299,0
1373760,390742,0,391319,2
1373810,390759,0,391334,0
1373861,390775,0,391346,1
1373912,390789,0,391353,1
1373963,390804,0,391368,1
1374014,390823,0,391433,1
1374064,390840,0,391450,1
1374115,390852,0,391465,1
1374166,390870,0,391478,1
1374218,390882,0,391495,1
1374269,390895,0,391509,1
1374320,390912,0,391523,1
1374371,390923,0,391537,1
1374421,390932,0,391554,0
1374474,390944,0,391572,1
1374527,390962,0,391585,1
1374578,390978,0,391597,0
1374629,390991,0,391611,0
1374679,391007,0,391615,0
1374729,391027,0,391631,1
1374782,391042,0,391634,1
1374833,391057,0,391639,2
1374883,391076,0,391645,1
1374934,391086,0,391668,1
1374984,391097,0,391686,1
1375034,391115,0,391696,1
1375085,391126,0,391720,0
1375137,391133,0,391747,0
1375187,391150,0,391764,1
1375237,391165,0,391779,1
1375291,391181,0,391806,1
1375344,391193,0,391836,0
1375401,391212,0,391840,1
1375451,391225,0,391840,1
1375501,391246,0,391840,1
1375552,391262,0,391855,1
1375603,391280,0,391860,1
1375654,391292,0,391889,0
1375707,391305,0,391898,1
1375764,391322,0,391918,1
1375818,391331,0,391935,1
1375868,391341,0,391956,1
1375918,391360,0,391962,1
1375969,391375,0,391975,1
1376020,391389,0,391991,1
1376070,391401,0,392003,2
1376126,391419,0,392019,1
1376177,391437,0,392033,1
1376227,391455,0,392040,2
1376280,391471,0,392062,1
1376331,391483,0,392071,1
1376383,391496,0,392088,0
1376438,391515,0,392094,1
1376490,391526,0,392111,0
1376540,391533,0,392129,0
1376590,391548,0,392136,1
1376642,391564,0,392142,1
1376694,391580,0,392150,1
1376746,391592,0,392164,1
1376796,391611,0,392172,1
1376846,391623,0,392182,1
1376900,391643,0,392190,1
1376955,391661,0,392204,1
1377005,391680,0,392216,1
1377058,391692,0,392244,1
1377108,391705,0,392265,1
1377163,391720,0,392268,1
1377214,391730,0,392286,0
1377268,391739,0,392296,1
1377319,391756,0,392304,1
1377369,391775,0,392309,1
1377421,391787,0,392324,1
1377471,391800,0,392338,1
1377526,391816,0,392349,1
1377576,391830,0,392365,2
1377631,391852,0,392370,1
1377682,391867,0,392379,1
1377732,391883,0,392398,1
1377784,391896,0,392417,1
1377834,391913,0,392435,1
1377886,391926,0,392447,1
1377938,391933,0,392467,1
1377990,391945,0,392490,1
1378040,391961,0,392501,0
1378090,391979,0,392516,0
1378145,391991,0,392534,0
1378196,392010,0,392546,1
1378248,392023,0,392564,1
1378300,392038,0,392580,1
1378350,392058,0,392589,1
1378402,392075,0,392602,1
1378453,392090,0,392611,0
1378506,392101,0,392621,1
1378557,392117,0,392630,1
1378608,392128,0,392652,0
1378660,392135,0,392674,1
1378714,392154,0,392675,1
1378765,392170,0,392687,2
1378815,392185,0,392697,1
1378866,392197,0,392711,1
1378918,392213,0,392773,1
1378970,392226,0,392789,1
1379020,392244,0,392793,1
1379071,392264,0,392796,0
1379121,392280,0,392814,1
1379173,392293,0,392829,0
1379228,392306,0,392839,1
1379281,392321,0,392846,1
1379333,392331,0,392859,1
1379384,392341,0,392876,0
1379434,392358,0,392888,1
1379485,392376,0,392900,0
1379535,392388,0,392920,0
1379586,392403,0,392940,1
1379637,392419,0,392959,1
1379689,392431,0,392983,1
1379740,392451,0,392986,1
1379792,392468,0,393001,1
1379842,392484,0,393009,0
1379892,392496,0,393028,1
1379943,392509,0,393039,1
1379993,392526,0,393059,2
1380063,392533,0,393080,1
1380113,392549,0,393093,1
1380163,392567,0,393105,1
1380214,392584,0,393112,1
1380267,392594,0,393128,1
1380317,392612,0,393139,0
1380367,392625,0,393156,0
1380418,392639,0,393174,1
1380471,392661,0,393179,1
1380521,392677,0,393203,1
1380575,392693,0,393212,1
1380626,392705,0,393224,0
1380678,392720,0,393242,0
1380730,392730,0,393262,0
1380781,392740,0,393288,1
1380831,392755,0,393297,2
1380882,392775,0,393304,2
1380933,392788,0,393310,1
1380985,392802,0,393318,1
1381035,392818,0,393324,1
1381085,392830,0,393334,1
1381135,392849,0,393346,1
1381188,392865,0,393361,1
1381238,392882,0,393365,1
1381294,392896,0,393387,1
1381344,392907,0,393404,1
1381394,392923,0,393422,0
1381445,392932,0,393438,0
1381497,392943,0,393452,0
1381547,392959,0,393456,2
1381598,392977,0,393468,1
1381651,392991,0,393476,1
1381702,393005,0,393486,1
1381752,393021,0,393506,1
1381806,393034,0,393517,1
1381857,393053,0,393523,1
1381908,393073,0,393538,1
1381958,393087,0,393552,1
1382008,393100,0,393580,1
1382059,393112,0,393598,1
1382109,393128,0,393615,1
1382164,393132,0,393639,0
1382215,393145,0,393657,0
1382266,393163,0,393663,2
1382321,393181,0,393671,1
1382372,393194,0,393677,1
1382422,393212,0,393686,2
1382472,393225,0,393700,0
1382522,393240,0,393731,2
1382572,393255,0,393741,2
1382622,393276,0,393747,1
1382672,393291,0,393759,1
1382725,393303,0,393776,1
1382777,393320,0,393797,0
1382834,393330,0,393816,0
1382884,393338,0,393838,1
1382934,393351,0,393864,0
1382987,393369,0,393876,1
1383039,393388,0,393890,1
1383090,393401,0,393904,1
1383140,393416,0,393923,1
1383191,393429,0,393929,1
1383241,393445,0,393942,1
1383291,393462,0,393955,1
1383342,393481,0,393960,1
1383392,393495,0,393983,0
1383442,393506,0,394004,1
1383492,393522,0,394011,1
1383545,393532,0,394030,1
1383595,393542,0,394053,2
1383646,393553,0,394069,1
1383696,393570,0,394077,1
1383748,393589,0,394086,1
1383799,393603,0,394108,0
1383850,393617,0,394115,1
1383904,393631,0,394122,1
1383954,393648,0,394138,1
1384004,393667,0,394146,2
1384054,393684,0,394165,0
1384104,393697,0,394179,1
1384154,393709,0,394194,1
1384204,393724,0,394206,1
1384255,393732,0,394232,0
1384306,393744,0,394247,1
1384358,393757,0,394257,1
1384409,393775,0,394272,1
1384461,393791,0,394275,1
1384513,393805,0,394286,0
1384566,393820,0,394295,0
1384618,393837,0,394306,1
1384669,393851,0,394314,0
1384721,393874,0,394317,1
1384772,393888,0,394332,1
1384822,393901,0,394348,1
1384873,393915,0,394368,1
1384923,393929,0,394379,1
1384976,393934,0,394413,1
1385030,393946,0,394426,1
1385080,393965,0,394430,0
1385131,393980,0,394446,1
1385181,393995,0,394462,0
1385231,394009,0,394477,1
1385282,394025,0,394482,2
1385333,394041,0,394492,1
1385384,394056,0,394505,1
1385434,394077,0,394514,1
1385485,394091,0,394532,1
1385538,394104,0,394536,1
1385592,394121,0,394552,1
1385645,394131,0,394564,1
1385696,394138,0,394590,0
1385746,394151,0,394612,1
1385796,394169,0,394624,0
1385846,394186,0,394632,2
1385898,394197,0,394647,1
1385950,394215,0,394660,1
1386000,394230,0,394671,2
1386050,394246,0,394680,1
1386106,394261,0,394696,1
1386161,394285,0,394708,1
1386211,394297,0,394723,1
1386262,394311,0,394744,2
1386312,394324,0,394763,0
1386362,394332,0,394787,0
1386413,394344,0,394804,1
1386463,394356,0,394820,1
1386513,394373,0,394832,0
1386564,394390,0,394838,1
1386614,394405,0,394845,2
1386664,394417,0,394866,0
1386714,394431,0,394879,0
1386764,394447,0,394881,0
1386814,394467,0,394894,1
1386864,394486,0,394909,0
1386915,394498,0,394926,1
1386966,394512,0,394937,4
1387016,394525,0,394943,1
1387066,394532,0,394965,0
1387117,394545,0,394981,1
1387170,394557,0,395007,0
1387223,394575,0,395018,1
1387276,394591,0,395031,1
1387328,394607,0,395051,1
1387383,394620,0,395074,1
1387434,394635,0,395086,1
1387484,394652,0,395094,1
1387535,394676,0,395098,1
1387587,394690,0,395112,1
1387638,394703,0,395129,1
1387688,394713,0,395140,1
1387739,394730,0,395145,0
1387789,394735,0,395170,0
1387840,394747,0,395188,1
1387890,394765,0,395202,0
1387940,394781,0,395209,1
1387990,394795,0,395220,1
1388040,394811,0,395231,1
1388091,394822,0,395248,1
1388141,394836,0,395264,0
1388192,394853,0,395284,1
1388245,394878,0,395297,1
1388295,394892,0,395305,1
1388348,394904,0,395322,1
1388401,394914,0,395332,1
1388455,394932,0,395343,1
1388505,394939,0,395365,1
1388556,394950,0,395373,1
1388613,394971,0,395377,1
1388667,394988,0,395399,0
1388717,394998,0,395421,0
1388767,395013,0,395427,1
1388819,395029,0,395454,1
1388869,395047,0,395469,3
1388919,395064,0,395476,2
1388970,395083,0,395495,0
1389021,395098,0,395507,0
1389071,395107,0,395522,0
1389121,395123,0,395537,2
1389171,395132,0,395557,0
1389221,395141,0,395574,1
1389271,395155,0,395582,1
1389322,395170,0,395593,1
1389372,395188,0,395606,0
1389425,395199,0,395682,1
1389480,395212,0,395691,1
1389533,395233,0,395700,0
1389589,395251,0,395709,1
1389639,395274,0,395714,1
1389689,395290,0,395727,0
1389739,395302,0,395749,0
1389789,395311,0,395775,1
1389840,395327,0,395779,1
1389890,395335,0,395805,1
1389940,395346,0,395824,0
1389993,395361,0,395832,1
1390045,395381,0,395843,1
1390100,395395,0,395868,1
1390151,395403,0,395887,1
1390203,395421,0,395894,1
1390254,395436,0,395907,0
1390305,395455,0,395915,1
1390355,395479,0,395923,2
1390405,395494,0,395940,1
1390455,395504,0,395951,0
1390508,395514,0,395971,1
1390558,395532,0,396037,1
1390612,395539,0,396053,1
1390663,395551,0,396060,1
1390713,395568,0,396119,1
1390765,395588,0,396132,2
1390819,395598,0,396159,0
1390870,395609,0,396172,0
1390921,395627,0,396180,1
1390971,395640,0,396199,0
1391022,395663,0,396208,1
1391073,395683,0,396218,1
1391127,395695,0,396219,1
1391177,395707,0,396231,0
1391229,395719,0,396253,1
1391281,395733,0,396262,1
1391337,395742,0,396277,1
1391389,395756,0,396287,1
1391441,395774,0,396295,1
1391495,395793,0,396305,1
1391545,395801,0,396320,1
1391598,395816,0,396327,1
1391648,395835,0,396347,0
1391700,395852,0,396373,1
1391755,395874,0,396379,1
1391806,395888,0,396395,0
1391862,395905,0,396422,1
1391912,395915,0,396437,1
1391962,395929,0,396457,1
1392015,395938,0,396472,1
1392066,395949,0,396487,1
1392117,395968,0,396548,1
1392167,395979,0,396560,1
1392217,395998,0,396571,0
1392269,396009,0,396592,1
1392319,396021,0,396601,2
1392373,396040,0,396620,1
1392424,396058,0,396630,1
1392475,396080,0,396639,0
1392529,396094,0,396647,1
1392582,396108,0,396665,1
1392633,396120,0,396682,1
1392683,396132,0,396704,0
1392733,396141,0,396721,0
1392783,396155,0,396746,1
1392833,396169,0,396756,1
1392884,396184,0,396775,1
1392934,396199,0,396781,0
1392985,396210,0,396791,1
1393036,396228,0,396795,1
1393086,396244,0,396807,1
1393138,396261,0,396822,1
1393189,396284,0,396823,0
1393239,396300,0,396843,1
1393289,396309,0,396865,1
1393339,396320,0,396878,1
1393389,396333,0,396906,1
1393440,396342,0,396923,1
1393490,396356,0,396933,1
1393540,396372,0,396951,1
1393590,396385,0,396967,1
1393641,396400,0,396984,0
1393691,396412,0,396995,1
1393742,396430,0,397005,1
1393792,396446,0,397012,1
1393845,396462,0,397031,1
1393896,396485,0,397048,1
1393946,396502,0,397069,2
1393996,396510,0,397090,1
1394047,396524,0,397105,1
1394098,396533,0,397122,0
1394149,396543,0,397131,1
1394202,396556,0,397133,1
1394252,396576,0,397143,0
1394306,396591,0,397151,1
1394357,396602,0,397176,1
1394407,396615,0,397192,0
1394457,396635,0,397206,1
1394508,396652,0,397220,1
1394562,396665,0,397243,1
1394616,396689,0,397253,1
1394666,396706,0,397261,3
1394717,396714,0,397285,0
1394768,396729,0,397307,1
1394820,396738,0,397337,1
1394875,396746,0,397358,1
1394928,396765,0,397361,1
1394981,396781,0,397373,1
1395031,396799,0,397383,2
1395081,396805,0,397406,0
1395132,396824,0,397408,1
1395182,396841,0,397427,0
1395232,396859,0,397435,2
1395286,396879,0,397447,1
1395336,396895,0,397460,0
1395388,396908,0,397473,0
1395438,396918,0,397482,1
1395492,396933,0,397491,1
1395542,396940,0,397505,1
1395593,396952,0,397519,0
1395651,396971,0,397523,1
1395702,396987,0,397534,1
1395753,397000,0,397558,0
1395803,397013,0,397569,1
1395856,397033,0,397586,1
1395906,397048,0,397597,2
1395956,397063,0,397610,0
1396006,397086,0,397617,3
1396056,397100,0,397635,1
1396106,397111,0,397651,1
1396156,397125,0,397663,2
1396215,397134,0,397683,1
1396266,397145,0,397705,0
1396317,397157,0,397729,1
1396369,397176,0,397739,0
1396420,397194,0,397747,1
1396472,397202,0,397764,0
1396522,397217,0,397771,1
1396572,397233,0,397773,1
1396622,397251,0,397775,2
1396675,397271,0,397783,1
1396725,397289,0,397792,1
1396780,397305,0,397801,1
1396831,397315,0,397827,1
1396884,397332,0,397835,1
1396935,397339,0,397861,0
1396989,397349,0,397871,1
1397039,397366,0,397881,1
1397089,397381,0,397893,0
1397139,397399,0,397906,1
1397190,397407,0,397921,1
1397241,397422,0,397932,1
1397291,397441,0,397949,0
1397341,397455,0,397959,1
1397391,397473,0,397963,2
1397441,397491,0,397965,1
1397495,397509,0,397972,1
1397545,397516,0,398004,0
1397596,397533,0,398014,1
1397646,397540,0,398040,1
1397696,397551,0,398059,1
1397747,397568,0,398068,1
1397799,397583,0,398080,1
1397851,397600,0,398094,0
1397901,397610,0,398116,1
1397955,397624,0,398127,1
1398006,397642,0,398137,1
1398057,397662,0,398153,0
1398108,397676,0,398167,1
1398161,397697,0,398177,1
1398212,397711,0,398187,0
1398262,397721,0,398205,1
1398312,397733,0,398215,0
1398362,397744,0,398232,1
1398417,397755,0,398255,1
1398468,397772,0,398265,1
1398524,397792,0,398277,1
1398575,397802,0,398288,0
1398627,397816,0,398300,1
1398680,397832,0,398317,1
1398730,397851,0,398328,1
1398780,397867,0,398337,1
1398830,397889,0,398345,4
1398880,397902,0,398357,1
1398932,397915,0,398373,1
1398982,397929,0,398390,1
1399034,397937,0,398409,1
1399085,397945,0,398433,0
1399138,397960,0,398436,1
1399188,397980,0,398450,0
1399238,397998,0,398454,0
1399288,398004,0,398475,1
1399338,398020,0,398483,1
1399390,398034,0,398490,1
1399440,398053,0,398499,1
1399491,398070,0,398513,1
1399541,398088,0,398520,1
1399592,398104,0,398527,0
1399642,398116,0,398555,1
1399692,398131,0,398563,1
1399742,398139,0,398667,0
1399795,398147,0,398696,1
1399846,398163,0,398705,1
1399896,398181,0,398719,0
1399946,398199,0,398735,0
1399997,398204,0,398752,1
1400048,398221,0,398757,0
1400099,398237,0,398772,1
1400150,398255,0,398779,1
1400208,398270,0,398835,1
1400260,398293,0,398837,1
1400315,398311,0,398847,1
1400365,398319,0,398871,1
1400419,398333,0,398883,0
1400471,398345,0,398896,1
1400522,398356,0,398934,1
1400572,398372,0,398954,3
1400622,398387,0,398973,0
1400672,398401,0,398973,1
1400723,398411,0,398986,1
1400776,398428,0,399002,1
1400827,398445,0,399007,0
1400878,398466,0,399011,1
1400931,398481,0,399031,1
1400982,398500,0,399045,1
1401033,398514,0,399063,0
1401083,398525,0,399077,1
1401133,398536,0,399082,0
1401184,398545,0,399102,0
1401234,398558,0,399113,0
1401286,398576,0,399127,1
1401337,398590,0,399145,1
1401389,398603,0,399161,0
1401443,398616,0,399177,1
1401493,398632,0,399193,1
1401544,398647,0,399206,1
1401594,398664,0,399206,2
1401644,398684,0,399207,1
1401695,398705,0,399211,1
1401746,398715,0,399252,0
1401796,398727,0,399264,0
1401846,398739,0,399285,0
1401897,398747,0,399310,1
1401947,398760,0,399313,1
1401998,398777,0,399329,1
1402049,398796,0,399345,3
1402100,398804,0,399364,0
1402151,398819,0,399387,2
1402201,398834,0,399409,1
1402251,398849,0,399416,1
1402302,398864,0,399426,1
1402352,398889,0,399427,3
1402405,398908,0,399433,1
1402455,398916,0,399449,0
1402511,398929,0,399465,1
1402562,398942,0,399485,0
1402615,398948,0,399509,1
1402668,398966,0,399517,1
1402721,398986,0,399522,1
1402771,399000,0,399545,1
1402824,399009,0,399562,1
1402874,399027,0,399566,0
1402924,399039,0,399579,0
1402975,399054,0,399602,0
1403027,399073,0,399619,1
1403080,399096,0,399625,1
1403131,399114,0,399679,0
1403182,399121,0,399704,0
1403233,399135,0,399717,1
1403289,399145,0,399741,0
1403342,399158,0,399757,1
1403396,399174,0,399771,1
1403447,399191,0,399793,0
1403500,399204,0,399797,1
1403552,399217,0,399805,0
1403605,399234,0,399819,1
1403657,399247,0,399834,1
1403707,399263,0,399842,1
1403758,399284,0,399846,1
1403809,399303,0,399861,1
1403859,399316,0,399876,0
1403915,399329,0,399896,1
1403969,399342,0,399908,0
1404020,399348,0,399934,0
1404070,399366,0,399949,1
1404121,399380,0,399964,1
1404172,399397,0,399987,1
1404222,399407,0,400011,1
1404272,399424,0,400022,3
1404322,399439,0,400032,1
1404372,399453,0,400046,0
1404422,399469,0,400064,0
1404475,399489,0,400072,1
1404526,399510,0,400077,1
1404576,399520,0,400105,1
1404626,399531,0,400124,1
1404680,399544,0,400132,1
1404731,399551,0,400141,0
1404782,399569,0,400165,1
1404834,399585,0,400175,1
1404885,399599,0,400191,0
1404938,399612,0,400207,1
1404989,399626,0,400226,1
1405041,399640,0,400240,1
1405091,399656,0,400257,1
1405141,399674,0,400269,1
1405192,399694,0,400281,1
1405243,399715,0,400285,0
1405294,399722,0,400306,1
1405346,399736,0,400330,1
1405396,399745,0,400339,0
1405449,399756,0,400353,1
1405502,399774,0,400362,1
1405556,399788,0,400367,1
1405606,399804,0,400381,1
1405656,399817,0,400405,0
1405708,399834,0,400418,1
1405758,399844,0,400436,2
1405812,399863,0,400447,1
1405862,399884,0,400455,2
1405912,399902,0,400465,1
1405964,399916,0,400477,0
1406016,399928,0,400495,0
1406069,399942,0,400511,0
1406120,399948,0,400537,0
1406171,399964,0,400548,1
1406221,399977,0,400555,1
1406272,399991,0,400570,0
1406323,400006,0,400585,0
1406374,400022,0,400607,1
1406425,400036,0,400612,3
1406476,400049,0,400618,1
1406527,400069,0,400631,3
1406577,400089,0,400640,1
1406629,400107,0,400654,1
1406679,400118,0,400673,0
1406731,400131,0,400683,0
1406781,400143,0,400692,0
1406831,400150,0,400713,1
1406881,400165,0,400729,1
1406931,400180,0,400744,1
1406982,400192,0,400753,1
1407032,400209,0,400764,1
1407084,400224,0,400780,0
1407134,400239,0,400844,0
1407185,400254,0,400860,1
1407235,400271,0,400868,1
1407285,400290,0,400873,1
1407336,400309,0,400896,1
1407388,400321,0,400911,1
1407439,400332,0,400923,1
1407493,400345,0,400934,0
1407544,400351,0,400955,0
1407596,400369,0,400964,1
1407648,400385,0,400990,1
1407699,400400,0,400999,1
1407749,400413,0,401020,0
1407802,400426,0,401032,1
1407853,400442,0,401049,0
1407904,400459,0,401059,1
1407955,400477,0,401073,1
1408006,400496,0,401076,2
1408056,400515,0,401085,0
1408108,400525,0,401100,1
1408158,400538,0,401129,0
1408208,400545,0,401153,0
1408258,400556,0,401176,2
1408308,400574,0,401189,1
1408358,400585,0,401203,0
1408408,400604,0,401221,1
1408460,400616,0,401236,0
1408510,400630,0,401247,2
1408560,400643,0,401262,0
1408612,400661,0,401266,1
1408662,400677,0,401278,1
1408716,400698,0,401290,1
1408766,400716,0,401303,0
1408816,400726,0,401313,2
1408867,400740,0,401325,1
1408919,400747,0,401344,0
1408969,400757,0,401352,1
1409020,400777,0,401361,1
1409078,400790,0,401375,1
1409128,400806,0,401387,0
1409178,400821,0,401400,1
1409233,400833,0,401416,1
1409283,400848,0,401439,1
1409335,400867,0,401447,1
1409387,400887,0,401465,1
1409438,400908,0,401472,1
1409489,400919,0,401491,1
1409540,400931,0,401506,0
1409590,400944,0,401526,0
1409640,400950,0,401558,1
1409693,400961,0,401567,1
1409746,400982,0,401567,1
1409799,400993,0,401586,1
1409853,401011,0,401599,1
1409906,401026,0,401611,1
1409956,401042,0,401630,3
1410008,401054,0,401647,1
1410058,401075,0,401652,2
1410111,401093,0,401655,1
1410164,401114,0,401659,1
1410216,401125,0,401681,1
1410267,401139,0,401692,1
1410318,401147,0,401700,1
1410371,401157,0,401722,1
1410422,401171,0,401730,1
1410472,401187,0,401734,0
1410522,401201,0,401738,2
1410572,401217,0,401754,1
1410622,401230,0,401780,1
1410673,401245,0,401787,1
1410723,401262,0,401797,1
1410776,401279,0,401817,1
1410829,401297,0,401817,1
1410887,401314,0,401820,1
1410937,401330,0,401835,1
1410988,401344,0,401854,1
1411038,401349,0,401875,0
1411100,401359,0,401888,1
1411151,401376,0,401893,1
1411202,401393,0,401900,0
1411254,401411,0,401910,1
1411304,401425,0,401973,0
1411354,401435,0,401993,1
1411405,401452,0,402005,0
1411455,401471,0,402008,1
1411512,401487,0,402026,1
1411562,401509,0,402039,1
1411612,401524,0,402064,0
1411663,401536,0,402077,1
1411713,401545,0,402092,0
1411765,401554,0,402119,1
1411815,401564,0,402133,1
1411865,401582,0,402137,1
1411915,401596,0,402144,1
1411965,401614,0,402149,1
1412015,401629,0,402155,0
1412066,401641,0,402166,2
1412116,401654,0,402186,0
1412170,401677,0,402201,1
1412220,401690,0,402209,1
1412270,401711,0,402219,1
1412320,401724,0,402240,0
1412371,401738,0,402251,1
1412421,401746,0,402264,1
1412472,401757,0,402285,1
1412522,401766,0,402303,1
1412576,401784,0,402317,1
1412626,401797,0,402339,0
1412676,401814,0,402343,1
1412727,401830,0,402399,0
1412778,401843,0,402405,0
1412830,401858,0,402425,1
1412886,401878,0,402430,1
1412937,401897,0,402440,1
1412994,401914,0,402450,1
1413044,401931,0,402463,0
1413094,401943,0,402475,1
1413144,401950,0,402491,1
1413194,401958,0,402504,1
1413244,401972,0,402518,1
1413295,401991,0,402530,1
1413348,402003,0,402544,1
1413398,402023,0,402559,4
1413450,402033,0,402580,1
1413500,402049,0,402596,1
1413551,402064,0,402618,1
1413601,402082,0,402625,1
1413652,402102,0,402636,1
1413705,402118,0,402640,0
1413755,402131,0,402651,0
1413806,402145,0,402663,1
1413856,402151,0,402681,0
1413906,402160,0,402704,0
1413960,402176,0,402711,1
1414012,402194,0,402724,0
1414062,402211,0,402737,1
1414116,402227,0,402758,1
1414172,402237,0,402777,1
1414222,402254,0,402791,0
1414272,402269,0,402809,1
1414322,402288,0,402823,1
1414378,402309,0,402832,1
1414429,402326,0,402849,1
1414479,402336,0,402878,0
1414529,402346,0,402896,0
1414580,402357,0,402917,0
1414630,402367,0,402937,2
1414680,402384,0,402946,2
1414730,402397,0,402953,0
1414782,402413,0,402977,1
1414833,402430,0,402993,1
1414884,402441,0,403010,1
1414934,402454,0,403014,1
1414984,402477,0,403015,2
1415035,402493,0,403039,1
1415087,402511,0,403059,1
1415137,402522,0,403070,2
1415189,402537,0,403078,1
1415242,402549,0,403148,1
1415297,402558,0,403169,1
1415347,402571,0,403182,1
1415401,402589,0,403198,0
1415451,402603,0,403210,1
1415501,402620,0,403233,1
1415551,402631,0,403249,0
1415601,402644,0,403267,0
1415658,402658,0,403273,1
1415711,402684,0,403273,1
1415761,402704,0,403281,2
1415812,402713,0,403303,1
1415866,402732,0,403316,1
1415917,402745,0,403335,0
1415970,402752,0,403356,0
1416021,402762,0,403375,1
1416071,402774,0,403381,1
1416124,402795,0,403388,1
1416175,402812,0,403398,0
1416226,402827,0,403418,1
1416276,402837,0,403431,1
1416326,402848,0,403443,1
1416376,402864,0,403465,1
1416428,402888,0,403470,1
1416478,402908,0,403472,0
1416528,402916,0,403483,1
1416581,402935,0,403496,1
1416636,402946,0,403516,0
1416686,402957,0,403533,1
1416738,402967,0,403559,1
1416788,402980,0,403573,1
1416840,402998,0,403580,1
1416891,403015,0,403584,1
1416941,403031,0,403607,1
1416993,403039,0,403626,1
1417044,403054,0,403641,1
1417094,403070,0,403651,1
1417145,403091,0,403655,1
1417197,403112,0,403662,1
1417247,403122,0,403674,3
1417303,403137,0,403686,1
1417354,403150,0,403708,0
1417406,403159,0,403729,1
1417459,403170,0,403741,1
1417509,403186,0,403751,1
1417560,403201,0,403765,1
1417611,403217,0,403765,1
1417661,403233,0,403765,1
1417712,403244,0,403780,1
1417764,403259,0,403796,1
1417823,403276,0,403813,1
1417874,403303,0,403822,1
1417925,403314,0,403843,0
1417977,403332,0,403857,1
1418028,403346,0,403869,1
1418079,403353,0,403880,1
1418129,403363,0,403890,1
1418179,403375,0,403904,0
1418230,403394,0,403913,1
1418280,403406,0,403931,1
1418338,403423,0,403948,1
1418388,403438,0,403958,0
1418441,403451,0,403972,1
1418491,403466,0,403986,1
1418541,403483,0,403995,1
1418594,403508,0,404001,1
1418647,403518,0,404019,1
1418697,403536,0,404023,1
1418747,403547,0,404038,1
1418799,403555,0,404057,1
1418853,403567,0,404077,1
1418903,403581,0,404081,1
1418953,403599,0,404090,0
1419006,403613,0,404102,1
1419056,403626,0,404116,1
1419110,403639,0,404126,0
1419160,403656,0,404130,1
1419215,403674,0,404143,1
1419269,403697,0,404152,1
1419322,403714,0,404167,1
1419375,403728,0,404179,1
1419428,403746,0,404196,1
1419478,403752,0,404232,0
1419534,403760,0,404238,1
1419584,403772,0,404261,0
1419634,403792,0,404274,1
1419684,403806,0,404282,1
1419734,403822,0,404295,0
1419784,403836,0,404312,0
1419834,403846,0,404335,0
1419888,403862,0,404344,1
1419938,403879,0,404349,1
1419988,403905,0,404401,0
1420040,403917,0,404418,1
1420091,403934,0,404433,1
1420141,403946,0,404455,0
1420192,403954,0,404478,0
1420243,403964,0,404498,1
1420295,403975,0,404518,1
1420347,403997,0,404525,1
1420397,404009,0,404536,1
1420447,404023,0,404553,0
1420497,404038,0,404557,1
1420547,404047,0,404574,0
1420601,404065,0,404583,1
1420655,404085,0,404588,1
1420707,404111,0,404604,1
1420758,404120,0,404623,0
1420809,404137,0,404641,0
1420861,404150,0,404659,1
1420915,404156,0,404681,1
1420966,404169,0,404692,1
1421019,404180,0,404701,1
1421071,404202,0,404703,1
1421122,404218,0,404718,1
1421172,404229,0,404732,1
1421222,404240,0,404743,0
1421273,404256,0,404754,1
1421324,404274,0,404764,1
1421375,404294,0,404774,1
1421425,404313,0,404786,0
1421475,404327,0,404803,0
1421527,404342,0,404811,1
1421579,404352,0,404843,1
1421632,404358,0,404857,1
1421683,404372,0,404873,1
1421737,404384,0,404893,1
1421787,404405,0,404895,1
1421841,404419,0,404909,0
1421892,404435,0,404916,1
1421943,404444,0,404927,1
1421994,404463,0,404935,1
1422044,404478,0,404946,0
1422094,404502,0,404953,1
1422145,404517,0,404974,1
1422199,404534,0,404989,0
1422249,404547,0,404999,1
1422300,404554,0,405018,0
1422353,404561,0,405046,1
1422405,404576,0,405056,1
1422455,404586,0,405059,1
1422505,404610,0,405067,1
1422555,404623,0,405087,2
1422605,404638,0,405103,0
1422660,404646,0,405118,1
1422710,404666,0,405118,2
1422761,404684,0,405136,1
1422814,404707,0,405141,1
1422867,404719,0,405152,1
1422921,404740,0,405165,1
1422972,404750,0,405177,0
1423022,404756,0,405194,2
1423073,404770,0,405210,1
1423125,404779,0,405237,0
1423176,404793,0,405247,1
1423226,404818,0,405250,1
1423277,404827,0,405268,1
1423328,404840,0,405293,0
1423378,404852,0,405306,2
1423440,404871,0,405312,1
1423491,404893,0,405313,1
1423543,404914,0,405319,1
1423594,404929,0,405333,1
1423644,404946,0,405345,1
1423695,404954,0,405375,0
1423746,404959,0,405393,0
1423797,404974,0,405410,1
1423849,404985,0,405427,1
1423899,405000,0,405433,1
1423949,405020,0,405442,1
1424000,405035,0,405455,1
1424050,405044,0,405471,1
1424100,405058,0,405495,1
1424150,405075,0,405503,1
1424202,405096,0,405521,1
1424252,405117,0,405524,1
1424302,405131,0,405544,2
1424352,405147,0,405561,0
1424402,405154,0,405584,0
1424453,405161,0,405600,1
1424503,405175,0,405611,1
1424553,405185,0,405626,0
1424605,405204,0,405643,1
1424655,405222,0,405661,1
1424706,405238,0,405677,1
1424761,405245,0,405694,0
1424813,405259,0,405703,1
1424863,405280,0,405711,1
1424913,405299,0,405711,2
1424966,405318,0,405721,0
1425016,405337,0,405729,3
1425066,405349,0,405752,0
1425116,405354,0,405767,0
1425167,405364,0,405786,1
1425218,405377,0,405798,1
1425269,405389,0,405808,1
1425320,405404,0,405811,1
1425370,405425,0,405830,2
1425420,405439,0,405839,1
1425470,405448,0,405861,1
1425520,405461,0,405872,0
1425570,405480,0,405928,0
1425622,405502,0,405938,1
1425674,405520,0,405946,1
1425730,405540,0,405964,1
1425780,405551,0,405986,1
1425834,405556,0,406003,1
1425885,405567,0,406023,1
1425935,405580,0,406034,1
1425986,405592,0,406057,1
1426037,405610,0,406068,1
1426094,405629,0,406080,1
1426147,405640,0,406101,0
1426198,405655,0,406116,1
1426249,405673,0,406124,1
1426302,405693,0,406133,1
1426357,405711,0,406147,1
1426407,405729,0,406167,0
1426457,405747,0,406175,1
1426509,405754,0,406190,0
1426560,405761,0,406210,1
1426610,405775,0,406255,0
1426662,405785,0,406281,1
1426714,405800,0,406298,1
1426764,405819,0,406307,1
1426818,405836,0,406323,1
1426868,405846,0,406334,1
1426918,405858,0,406357,1
1426968,405877,0,406364,1
1427018,405897,0,406373,1
1427068,405917,0,406382,1
1427118,405929,0,406395,0
1427169,405949,0,406402,1
1427224,405954,0,406427,0
1427274,405962,0,406441,1
1427325,405977,0,406450,0
1427376,405990,0,406465,1
1427427,406003,0,406471,1
1427477,406025,0,406484,2
1427527,406038,0,406494,1
1427580,406048,0,406526,0
1427630,406061,0,406541,2
1427681,406079,0,406547,0
1427731,406101,0,406560,1
1427783,406122,0,406565,1
1427833,406136,0,406574,2
1427886,406151,0,406594,1
1427936,406156,0,406628,1
1427989,406166,0,406647,0
1428041,406180,0,406662,1
1428091,406192,0,406678,0
1428141,406206,0,406704,1
1428191,406228,0,406711,2
1428242,406240,0,406727,0
1428294,406251,0,406750,1
1428346,406266,0,406761,1
1428397,406287,0,406774,2
1428447,406307,0,406791,0
1428499,406325,0,406800,1
1428549,406340,0,406810,1
1428601,406352,0,406819,0
1428651,406359,0,406844,0
1428702,406369,0,406865,1
1428752,406384,0,406876,1
1428803,406393,0,406894,1
1428853,406410,0,406899,2
1428908,406429,0,406908,1
1428959,406442,0,406918,1
1429011,406453,0,406944,0
1429068,406473,0,406964,1
1429118,406495,0,406972,5
1429170,406515,0,406981,1
1429220,406529,0,406997,0
1429270,406545,0,407006,1
1429332,406555,0,407029,1
1429382,406564,0,407054,1
1429436,406579,0,407064,1
1429487,406589,0,407081,1
1429537,406603,0,407089,1
1429587,406621,0,407105,1
1429637,406634,0,407105,1
1429687,406648,0,407123,0
1429739,406662,0,407142,0
1429791,406680,0,407148,1
1429843,406703,0,407150,1
1429896,406724,0,407160,0
1429948,406739,0,407178,1
1430000,406752,0,407203,1
1430055,406759,0,407227,0
1430105,406769,0,407250,1
1430159,406783,0,407261,1
1430213,406794,0,407279,1
1430263,406812,0,407290,1
1430318,406828,0,407303,1
1430373,406843,0,407311,1
1430423,406856,0,407316,2
1430479,406874,0,407323,1
1430530,406892,0,407337,1
1430580,406913,0,407342,1
1430630,406931,0,407360,0
1430680,406948,0,407363,2
1430738,406955,0,407382,1
1430788,406964,0,407397,0
1430838,406976,0,407414,2
1430888,406989,0,407428,1
1430938,407003,0,407440,1
1430991,407020,0,407459,1
1431041,407034,0,407469,1
1431091,407047,0,407479,1
1431146,407062,0,407497,1
1431205,407081,0,407512,0
1431255,407105,0,407512,3
1431305,407124,0,407522,1
1431355,407138,0,407531,1
1431405,407152,0,407551,0
1431456,407159,0,407565,0
1431506,407168,0,407591,1
1431569,407182,0,407611,1
1431625,407198,0,407630,1
1431675,407215,0,407643,2
1431729,407230,0,407647,1
1431785,407243,0,407658,1
1431836,407256,0,407662,1
1431890,407277,0,407674,1
1431940,407294,0,407688,2
1431993,407315,0,407752,1
1432043,407332,0,407769,1
1432093,407351,0,407780,1
1432143,407355,0,407803,0
1432193,407364,0,407825,0
1432245,407377,0,407838,1
1432295,407389,0,407853,0
1432347,407404,0,407877,1
1432399,407420,0,407892,1
1432449,407436,0,407906,1
1432501,407448,0,407916,1
1432555,407464,0,407933,1
1432606,407481,0,407947,0
1432656,407499,0,407951,1
1432706,407519,0,407962,1
1432756,407536,0,407976,1
1432806,407552,0,407986,1
1432856,407559,0,408007,0
1432908,407566,0,408035,1
1432958,407580,0,408052,2
1433008,407591,0,408078,1
1433058,407608,0,408088,1
1433118,407621,0,408102,1
1433169,407640,0,408110,1
1433220,407653,0,408123,0
1433271,407663,0,408133,1
1433324,407683,0,408188,1
1433374,407710,0,408193,2
1433425,407727,0,408203,1
1433476,407740,0,408260,0
1433527,407753,0,408279,0
1433579,407761,0,408299,0
1433631,407771,0,408306,1
1433686,407786,0,408328,1
1433745,407800,0,408338,1
1433795,407818,0,408347,0
1433850,407830,0,408364,1
1433905,407847,0,408380,1
1433956,407857,0,408401,0
1434007,407872,0,408409,1
1434058,407895,0,408409,2
1434108,407917,0,408416,1
1434161,407934,0,408436,1
1434212,407952,0,408454,0
1434269,407960,0,408478,1
1434320,407968,0,408501,1
1434370,407981,0,408516,0
1434422,407995,0,408520,1
1434473,408010,0,408534,1
1434523,408022,0,408545,0
1434576,408039,0,408556,1
1434628,408054,0,408562,1
1434680,408066,0,408582,1
1434730,408080,0,408593,1
1434781,408100,0,408595,1
1434831,408128,0,408596,1
1434883,408141,0,408612,0
1434933,408154,0,408622,0
1434984,408162,0,408638,0
1435035,408171,0,408663,1
1435086,408183,0,408677,0
1435138,408198,0,408694,1
1435190,408216,0,408711,1
1435244,408227,0,408728,1
1435294,408244,0,408741,1
1435347,408257,0,408759,1
1435400,408271,0,408775,0
1435451,408287,0,408787,0
1435501,408309,0,408789,3
1435554,408333,0,408798,1
1435610,408348,0,408812,1
1435660,408357,0,408823,0
1435711,408365,0,408850,0
1435761,408378,0,408864,2
1435813,408390,0,408882,1
1435865,408406,0,408901,1
1435915,408420,0,408917,0
1435965,408434,0,408928,2
1436017,408450,0,408941,1
1436067,408461,0,408960,1
1436122,408473,0,408966,1
1436172,408492,0,408971,1
1436222,408521,0,408972,5
1436272,408536,0,408988,1
1436324,408552,0,409003,0
1436374,408560,0,409023,0
1436424,408569,0,409042,1
1436476,408582,0,409056,1
1436527,408594,0,409070,1
1436583,408609,0,409082,1
1436633,408625,0,409098,0
1436683,408640,0,409102,1
1436733,408654,0,409115,1
1436783,408663,0,409127,1
1436833,408675,0,409147,1
1436883,408693,0,409151,1
1436933,408719,0,409158,1
1436983,408740,0,409173,2
1437033,408754,0,409239,0
1437084,408761,0,409261,1
1437134,408770,0,409276,1
1437185,408783,0,409290,0
1437237,408797,0,409313,1
1437287,408811,0,409378,2
1437340,408825,0,409389,0
1437390,408840,0,409394,1
1437440,408855,0,409410,0
1437492,408866,0,409437,1
1437542,408876,0,409457,0
1437593,408895,0,409464,1
1437645,408922,0,409472,2
1437699,408941,0,409475,1
1437752,408955,0,409488,1
1437802,408965,0,409505,2
1437853,408972,0,409526,1
1437903,408988,0,409538,0
1437953,409000,0,409553,1
1438004,409018,0,409565,2
1438054,409027,0,409579,1
1438104,409046,0,409587,3
1438154,409057,0,409614,0
1438204,409069,0,409631,1
1438256,409078,0,409660,0
1438307,409098,0,409662,1
1438362,409121,0,409662,1
1438412,409147,0,409666,0
1438466,409156,0,409699,0
1438517,409166,0,409719,1
1438569,409176,0,409736,1
1438622,409191,0,409756,1
1438672,409206,0,409776,2
1438727,409220,0,409788,0
1438778,409233,0,409809,1
1438832,409253,0,409815,1
1438886,409261,0,409827,1
1438942,409276,0,409890,1
1438992,409289,0,409906,0
1439043,409315,0,409909,1
1439093,409336,0,409920,2
1439147,409354,0,409929,0
1439199,409362,0,409946,0
1439249,409371,0,409966,0
1439300,409386,0,409987,1
1439355,409399,0,410004,1
1439405,409413,0,410020,1
1439457,409427,0,410033,1
1439507,409443,0,410049,0
1439564,409457,0,410072,0
1439614,409469,0,410092,0
1439664,409478,0,410101,0
1439714,409493,0,410110,0
1439764,409521,0,410114,0
1439814,409544,0,410119,1
1439864,409556,0,410133,0
1439914,409565,0,410154,0
1439964,409575,0,410171,1
1440016,409590,0,410192,1
1440066,409602,0,410204,0
1440116,409619,0,410216,1
1440167,409628,0,410228,1
1440218,409646,0,410237,1
1440273,409657,0,410248,0
1440327,409670,0,410260,1
1440377,409682,0,410270,1
1440427,409697,0,410285,1
1440478,409723,0,410285,1
1440528,409748,0,410288,0
1440578,409758,0,410307,1
1440632,409767,0,410332,1
1440683,409779,0,410352,0
1440733,409792,0,410371,1
1440783,409808,0,410392,2
1440835,409821,0,410407,1
1440885,409834,0,410433,1
1440937,409852,0,410439,1
1440987,409860,0,410455,0
1441037,409873,0,410470,1
1441088,409885,0,410483,1
1441140,409902,0,410497,1
1441195,409927,0,410502,1
1441245,409954,0,410518,1
1441296,409962,0,410536,1
1441346,409970,0,410557,2
1441400,409984,0,410583,1
1441450,409996,0,410599,1
1441509,410012,0,410613,1
1441564,410027,0,410619,1
1441614,410042,0,410638,1
1441664,410057,0,410651,1
1441715,410066,0,410675,1
1441765,410077,0,410686,1
1441815,410093,0,410695,2
1441865,410111,0,410706,1
1441915,410135,0,410706,1
1441966,410156,0,410710,0
1442018,410165,0,410737,0
1442070,410175,0,410758,1
1442120,410190,0,410775,0
1442171,410202,0,410787,0
1442221,410217,0,410803,0
1442273,410228,0,410817,0
1442325,410247,0,410828,0
1442382,410258,0,410837,1
1442433,410269,0,410863,0
1442483,410281,0,410873,1
1442535,410296,0,410881,1
1442587,410317,0,410881,1
1442637,410345,0,410886,3
1442687,410359,0,410896,1
1442737,410367,0,410915,0
1442789,410380,0,410933,1
1442839,410392,0,410954,0
1442890,410407,0,410970,1
1442940,410420,0,410979,1
1442990,410434,0,411002,1
1443046,410450,0,411018,1
1443097,410462,0,411032,1
1443148,410471,0,411046,0
1443198,410487,0,411054,2
1443250,410500,0,411078,0
1443300,410522,0,411091,2
1443350,410539,0,411092,1
1443400,410562,0,411097,1
1443450,410569,0,411117,0
1443500,410580,0,411123,1
1443557,410596,0,411149,1
1443608,410611,0,411165,0
1443660,410626,0,411171,0
1443711,410638,0,411188,1
1443761,410655,0,411200,0
1443812,410662,0,411216,0
1443869,410674,0,411226,1
1443922,410694,0,411231,1
1443972,410708,0,411242,1
1444024,410727,0,411251,1
1444074,410750,0,411257,3
1444124,410765,0,411266,1
1444176,410774,0,411278,1
1444229,410791,0,411289,1
1444279,410804,0,411295,2
1444330,410818,0,411303,1
1444383,410829,0,411319,0
1444433,410848,0,411331,1
1444488,410858,0,411353,1
1444538,410869,0,411363,1
1444588,410878,0,411372,1
1444639,410896,0,411385,1
1444691,410916,0,411395,1
1444741,410932,0,411400,1
1444792,410958,0,411407,0
1444842,410966,0,411431,0
1444896,410979,0,411451,0
1444948,410993,0,411457,1
1445001,411009,0,411468,1
1445052,411021,0,411475,1
1445102,411035,0,411490,1
1445152,411051,0,411494,0
1445205,411061,0,411517,0
1445256,411072,0,411534,1
1445306,411083,0,411543,2
1445356,411101,0,411547,1
1445410,411122,0,411555,1
1445461,411136,0,411566,1
1445513,411163,0,411571,0
1445564,411171,0,411598,1
1445620,411185,0,411613,1
1445671,411198,0,411636,0
1445721,411212,0,411646,0
1445772,411227,0,411655,1
1445823,411237,0,411683,0
1445873,411257,0,411683,1
1445928,411263,0,411703,1
1445979,411275,0,411710,0
1446034,411294,0,411727,1
1446085,411308,0,411754,0
1446135,411328,0,411769,1
1446185,411347,0,411772,1
1446236,411366,0,411783,0
1446286,411376,0,411800,1
1446336,411391,0,411812,1
1446387,411402,0,411822,1
1446438,411417,0,411835,1
1446488,411430,0,411841,1
1446538,411440,0,411859,1
1446588,411458,0,411867,1
1446643,411466,0,411887,1
1446694,411478,0,411894,1
1446744,411496,0,411908,0
1446800,411512,0,411927,1
1446851,411533,0,411936,0
1446902,411553,0,411940,1
1446952,411568,0,411947,1
1447003,411580,0,411967,1
1447053,411593,0,411977,1
1447106,411609,0,411985,1
1447156,411621,0,411998,1
1447212,411635,0,412007,1
1447262,411647,0,412026,1
1447313,411662,0,412041,1
1447363,411671,0,412062,1
1447413,411682,0,412085,0
1447463,411701,0,412094,0
1447514,411716,0,412102,1
1447564,411734,0,412114,0
1447615,411754,0,412122,0
1447668,411771,0,412131,1
1447718,411783,0,412142,0
1447768,411797,0,412154,0
1447818,411811,0,412179,0
1447868,411824,0,412188,1
1447918,411837,0,412207,0
1447970,411848,0,412222,1
1448022,411862,0,412234,0
1448072,411874,0,412246,1
1448122,411884,0,412262,1
1448172,411902,0,412273,0
1448222,411918,0,412279,1
1448272,411937,0,412294,1
1448328,411952,0,412298,1
1448380,411973,0,412306,0
1448431,411987,0,412323,0
1448485,411999,0,412334,1
1448540,412016,0,412343,1
1448590,412029,0,412367,1
1448641,412040,0,412384,1
1448695,412055,0,412392,1
1448745,412065,0,412421,0
1448798,412078,0,412437,1
1448853,412096,0,412448,1
1448904,412109,0,412459,1
1448955,412133,0,412471,2
1449005,412146,0,412482,0
1449056,412160,0,412485,1
1449106,412180,0,412487,1
1449164,412192,0,412502,1
1449214,412209,0,412507,1
1449266,412222,0,412517,1
1449316,412236,0,412521,1
1449366,412247,0,412544,1
1449416,412262,0,412550,2
1449466,412271,0,412567,1
1449517,412283,0,412586,1
1449569,412300,0,412591,1
1449619,412317,0,412599,5
1449669,412335,0,412614,1
1449719,412349,0,412632,2
1449769,412364,0,412647,0
1449821,412382,0,412654,1
1449871,412392,0,412668,0
1449922,412407,0,412669,1
1449974,412425,0,412674,1
1450025,412437,0,412692,0
1450075,412447,0,412707,0
1450125,412462,0,412723,0
1450175,412473,0,412746,0
1450226,412484,0,412771,1
1450278,412500,0,412776,1
1450328,412515,0,412794,1
1450380,412537,0,412796,1
1450432,412550,0,412819,0
1450482,412568,0,412836,1
1450540,412586,0,412855,1
1450590,412597,0,412874,2
1450643,412615,0,412895,0
1450704,412628,0,412905,1
1450754,412642,0,412913,1
1450806,412656,0,412928,2
1450857,412668,0,412947,1
1450907,412679,0,413015,0
1450957,412693,0,413023,1
1451007,412706,0,413036,1
1451058,412727,0,413046,2
1451108,412745,0,413060,0
1451158,412758,0,413085,1
1451211,412775,0,413098,1
1451264,412791,0,413102,0
1451318,412804,0,413120,1
1451369,412821,0,413132,0
1451419,412832,0,413160,0
1451472,412847,0,413173,1
1451522,412862,0,413187,2
1451573,412871,0,413203,1
1451625,412883,0,413215,1
1451676,412898,0,413228,1
1451729,412911,0,413241,1
1451780,412934,0,413241,1
1451832,412950,0,413254,1
1451882,412965,0,413265,1
1451939,412980,0,413277,1
1451989,412995,0,413288,1
1452042,413011,0,413293,1
1452095,413027,0,413309,0
1452146,413039,0,413335,1
1452196,413050,0,413360,1
1452248,413065,0,413368,1
1452298,413076,0,413388,0
1452348,413088,0,413391,3
1452400,413104,0,413409,0
1452450,413117,0,413433,1
1452500,413142,0,413443,1
1452552,413156,0,413453,1
1452605,413173,0,413471,1
1452656,413187,0,413494,1
1452708,413201,0,413515,1
1452760,413217,0,413530,1
1452813,413230,0,413545,0
1452863,413243,0,413563,0
1452917,413258,0,413580,1
1452968,413269,0,413597,0
1453018,413279,0,413614,0
1453071,413293,0,413624,1
1453121,413307,0,413647,0
1453171,413322,0,413656,1
1453223,413345,0,413660,1
1453273,413361,0,413674,1
1453326,413376,0,413694,1
1453378,413392,0,413707,0
1453428,413405,0,413724,1
1453479,413423,0,413737,1
1453530,413434,0,413753,1
1453583,413446,0,413767,0
1453633,413460,0,413780,0
1453683,413472,0,413790,1
1453733,413480,0,413806,0
1453784,413493,0,413813,1
1453836,413511,0,413823,1
1453886,413528,0,413835,1
1453936,413550,0,413844,1
1453990,413565,0,413846,1
1454043,413579,0,413857,0
1454097,413596,0,413866,1
1454148,413610,0,413877,1
1454199,413627,0,413888,0
1454249,413640,0,413904,2
1454300,413651,0,413921,1
1454350,413664,0,413933,2
1454401,413676,0,413947,0
1454452,413685,0,413960,0
1454503,413699,0,413972,1
1454555,413717,0,413983,0
1454605,413733,0,413997,1
1454656,413752,0,414004,0
1454708,413771,0,414019,1
1454758,413783,0,414026,1
1454808,413800,0,414041,0
1454859,413815,0,414060,1
1454910,413827,0,414079,0
1454961,413840,0,414095,0
1455012,413855,0,414114,1
1455064,413866,0,414128,1
1455114,413877,0,414151,0
1455166,413888,0,414173,1
1455216,413903,0,414185,1
1455270,413918,0,414199,1
1455320,413937,0,414202,1
1455371,413955,0,414213,0
1455421,413973,0,414225,1
1455471,413989,0,414253,1
1455523,414003,0,414261,1
1455574,414016,0,414267,1
1455625,414032,0,414284,0
1455677,414044,0,414303,0
1455728,414056,0,414315,0
1455781,414069,0,414328,0
1455831,414080,0,414354,0
1455882,414091,0,414366,1
1455932,414107,0,414376,1
1455983,414121,0,414399,1
1456033,414140,0,414406,1
1456084,414161,0,414410,1
1456135,414176,0,414423,1
1456185,414193,0,414478,1
1456235,414205,0,414486,1
1456288,414222,0,414501,0
1456338,414234,0,414512,1
1456388,414246,0,414529,1
1456438,414259,0,414543,1
1456488,414270,0,414549,1
1456539,414280,0,414566,0
1456591,414293,0,414586,1
1456648,414310,0,414594,1
1456698,414325,0,414604,1
1456748,414344,0,414608,1
1456804,414366,0,414616,1
1456855,414380,0,414624,1
1456905,414396,0,414630,1
1456957,414408,0,414643,1
1457007,414427,0,414657,0
1457057,414437,0,414675,0
1457110,414451,0,414702,1
1457162,414465,0,414718,1
1457213,414476,0,414740,0
1457265,414486,0,414765,0
1457315,414498,0,414773,1
1457365,414517,0,414783,1
1457416,414529,0,414798,2
1457469,414553,0,414805,1
1457520,414569,0,414818,1
1457570,414582,0,414836,0
1457621,414598,0,414836,1
1457671,414615,0,414846,3
1457724,414629,0,414861,1
1457774,414642,0,414882,1
1457830,414656,0,414908,0
1457880,414668,0,414919,1
1457930,414679,0,414934,0
1457980,414689,0,414953,1
1458032,414703,0,414975,1
1458085,414721,0,414980,1
1458135,414737,0,414987,2
1458185,414757,0,414997,1
1458236,414776,0,415005,1
1458286,414786,0,415023,0
1458336,414802,0,415033,2
1458386,414818,0,415057,1
1458436,414832,0,415064,0
1458488,414845,0,415080,0
1458538,414857,0,415103,0
1458588,414868,0,415127,0
1458638,414880,0,415148,0
1458689,414892,0,415167,1
1458740,414906,0,415176,1
1458790,414921,0,415178,2
1458840,414937,0,415200,1
1458890,414959,0,415206,1
1458944,414977,0,415221,1
1458996,414988,0,415228,1
1459047,415005,0,415245,1
1459099,415023,0,415254,1
1459149,415035,0,415267,1
1459199,415049,0,415284,1
1459249,415060,0,415311,1
1459303,415071,0,415329,1
1459356,415081,0,415347,1
1459409,415094,0,415364,0
1459461,415110,0,415379,1
1459513,415125,0,415390,0
1459566,415143,0,415396,1
1459616,415166,0,415407,0
1459666,415181,0,415420,1
1459717,415194,0,415433,1
1459767,415209,0,415442,0
1459819,415227,0,415450,0
1459870,415239,0,415468,1
1459926,415253,0,415485,1
1459978,415266,0,415508,0
1460031,415279,0,415519,1
1460086,415289,0,415536,1
1460137,415304,0,415551,1
1460191,415319,0,415572,1
1460241,415332,0,415598,0
1460291,415355,0,415650,1
1460343,415375,0,415659,1
1460399,415387,0,415670,1
1460453,415404,0,415686,1
1460504,415421,0,415695,1
1460554,415435,0,415713,1
1460605,415449,0,415725,1
1460658,415461,0,415746,1
1460708,415472,0,415763,1
1460758,415480,0,415776,0
1460812,415494,0,415842,0
1460866,415510,0,415857,1
1460916,415525,0,415878,0
1460966,415541,0,415882,2
1461016,415566,0,415891,0
1461071,415580,0,415899,1
1461122,415595,0,415910,0
1461172,415610,0,415920,1
1461222,415627,0,415936,0
1461272,415639,0,415950,1
1461325,415652,0,415960,0
1461376,415666,0,415975,0
1461428,415678,0,415996,1
1461484,415688,0,416007,1
1461534,415701,0,416024,3
1461585,415717,0,416032,2
1461641,415728,0,416048,1
1461691,415753,0,416051,3
1461743,415772,0,416064,1
1461795,415785,0,416081,1
1461845,415802,0,416091,3
1461897,415817,0,416107,2
1461947,415832,0,416123,1
1461997,415843,0,416142,0
1462050,415857,0,416150,1
1462102,415869,0,416168,1
1462152,415880,0,416193,0
1462203,415892,0,416202,1
1462256,415905,0,416215,1
1462306,415923,0,416229,1
1462357,415931,0,416251,1
1462407,415956,0,416251,1
1462458,415974,0,416264,1
1462510,415989,0,416273,1
1462563,416005,0,416293,0
1462613,416022,0,416305,1
1462665,416036,0,416322,1
1462715,416050,0,416332,0
1462765,416063,0,416344,1
1462818,416071,0,416359,1
1462869,416082,0,416372,1
1462919,416094,0,416398,0
1462971,416110,0,416405,1
1463023,416125,0,416419,0
1463073,416139,0,416439,1
1463127,416165,0,416448,1
1463178,416180,0,416464,0
1463228,416194,0,416477,1
1463279,416210,0,416491,1
1463329,416226,0,416499,2
1463379,416238,0,416522,1
1463429,416251,0,416551,0
1463479,416266,0,416564,0
1463530,416276,0,416576,1
1463582,416284,0,416586,1
1463632,416295,0,416586,1
1463682,416313,0,416589,2
1463733,416326,0,416605,1
1463789,416341,0,416617,1
1463839,416370,0,416620,1
1463889,416383,0,416640,1
1463939,416398,0,416662,1
1463990,416414,0,416678,1
1464042,416429,0,416686,0
1464093,416441,0,416702,0
1464151,416453,0,416718,1
1464204,416468,0,416734,1
1464254,416480,0,416758,0
1464305,416487,0,416779,0
1464356,416500,0,416788,1
1464409,416519,0,416792,1
1464459,416529,0,416808,1
1464511,416546,0,416814,1
1464561,416574,0,416818,0
1464612,416590,0,416828,2
1464663,416605,0,416842,0
1464715,416621,0,416854,1
1464765,416635,0,416865,1
1464816,416648,0,416882,1
1464866,416661,0,416895,0
1464916,416669,0,416917,0
1464971,416680,0,416925,0
1465021,416688,0,416946,1
1465072,416707,0,416961,1
1465122,416724,0,416970,1
1465180,416734,0,416991,1
1465230,416758,0,417009,2
1465282,416779,0,417012,1
1465334,416794,0,417017,0
1465385,416810,0,417022,1
1465440,416825,0,417029,1
1465493,416841,0,417037,1
1465543,416852,0,417061,0
1465593,416866,0,417077,0
1465647,416878,0,417105,1
1465700,416885,0,417131,0
1465751,416898,0,417152,0
1465804,416915,0,417168,1
1465857,416928,0,417188,0
1465907,416943,0,417204,1
1465959,416963,0,417209,1
1466009,416985,0,417214,1
1466059,417001,0,417228,0
1466109,417017,0,417244,1
1466162,417032,0,417260,1
1466212,417044,0,417286,1
1466263,417054,0,417301,1
1466315,417069,0,417307,0
1466368,417080,0,417332,0
1466419,417087,0,417356,0
1466469,417103,0,417363,1
1466525,417118,0,417383,1
1466575,417133,0,417396,0
1466625,417147,0,417413,1
1466675,417169,0,417417,1
1466725,417188,0,417421,1
1466775,417206,0,417437,1
1466825,417221,0,417446,0
1466875,417236,0,417462,1
1466925,417248,0,417477,2
1466975,417255,0,417499,1
1467025,417271,0,417508,1
1467077,417280,0,417525,0
1467127,417290,0,417540,1
1467179,417308,0,417549,1
1467232,417320,0,417570,1
1467284,417334,0,417577,1
1467334,417350,0,417589,1
1467388,417368,0,417600,1
1467438,417393,0,417607,2
1467491,417407,0,417615,1
1467542,417424,0,417629,0
1467596,417439,0,417648,1
1467647,417452,0,417662,0
1467697,417461,0,417677,1
1467755,417477,0,417693,1
1467805,417485,0,417711,2
1467866,417497,0,417725,1
1467917,417517,0,417738,0
1467969,417529,0,417754,1
1468020,417546,0,417757,1
1468070,417564,0,417770,1
1468121,417583,0,417777,1
1468171,417601,0,417832,1
1468221,417621,0,417843,2
1468271,417635,0,417850,2
1468324,417646,0,417864,0
1468375,417655,0,417888,1
1468425,417670,0,417925,1
1468475,417680,0,417960,0
1468525,417687,0,417982,0
1468580,417701,0,417989,1
1468632,417719,0,418002,0
1468682,417732,0,418018,0
1468735,417749,0,418037,1
1468785,417767,0,418049,0
1468836,417787,0,418097,1
1468886,417806,0,418104,1
1468936,417823,0,418118,1
1468990,417837,0,418129,0
1469040,417850,0,418138,1
1469091,417857,0,418160,1
1469143,417874,0,418174,1
1469193,417882,0,418192,1
1469245,417891,0,418214,1
1469299,417908,0,418228,1
1469350,417924,0,418244,0
1469402,417938,0,418262,1
1469455,417957,0,418277,1
1469505,417972,0,418284,0
1469557,417989,0,418285,1
1469608,418009,0,418301,0
1469658,418026,0,418310,1
1469708,418041,0,418330,1
1469758,418052,0,418339,0
1469812,418063,0,418356,1
1469862,418076,0,418376,0
1469912,418086,0,418420,0
1469967,418095,0,418455,0
1470018,418116,0,418466,1
1470069,418128,0,418472,1
1470121,418144,0,418475,1
1470171,418160,0,418480,1
1470222,418176,0,418493,1
1470272,418197,0,418508,1
1470322,418214,0,418514,2
1470372,418231,0,418534,1
1470422,418244,0,418545,0
1470472,418254,0,418565,0
1470522,418265,0,418587,1
1470573,418279,0,418605,1
1470623,418287,0,418621,0
1470673,418296,0,418644,1
1470723,418317,0,418644,1
1470774,418328,0,418665,0
1470825,418345,0,418673,1
1470875,418363,0,418681,1
1470929,418377,0,418703,1
1470981,418401,0,418704,1
1471031,418418,0,418715,5
1471083,418435,0,418726,1
1471138,418446,0,418734,1
1471188,418456,0,418755,0
1471238,418469,0,418766,1
1471288,418480,0,418773,1
1471339,418489,0,418787,0
1471391,418500,0,418804,1
1471442,418522,0,418809,1
1471493,418531,0,418828,1
1471543,418547,0,418839,0
1471593,418565,0,418841,1
1471643,418581,0,418855,0
1471695,418604,0,418864,1
1471748,418623,0,418876,1
1471800,418637,0,418894,0
1471850,418651,0,418911,2
1471900,418658,0,418933,0
1471953,418674,0,418949,1
1472003,418682,0,418965,0
1472054,418693,0,418986,1
1472105,418703,0,419007,1
1472156,418724,0,419020,1
1472206,418736,0,419035,2
1472256,418749,0,419058,1
1472308,418770,0,419063,1
1472360,418787,0,419075,0
1472416,418803,0,419083,1
1472466,418826,0,419093,0
1472518,418841,0,419113,1
1472568,418854,0,419132,1
1472619,418861,0,419151,1
1472671,418877,0,419162,1
1472721,418886,0,419183,1
1472771,418895,0,419204,0
1472821,418912,0,419224,1
1472874,418926,0,419235,1
1472926,418943,0,419247,0
1472980,418958,0,419261,1
1473030,418976,0,419272,1
1473081,418996,0,419283,1
1473131,419011,0,419299,1
1473183,419034,0,419305,1
1473238,419044,0,419331,1
1473288,419055,0,419353,0
1473338,419068,0,419375,2
1473389,419080,0,419393,1
1473439,419088,0,419408,1
1473492,419098,0,419429,0
1473545,419118,0,419434,1
1473596,419131,0,419442,1
1473646,419147,0,419458,0
1473696,419162,0,419474,2
1473746,419182,0,419480,2
1473797,419199,0,419487,0
1473850,419216,0,419499,1
1473902,419237,0,419504,0
1473954,419248,0,419516,1
1474006,419258,0,419538,0
1474057,419274,0,419549,0
1474107,419281,0,419570,0
1474157,419291,0,419589,1
1474207,419302,0,419611,0
1474259,419321,0,419622,1
1474309,419336,0,419643,1
1474360,419348,0,419666,0
1474410,419363,0,419674,2
1474461,419385,0,419678,1
1474520,419402,0,419682,1
1474570,419423,0,419692,2
1474621,419439,0,419709,0
1474671,419454,0,419720,0
1474721,419460,0,419739,1
1474775,419476,0,419752,1
1474826,419485,0,419773,1
1474876,419495,0,419788,0
1474926,419511,0,419803,1
1474977,419525,0,419809,0
1475027,419543,0,419824,2
1475084,419552,0,419843,1
1475134,419574,0,419854,1
1475184,419590,0,419863,1
1475234,419608,0,419871,1
1475289,419627,0,419888,1
1475341,419643,0,419889,1
1475395,419655,0,419908,1
1475445,419668,0,419928,2
1475495,419681,0,419946,2
1475545,419689,0,419978,1
1475598,419699,0,419994,1
1475649,419717,0,420000,1
1475701,419731,0,420017,1
1475753,419747,0,420033,0
1475803,419758,0,420054,1
1475853,419780,0,420064,1
1475905,419797,0,420072,1
1475957,419816,0,420088,1
1476008,419831,0,420102,1
1476059,419848,0,420117,1
1476115,419859,0,420133,1
1476165,419874,0,420148,2
1476216,419882,0,420165,0
1476266,419891,0,420175,1
1476317,419903,0,420189,1
1476371,419923,0,420202,1
1476422,419937,0,420212,0
1476474,419950,0,420233,1
1476526,419965,0,420241,1
1476577,419985,0,420250,0
1476628,420003,0,420267,1
1476679,420021,0,420273,1
1476730,420039,0,420289,0
1476781,420054,0,420309,0
1476831,420062,0,420327,1
1476881,420076,0,420354,1
1476931,420085,0,420374,0
1476984,420094,0,420444,1
1477034,420109,0,420462,0
1477084,420125,0,420476,0
1477134,420143,0,420484,2
1477184,420151,0,420498,0
1477235,420169,0,420512,1
1477289,420188,0,420513,1
1477341,420209,0,420525,1
1477392,420224,0,420534,1
1477444,420242,0,420541,0
1477494,420254,0,420557,0
1477548,420266,0,420575,1
1477598,420280,0,420589,1
1477654,420288,0,420609,1
1477704,420299,0,420630,1
1477757,420315,0,420638,1
1477807,420331,0,420657,0
1477858,420347,0,420665,0
1477908,420360,0,420680,2
1477959,420376,0,420695,1
1478015,420397,0,420702,1
1478065,420414,0,420710,0
1478115,420432,0,420723,1
1478165,420449,0,420730,3
1478218,420459,0,420753,1
1478268,420472,0,420765,1
1478318,420482,0,420789,1
1478368,420491,0,420807,1
1478418,420501,0,420831,0
1478468,420517,0,420840,1
1478521,420535,0,420856,0
1478571,420549,0,420876,0
1478623,420563,0,420902,0
1478673,420585,0,420913,3
1478726,420599,0,420923,1
1478777,420617,0,420931,1
1478829,420635,0,420932,1
1478879,420653,0,420948,0
1478933,420660,0,420972,1
1478983,420676,0,420989,0
1479033,420685,0,421000,1
1479085,420694,0,421016,1
1479137,420706,0,421032,1
1479187,420724,0,421045,1
1479237,420740,0,421049,1
1479289,420751,0,421061,0
1479340,420768,0,421067,1
1479391,420788,0,421084,1
1479442,420805,0,421096,1
1479495,420819,0,421114,0
1479545,420840,0,421117,2
1479595,420854,0,421131,0
1479648,420865,0,421153,1
1479701,420879,0,421167,1
1479754,420887,0,421188,0
1479805,420898,0,421218,1
1479855,420910,0,421239,0
1479905,420930,0,421242,1
1479958,420945,0,421259,1
1480008,420955,0,421271,2
1480060,420971,0,421277,1
1480110,420993,0,421279,2
1480160,421012,0,421292,1
1480211,421021,0,421307,1
1480262,421044,0,421308,1
1480313,421058,0,421323,1
1480363,421068,0,421348,0
1480413,421081,0,421365,1
1480466,421090,0,421385,1
1480517,421100,0,421393,0
1480568,421112,0,421416,1
1480619,421134,0,421418,1
1480670,421147,0,421432,1
1480720,421161,0,421445,1
1480771,421177,0,421465,0
1480821,421195,0,421467,1
1480871,421213,0,421484,0
1480921,421225,0,421505,1
1480972,421247,0,421516,1
1481023,421258,0,421547,0
1481074,421270,0,421569,0
1481125,421282,0,421578,0
1481177,421292,0,421600,1
1481227,421303,0,421619,1
1481280,421315,0,421637,1
1481330,421333,0,421645,1
1481381,421349,0,421661,1
1481431,421363,0,421673,0
1481481,421380,0,421682,0
1481531,421399,0,421689,1
1481581,421413,0,421698,1
1481632,421428,0,421712,1
1481682,421446,0,421713,2
1481734,421459,0,421776,0
1481784,421472,0,421784,0
1481836,421484,0,421800,1
1481888,421494,0,421824,1
1481938,421506,0,421847,1
1481988,421517,0,421871,1
1482040,421536,0,421885,1
1482093,421551,0,421910,0
1482143,421564,0,421924,0
1482196,421584,0,421940,1
1482250,421604,0,421946,1
1482300,421619,0,421962,0
1482350,421633,0,421978,1
1482402,421653,0,421995,1
1482457,421663,0,422015,1
1482510,421678,0,422022,1
1482560,421687,0,422037,1
1482610,421699,0,422057,1
1482660,421711,0,422072,1
1482710,421730,0,422086,5
1482760,421742,0,422097,1
1482812,421753,0,422120,1
1482863,421768,0,422136,1
1482915,421789,0,422136,1
1482965,421808,0,422147,1
1483015,421821,0,422159,1
1483068,421839,0,422172,1
1483120,421856,0,422178,1
1483171,421867,0,422194,1
1483221,421881,0,422200,0
1483276,421891,0,422218,1
1483332,421901,0,422243,1
1483383,421916,0,422257,1
1483433,421928,0,422262,1
1483483,421947,0,422276,1
1483533,421961,0,422287,2
1483584,421977,0,422304,1
1483635,421996,0,422311,1
1483690,422013,0,422322,1
1483741,422030,0,422326,1
1483793,422049,0,422333,1
1483843,422060,0,422348,1
1483893,422073,0,422359,1
1483943,422085,0,422374,1
1483993,422094,0,422391,1
1484044,422107,0,422411,2
1484096,422119,0,422424,1
1484146,422134,0,422444,1
1484198,422151,0,422450,1
1484250,422165,0,422455,1
1484300,422182,0,422462,1
1484350,422202,0,422476,1
1484401,422216,0,422493,0
1484454,422229,0,422508,1
1484504,422247,0,422511,1
1484554,422262,0,422524,0
1484604,422276,0,422537,0
1484654,422285,0,422556,0
1484708,422297,0,422567,0
1484758,422309,0,422583,0
1484809,422320,0,422597,0
1484862,422339,0,422600,1
1484912,422351,0,422621,0
1484963,422367,0,422638,0
1485013,422385,0,422647,1
1485069,422407,0,422666,1
1485119,422421,0,422689,1
1485173,422433,0,422703,1
1485225,422455,0,422709,3
1485275,422466,0,422737,1
1485326,422481,0,422759,0
1485376,422488,0,422785,0
1485427,422500,0,422805,0
1485477,422513,0,422815,0
1485527,422523,0,422829,0
1485582,422543,0,422837,1
1485635,422557,0,422847,1
1485685,422569,0,422847,2
1485736,422595,0,422855,1
1485786,422612,0,422860,0
1485839,422624,0,422877,1
1485889,422642,0,422888,2
1485940,422659,0,422903,0
1485990,422671,0,422924,1
1486041,422683,0,422944,1
1486094,422693,0,422960,1
1486144,422704,0,422974,1
1486195,422717,0,422994,0
1486247,422729,0,423016,1
1486297,422747,0,423026,0
1486347,422760,0,423041,0
1486397,422776,0,423055,1
1486447,422798,0,423067,0
1486497,422813,0,423084,0
1486549,422826,0,423099,1
1486603,422844,0,423111,1
1486653,422860,0,423121,0
1486704,422873,0,423139,1
1486756,422885,0,423152,0
1486808,422894,0,423159,1
1486861,422906,0,423175,0
1486912,422920,0,423192,0
1486962,422934,0,423210,3
1487013,422950,0,423219,1
1487063,422964,0,423229,1
1487115,422983,0,423239,2
1487168,423004,0,423249,1
1487218,423019,0,423261,1
1487268,423028,0,423288,0
1487318,423046,0,423292,1
1487368,423062,0,423306,0
1487418,423077,0,423323,1
1487470,423087,0,423347,1
1487520,423100,0,423360,2
1487571,423108,0,423382,1
1487621,423122,0,423391,1
1487671,423135,0,423403,1
1487721,423152,0,423412,1
1487776,423166,0,423433,0
1487827,423187,0,423435,1
1487877,423205,0,423496,0
1487927,423221,0,423502,1
1487981,423232,0,423527,1
1488033,423251,0,423536,1
1488083,423266,0,423549,2
1488133,423281,0,423568,1
1488184,423289,0,423583,0
1488234,423300,0,423606,0
1488287,423312,0,423631,1
1488337,423324,0,423655,1
1488387,423342,0,423673,0
1488438,423354,0,423691,0
1488489,423367,0,423707,1
1488539,423391,0,423716,1
1488589,423410,0,423729,1
1488639,423423,0,423735,0
1488689,423436,0,423755,2
1488739,423451,0,423769,0
1488789,423467,0,423779,2
1488839,423482,0,423796,0
1488889,423490,0,423812,0
1488939,423502,0,423830,1
1488989,423512,0,423855,1
1489039,423525,0,423870,1
1489089,423542,0,423880,4
1489144,423555,0,423894,1
1489195,423570,0,423909,1
1489250,423591,0,423916,1
1489304,423612,0,423930,1
1489358,423628,0,423944,0
1489408,423638,0,423960,0
1489461,423659,0,423970,1
1489514,423675,0,423989,1
1489565,423685,0,424056,0
1489615,423695,0,424077,0
1489667,423706,0,424092,0
1489717,423719,0,424099,1
1489771,423732,0,424107,1
1489823,423750,0,424116,1
1489873,423764,0,424120,1
1489923,423778,0,424137,1
1489974,423801,0,424190,1
1490032,423817,0,424197,1
1490082,423831,0,424217,1
1490133,423846,0,424231,1
1490184,423863,0,424292,1
1490235,423881,0,424306,0
1490285,423889,0,424337,2
1490335,423900,0,424358,0
1490386,423908,0,424377,0
1490437,423923,0,424394,0
1490488,423935,0,424410,1
1490538,423954,0,424469,0
1490588,423966,0,424494,0
1490647,423982,0,424511,1
1490701,424007,0,424511,1
1490753,424025,0,424522,1
1490803,424037,0,424538,0
1490854,424053,0,424554,1
1490905,424071,0,424558,1
1490957,424085,0,424568,0
1491010,424094,0,424587,1
1491060,424105,0,424599,1
1491111,424115,0,424617,0
1491161,424128,0,424637,1
1491211,424147,0,424643,2
1491261,424158,0,424653,1
1491312,424173,0,424667,1
1491363,424188,0,424680,1
1491415,424209,0,424680,1
1491465,424228,0,424696,0
1491516,424238,0,424709,0
1491566,424254,0,424717,1
1491619,424274,0,424726,1
1491669,424286,0,424745,1
1491719,424295,0,424761,1
1491769,424306,0,424784,0
1491820,424317,0,424808,1
1491872,424331,0,424821,0
1491922,424349,0,424830,4
1491975,424363,0,424842,0
1492026,424377,0,424857,0
1492077,424391,0,424863,1
1492127,424413,0,424869,1
1492177,424429,0,424877,0
1492233,424440,0,424888,1
1492284,424456,0,424888,1
1492335,424479,0,424893,1
1492385,424487,0,424966,1
1492438,424500,0,424988,1
1492489,424508,0,425002,0
1492542,424523,0,425021,1
1492592,424535,0,425047,0
1492644,424554,0,425057,0
1492694,424566,0,425067,0
1492746,424581,0,425086,0
1492804,424602,0,425099,1
1492854,424623,0,425110,2
1492904,424634,0,425122,1
1492956,424648,0,425142,1
1493007,424666,0,425160,1
1493059,424683,0,425168,1
1493110,424694,0,425188,1
1493160,424702,0,425210,0
1493213,424711,0,425227,1
1493265,424728,0,425245,1
1493315,424744,0,425253,2
1493369,424757,0,425273,0
1493419,424773,0,425293,1
1493469,424786,0,425304,3
1493519,424807,0,425308,2
1493569,424827,0,425323,0
1493619,424838,0,425345,1
1493671,424853,0,425370,1
1493721,424869,0,425376,2
1493771,424885,0,425383,0
1493821,424895,0,425405,1
1493871,424905,0,425425,1
1493921,424915,0,425444,2
1493971,424929,0,425463,1
1494021,424945,0,425476,1
1494071,424957,0,425483,0
1494121,424974,0,425495,2
1494171,424985,0,425509,1
1494222,425004,0,425519,1
1494272,425027,0,425530,0
1494322,425038,0,425547,1
1494372,425053,0,425560,1
1494422,425063,0,425568,1
1494474,425086,0,425568,1
1494524,425095,0,425583,1
1494574,425106,0,425595,1
1494624,425113,0,425620,1
1494674,425131,0,425633,2
1494724,425145,0,425652,0
1494776,425158,0,425671,1
1494826,425175,0,425678,4
1494876,425189,0,425697,1
1494926,425204,0,425712,1
1494976,425224,0,425712,1
1495026,425239,0,425718,1
1495077,425254,0,425736,1
1495127,425262,0,425754,1
1495181,425286,0,425765,0
1495234,425297,0,425772,1
1495285,425308,0,425794,0
1495335,425314,0,425814,1
1495385,425331,0,425816,1
1495440,425348,0,425826,1
1495495,425362,0,425841,0
1495545,425380,0,425855,0
1495596,425391,0,425872,0
1495648,425412,0,425882,1
1495698,425432,0,425895,2
1495750,425440,0,425919,1
1495801,425458,0,425926,1
1495851,425471,0,425944,1
1495901,425488,0,425957,0
1495952,425501,0,425983,0
1496002,425508,0,426014,0
1496052,425520,0,426029,2
1496102,425535,0,426044,1
1496153,425550,0,426062,0
1496204,425564,0,426073,1
1496256,425580,0,426100,0
1496306,425592,0,426112,1
1496360,425616,0,426128,1
1496410,425633,0,426137,1
1496460,425643,0,426157,1
1496511,425658,0,426162,0
1496562,425670,0,426170,1
1496612,425690,0,426182,0
1496669,425702,0,426194,1
1496722,425712,0,426216,1
1496772,425728,0,426222,0
1496823,425742,0,426232,1
1496877,425757,0,426246,0
1496927,425772,0,426259,1
1496977,425785,0,426267,2
1497027,425798,0,426278,1
1497077,425823,0,426283,1
1497127,425836,0,426303,0
1497177,425848,0,426317,0
1497230,425860,0,426335,0
1497280,425879,0,426348,1
1497332,425894,0,426363,1
1497383,425906,0,426376,1
1497434,425913,0,426399,0
1497485,425929,0,426412,1
1497535,425946,0,426421,0
1497585,425959,0,426449,1
1497635,425975,0,426470,0
1497685,425987,0,426489,1
1497735,426002,0,426512,2
1497786,426025,0,426522,1
1497843,426038,0,426538,1
1497894,426052,0,426550,1
1497944,426062,0,426571,0
1497996,426084,0,426579,1
1498046,426097,0,426590,2
1498098,426108,0,426604,0
1498149,426116,0,426624,0
1498199,426134,0,426637,0
1498252,426150,0,426646,1
1498303,426162,0,426659,1
1498354,426180,0,426674,0
1498405,426190,0,426694,0
1498455,426212,0,426701,2
1498505,426231,0,426717,2
1498555,426239,0,426743,0
1498605,426257,0,426750,2
1498658,426266,0,426774,1
1498709,426289,0,426777,2
1498759,426300,0,426795,1
1498813,426309,0,426816,1
1498863,426321,0,426833,2
1498913,426336,0,426849,1
1498963,426353,0,426859,1
1499016,426366,0,426877,1
1499066,426381,0,426891,0
1499121,426394,0,426913,1
1499172,426416,0,426920,1
1499223,426434,0,426928,0
1499273,426442,0,426948,1
1499325,426459,0,426962,1
1499382,426471,0,426982,1
1499432,426493,0,426985,1
1499489,426505,0,427009,1
1499542,426514,0,427029,1
1499592,426529,0,427038,1
1499647,426546,0,427056,1
1499697,426561,0,427069,1
1499747,426575,0,427078,0
1499797,426587,0,427099,0
1499847,426601,0,427107,2
1499897,426624,0,427125,1
1499947,426639,0,427147,1
1499997,426649,0,427160,2
1500049,426662,0,427167,0
1500099,426676,0,427189,0
1500152,426696,0,427199,1
1500204,426708,0,427220,0
1500256,426715,0,427244,0
1500306,426732,0,427255,1
1500356,426750,0,427259,1
1500410,426763,0,427271,1
1500463,426780,0,427289,1
1500513,426790,0,427301,1
1500568,426812,0,427311,1
1500619,426834,0,427322,1
1500669,426841,0,427337,1
1500724,426855,0,427346,1
1500774,426870,0,427354,0
1500824,426887,0,427371,0
1500874,426902,0,427382,1
1500925,426911,0,427402,0
1500977,426919,0,427414,1
1501027,426937,0,427419,1
1501078,426956,0,427422,2
1501128,426966,0,427439,0
1501178,426982,0,427453,0
1501230,426995,0,427468,1
1501282,427016,0,427483,1
1501333,427035,0,427495,1
1501384,427042,0,427513,0
1501434,427056,0,427533,0
1501484,427070,0,427551,0
1501534,427089,0,427559,0
1501584,427103,0,427567,0
1501634,427112,0,427585,1
1501685,427121,0,427603,1
1501736,427139,0,427608,1
1501787,427158,0,427618,1
1501838,427169,0,427640,1
1501889,427183,0,427651,0
1501940,427197,0,427674,0
1501990,427214,0,427683,1
1502040,427231,0,427683,1
1502091,427243,0,427702,0
1502143,427257,0,427730,1
1502195,427273,0,427740,0
1502246,427292,0,427748,1
1502298,427305,0,427763,0
1502348,427314,0,427797,0
1502400,427326,0,427808,1
1502451,427344,0,427823,1
1502502,427360,0,427844,0
1502552,427372,0,427855,1
1502602,427386,0,427872,1
1502654,427400,0,427885,1
1502704,427417,0,427896,0
1502754,427434,0,427907,1
1502804,427448,0,427924,1
1502854,427460,0,427937,1
1502904,427474,0,427959,1
1502958,427494,0,427961,1
1503011,427508,0,427975,0
1503062,427515,0,427992,0
1503112,427531,0,428004,0
1503162,427548,0,428012,1
1503214,427561,0,428030,1
1503266,427574,0,428044,1
1503316,427589,0,428058,1
1503366,427602,0,428079,0
1503417,427624,0,428085,1
1503467,427639,0,428104,0
1503518,427652,0,428111,2
1503570,427665,0,428121,1
1503621,427679,0,428140,1
1503671,427698,0,428151,0
1503721,427709,0,428161,1
1503772,427717,0,428176,0
1503822,427735,0,428193,0
1503872,427751,0,428215,1
1503922,427764,0,428218,0
1503972,427774,0,428234,1
1504022,427791,0,428245,1
1504073,427804,0,428256,1
1504123,427825,0,428265,0
1504175,427840,0,428282,1
1504225,427850,0,428292,2
1504275,427867,0,428301,1
1504328,427881,0,428316,1
1504378,427899,0,428330,0
1504428,427910,0,428347,0
1504479,427918,0,428368,0
1504529,427935,0,428380,0
1504587,427952,0,428393,1
1504638,427966,0,428399,0
1504688,427980,0,428412,1
1504739,427995,0,428424,0
1504791,428010,0,428438,1
1504842,428029,0,428449,1
1504897,428042,0,428460,0
1504947,428057,0,428475,0
1504997,428073,0,428479,2
1505048,428089,0,428496,1
1505099,428104,0,428503,0
1505149,428113,0,428519,0
1505199,428124,0,428533,1
1505250,428140,0,428546,1
1505304,428156,0,428568,1
1505357,428168,0,428584,0
1505411,428186,0,428604,1
1505467,428201,0,428623,1
1505517,428220,0,428636,0
1505568,428238,0,428650,1
1505623,428245,0,428667,1
1505676,428263,0,428676,1
1505728,428278,0,428779,1
1505778,428298,0,428796,1
1505834,428311,0,428817,1
1505884,428319,0,428840,1
1505937,428336,0,428858,1
1505987,428352,0,428871,1
1506039,428365,0,428881,1
1506090,428380,0,428897,1
1506141,428395,0,428907,1
1506192,428408,0,428922,1
1506242,428424,0,428926,1
1506294,428442,0,428935,1
1506344,428456,0,428950,5
1506397,428466,0,428968,1
1506448,428487,0,428977,1
1506502,428504,0,428982,1
1506555,428513,0,429000,0
1506607,428525,0,429025,1
1506657,428541,0,429036,1
1506707,428556,0,429053,0
1506758,428568,0,429062,0
1506811,428585,0,429085,0
1506864,428600,0,429097,1
1506915,428616,0,429117,1
1506969,428631,0,429124,1
1507020,428644,0,429138,1
1507071,428660,0,429155,1
1507121,428676,0,429166,2
1507173,428694,0,429211,0
1507226,428708,0,429224,0
1507276,428717,0,429239,1
1507328,428732,0,429253,1
1507378,428749,0,429262,1
1507429,428762,0,429278,1
1507479,428773,0,429286,1
1507530,428791,0,429304,0
1507580,428801,0,429323,0
1507630,428819,0,429327,1
1507684,428835,0,429340,1
1507734,428845,0,429364,0
1507785,428863,0,429375,0
1507835,428878,0,429385,1
1507886,428897,0,429394,1
1507937,428911,0,429410,1
1507988,428919,0,429425,1
1508039,428933,0,429438,1
1508089,428951,0,429445,2
1508140,428963,0,429462,1
1508190,428979,0,429470,3
1508241,428992,0,429488,1
1508292,429005,0,429506,1
1508344,429021,0,429519,1
1508395,429040,0,429523,0
1508445,429047,0,429539,1
1508495,429064,0,429557,0
1508547,429081,0,429572,0
1508598,429100,0,429579,1
1508650,429111,0,429596,0
1508701,429120,0,429613,0
1508751,429136,0,429628,0
1508802,429155,0,429635,1
1508852,429165,0,429659,1
1508902,429180,0,429671,2
1508952,429195,0,429685,1
1509002,429205,0,429699,0
1509057,429222,0,429714,0
1509108,429242,0,429717,0
1509158,429251,0,429738,1
1509208,429267,0,429751,1
1509258,429286,0,429764,1
1509308,429303,0,429827,0
1509358,429312,0,429837,1
1509409,429321,0,429851,1
1509459,429338,0,429863,1
1509509,429356,0,429877,0
1509561,429366,0,429889,1
1509612,429379,0,429903,1
1509664,429397,0,429914,1
1509714,429409,0,429928,1
1509765,429424,0,429941,1
1509815,429443,0,429957,0
1509865,429453,0,429980,1
1509917,429469,0,429996,0
1509968,429486,0,430005,1
1510018,429505,0,430012,1
1510071,429514,0,430036,0
1510125,429524,0,430057,1
1510176,429544,0,430069,1
1510227,429559,0,430082,1
1510278,429571,0,430088,1
1510328,429586,0,430092,1
1510378,429601,0,430106,1
1510428,429613,0,430114,1
1510478,429628,0,430133,1
1510530,429645,0,430144,0
1510582,429657,0,430163,1
1510632,429672,0,430179,2
1510683,429693,0,430182,2
1510734,429709,0,430202,1
1510784,429716,0,430217,0
1510840,429726,0,430233,1
1510890,429749,0,430251,1
1510943,429761,0,430266,1
1510993,429774,0,430286,0
1511043,429791,0,430296,0
1511093,429802,0,430315,0
1511143,429819,0,430332,1
1511197,429832,0,430352,1
1511254,429847,0,430371,1
1511304,429866,0,430386,0
1511354,429877,0,430396,0
1511404,429897,0,430405,1
1511454,429911,0,430421,0
1511507,429920,0,430442,0
1511558,429936,0,430460,1
1511611,429955,0,430463,1
1511664,429965,0,430480,1
1511715,429975,0,430493,0
1511766,429997,0,430503,1
1511817,430008,0,430522,1
1511874,430024,0,430544,1
1511925,430041,0,430561,3
1511976,430053,0,430585,0
1512026,430069,0,430595,0
1512078,430083,0,430612,1
1512128,430104,0,430619,1
1512178,430116,0,430633,1
1512229,430124,0,430652,1
1512282,430142,0,430667,1
1512333,430159,0,430683,1
1512383,430169,0,430698,0
1512434,430182,0,430710,1
1512484,430201,0,430723,0
1512536,430213,0,430742,1
1512586,430229,0,430753,2
1512638,430245,0,430766,1
1512689,430257,0,430783,0
1512739,430270,0,430804,0
1512789,430287,0,430811,1
1512839,430309,0,430819,2
1512893,430317,0,430843,1
1512943,430327,0,430867,2
1512993,430347,0,430876,1
1513043,430360,0,430886,0
1513093,430370,0,430901,1
1513144,430387,0,430903,3
1513196,430402,0,430927,0
1513246,430418,0,430945,3
1513299,430429,0,430959,1
1513349,430446,0,430962,0
1513402,430459,0,430983,1
1513453,430475,0,431000,1
1513503,430494,0,431017,2
1513553,430511,0,431021,1
1513604,430519,0,431039,1
1513655,430532,0,431053,1
1513705,430550,0,431061,2
1513758,430561,0,431082,1
1513811,430572,0,431093,1
1513861,430590,0,431104,1
1513912,430605,0,431116,1
1513962,430622,0,431125,1
1514012,430631,0,431140,0
1514066,430648,0,431148,1
1514117,430664,0,431154,1
1514171,430678,0,431159,1
1514221,430699,0,431166,1
1514282,430712,0,431177,1
1514333,430723,0,431193,0
1514384,430740,0,431208,2
1514435,430757,0,431225,1
1514487,430769,0,431234,1
1514537,430779,0,431247,1
1514587,430801,0,431258,2
1514637,430811,0,431279,0
1514687,430826,0,431299,1
1514737,430837,0,431322,0
1514787,430855,0,431331,1
1514837,430870,0,431339,0
1514887,430881,0,431357,1
1514937,430903,0,431362,1
1514987,430915,0,431378,4
1515039,430924,0,431390,0
1515089,430941,0,431397,1
1515140,430957,0,431409,1
1515193,430969,0,431422,0
1515245,430981,0,431434,1
1515295,431001,0,431440,0
1515350,431012,0,431465,1
1515401,431028,0,431474,0
1515451,431042,0,431486,1
1515506,431058,0,431503,1
1515556,431073,0,431530,0
1515609,431088,0,431538,1
1515660,431111,0,431545,1
1515713,431119,0,431564,1
1515765,431129,0,431579,1
1515819,431151,0,431582,1
1515870,431163,0,431609,0
1515922,431172,0,431631,1
1515973,431192,0,431640,1
1516026,431208,0,431648,1
1516078,431218,0,431665,1
1516128,431234,0,431673,0
1516178,431251,0,431732,0
1516228,431264,0,431755,1
1516278,431279,0,431769,1
1516329,431293,0,431779,1
1516379,431311,0,431788,0
1516432,431321,0,431813,0
1516482,431335,0,431824,1
1516536,431355,0,431825,1
1516587,431368,0,431856,0
1516642,431377,0,431867,1
1516693,431396,0,431878,1
1516749,431411,0,431889,0
1516800,431423,0,431908,1
1516850,431439,0,431919,2
1516907,431457,0,431923,1
1516957,431473,0,431930,1
1517007,431485,0,431955,0
1517061,431503,0,431966,1
1517118,431519,0,431968,1
1517170,431530,0,431979,1
1517220,431549,0,431992,1
1517272,431562,0,432008,1
1517324,431572,0,432023,1
1517374,431587,0,432037,3
1517424,431605,0,432048,1
1517474,431615,0,432066,0
1517524,431633,0,432079,1
1517575,431648,0,432089,1
1517630,431662,0,432100,1
1517686,431679,0,432111,0
1517736,431694,0,432126,1
1517790,431710,0,432138,1
1517841,431723,0,432160,0
1517894,431737,0,432186,1
1517946,431756,0,432202,0
1517997,431770,0,432225,1
1518048,431777,0,432251,1
1518098,431796,0,432258,3
1518148,431811,0,432281,0
1518198,431822,0,432298,0
1518254,431836,0,432307,1
1518306,431856,0,432325,0
1518356,431872,0,432350,1
1518407,431885,0,432362,0
1518457,431902,0,432380,1
1518507,431914,0,432399,1
1518560,431926,0,432425,1
1518610,431942,0,432427,2
1518662,431961,0,432429,0
1518712,431970,0,432447,0
1518763,431980,0,432471,1
1518813,431996,0,432480,1
1518863,432013,0,432494,1
1518914,432027,0,432511,1
1518965,432040,0,432517,1
1519016,432058,0,432537,1
1519066,432074,0,432553,1
1519118,432087,0,432573,0
1519168,432104,0,432578,0
1519218,432118,0,432601,1
1519268,432128,0,432626,1
1519318,432143,0,432646,1
1519372,432161,0,432666,0
1519423,432171,0,432678,0
1519474,432183,0,432697,0
1519525,432199,0,432710,1
1519576,432215,0,432716,1
1519628,432231,0,432735,1
1519679,432245,0,432748,1
1519729,432260,0,432752,1
1519780,432277,0,432760,1
1519830,432290,0,432772,1
1519881,432306,0,432793,1
1519933,432320,0,432806,1
1519983,432332,0,432820,1
1520035,432348,0,432833,1
1520086,432364,0,432840,1
1520145,432374,0,432865,1
1520196,432391,0,432877,1
1520252,432409,0,432887,1
1520302,432423,0,432900,1
1520353,432435,0,432909,0
1520404,432450,0,432929,0
1520454,432467,0,432940,1
1520504,432483,0,432950,2
1520556,432497,0,432966,0
1520607,432513,0,432974,0
1520657,432525,0,432991,0
1520708,432538,0,433012,1
1520758,432555,0,433019,1
1520808,432570,0,433038,1
1520860,432579,0,433053,0
1520911,432595,0,433072,1
1520962,432611,0,433079,3
1521014,432626,0,433090,1
1521064,432637,0,433099,0
1521114,432652,0,433113,1
1521166,432668,0,433124,0
1521220,432685,0,433130,1
1521270,432702,0,433140,1
1521321,432716,0,433158,1
1521371,432728,0,433174,0
1521422,432742,0,433188,1
1521472,432760,0,433203,1
1521522,432771,0,433223,0
1521572,432781,0,433243,1
1521625,432797,0,433259,0
1521676,432814,0,433270,1
1521726,432827,0,433290,0
1521778,432840,0,433300,1
1521828,432853,0,433313,0
1521878,432874,0,433336,2
1521928,432888,0,433348,1
1521979,432904,0,433361,0
1522029,432916,0,433382,0
1522081,432929,0,433390,1
1522132,432945,0,433397,1
1522189,432962,0,433407,1
1522239,432973,0,433424,1
1522292,432986,0,433442,1
1522347,433002,0,433458,1
1522400,433019,0,433467,1
1522451,433033,0,433481,0
1522501,433049,0,433495,1
1522554,433064,0,433513,1
1522609,433080,0,433518,1
1522662,433098,0,433537,1
1522714,433114,0,433556,1
1522765,433125,0,433585,1
1522815,433139,0,433607,0
1522866,433155,0,433616,1
1522917,433170,0,433632,0
1522967,433179,0,433649,1
1523017,433196,0,433658,1
1523073,433209,0,433671,1
1523123,433226,0,433675,0
1523175,433237,0,433691,1
1523226,433253,0,433706,0
1523276,433269,0,433707,1
1523326,433285,0,433722,1
1523380,433303,0,433733,1
1523430,433316,0,433795,0
1523481,433328,0,433817,0
1523531,433344,0,433836,0
1523581,433359,0,433856,0
1523633,433372,0,433866,1
1523683,433383,0,433877,1
1523733,433398,0,433903,1
1523783,433413,0,433915,2
1523834,433429,0,433935,0
1523885,433440,0,433947,2
1523935,433455,0,433960,1
1523987,433474,0,433970,1
1524038,433489,0,433983,1
1524088,433505,0,434000,0
1524139,433516,0,434015,0
1524189,433530,0,434033,0
1524241,433546,0,434046,0
1524293,433562,0,434066,1
1524344,433572,0,434085,0
1524394,433586,0,434094,1
1524446,433600,0,434099,1
1524496,433616,0,434113,2
1524546,433632,0,434132,1
1524603,433643,0,434146,1
1524653,433657,0,434159,0
1524703,433678,0,434213,1
1524754,433693,0,434231,1
1524804,433707,0,434245,1
1524857,433721,0,434262,1
1524912,433733,0,434278,1
1524962,433751,0,434294,0
1525015,433768,0,434302,1
1525065,433776,0,434324,0
1525120,433794,0,434342,1
1525170,433808,0,434357,0
1525222,433825,0,434379,1
1525272,433836,0,434398,0
1525327,433852,0,434433,1
1525382,433867,0,434458,0
1525434,433884,0,434469,1
1525484,433902,0,434483,2
1525536,433915,0,434485,1
1525597,433930,0,434498,1
1525648,433947,0,434505,1
1525698,433960,0,434516,1
1525748,433972,0,434535,0
1525799,433988,0,434559,1
1525854,434001,0,434579,1
1525905,434017,0,434592,1
1525955,434032,0,434607,0
1526007,434042,0,434625,1
1526057,434057,0,434635,0
1526107,434077,0,434643,0
1526159,434093,0,434661,1
1526214,434107,0,434672,1
1526265,434122,0,434681,1
1526315,434132,0,434705,0
1526365,434151,0,434714,0
1526416,434164,0,434727,1
1526467,434177,0,434745,1
1526517,434193,0,434753,0
1526567,434205,0,434770,1
1526621,434223,0,434783,1
1526671,434236,0,434799,1
1526728,434247,0,434823,1
1526780,434263,0,434827,1
1526830,434283,0,434840,1
1526881,434297,0,434858,0
1526936,434309,0,434910,1
1526986,434329,0,434923,3
1527041,434338,0,434951,1
1527091,434357,0,434959,1
1527142,434372,0,434977,1
1527193,434382,0,434988,1
1527244,434398,0,435001,0
1527296,434411,0,435019,1
1527352,434431,0,435025,1
1527402,434441,0,435046,0
1527453,434456,0,435060,1
1527510,434472,0,435079,1
1527561,434490,0,435083,1
1527613,434502,0,435098,0
1527663,434521,0,435107,1
1527714,434532,0,435126,1
1527764,434547,0,435146,2
1527817,434563,0,435158,1
1527870,434577,0,435171,1
1527920,434592,0,435190,2
1527971,434605,0,435201,1
1528021,434620,0,435210,1
1528073,434635,0,435219,1
1528123,434646,0,435234,1
1528173,434661,0,435259,2
1528223,434675,0,435276,0
1528274,434694,0,435283,1
1528326,434705,0,435300,1
1528376,434725,0,435306,1
1528433,434736,0,435318,1
1528485,434754,0,435331,1
1528538,434767,0,435347,1
1528588,434779,0,435358,1
1528638,434796,0,435371,1
1528688,434808,0,435380,0
1528740,434824,0,435402,1
1528791,434839,0,435465,0
1528850,434851,0,435485,1
1528901,434869,0,435488,1
1528951,434886,0,435500,1
1529001,434899,0,435523,1
1529051,434913,0,435527,1
1529102,434929,0,435545,0
1529152,434939,0,435557,2
1529202,434959,0,435565,1
1529252,434972,0,435588,1
1529303,434983,0,435605,1
1529353,434998,0,435614,0
1529403,435012,0,435635,2
1529453,435028,0,435638,1
1529506,435041,0,435651,0
1529556,435051,0,435665,1
1529611,435071,0,435677,1
1529661,435089,0,435694,0
1529712,435100,0,435704,0
1529763,435116,0,435710,1
1529814,435131,0,435719,0
1529866,435143,0,435746,0
1529916,435162,0,435753,0
1529967,435174,0,435770,1
1530017,435188,0,435787,1
1530070,435202,0,435803,1
1530120,435215,0,435816,1
1530170,435233,0,435832,1
1530221,435243,0,435846,1
1530274,435258,0,435858,1
1530324,435273,0,435878,0
1530378,435291,0,435884,0
1530432,435304,0,435900,1
1530483,435322,0,435907,0
1530533,435335,0,435934,1
1530583,435346,0,435953,1
1530636,435365,0,435973,1
1530686,435378,0,435987,0
1530737,435393,0,435999,0
1530787,435406,0,436016,0
1530838,435421,0,436032,1
1530895,435437,0,436045,1
1530949,435450,0,436055,0
1531002,435464,0,436070,1
1531056,435485,0,436075,1
1531108,435499,0,436097,1
1531160,435512,0,436104,1
1531210,435529,0,436117,1
1531260,435541,0,436134,1
1531311,435560,0,436145,1
1531361,435572,0,436156,2
1531411,435584,0,436168,1
1531463,435599,0,436181,0
1531514,435614,0,436200,1
1531565,435630,0,436209,1
1531619,435642,0,436229,1
1531669,435655,0,436296,1
1531720,435670,0,436312,1
1531774,435688,0,436318,1
1531827,435703,0,436328,1
1531877,435720,0,436335,2
1531928,435734,0,436346,1
1531979,435744,0,436362,0
1532030,435764,0,436367,0
1532082,435775,0,436378,0
1532143,435792,0,436391,1
1532194,435808,0,436401,1
1532245,435821,0,436416,0
1532295,435837,0,436431,1
1532347,435849,0,436444,1
1532400,435862,0,436471,1
1532450,435878,0,436486,1
1532502,435897,0,436494,1
1532554,435910,0,436512,1
1532606,435926,0,436516,1
1532656,435940,0,436534,1
1532708,435951,0,436549,1
1532760,435969,0,436550,1
1532812,435984,0,436570,1
1532865,435999,0,436584,1
1532916,436013,0,436601,1
1532967,436030,0,436613,1
1533017,436041,0,436679,0
1533069,436053,0,436690,1
1533119,436069,0,436713,1
1533169,436085,0,436726,2
1533222,436101,0,436734,1
1533273,436114,0,436749,1
1533323,436132,0,436759,0
1533373,436143,0,436773,0
1533424,436156,0,436783,1
1533475,436174,0,436799,1
1533528,436189,0,436816,1
1533580,436201,0,436833,0
1533632,436216,0,436845,0
1533682,436231,0,436854,1
1533736,436244,0,436871,1
1533787,436260,0,436885,1
1533842,436274,0,436903,1
1533894,436292,0,436917,1
1533944,436305,0,436933,2
1533999,436321,0,436947,1
1534052,436337,0,436957,1
1534103,436348,0,436973,0
1534154,436362,0,436984,2
1534204,436381,0,436995,1
1534254,436394,0,437004,1
1534305,436409,0,437016,2
1534356,436422,0,437033,1
1534406,436438,0,437053,1
1534456,436450,0,437083,1
1534508,436463,0,437097,1
1534561,436477,0,437099,1
1534611,436499,0,437106,1
1534662,436511,0,437128,1
1534713,436525,0,437144,1
1534766,436540,0,437167,0
1534816,436553,0,437185,1
1534866,436566,0,437202,1
1534917,436583,0,437219,0
1534969,436599,0,437233,1
1535020,436610,0,437244,1
1535070,436626,0,437267,0
1535120,436641,0,437277,0
1535173,436653,0,437296,1
1535223,436666,0,437314,0
1535273,436685,0,437319,1
1535326,436701,0,437336,1
1535376,436715,0,437352,1
1535426,436731,0,437372,0
1535476,436741,0,437437,0
1535533,436755,0,437453,1
1535583,436771,0,437467,1
1535635,436790,0,437473,1
1535686,436801,0,437487,1
1535739,436816,0,437496,1
1535790,436834,0,437510,1
1535840,436845,0,437539,2
1535892,436860,0,437554,1
1535943,436873,0,437563,1
1535993,436891,0,437579,0
1536043,436903,0,437593,0
1536094,436919,0,437605,0
1536144,436935,0,437621,0
1536199,436946,0,437644,1
1536252,436958,0,437658,0
1536302,436977,0,437667,0
1536352,436992,0,437677,0
1536407,437004,0,437703,1
1536458,437021,0,437708,0
1536508,437037,0,437715,0
1536560,437050,0,437732,1
1536613,437062,0,437749,0
1536664,437077,0,437761,0
1536719,437100,0,437768,1
1536769,437109,0,437793,0
1536821,437127,0,437813,1
1536871,437139,0,437827,1
1536932,437154,0,437834,1
1536983,437169,0,437844,1
1537036,437185,0,437850,1
1537086,437200,0,437862,0
1537138,437215,0,437887,1
1537189,437229,0,437900,0
1537239,437242,0,437918,1
1537290,437258,0,437927,1
1537340,437268,0,437940,1
1537390,437284,0,437951,1
1537443,437303,0,437961,0
1537493,437318,0,437980,1
1537544,437332,0,437987,1
1537596,437343,0,438003,1
1537648,437357,0,438015,1
1537699,437375,0,438030,1
1537749,437391,0,438040,1
1537804,437403,0,438060,1
1537857,437419,0,438065,1
1537910,437435,0,438084,1
1537961,437449,0,438101,0
1538011,437462,0,438125,0
1538062,437476,0,438139,1
1538113,437494,0,438153,1
1538163,437507,0,438166,0
1538216,437522,0,438178,1
1538268,437538,0,438184,0
1538320,437550,0,438209,1
1538370,437561,0,438223,1
1538421,437581,0,438232,1
1538471,437597,0,438241,1
1538521,437606,0,438261,1
1538572,437622,0,438269,1
1538625,437639,0,438275,1
1538675,437652,0,438297,1
1538725,437665,0,438321,3
1538776,437680,0,438333,1
1538828,437700,0,438344,0
1538878,437710,0,438369,1
1538928,437724,0,438385,0
1538978,437741,0,438403,1
1539028,437753,0,438424,1
1539078,437763,0,438436,1
1539128,437782,0,438442,1
1539178,437798,0,438452,3
1539229,437806,0,438478,0
1539279,437823,0,438484,1
1539329,437841,0,438489,3
1539379,437854,0,438514,1
1539432,437865,0,438540,0
1539483,437882,0,438559,0
1539534,437900,0,438566,1
1539584,437913,0,438588,1
1539637,437925,0,438598,0
1539689,437942,0,438611,0
1539739,437955,0,438625,1
1539789,437967,0,438648,1
1539840,437985,0,438654,1
1539894,438001,0,438660,1
1539944,438009,0,438684,1
1539994,438028,0,438695,1
1540045,438041,0,438761,0
1540098,438058,0,438774,0
1540148,438067,0,438790,0
1540200,438085,0,438802,1
1540251,438103,0,438815,0
1540304,438118,0,438831,1
1540355,438132,0,438838,1
1540407,438145,0,438904,1
1540457,438157,0,438917,1
1540512,438174,0,438933,1
1540562,438191,0,438950,0
1540612,438204,0,438965,0
1540662,438216,0,438974,2
1540717,438232,0,438988,1
1540768,438248,0,438996,1
1540818,438262,0,439004,1
1540868,438273,0,439026,2
1540920,438288,0,439040,1
1540970,438307,0,439047,0
1541020,438322,0,439056,0
1541071,438337,0,439075,0
1541122,438348,0,439090,1
1541174,438360,0,439105,1
1541224,438377,0,439119,1
1541282,438393,0,439126,1
1541332,438406,0,439139,0
1541382,438424,0,439161,1
1541432,438435,0,439174,1
1541482,438453,0,439186,1
1541532,438464,0,439200,1
1541586,438477,0,439213,1
1541636,438494,0,439224,1
1541686,438509,0,439233,0
1541737,438524,0,439250,1
1541788,438540,0,439262,1
1541838,438554,0,439275,2
1541889,438564,0,439292,2
1541943,438583,0,439298,1
1541994,438596,0,439316,1
1542044,438607,0,439338,1
1542094,438625,0,439348,1
1542144,438640,0,439357,2
1542195,438655,0,439372,1
1542245,438666,0,439392,0
1542298,438680,0,439413,1
1542348,438699,0,439423,1
1542398,438714,0,439441,1
1542448,438726,0,439459,1
1542498,438742,0,439477,0
1542548,438755,0,439485,2
1542598,438766,0,439505,0
1542648,438787,0,439522,2
1542701,438797,0,439548,1
1542752,438810,0,439565,1
1542803,438826,0,439580,1
1542855,438842,0,439600,1
1542905,438858,0,439608,1
1542956,438867,0,439624,1
1543007,438883,0,439644,1
1543059,438899,0,439657,1
1543109,438917,0,439670,0
1543162,438931,0,439683,1
1543213,438945,0,439697,1
1543265,438956,0,439715,0
1543315,438971,0,439729,0
1543366,438991,0,439744,1
1543416,439003,0,439766,0
1543467,439014,0,439773,0
1543518,439032,0,439792,1
1543574,439046,0,439810,1
1543624,439060,0,439820,1
1543674,439071,0,439835,1
1543725,439088,0,439842,1
1543776,439107,0,439857,1
1543826,439120,0,439871,0
1543882,439136,0,439878,1
1543936,439151,0,439890,1
1543988,439161,0,439901,1
1544038,439180,0,439904,4
1544088,439193,0,439913,1
1544145,439207,0,439922,1
1544196,439223,0,439931,1
1544247,439238,0,439936,1
1544297,439252,0,439946,1
1544352,439266,0,439962,0
1544404,439280,0,439978,1
1544458,439298,0,439982,1
1544508,439316,0,439987,2
1544561,439324,0,440008,1
1544615,439345,0,440015,1
1544666,439354,0,440018,1
1544719,439370,0,440037,0
1544772,439390,0,440045,1
1544823,439402,0,440054,1
1544874,439414,0,440080,1
1544926,439430,0,440138,1
1544977,439446,0,440195,0
1545029,439460,0,440208,1
1545080,439471,0,440225,1
1545130,439488,0,440229,0
1545181,439507,0,440248,2
1545231,439521,0,440257,1
1545281,439528,0,440278,1
1545332,439547,0,440285,1
1545384,439557,0,440304,1
1545434,439575,0,440311,1
1545488,439593,0,440321,1
1545538,439606,0,440330,1
1545589,439619,0,440343,1
1545639,439634,0,440365,0
1545690,439648,0,440380,1
1545744,439663,0,440390,1
1545795,439676,0,440403,1
1545849,439692,0,440411,1
1545900,439710,0,440426,0
1545950,439723,0,440439,0
1546004,439735,0,440452,1
1546054,439752,0,440467,0
1546106,439764,0,440485,1
1546157,439783,0,440495,1
1546210,439797,0,440518,1
1546261,439809,0,440533,0
1546312,439827,0,440541,1
1546363,439841,0,440555,0
1546414,439854,0,440568,0
1546465,439867,0,440585,1
1546517,439880,0,440607,1
1546567,439898,0,440619,0
1546622,439916,0,440623,1
1546672,439925,0,440639,1
1546735,439944,0,440652,1
1546787,439957,0,440673,1
1546847,439976,0,440691,1
1546899,439995,0,440717,1
1546950,440006,0,440733,1
1547002,440020,0,440751,1
1547052,440037,0,440758,1
1547102,440051,0,440774,2
1547156,440064,0,440786,1
1547206,440079,0,440802,0
1547257,440092,0,440811,1
1547308,440110,0,440829,0
1547360,440123,0,440858,1
1547410,440135,0,440872,1
1547463,440153,0,440893,0
1547519,440166,0,440909,1
1547569,440184,0,440914,1
1547622,440200,0,440922,1
1547675,440211,0,440936,1
1547726,440228,0,440944,0
1547776,440244,0,440966,2
1547829,440257,0,440982,1
1547879,440269,0,440997,0
1547932,440283,0,441011,1
1547982,440302,0,441023,2
1548033,440319,0,441036,0
1548090,440327,0,441059,1
1548143,440346,0,441078,1
1548193,440359,0,441096,1
1548245,440373,0,441112,1
1548299,440393,0,441120,1
1548357,440406,0,441126,1
1548408,440421,0,441131,1
1548458,440439,0,441143,3
1548509,440451,0,441155,1
1548560,440465,0,441180,1
1548613,440478,0,441196,1
1548666,440493,0,441218,1
1548716,440511,0,441226,0
1548766,440523,0,441242,0
1548817,440537,0,441258,2
1548868,440553,0,441271,0
1548918,440565,0,441293,1
1548968,440583,0,441301,1
1549019,440598,0,441319,1
1549069,440609,0,441329,1
1549120,440626,0,441334,1
1549170,440639,0,441345,1
1549220,440655,0,441357,1
1549270,440667,0,441372,1
1549321,440679,0,441389,1
1549371,440695,0,441397,2
1549422,440715,0,441403,1
1549472,440724,0,441422,0
1549522,440737,0,441441,1
1549572,440754,0,441451,1
1549623,440764,0,441473,1
1549673,440784,0,441479,0
1549725,440799,0,441491,1
1549777,440810,0,441512,1
1549827,440827,0,441527,0
1549882,440842,0,441539,1
1549932,440857,0,441552,0
1549984,440869,0,441562,1
1550034,440882,0,441579,0
1550084,440899,0,441594,1
1550136,440920,0,441609,1
1550186,440926,0,441629,0
1550240,440943,0,441637,1
1550295,440957,0,441652,1
1550345,440972,0,441672,0
1550395,440990,0,441683,1
1550445,441001,0,441703,0
1550499,441014,0,441716,1
1550550,441030,0,441739,0
1550601,441048,0,441749,1
1550653,441059,0,441763,0
1550705,441073,0,441778,0
1550755,441088,0,441791,0
1550805,441105,0,441794,3
1550855,441122,0,441810,0
1550910,441132,0,441830,1
1550960,441151,0,441838,2
1551011,441159,0,441850,1
1551061,441176,0,441868,0
1551111,441196,0,441875,1
1551166,441207,0,441901,1
1551216,441221,0,441915,1
1551267,441233,0,441937,1
1551326,441252,0,441957,1
1551377,441267,0,441975,1
1551427,441281,0,441994,1
1551480,441293,0,442011,1
1551530,441309,0,442018,2
1551583,441325,0,442029,1
1551634,441339,0,442046,1
1551684,441355,0,442056,1
1551735,441366,0,442073,1
1551787,441381,0,442076,1
1551838,441401,0,442094,0
1551889,441412,0,442115,0
1551942,441428,0,442130,1
1551994,441442,0,442141,1
1552044,441458,0,442161,1
1552097,441471,0,442179,1
1552149,441485,0,442190,1
1552199,441497,0,442202,2
1552249,441515,0,442214,1
1552301,441529,0,442222,1
1552351,441544,0,442236,2
1552401,441557,0,442250,1
1552452,441571,0,442268,0
1552506,441589,0,442284,1
1552562,441604,0,442297,1
1552612,441618,0,442309,1
1552662,441630,0,442321,0
1552712,441649,0,442326,2
1552763,441662,0,442345,0
1552813,441674,0,442367,1
1552868,441689,0,442384,1
1552919,441705,0,442391,1
1552969,441722,0,442411,0
1553019,441734,0,442429,1
1553070,441749,0,442440,1
1553122,441761,0,442455,1
1553178,441777,0,442468,1
1553228,441799,0,442481,1
1553279,441809,0,442505,0
1553331,441824,0,442518,1
1553383,441837,0,442526,1
1553433,441853,0,442531,1
1553483,441865,0,442545,1
1553533,441879,0,442563,0
1553585,441893,0,442573,1
1553639,441909,0,442588,1
1553698,441926,0,442597,0
1553749,441939,0,442619,1
1553800,441956,0,442630,0
1553851,441967,0,442644,1
1553901,441986,0,442663,1
1553952,442001,0,442683,0
1554002,442012,0,442703,0
1554055,442029,0,442705,1
1554107,442044,0,442723,1
1554161,442060,0,442737,1
1554212,442073,0,442751,0
1554263,442087,0,442764,1
1554313,442100,0,442781,1
1554364,442115,0,442788,1
1554414,442131,0,442804,0
1554465,442143,0,442811,1
1554515,442159,0,442821,1
1554566,442173,0,442831,2
1554618,442191,0,442842,1
1554669,442206,0,442851,1
1554721,442214,0,442880,1
1554772,442231,0,442888,1
1554829,442249,0,442894,1
1554882,442264,0,442911,1
1554933,442279,0,442925,1
1554983,442291,0,442941,1
1555037,442308,0,442958,0
1555088,442325,0,442978,1
1555138,442337,0,442987,0
1555188,442353,0,443004,3
1555240,442364,0,443011,0
1555291,442379,0,443028,1
1555342,442398,0,443036,1
1555392,442411,0,443043,1
1555442,442424,0,443070,2
1555495,442437,0,443078,1
1555548,442456,0,443087,1
1555599,442469,0,443095,1
1555649,442480,0,443123,0
1555703,442495,0,443138,0
1555754,442510,0,443155,0
1555806,442528,0,443171,1
1555860,442538,0,443188,0
1555911,442555,0,443189,1
1555961,442569,0,443204,1
1556011,442586,0,443218,1
1556063,442603,0,443226,1
1556114,442612,0,443249,0
1556165,442629,0,443263,1
1556222,442644,0,443274,1
1556272,442662,0,443288,0
1556323,442674,0,443300,0
1556373,442688,0,443317,0
1556424,442700,0,443327,1
1556475,442718,0,443337,1
1556525,442733,0,443346,1
1556581,442744,0,443368,1
1556637,442761,0,443371,1
1556693,442776,0,443380,1
1556744,442796,0,443380,2
1556796,442810,0,443384,1
1556847,442821,0,443400,1
1556900,442838,0,443413,1
1556951,442854,0,443425,1
1557002,442865,0,443439,1
1557052,442881,0,443459,1
1557105,442895,0,443477,0
1557156,442910,0,443492,0
1557208,442925,0,443502,1
1557258,442938,0,443515,0
1557313,442955,0,443522,1
1557365,442970,0,443537,1
1557415,442986,0,443550,1
1557466,443001,0,443558,1
1557517,443012,0,443571,0
1557569,443028,0,443590,1
1557621,443043,0,443604,0
1557671,443059,0,443617,1
1557721,443074,0,443639,2
1557774,443086,0,443657,1
1557825,443100,0,443726,1
1557876,443115,0,443737,2
1557927,443130,0,443749,1
1557982,443143,0,443756,1
1558032,443160,0,443771,2
1558082,443175,0,443792,1
1558132,443190,0,443808,1
1558192,443205,0,443829,1
1558251,443217,0,443845,1
1558303,443237,0,443857,1
1558358,443251,0,443867,1
1558410,443268,0,443879,1
1558463,443281,0,443889,1
1558514,443296,0,443897,1
1558565,443309,0,443910,2
1558615,443327,0,443915,2
1558667,443339,0,443941,1
1558717,443355,0,443949,1
1558767,443370,0,443966,1
1558820,443385,0,443980,1
1558873,443403,0,444007,1
1558923,443412,0,444021,0
1558975,443426,0,444033,1
1559025,443443,0,444048,0
1559075,443458,0,444070,2
1559125,443474,0,444085,1
1559176,443486,0,444097,1
1559228,443499,0,444109,1
1559281,443512,0,444123,1
1559331,443530,0,444123,1
1559381,443542,0,444128,1
1559431,443558,0,444142,1
1559483,443572,0,444153,1
1559535,443589,0,444159,1
1559586,443604,0,444165,0
1559636,443614,0,444181,1
1559686,443630,0,444191,1
1559737,443646,0,444197,1
1559789,443660,0,444210,1
1559839,443678,0,444227,1
1559889,443689,0,444248,0
1559942,443701,0,444257,1
1559992,443716,0,444265,1
1560042,443734,0,444277,3
1560092,443746,0,444292,0
1560142,443759,0,444307,0
1560193,443775,0,444316,0
1560243,443790,0,444323,1
1560293,443804,0,444341,0
1560344,443816,0,444359,1
1560398,443832,0,444373,1
1560448,443848,0,444386,0
1560498,443862,0,444399,1
1560548,443879,0,444416,0
1560598,443891,0,444431,1
1560648,443901,0,444451,0
1560702,443911,0,444459,1
1560754,443935,0,444459,1
1560805,443948,0,444470,0
1560856,443962,0,444479,1
1560906,443977,0,444489,0
1560956,443994,0,444501,1
1561012,444007,0,444566,1
1561062,444018,0,444592,1
1561116,444036,0,444601,1
1561167,444053,0,444609,0
1561223,444067,0,444612,1
1561274,444081,0,444624,1
1561325,444097,0,444639,0
1561376,444107,0,444658,2
1561428,444121,0,444667,1
1561478,444140,0,444680,2
1561529,444155,0,444699,1
1561579,444168,0,444720,1
1561629,444184,0,444724,1
1561680,444203,0,444739,0
1561730,444213,0,444751,1
1561781,444222,0,444765,1
1561831,444241,0,444775,1
1561883,444255,0,444789,1
1561933,444272,0,444794,1
1561983,444281,0,444811,0
1562034,444298,0,444818,0
1562086,444309,0,444838,1
1562136,444321,0,444851,1
1562188,444341,0,444851,1
1562239,444357,0,444856,1
1562290,444370,0,444877,0
1562340,444389,0,444884,1
1562390,444404,0,444896,0
1562441,444414,0,444911,0
1562492,444426,0,444932,0
1562542,444444,0,444947,0
1562592,444456,0,444962,1
1562644,444475,0,444966,1
1562698,444487,0,444981,1
1562749,444501,0,445001,0
1562800,444510,0,445017,0
1562851,444526,0,445027,1
1562901,444544,0,445032,1
1562951,444559,0,445035,1
1563002,444572,0,445056,1
1563052,444591,0,445063,1
1563104,444605,0,445072,1
1563156,444617,0,445081,1
1563207,444632,0,445092,1
1563259,444649,0,445099,1
1563317,444661,0,445122,1
1563367,444680,0,445122,2
1563417,444693,0,445137,0
1563472,444704,0,445151,1
1563522,444712,0,445177,0
1563572,444730,0,445194,0
1563628,444750,0,445207,1
1563680,444767,0,445218,1
1563730,444782,0,445229,3
1563780,444795,0,445244,1
1563830,444811,0,445261,1
1563883,444820,0,445283,1
1563934,444839,0,445291,1
1563985,444854,0,445303,1
1564036,444867,0,445308,1
1564086,444881,0,445316,0
1564137,444898,0,445336,0
1564187,444909,0,445362,1
1564238,444916,0,445389,1
1564288,444935,0,445401,1
1564339,444956,0,445412,1
1564389,444969,0,445432,1
1564440,444983,0,445447,1
1564490,444999,0,445463,1
1564540,445013,0,445486,0
1564590,445022,0,445503,1
1564640,445039,0,445507,3
1564691,445055,0,445523,1
1564742,445068,0,445549,1
1564794,445084,0,445564,1
1564847,445099,0,445569,1
1564902,445110,0,445591,0
1564952,445121,0,445607,1
1565002,445139,0,445614,1
1565054,445158,0,445626,0
1565105,445170,0,445635,0
1565156,445190,0,445639,3
1565206,445205,0,445651,1
1565256,445216,0,445669,0
1565306,445227,0,445678,0
1565356,445246,0,445690,0
1565406,445257,0,445698,1
1565457,445273,0,445722,1
1565511,445289,0,445741,0
1565564,445302,0,445760,0
1565615,445311,0,445783,1
1565666,445325,0,445794,1
1565718,445344,0,445797,1
1565768,445360,0,445809,1
1565818,445372,0,445820,0
1565869,445386,0,445827,1
1565919,445407,0,445833,1
1565971,445418,0,445853,1
1566027,445430,0,445868,1
1566077,445448,0,445869,1
1566129,445462,0,445887,1
1566183,445480,0,445908,0
1566233,445496,0,445918,0
1566284,445507,0,445954,1
1566334,445514,0,445980,1
1566385,445531,0,445993,0
1566438,445551,0,446006,1
1566489,445567,0,446019,1
1566539,445577,0,446038,1
1566590,445594,0,446047,1
1566642,445610,0,446059,1
1566693,445620,0,446071,1
1566743,445636,0,446080,3
1566794,445655,0,446088,2
1566845,445668,0,446099,1
1566895,445683,0,446105,1
1566952,445699,0,446117,1
1567002,445710,0,446126,0
1567052,445718,0,446135,1
1567102,445736,0,446143,1
1567152,445755,0,446147,2
1567204,445768,0,446172,1
1567254,445781,0,446177,0
1567309,445798,0,446188,1
1567362,445816,0,446197,1
1567421,445826,0,446220,1
1567471,445844,0,446233,2
1567521,445861,0,446246,0
1567571,445876,0,446269,2
1567621,445891,0,446281,1
1567673,445903,0,446343,0
1567729,445912,0,446355,1
1567781,445925,0,446371,1
1567832,445946,0,446379,0
1567882,445965,0,446389,2
1567933,445973,0,446408,1
1567984,445987,0,446419,2
1568034,446008,0,446428,1
1568084,446019,0,446445,0
1568134,446030,0,446467,0
1568186,446049,0,446472,1
1568236,446063,0,446483,1
1568290,446080,0,446499,1
1568341,446096,0,446516,0
1568393,446107,0,446532,1
1568447,446116,0,446551,1
1568498,446131,0,446578,1
1568550,446150,0,446589,1
1568606,446168,0,446596,1
1568657,446179,0,446606,1
1568708,446194,0,446613,1
1568760,446214,0,446636,1
1568812,446225,0,446653,1
1568862,446235,0,446669,1
1568913,446256,0,446678,1
1568963,446269,0,446697,0
1569013,446287,0,446699,0
1569063,446300,0,446769,1
1569113,446310,0,446773,0
1569171,446318,0,446792,1
1569224,446339,0,446799,1
1569280,446361,0,446809,1
1569331,446372,0,446866,0
1569382,446385,0,446882,0
1569432,446407,0,446896,0
1569482,446419,0,446919,0
1569533,446430,0,446927,1
1569586,446443,0,446940,1
1569637,446462,0,446949,1
1569692,446473,0,446968,1
1569742,446494,0,446968,4
1569796,446505,0,446992,0
1569846,446515,0,447013,1
1569897,446525,0,447030,1
1569947,446545,0,447030,2
1569999,446566,0,447043,1
1570049,446576,0,447059,2
1570100,446591,0,447081,1
1570150,446611,0,447100,1
1570201,446621,0,447111,1
1570252,446633,0,447135,0
1570302,446653,0,447156,1
1570352,446667,0,447173,0
1570410,446676,0,447183,1
1570460,446692,0,447186,1
1570514,446710,0,447196,1
1570567,446717,0,447221,1
1570617,446732,0,447238,1
1570667,446754,0,447239,2
1570719,446768,0,447246,1
1570770,446781,0,447261,0
1570820,446799,0,447272,2
1570879,446816,0,447287,0
1570930,446828,0,447306,1
1570981,446842,0,447332,2
1571033,446859,0,447346,1
1571083,446870,0,447357,1
1571137,446884,0,447362,1
1571189,446905,0,447368,1
1571239,446913,0,447391,0
1571290,446922,0,447402,1
1571343,446936,0,447420,1
1571393,446961,0,447420,2
1571443,446974,0,447440,1
1571493,446987,0,447460,0
1571545,447008,0,447470,1
1571595,447018,0,447490,0
1571646,447031,0,447498,1
1571698,447046,0,447509,1
1571748,447062,0,447516,1
1571798,447073,0,447545,0
1571848,447087,0,447565,0
1571901,447105,0,447580,0
1571951,447115,0,447601,1
1572007,447125,0,447617,1
1572059,447141,0,447629,1
1572109,447167,0,447642,1
1572159,447178,0,447666,1
1572216,447191,0,447685,1
1572267,447212,0,447688,0
1572317,447222,0,447707,1
1572367,447234,0,447734,0
1572417,447251,0,447741,3
1572471,447269,0,447753,1
1572522,447279,0,447767,1
1572575,447295,0,447779,1
1572628,447311,0,447794,0
1572679,447320,0,447813,1
1572730,447332,0,447823,1
1572781,447349,0,447829,1
1572831,447371,0,447839,1
1572881,447382,0,447858,0
1572933,447396,0,447871,1
1572983,447416,0,447885,0
1573033,447428,0,447906,1
1573093,447435,0,447975,1
1573144,447460,0,447981,0
1573194,447470,0,448000,0
1573244,447486,0,448013,1
1573299,447503,0,448024,1
1573349,447514,0,448039,0
1573399,447522,0,448064,1
1573450,447535,0,448068,1
1573502,447552,0,448080,1
1573553,447575,0,448088,1
1573603,447588,0,448104,1
1573655,447602,0,448127,1
1573707,447619,0,448136,0
1573758,447633,0,448149,0
1573808,447640,0,448169,1
1573864,447659,0,448173,1
1573914,447675,0,448183,1
1573964,447691,0,448198,2
1574016,447708,0,448212,1
1574067,447716,0,448238,0
1574118,447725,0,448250,0
1574168,447741,0,448253,1
1574221,447760,0,448266,1
1574271,447780,0,448274,1
1574321,447792,0,448307,1
1574374,447805,0,448326,1
1574426,447825,0,448333,1
1574476,447834,0,448345,0
1574530,447849,0,448356,1
1574582,447865,0,448370,1
1574633,447881,0,448385,2
1574683,447896,0,448409,0
1574734,447912,0,448433,1
1574784,447919,0,448452,1
1574835,447930,0,448466,1
1574890,447947,0,448474,1
1574940,447966,0,448481,1
1574995,447984,0,448490,0
1575045,448001,0,448499,1
1575100,448015,0,448521,1
1575157,448031,0,448526,1
1575209,448038,0,448546,1
1575259,448058,0,448547,1
1575310,448072,0,448565,1
1575360,448088,0,448573,1
1575410,448104,0,448581,1
1575460,448114,0,448592,0
1575510,448123,0,448610,0
1575560,448136,0,448620,0
1575617,448155,0,448624,1
1575667,448175,0,448633,1
1575718,448190,0,448640,1
1575768,448204,0,448663,0
1575818,448219,0,448677,0
1575869,448234,0,448684,2
1575920,448241,0,448704,1
1575972,448258,0,448709,1
1576022,448274,0,448718,1
1576073,448292,0,448745,1
1576123,448308,0,448754,1
1576174,448316,0,448770,0
1576224,448327,0,448786,1
1576275,448340,0,448802,1
1576325,448358,0,448818,1
1576377,448378,0,448824,1
1576430,448392,0,448835,1
1576483,448407,0,448854,1
1576536,448422,0,448876,1
1576586,448434,0,448886,0
1576636,448446,0,448915,0
1576686,448464,0,448935,2
1576737,448480,0,448943,1
1576787,448496,0,448997,1
1576838,448511,0,449015,0
1576890,448520,0,449039,1
1576945,448530,0,449062,1
1576999,448548,0,449076,1
1577055,448564,0,449083,1
1577106,448584,0,449093,1
1577163,448602,0,449106,1
1577215,448618,0,449113,1
1577265,448629,0,449133,0
1577315,448636,0,449160,0
1577365,448652,0,449171,1
1577415,448671,0,449177,0
1577467,448689,0,449186,1
1577517,448705,0,449192,1
1577567,448715,0,449210,1
1577617,448724,0,449229,1
1577667,448737,0,449264,0
1577717,448754,0,449270,0
1577771,448773,0,449279,1
1577821,448788,0,449284,0
1577871,448804,0,449293,0
1577921,448819,0,449313,0
1577972,448833,0,449326,1
1578022,448840,0,449347,2
1578075,448855,0,449367,1
1578125,448873,0,449383,1
1578176,448890,0,449390,1
1578227,448907,0,449407,0
1578277,448916,0,449425,0
1578328,448927,0,449446,0
1578379,448940,0,449466,0
1578434,448956,0,449487,1
1578485,448979,0,449501,3
1578536,448991,0,449512,1
1578586,449006,0,449521,0
1578636,449021,0,449533,0
1578686,449034,0,449550,0
1578736,449042,0,449580,1
1578786,449061,0,449594,3
1578838,449076,0,449610,1
1578892,449095,0,449675,0
1578942,449111,0,449682,1
1578992,449118,0,449706,1
1579043,449129,0,449723,1
1579096,449144,0,449733,1
1579146,449161,0,449739,1
1579197,449179,0,449748,4
1579249,449196,0,449761,1
1579302,449208,0,449782,0
1579353,449225,0,449791,1
1579405,449234,0,449812,0
1579455,449249,0,449826,1
1579505,449267,0,449846,1
1579556,449280,0,449859,1
1579609,449298,0,449865,1
1579659,449314,0,449884,1
1579709,449322,0,449906,0
1579760,449335,0,449920,1
1579811,449346,0,449938,0
1579862,449364,0,449945,2
1579912,449382,0,449960,1
1579962,449400,0,449977,1
1580017,449411,0,449993,1
1580067,449429,0,450007,2
1580122,449436,0,450028,1
1580174,449454,0,450042,1
1580224,449471,0,450059,0
1580274,449486,0,450083,1
1580324,449504,0,450089,2
1580375,449515,0,450110,0
1580426,449524,0,450122,1
1580476,449537,0,450130,0
1580530,449551,0,450154,1
1580581,449566,0,450169,1
1580636,449589,0,450172,1
1580686,449604,0,450188,0
1580736,449618,0,450205,1
1580786,449634,0,450212,0
1580838,449641,0,450229,1
1580889,449659,0,450242,1
1580940,449675,0,450250,0
1580997,449690,0,450258,1
1581047,449711,0,450277,1
1581099,449717,0,450294,1
1581150,449730,0,450303,1
1581207,449745,0,450320,1
1581258,449759,0,450339,1
1581308,449779,0,450351,1
1581359,449795,0,450360,1
1581409,449809,0,450369,0
1581460,449825,0,450385,1
1581510,449834,0,450408,0
1581560,449849,0,450416,2
1581610,449866,0,450429,1
1581661,449881,0,450443,1
1581718,449898,0,450456,1
1581768,449914,0,450473,0
1581819,449921,0,450492,1
1581869,449936,0,450513,1
1581919,449947,0,450534,0
1581970,449964,0,450548,1
1582021,449982,0,450560,1
1582072,449999,0,450564,0
1582124,450012,0,450585,1
1582176,450028,0,450606,0
1582226,450036,0,450622,0
1582276,450053,0,450634,1
1582326,450071,0,450648,0
1582379,450085,0,450660,1
1582429,450103,0,450664,1
1582480,450115,0,450682,0
1582534,450124,0,450704,1
1582585,450138,0,450707,1
1582636,450151,0,450724,0
1582686,450165,0,450735,0
1582736,450184,0,450749,1
1582787,450203,0,450756,1
1582839,450217,0,450772,1
1582889,450230,0,450780,1
1582940,450240,0,450793,1
1582998,450259,0,450797,1
1583048,450275,0,450817,0
1583100,450290,0,450830,1
1583151,450309,0,450842,1
1583204,450317,0,450873,0
1583257,450329,0,450888,0
1583309,450344,0,450910,0
1583359,450356,0,450928,3
1583409,450373,0,450943,2
1583460,450393,0,450947,1
1583510,450409,0,450955,2
1583563,450420,0,450972,1
1583614,450434,0,450989,0
1583665,450448,0,451007,1
1583719,450464,0,451019,1
1583777,450483,0,451023,1
1583827,450500,0,451038,1
1583878,450515,0,451062,0
1583928,450521,0,451092,1
1583978,450537,0,451099,1
1584029,450549,0,451105,1
1584079,450564,0,451117,0
1584129,450578,0,451133,1
1584180,450596,0,451148,0
1584230,450614,0,451152,1
1584282,450622,0,451165,1
1584333,450636,0,451175,0
1584383,450653,0,451186,1
1584433,450670,0,451200,3
1584483,450685,0,451213,2
1584534,450700,0,451226,1
1584584,450715,0,451245,0
1584635,450722,0,451274,1
1584686,450738,0,451284,1
1584737,450750,0,451300,0
1584787,450765,0,451312,1
1584837,450781,0,451319,1
1584887,450797,0,451327,0
1584939,450813,0,451335,1
1584989,450825,0,451352,0
1585040,450837,0,451373,1
1585091,450856,0,451383,1
1585141,450870,0,451392,1
1585191,450887,0,451404,0
1585241,450904,0,451410,2
1585291,450916,0,451428,0
1585342,450925,0,451445,1
1585393,450939,0,451454,1
1585444,450950,0,451482,0
1585495,450966,0,451504,1
1585546,450984,0,451513,1
1585597,450999,0,451534,1
1585648,451017,0,451543,1
1585698,451028,0,451567,2
1585748,451040,0,451576,2
1585798,451058,0,451585,2
1585848,451073,0,451606,1
1585899,451088,0,451613,1
1585952,451107,0,451630,1
1586002,451117,0,451641,0
1586053,451127,0,451656,1
1586105,451142,0,451675,1
1586159,451152,0,451691,1
1586212,451169,0,451701,1
1586262,451189,0,451715,1
1586313,451201,0,451737,1
1586363,451219,0,451753,1
1586414,451233,0,451774,1
1586465,451246,0,451791,1
1586515,451262,0,451809,0
1586565,451278,0,451824,2
1586617,451292,0,451841,0
1586669,451312,0,451858,1
1586719,451318,0,451880,0
1586769,451330,0,451892,1
1586820,451345,0,451913,0
1586872,451356,0,451933,1
1586923,451372,0,451939,1
1586973,451390,0,451958,1
1587023,451404,0,451983,1
1587077,451420,0,451989,1
1587128,451434,0,452002,0
1587178,451449,0,452023,1
1587234,451466,0,452035,1
1587287,451483,0,452056,1
1587338,451496,0,452065,1
1587391,451516,0,452076,1
1587441,451522,0,452089,1
1587493,451539,0,452096,1
1587546,451550,0,452109,0
1587599,451563,0,452128,1
1587650,451582,0,452138,1
1587701,451599,0,452144,1
1587752,451611,0,452163,0
1587803,451628,0,452165,1
1587853,451638,0,452192,1
1587903,451656,0,452209,1
1587956,451674,0,452232,1
1588012,451688,0,452241,1
1588064,451706,0,452245,2
1588116,451718,0,452261,1
1588166,451728,0,452275,1
1588216,451741,0,452310,1
1588266,451752,0,452350,1
1588316,451769,0,452363,1
1588366,451787,0,452368,0
1588420,451801,0,452381,1
1588471,451816,0,452396,1
1588523,451830,0,452400,1
1588573,451847,0,452418,0
1588624,451864,0,452427,1
1588675,451878,0,452448,0
1588726,451892,0,452463,0
1588776,451909,0,452474,1
1588827,451919,0,452492,0
1588878,451931,0,452512,1
1588929,451946,0,452530,1
1588981,451956,0,452546,1
1589033,451974,0,452561,1
1589084,451992,0,452579,1
1589134,452004,0,452586,1
1589184,452019,0,452598,0
1589234,452035,0,452603,2
1589286,452049,0,452622,1
1589338,452066,0,452640,1
1589388,452081,0,452654,1
1589440,452094,0,452681,1
1589490,452114,0,452694,1
1589540,452120,0,452715,0
1589591,452135,0,452720,1
1589641,452146,0,452738,0
1589691,452157,0,452742,2
1589741,452176,0,452748,1
1589792,452193,0,452760,1
1589846,452208,0,452785,1
1589898,452223,0,452797,1
1589948,452236,0,452806,0
1589998,452251,0,452822,1
1590049,452271,0,452826,1
1590101,452284,0,452841,1
1590152,452297,0,452857,1
1590203,452316,0,452876,0
1590253,452324,0,452902,0
1590303,452336,0,452919,1
1590353,452348,0,452940,0
1590410,452362,0,452963,1
1590460,452381,0,452980,1
1590516,452400,0,452994,0
1590567,452413,0,453059,1
1590617,452428,0,453068,1
1590667,452442,0,453084,2
1590717,452455,0,453103,1
1590769,452475,0,453109,0
1590819,452489,0,453117,1
1590870,452503,0,453134,1
1590922,452518,0,453154,1
1590972,452527,0,453163,1
1591022,452542,0,453171,2
1591072,452552,0,453191,0
1591122,452563,0,453218,0
1591172,452581,0,453230,1
1591222,452601,0,453237,1
1591274,452613,0,453257,0
1591324,452627,0,453269,1
1591374,452646,0,453282,2
1591427,452657,0,453303,1
1591477,452678,0,453306,0
1591528,452691,0,453333,1
1591579,452708,0,453348,1
1591635,452719,0,453365,0
1591685,452729,0,453382,0
1591736,452745,0,453385,1
1591786,452753,0,453404,1
1591836,452767,0,453413,1
1591886,452789,0,453419,1
1591936,452802,0,453437,0
1591988,452817,0,453452,1
1592038,452833,0,453468,2
1592091,452847,0,453477,1
1592142,452862,0,453485,2
1592197,452880,0,453495,1
1592247,452893,0,453506,0
1592297,452914,0,453521,0
1592347,452921,0,453550,0
1592398,452933,0,453573,0
1592454,452947,0,453593,1
1592506,452959,0,453604,1
1592559,452975,0,453617,1
1592609,452997,0,453618,3
1592661,453007,0,453625,1
1592714,453023,0,453634,1
1592764,453038,0,453653,0
1592815,453054,0,453660,1
1592865,453069,0,453671,2
1592925,453088,0,453680,1
1592976,453102,0,453696,1
1593026,453117,0,453706,0
1593077,453125,0,453721,0
1593127,453140,0,453740,1
1593179,453152,0,453750,0
1593230,453164,0,453769,0
1593282,453183,0,453787,1
1593332,453201,0,453803,0
1593382,453213,0,453831,0
1593432,453229,0,453842,2
1593482,453243,0,453854,1
1593535,453257,0,453883,1
1593587,453275,0,453896,1
1593639,453292,0,453906,1
1593689,453305,0,453922,1
1593739,453319,0,453939,0
1593792,453330,0,453961,1
1593843,453344,0,453982,0
1593893,453354,0,453992,2
1593943,453368,0,454014,1
1593994,453387,0,454030,1
1594045,453403,0,454045,1
1594102,453415,0,454054,1
1594152,453436,0,454065,0
1594203,453449,0,454072,1
1594259,453460,0,454084,1
1594309,453483,0,454092,0
1594359,453498,0,454109,2
1594416,453513,0,454130,1
1594466,453524,0,454154,1
1594516,453537,0,454172,1
1594571,453548,0,454185,1
1594622,453562,0,454206,1
1594675,453578,0,454217,1
1594725,453600,0,454228,0
1594777,453608,0,454253,1
1594830,453620,0,454265,1
1594883,453640,0,454278,1
1594935,453656,0,454288,0
1594987,453666,0,454299,1
1595037,453691,0,454304,1
1595087,453704,0,454325,0
1595137,453719,0,454338,1
1595187,453727,0,454358,1
1595237,453742,0,454366,1
1595287,453751,0,454372,1
1595338,453766,0,454395,0
1595389,453783,0,454403,2
1595440,453801,0,454408,0
1595491,453814,0,454430,1
1595548,453825,0,454453,1
1595601,453843,0,454460,1
1595651,453859,0,454469,0
1595702,453872,0,454471,1
1595755,453894,0,454471,1
1595805,453908,0,454481,1
1595856,453921,0,454497,0
1595906,453933,0,454511,2
1595957,453946,0,454529,0
1596007,453957,0,454548,1
1596057,453970,0,454563,2
1596107,453988,0,454567,1
1596157,454005,0,454576,2
1596207,454014,0,454591,0
1596257,454031,0,454606,2
1596309,454046,0,454616,1
1596361,454059,0,454630,0
1596413,454076,0,454648,1
1596464,454096,0,454658,1
1596514,454112,0,454672,1
1596566,454123,0,454694,0
1596617,454134,0,454718,0
1596670,454146,0,454728,0
1596722,454161,0,454738,0
1596772,454175,0,454762,1
1596824,454194,0,454773,1
1596874,454207,0,454798,1
1596924,454219,0,454819,0
1596974,454235,0,454835,1
1597024,454253,0,454854,1
1597076,454262,0,454872,1
1597126,454279,0,454876,1
1597176,454300,0,454879,1
1597234,454314,0,454888,1
1597285,454326,0,454905,1
1597336,454339,0,454917,1
1597386,454349,0,454929,1
1597440,454364,0,454948,1
1597490,454382,0,454960,3
1597540,454400,0,454969,2
1597593,454411,0,454981,1
1597643,454423,0,455003,0
1597698,454440,0,455017,1
1597750,454458,0,455023,0
1597800,454468,0,455044,1
1597854,454488,0,455052,1
1597904,454507,0,455060,0
1597954,454520,0,455077,1
1598004,454530,0,455096,1
1598054,454544,0,455110,0
1598104,454554,0,455129,1
1598156,454568,0,455144,1
1598207,454585,0,455159,1
1598259,454604,0,455172,1
1598309,454614,0,455198,0
1598360,454628,0,455216,1
1598411,454643,0,455226,1
1598461,454659,0,455247,0
1598514,454674,0,455268,1
1598564,454691,0,455275,1
1598614,454707,0,455282,0
1598668,454723,0,455295,1
1598721,454734,0,455310,1
1598772,454746,0,455331,0
1598823,454759,0,455342,1
1598875,454773,0,455359,0
1598925,454791,0,455368,1
1598976,454807,0,455386,1
1599029,454817,0,455402,1
1599081,454835,0,455410,1
1599132,454850,0,455426,1
1599185,454864,0,455441,1
1599237,454881,0,455450,1
1599288,454895,0,455454,1
1599338,454912,0,455457,0
1599395,454926,0,455461,0
1599445,454940,0,455480,1
1599495,454950,0,455500,1
1599548,454964,0,455514,1
1599601,454979,0,455516,1
1599655,455001,0,455524,1
1599705,455012,0,455536,1
1599756,455023,0,455548,1
1599806,455042,0,455555,1
1599856,455059,0,455562,1
1599908,455069,0,455573,1
1599958,455088,0,455594,2
1600008,455100,0,455613,1
1600059,455117,0,455621,1
1600113,455128,0,455628,1
1600167,455146,0,455638,1
1600217,455157,0,455660,1
1600268,455169,0,455675,1
1600318,455186,0,455688,1
1600370,455202,0,455692,1
1600420,455216,0,455714,0
1600470,455230,0,455740,2
1600520,455246,0,455754,2
1600570,455259,0,455772,0
1600620,455274,0,455782,1
1600672,455292,0,455797,1
1600723,455303,0,455811,1
1600774,455322,0,455828,1
1600824,455332,0,455849,0
1600874,455346,0,455861,0
1600928,455358,0,455877,0
1600978,455372,0,455890,0
1601032,455387,0,455898,1
1601089,455408,0,455908,1
1601139,455417,0,455922,0
1601190,455437,0,455932,1
1601244,455450,0,455945,1
1601294,455464,0,455961,0
1601344,455481,0,455977,0
1601396,455494,0,455987,0
1601447,455513,0,455999,1
1601502,455526,0,456011,0
1601558,455538,0,456030,1
1601615,455553,0,456040,1
1601665,455568,0,456055,1
1601716,455583,0,456071,2
1601768,455599,0,456077,1
1601818,455613,0,456139,0
1601870,455625,0,456149,1
1601920,455642,0,456159,0
1601971,455659,0,456166,0
1602024,455673,0,456182,0
1602074,455691,0,456194,1
1602125,455703,0,456214,1
1602179,455722,0,456222,1
1602230,455730,0,456235,1
1602280,455746,0,456245,0
1602332,455758,0,456266,0
1602385,455773,0,456278,1
1602435,455787,0,456291,1
1602485,455803,0,456298,1
1602536,455817,0,456315,0
1602586,455832,0,456336,1
1602636,455848,0,456353,0
1602686,455862,0,456377,1
1602736,455877,0,456399,1
1602786,455893,0,456408,0
1602836,455904,0,456427,0
1602893,455923,0,456435,1
1602944,455932,0,456443,1
1602996,455948,0,456461,1
1603050,455961,0,456482,1
1603104,455976,0,456488,1
1603155,455991,0,456505,1
1603208,456010,0,456522,1
1603259,456022,0,456540,1
1603309,456040,0,456552,0
1603363,456054,0,456567,1
1603414,456068,0,456582,1
1603466,456085,0,456593,1
1603518,456098,0,456609,1
1603570,456118,0,456622,0
1603623,456128,0,456636,1
1603678,456142,0,456644,1
1603728,456156,0,456660,1
1603780,456171,0,456678,1
1603830,456186,0,456696,1
1603882,456201,0,456711,1
1603932,456215,0,456728,1
1603984,456228,0,456738,1
1604034,456246,0,456753,3
1604084,456261,0,456764,1
1604137,456274,0,456769,1
1604187,456293,0,456782,0
1604237,456304,0,456793,0
1604289,456322,0,456800,1
1604340,456329,0,456817,1
1604392,456347,0,456830,1
1604442,456360,0,456846,0
1604494,456375,0,456853,1
1604547,456388,0,456866,1
1604599,456406,0,456881,1
1604649,456417,0,456900,0
1604699,456431,0,456910,1
1604749,456449,0,456923,1
1604800,456462,0,456936,0
1604850,456478,0,456954,1
1604901,456494,0,456960,0
1604951,456507,0,456981,1
1605002,456524,0,456990,1
1605055,456532,0,457011,1
1605105,456549,0,457023,1
1605157,456560,0,457038,0
1605208,456576,0,457046,1
1605259,456589,0,457056,1
1605310,456608,0,457061,1
1605364,456620,0,457070,1
1605414,456636,0,457079,1
1605466,456653,0,457083,1
1605516,456666,0,457096,1
1605569,456685,0,457112,1
1605622,456697,0,457120,1
1605674,456712,0,457134,0
1605724,456727,0,457150,0
1605775,456737,0,457164,0
1605826,456754,0,457178,1
1605880,456766,0,457200,1
1605932,456783,0,457208,1
1605984,456797,0,457219,1
1606034,456813,0,457243,0
1606084,456825,0,457258,0
1606136,456843,0,457266,1
1606186,456856,0,457278,1
1606239,456872,0,457299,1
1606289,456888,0,457311,1
1606339,456903,0,457324,1
1606390,456921,0,457330,3
1606440,456928,0,457346,0
1606490,456942,0,457360,2
1606540,456959,0,457366,3
1606594,456971,0,457375,1
1606648,456985,0,457382,1
1606701,457002,0,457391,1
1606752,457017,0,457403,1
1606806,457033,0,457427,1
1606857,457050,0,457436,1
1606907,457059,0,457449,1
1606959,457077,0,457458,1
1607009,457094,0,457464,0
1607061,457107,0,457482,1
1607111,457125,0,457502,1
1607167,457133,0,457528,1
1607217,457149,0,457541,1
1607268,457161,0,457560,1
1607320,457178,0,457567,1
1607371,457190,0,457575,0
1607423,457208,0,457586,1
1607474,457222,0,457612,1
1607524,457236,0,457622,1
1607575,457253,0,457632,0
1607629,457267,0,457644,1
1607680,457285,0,457664,1
1607731,457299,0,457686,1
1607781,457310,0,457695,1
1607831,457328,0,457709,1
1607883,457336,0,457731,1
1607936,457355,0,457740,1
1607987,457368,0,457761,1
1608040,457383,0,457769,0
1608090,457396,0,457788,0
1608145,457413,0,457803,0
1608196,457427,0,457821,1
1608251,457443,0,457836,1
1608301,457458,0,457848,0
1608352,457475,0,457851,1
1608402,457491,0,457859,1
1608453,457503,0,457865,1
1608503,457521,0,457878,1
1608553,457531,0,457894,0
1608607,457541,0,457918,1
1608661,457560,0,457932,0
1608712,457574,0,457950,1
1608764,457587,0,457964,1
1608814,457600,0,457976,1
1608864,457617,0,457987,1
1608915,457633,0,458000,1
1608966,457650,0,458012,1
1609018,457659,0,458032,0
1609071,457680,0,458041,1
1609121,457695,0,458056,1
1609177,457708,0,458074,1
1609227,457727,0,458083,0
1609280,457734,0,458098,1
1609330,457750,0,458107,1
1609380,457762,0,458123,0
1609431,457778,0,458137,0
1609481,457792,0,458155,1
1609533,457808,0,458162,1
1609588,457824,0,458163,1
1609638,457838,0,458226,2
1609690,457854,0,458243,1
1609740,457867,0,458258,0
1609793,457886,0,458271,1
1609844,457900,0,458276,1
1609894,457913,0,458334,1
1609946,457929,0,458352,1
1609996,457938,0,458367,1
1610046,457957,0,458377,2
1610096,457967,0,458397,1
1610146,457981,0,458405,1
1610197,457994,0,458416,0
1610248,458009,0,458435,1
1610298,458027,0,458444,1
1610348,458041,0,458455,1
1610398,458056,0,458460,1
1610450,458071,0,458470,1
1610500,458088,0,458482,1
1610552,458101,0,458495,1
1610603,458116,0,458509,1
1610653,458129,0,458530,0
1610703,458140,0,458554,1
1610756,458160,0,458567,1
1610810,458168,0,458582,1
1610861,458185,0,458598,0
1610913,458198,0,458617,0
1610967,458215,0,458636,1
1611017,458233,0,458643,1
1611068,458246,0,458659,0
1611119,458259,0,458670,1
1611170,458278,0,458691,1
1611220,458291,0,458706,1
1611271,458305,0,458717,1
1611322,458323,0,458732,1
1611377,458333,0,458759,1
1611428,458346,0,458773,1
1611478,458361,0,458782,1
1611528,458375,0,458796,2
1611579,458387,0,458809,1
1611630,458403,0,458818,2
1611680,458418,0,458838,1
1611730,458433,0,458860,0
1611781,458451,0,458871,1
1611831,458461,0,458890,1
1611883,458480,0,458911,0
1611934,458494,0,458977,0
1611990,458509,0,458995,1
1612040,458528,0,459000,0
1612091,458534,0,459017,1
1612141,458549,0,459027,1
1612195,458563,0,459047,1
1612245,458578,0,459061,0
1612295,458592,0,459080,1
1612345,458608,0,459087,0
1612396,458622,0,459097,1
1612446,458636,0,459116,0
1612496,458655,0,459125,0
1612546,458667,0,459142,0
1612596,458684,0,459152,0
1612649,458698,0,459158,1
1612700,458712,0,459171,1
1612751,458729,0,459184,1
1612803,458737,0,459204,0
1612858,458755,0,459217,1
1612908,458767,0,459241,1
1612960,458782,0,459307,1
1613012,458797,0,459317,0
1613063,458812,0,459329,1
1613116,458829,0,459334,1
1613167,458844,0,459353,1
1613220,458858,0,459379,0
1613271,458877,0,459399,1
1613322,458889,0,459416,1
1613374,458904,0,459425,0
1613428,458922,0,459435,1
1613479,458932,0,459456,0
1613531,458943,0,459480,1
1613582,458961,0,459495,0
1613634,458975,0,459512,1
1613684,458988,0,459531,0
1613734,459001,0,459555,1
1613790,459017,0,459574,1
1613841,459034,0,459583,1
1613891,459049,0,459591,1
1613943,459062,0,459606,1
1613994,459081,0,459616,0
1614044,459093,0,459624,1
1614096,459110,0,459638,1
1614146,459128,0,459649,1
1614196,459136,0,459677,1
1614247,459150,0,459698,1
1614298,459163,0,459712,1
1614348,459178,0,459725,0
1614399,459191,0,459743,0
1614449,459208,0,459762,1
1614499,459221,0,459780,1
1614549,459237,0,459796,2
1614599,459253,0,459808,3
1614649,459264,0,459815,1
1614706,459282,0,459822,1
1614761,459298,0,459831,1
1614812,459315,0,459852,1
1614862,459329,0,459873,0
1614912,459338,0,459897,1
1614962,459355,0,459903,4
1615014,459367,0,459927,1
1615065,459381,0,459939,1
1615115,459397,0,459950,2
1615171,459411,0,459959,1
1615221,459429,0,459964,0
1615272,459443,0,459977,0
1615322,459458,0,459998,1
1615373,459475,0,460010,1
1615423,459488,0,460024,0
1615475,459501,0,460033,1
1615525,459516,0,460052,0
1615576,459530,0,460069,0
1615626,459542,0,460085,2
1615679,459559,0,460107,1
1615730,459573,0,460129,1
1615780,459586,0,460149,0
1615834,459600,0,460166,1
1615884,459615,0,460176,0
1615934,459632,0,460184,1
1615985,459646,0,460206,0
1616041,459661,0,460220,1
1616094,459679,0,460221,1
1616144,459692,0,460233,0
1616198,459709,0,460241,1
1616250,459727,0,460248,1
1616300,459736,0,460267,2
1616354,459746,0,460293,1
1616404,459763,0,460311,0
1616456,459778,0,460335,0
1616507,459793,0,460349,2
1616557,459808,0,460365,1
1616607,459822,0,460376,2
1616662,459838,0,460388,1
1616712,459853,0,460397,1
1616762,459864,0,460417,1
1616820,459883,0,460423,1
1616870,459899,0,460440,1
1616920,459915,0,460451,2
1616971,459930,0,460465,0
1617022,459940,0,460487,1
1617079,459949,0,460499,1
1617130,459972,0,460507,1
1617180,459985,0,460523,1
1617230,459999,0,460543,1
1617280,460012,0,460561,1
1617330,460029,0,460574,0
1617380,460043,0,460594,0
1617430,460058,0,460604,1
1617480,460071,0,460630,0
1617536,460088,0,460635,1
1617591,460103,0,460648,1
1617641,460121,0,460668,2
1617696,460133,0,460680,0
1617746,460143,0,460701,0
1617796,460153,0,460715,1
1617847,460175,0,460728,1
1617900,460190,0,460747,1
1617959,460205,0,460772,1
1618009,460221,0,460791,1
1618061,460237,0,460806,0
1618114,460252,0,460821,1
1618164,460264,0,460832,1
1618214,460281,0,460852,0
1618264,460296,0,460870,1
1618314,460312,0,460881,1
1618364,460329,0,460888,1
1618417,460338,0,460904,1
1618474,460346,0,460924,1
1618524,460368,0,460934,6
1618576,460382,0,460944,0
1618626,460395,0,460963,1
1618677,460410,0,460979,0
1618727,460429,0,460993,1
1618780,460442,0,461019,1
1618830,460456,0,461028,1
1618886,460472,0,461051,1
1618937,460486,0,461069,1
1618989,460502,0,461087,0
1619039,460516,0,461096,0
1619090,460532,0,461114,1
1619140,460542,0,461131,1
1619191,460550,0,461149,0
1619243,460572,0,461155,1
1619295,460587,0,461173,1
1619347,460600,0,461193,1
1619397,460617,0,461207,1
1619448,460632,0,461220,1
1619498,460645,0,461248,1
1619549,460661,0,461265,0
1619600,460676,0,461277,1
1619654,460690,0,461287,1
1619704,460705,0,461296,0
1619755,460722,0,461304,1
1619808,460733,0,461327,0
1619859,460744,0,461341,1
1619909,460756,0,461359,4
1619961,460778,0,461365,1
1620012,460792,0,461372,1
1620062,460805,0,461392,1
1620113,460821,0,461399,1
1620167,460838,0,461409,1
1620217,460852,0,461425,1
1620269,460863,0,461441,0
1620319,460882,0,461452,1
1620369,460895,0,461468,1
1620419,460908,0,461483,1
1620469,460928,0,461489,1
1620527,460935,0,461505,1
1620578,460946,0,461514,0
1620628,460963,0,461522,1
1620686,460981,0,461527,1
1620736,460999,0,461531,2
1620788,461012,0,461541,1
1620839,461029,0,461558,0
1620889,461044,0,461572,1
1620940,461057,0,461583,1
1620994,461072,0,461601,0
1621045,461087,0,461614,0
1621095,461102,0,461627,3
1621146,461116,0,461643,0
1621200,461133,0,461658,0
1621251,461141,0,461683,1
1621303,461151,0,461699,1
1621353,461172,0,461712,1
1621404,461185,0,461717,1
1621454,461201,0,461737,1
1621504,461216,0,461752,2
1621558,461231,0,461766,0
1621610,461248,0,461773,1
1621660,461262,0,461781,0
1621713,461276,0,461796,1
1621763,461293,0,461808,0
1621813,461305,0,461821,1
1621864,461322,0,461833,2
1621914,461334,0,461852,1
1621964,461344,0,461869,1
1622014,461354,0,461884,1
1622067,461373,0,461894,1
1622118,461391,0,461906,1
1622173,461404,0,461912,1
1622229,461421,0,461925,1
1622283,461437,0,461939,1
1622336,461453,0,461951,1
1622386,461468,0,461962,3
1622436,461482,0,461975,0
1622487,461497,0,461998,0
1622539,461513,0,462007,1
1622592,461527,0,462019,1
1622644,461539,0,462043,1
1622694,461548,0,462049,0
1622745,461565,0,462069,2
1622795,461581,0,462078,0
1622849,461599,0,462093,1
1622899,461608,0,462110,1
1622949,461626,0,462118,1
1622999,461643,0,462126,1
1623050,461657,0,462150,1
1623101,461672,0,462167,0
1623151,461688,0,462180,1
1623201,461700,0,462197,1
1623251,461717,0,462210,1
1623302,461730,0,462221,1
1623353,461737,0,462227,1
1623406,461750,0,462245,1
1623456,461771,0,462259,3
1623506,461785,0,462270,2
1623556,461800,0,462279,0
1623606,461811,0,462295,2
1623661,461827,0,462311,1
1623712,461844,0,462311,1
1623763,461860,0,462334,1
1623813,461875,0,462347,1
1623864,461891,0,462357,1
1623916,461904,0,462371,0
1623969,461920,0,462376,1
1624019,461933,0,462386,0
1624073,461944,0,462407,0
1624126,461954,0,462429,1
1624176,461974,0,462441,1
1624226,461991,0,462451,1
1624279,462004,0,462464,0
1624336,462019,0,462476,1
1624390,462033,0,462491,1
1624442,462054,0,462502,0
1624497,462066,0,462520,1
1624563,462085,0,462521,1
1624614,462104,0,462536,0
1624664,462119,0,462549,1
1624714,462133,0,462568,0
1624764,462139,0,462589,1
1624819,462152,0,462606,1
1624871,462171,0,462607,1
1624921,462187,0,462622,1
1624972,462203,0,462636,0
1625023,462215,0,462654,1
1625074,462228,0,462674,0
1625124,462247,0,462690,1
1625176,462263,0,462696,1
1625230,462274,0,462703,1
1625282,462288,0,462720,1
1625332,462306,0,462735,1
1625382,462321,0,462743,0
1625436,462335,0,462752,1
1625487,462347,0,462779,1
1625537,462357,0,462801,0
1625594,462378,0,462806,1
1625646,462394,0,462815,1
1625703,462408,0,462832,1
1625757,462425,0,462854,1
1625807,462440,0,462871,1
1625860,462456,0,462896,1
1625910,462468,0,462913,0
1625963,462484,0,462929,0
1626014,462500,0,462936,1
1626067,462514,0,462953,1
1626118,462529,0,462957,1
1626168,462539,0,462976,1
1626218,462551,0,462995,0
1626269,462566,0,463004,1
1626324,462586,0,463009,0
1626376,462603,0,463026,1
1626426,462615,0,463036,1
1626477,462628,0,463043,1
1626527,462647,0,463052,2
1626580,462663,0,463063,1
1626631,462674,0,463086,1
1626681,462686,0,463106,0
1626736,462703,0,463120,1
1626787,462721,0,463128,1
1626837,462735,0,463147,1
1626887,462747,0,463166,2
1626942,462758,0,463191,1
1626992,462777,0,463212,1
1627043,462788,0,463237,1
1627093,462805,0,463253,1
1627145,462818,0,463254,1
1627195,462834,0,463263,1
1627248,462852,0,463277,0
1627298,462865,0,463293,0
1627348,462881,0,463320,2
1627399,462894,0,463333,1
1627450,462909,0,463346,1
1627501,462922,0,463349,1
1627553,462936,0,463365,0
1627607,462949,0,463380,1
1627657,462960,0,463392,0
1627707,462979,0,463403,0
1627757,462989,0,463408,1
1627808,463007,0,463428,0
1627858,463019,0,463442,1
1627909,463037,0,463451,1
1627965,463055,0,463457,1
1628015,463068,0,463469,0
1628065,463084,0,463482,0
1628116,463099,0,463494,1
1628169,463113,0,463515,1
1628221,463126,0,463534,0
1628272,463138,0,463551,0
1628323,463151,0,463565,1
1628374,463165,0,463574,1
1628425,463185,0,463575,1
1628477,463201,0,463596,1
1628527,463211,0,463608,0
1628578,463226,0,463617,2
1628628,463244,0,463625,1
1628679,463259,0,463629,1
1628732,463271,0,463651,1
1628782,463286,0,463663,0
1628832,463302,0,463676,3
1628882,463315,0,463687,1
1628932,463328,0,463703,1
1628989,463343,0,463726,1
1629040,463354,0,463742,0
1629094,463370,0,463752,1
1629146,463387,0,463765,0
1629197,463405,0,463773,0
1629252,463416,0,463782,1
1629302,463431,0,463791,1
1629352,463452,0,463847,0
1629403,463466,0,463864,1
1629455,463478,0,463881,1
1629506,463493,0,463887,1
1629556,463509,0,463896,1
1629608,463523,0,463909,1
1629658,463536,0,463925,1
1629711,463547,0,463944,1
1629762,463560,0,463959,1
1629815,463576,0,463977,1
1629865,463589,0,463990,0
1629917,463608,0,464008,0
1629967,463619,0,464028,1
1630018,463635,0,464041,1
1630068,463654,0,464055,0
1630118,463668,0,464073,0
1630169,463683,0,464080,1
1630229,463697,0,464100,1
1630281,463714,0,464110,0
1630336,463728,0,464128,1
1630386,463742,0,464148,1
1630437,463754,0,464158,0
1630488,463766,0,464176,0
1630538,463786,0,464185,0
1630588,463799,0,464197,1
1630638,463811,0,464216,0
1630690,463828,0,464224,1
1630740,463844,0,464284,2
1630793,463861,0,464285,1
1630845,463871,0,464306,0
1630895,463888,0,464309,0
1630945,463904,0,464317,1
1630995,463919,0,464338,2
1631049,463931,0,464351,1
1631099,463943,0,464360,0
1631150,463954,0,464389,0
1631201,463969,0,464403,1
1631252,463987,0,464419,0
1631303,464003,0,464438,4
1631353,464015,0,464456,2
1631403,464030,0,464470,1
1631458,464048,0,464479,1
1631508,464064,0,464489,1
1631558,464076,0,464507,2
1631609,464091,0,464512,0
1631659,464105,0,464520,1
1631710,464122,0,464534,1
1631762,464135,0,464554,1
1631812,464147,0,464569,1
1631862,464157,0,464594,1
1631913,464172,0,464609,1
1631964,464189,0,464624,0
1632015,464207,0,464638,1
1632065,464218,0,464649,1
1632119,464231,0,464669,1
1632170,464251,0,464674,1
1632227,464269,0,464689,1
1632279,464281,0,464709,1
1632329,464296,0,464712,1
1632380,464313,0,464720,1
1632430,464326,0,464740,0
1632480,464338,0,464749,1
1632533,464351,0,464760,1
1632585,464365,0,464780,1
1632636,464379,0,464795,1
1632690,464394,0,464811,1
1632740,464410,0,464819,0
1632790,464427,0,464840,3
1632840,464439,0,464851,1
1632891,464455,0,464860,1
1632941,464471,0,464866,0
1632993,464484,0,464941,0
1633045,464500,0,464953,0
1633095,464517,0,464965,2
1633146,464529,0,464978,0
1633204,464543,0,464993,1
1633260,464555,0,465004,1
1633311,464570,0,465024,0
1633362,464589,0,465033,0
1633417,464602,0,465052,1
1633469,464617,0,465061,1
1633519,464630,0,465065,0
1633569,464646,0,465068,1
1633619,464665,0,465075,2
1633670,464678,0,465087,1
1633721,464691,0,465102,0
1633772,464708,0,465104,0
1633826,464726,0,465118,1
1633878,464736,0,465133,1
1633930,464749,0,465155,0
1633982,464761,0,465175,1
1634034,464778,0,465184,1
1634084,464793,0,465207,0
1634137,464810,0,465222,1
1634189,464822,0,465241,0
1634242,464836,0,465249,1
1634294,464855,0,465255,1
1634345,464871,0,465266,0
1634395,464884,0,465287,1
1634447,464896,0,465300,1
1634498,464912,0,465308,1
1634548,464929,0,465319,0
1634598,464940,0,465337,2
1634648,464954,0,465344,1
1634698,464964,0,465357,1
1634748,464982,0,465362,2
1634798,464995,0,465383,0
1634851,465011,0,465398,1
1634905,465023,0,465427,1
1634957,465041,0,465443,0
1635009,465057,0,465451,1
1635059,465074,0,465458,2
1635109,465087,0,465476,0
1635160,465099,0,465491,1
1635212,465115,0,465500,1
1635262,465132,0,465516,1
1635319,465144,0,465523,1
1635371,465156,0,465540,1
1635427,465173,0,465557,1
1635482,465192,0,465575,1
1635539,465208,0,465594,1
1635593,465222,0,465609,1
1635643,465236,0,465625,3
1635693,465251,0,465634,2
1635748,465268,0,465644,1
1635801,465285,0,465653,1
1635855,465296,0,465677,1
1635906,465314,0,465691,1
1635956,465329,0,465714,0
1636006,465340,0,465732,1
1636057,465354,0,465752,0
1636111,465365,0,465765,1
1636162,465386,0,465778,1
1636215,465398,0,465788,1
1636265,465414,0,465797,1
1636317,465428,0,465818,1
1636372,465442,0,465831,0
1636422,465460,0,465842,2
1636472,465473,0,465864,1
1636524,465489,0,465878,1
1636574,465504,0,465892,2
1636625,465518,0,465900,1
1636675,465535,0,465912,0
1636725,465545,0,465937,0
1636775,465556,0,465957,0
1636828,465572,0,465973,0
1636878,465590,0,465982,0
1636929,465602,0,465999,0
1636979,465617,0,466008,0
1637029,465631,0,466027,0
1637085,465644,0,466041,1
1637136,465666,0,466049,0
1637189,465677,0,466067,1
1637239,465692,0,466075,0
1637289,465706,0,466086,1
1637343,465721,0,466102,1
1637394,465738,0,466119,0
1637444,465751,0,466131,1
1637494,465759,0,466150,1
1637546,465776,0,466159,1
1637596,465794,0,466178,1
1637646,465806,0,466193,1
1637700,465821,0,466209,1
1637752,465833,0,466222,0
1637803,465850,0,466232,1
1637853,465868,0,466244,0
1637908,465882,0,466260,1
1637962,465897,0,466273,1
1638014,465914,0,466287,1
1638064,465927,0,466299,1
1638114,465942,0,466316,1
1638169,465955,0,466328,1
1638220,465966,0,466335,1
1638272,465986,0,466342,1
1638324,465999,0,466373,1
1638374,466016,0,466387,0
1638424,466029,0,466400,0
1638475,466041,0,466410,1
1638525,466056,0,466419,3
1638576,466073,0,466425,0
1638627,466089,0,466482,1
1638678,466102,0,466494,1
1638728,466117,0,466505,1
1638779,466134,0,466516,1
1638832,466144,0,466533,1
1638883,466157,0,466545,1
1638933,466173,0,466562,2
1638984,466190,0,466579,1
1639035,466202,0,466603,1
1639085,466216,0,466621,0
1639137,466232,0,466638,1
1639188,466243,0,466659,0
1639239,466256,0,466676,1
1639291,466276,0,466686,0
1639341,466292,0,466694,1
1639392,466307,0,466709,1
1639443,466319,0,466729,0
1639493,466338,0,466744,1
1639543,466348,0,466759,1
1639593,466358,0,466835,0
1639643,466375,0,466848,2
1639693,466393,0,466859,1
1639746,466403,0,466878,1
1639803,466419,0,466890,1
1639857,466434,0,466911,1
1639907,466446,0,466925,1
1639958,466462,0,466939,0
1640008,466480,0,466942,2
1640061,466494,0,466954,1
1640111,466510,0,466966,1
1640161,466526,0,466978,2
1640211,466539,0,466990,1
1640261,466554,0,467009,0
1640315,466561,0,467020,1
1640365,466583,0,467028,2
1640417,466596,0,467043,1
1640468,466611,0,467060,1
1640520,466626,0,467066,2
1640572,466637,0,467085,1
1640622,466649,0,467108,2
1640676,466666,0,467125,1
1640730,466686,0,467133,1
1640781,466701,0,467152,1
1640831,466716,0,467164,2
1640883,466732,0,467178,1
1640933,466743,0,467198,1
1640985,466755,0,467217,0
1641037,466769,0,467229,1
1641089,466789,0,467241,1
1641139,466800,0,467258,1
1641191,466816,0,467267,0
1641242,466832,0,467278,2
1641294,466844,0,467301,1
1641344,466857,0,467314,1
1641401,466876,0,467322,1
1641451,466893,0,467335,2
1641503,466906,0,467353,1
1641554,466921,0,467370,1
1641606,466938,0,467381,0
1641656,466952,0,467397,1
1641706,466960,0,467418,1
1641756,466976,0,467430,0
1641809,466993,0,467446,1
1641862,467005,0,467458,1
1641914,467020,0,467466,1
1641966,467035,0,467481,1
1642016,467046,0,467495,0
1642066,467060,0,467498,4
1642116,467081,0,467502,2
1642167,467095,0,467520,1
1642218,467111,0,467534,1
1642271,467128,0,467553,1
1642321,467141,0,467573,1
1642374,467153,0,467583,1
1642425,467163,0,467602,1
1642477,467181,0,467609,1
1642527,467196,0,467622,0
1642577,467210,0,467638,1
1642632,467227,0,467655,1
1642683,467238,0,467670,1
1642734,467249,0,467681,0
1642785,467267,0,467700,1
1642835,467286,0,467713,1
1642886,467300,0,467776,1
1642939,467313,0,467787,1
1642991,467332,0,467800,1
1643042,467342,0,467822,0
1643097,467356,0,467834,1
1643150,467373,0,467850,1
1643201,467391,0,467856,1
1643255,467399,0,467880,1
1643305,467417,0,467941,0
1643357,467433,0,467950,1
1643410,467445,0,468015,0
1643460,467455,0,468036,0
1643512,467472,0,468040,1
1643570,467494,0,468050,1
1643621,467510,0,468066,1
1643671,467527,0,468082,0
1643722,467540,0,468106,0
1643775,467552,0,468126,1
1643826,467563,0,468143,1
1643877,467578,0,468155,1
1643927,467596,0,468164,1
1643977,467610,0,468183,1
1644027,467623,0,468197,1
1644078,467637,0,468219,1
1644129,467648,0,468231,1
1644179,467661,0,468244,1
1644229,467684,0,468250,3
1644280,467697,0,468319,0
1644330,467712,0,468326,1
1644380,467728,0,468342,1
1644431,467742,0,468352,1
1644483,467748,0,468363,1
1644535,467765,0,468384,1
1644586,467781,0,468397,1
1644637,467798,0,468410,1
1644689,467806,0,468416,1
1644742,467826,0,468417,1
1644792,467839,0,468425,0
1644842,467849,0,468446,0
1644893,467867,0,468464,1
1644943,467887,0,468514,0
1644993,467898,0,468536,1
1645046,467913,0,468551,1
1645096,467932,0,468559,1
1645146,467943,0,468570,1
1645198,467955,0,468584,0
1645249,467970,0,468604,1
1645299,467982,0,468614,1
1645349,467998,0,468635,0
1645399,468010,0,468652,2
1645449,468026,0,468655,1
1645499,468041,0,468683,1
1645550,468052,0,468703,0
1645603,468067,0,468720,0
1645655,468089,0,468729,1
1645710,468102,0,468748,1
1645761,468118,0,468768,1
1645811,468135,0,468772,1
1645864,468145,0,468791,1
1645914,468159,0,468804,0
1645965,468174,0,468809,1
1646015,468189,0,468823,2
1646066,468201,0,468851,1
1646120,468214,0,468867,0
1646170,468232,0,468871,1
1646220,468245,0,468888,0
1646270,468256,0,468914,0
1646320,468272,0,468930,1
1646374,468294,0,468947,1
1646428,468307,0,468957,1
1646480,468324,0,468968,1
1646531,468340,0,468977,0
1646581,468347,0,468998,0
1646634,468362,0,469013,1
1646685,468378,0,469024,1
1646735,468397,0,469039,1
1646786,468403,0,469064,0
1646837,468420,0,469078,2
1646888,468437,0,469091,0
1646938,468449,0,469155,2
1646991,468462,0,469170,1
1647041,468482,0,469176,2
1647091,468497,0,469190,0
1647142,468512,0,469205,1
1647194,468526,0,469216,0
1647246,468542,0,469234,0
1647296,468551,0,469246,2
1647346,468563,0,469266,0
1647397,468579,0,469268,1
1647448,468598,0,469277,0
1647498,468605,0,469302,1
1647551,468622,0,469323,1
1647603,468641,0,469328,1
1647653,468652,0,469355,1
1647705,468664,0,469366,1
1647755,468689,0,469381,1
1647805,468699,0,469400,1
1647855,468716,0,469408,2
1647907,468732,0,469424,1
1647957,468743,0,469431,0
1648007,468755,0,469445,3
1648057,468769,0,469464,2
1648107,468782,0,469488,2
1648166,468799,0,469495,1
1648216,468812,0,469510,1
1648266,468825,0,469523,1
1648319,468845,0,469530,1
1648369,468855,0,469544,0
1648419,468871,0,469562,2
1648469,468888,0,469568,1
1648519,468905,0,469587,2
1648569,468919,0,469601,1
1648619,468933,0,469617,0
1648674,468945,0,469629,1
1648726,468955,0,469639,1
1648776,468973,0,469649,1
1648827,468986,0,469667,1
1648880,469001,0,469682,0
1648930,469014,0,469693,1
1648980,469030,0,469697,2
1649030,469047,0,469715,1
1649082,469058,0,469725,1
1649136,469075,0,469744,0
1649186,469090,0,469754,2
1649244,469108,0,469764,1
1649294,469125,0,469774,0
1649349,469137,0,469783,1
1649400,469147,0,469810,0
1649450,469163,0,469828,1
1649500,469179,0,469848,1
1649553,469197,0,469853,1
1649603,469205,0,469875,1
1649655,469221,0,469884,0
1649706,469237,0,469901,1
1649756,469252,0,469920,1
1649806,469263,0,469943,0
1649857,469281,0,469953,1
1649907,469296,0,469961,1
1649957,469312,0,469972,2
1650008,469327,0,470035,1
1650060,469342,0,470047,1
1650113,469348,0,470067,1
1650166,469367,0,470076,1
1650219,469381,0,470081,0
1650277,469399,0,470102,1
1650328,469412,0,470118,1
1650378,469428,0,470134,1
1650436,469447,0,470144,1
1650487,469458,0,470159,0
1650537,469475,0,470168,0
1650588,469489,0,470179,0
1650640,469507,0,470184,0
1650691,469522,0,470198,1
1650744,469536,0,470211,0
1650799,469547,0,470236,0
1650849,469561,0,470264,0
1650899,469576,0,470281,0
1650951,469593,0,470296,1
1651001,469604,0,470322,2
1651052,469618,0,470333,0
1651105,469635,0,470344,1
1651155,469649,0,470365,1
1651207,469663,0,470386,0
1651262,469681,0,470398,1
1651312,469695,0,470415,1
1651364,469712,0,470434,1
1651416,469728,0,470441,1
1651469,469742,0,470452,1
1651519,469750,0,470475,1
1651569,469766,0,470486,1
1651619,469781,0,470499,0
1651669,469798,0,470512,0
1651722,469807,0,470531,1
1651772,469822,0,470542,1
1651822,469842,0,470556,4
1651874,469855,0,470563,1
1651925,469867,0,470575,1
1651976,469885,0,470583,1
1652026,469902,0,470594,3
1652076,469915,0,470609,1
1652126,469931,0,470627,1
1652176,469944,0,470645,1
1652228,469953,0,470669,1
1652278,469968,0,470686,0
1652329,469983,0,470695,1
1652380,469999,0,470713,1
1652433,470010,0,470730,1
1652483,470027,0,470756,0
1652536,470044,0,470771,1
1652586,470057,0,470780,1
1652636,470070,0,470801,1
1652686,470088,0,470804,1
1652737,470102,0,470817,1
1652793,470121,0,470829,1
1652843,470136,0,470843,0
1652894,470147,0,470864,0
1652947,470157,0,470881,1
1652998,470174,0,470890,1
1653051,470188,0,470900,1
1653102,470202,0,470915,0
1653152,470218,0,470930,0
1653203,470233,0,470941,1
1653253,470247,0,470949,0
1653304,470260,0,470967,1
1653354,470276,0,470980,1
1653407,470294,0,470987,0
1653457,470309,0,471005,1
1653508,470325,0,471012,0
1653561,470339,0,471032,1
1653612,470347,0,471044,0
1653663,470360,0,471051,1
1653713,470379,0,471055,2
1653763,470392,0,471066,1
1653813,470405,0,471087,1
1653866,470420,0,471108,1
1653918,470436,0,471115,1
1653969,470451,0,471128,0
1654019,470465,0,471147,3
1654071,470481,0,471158,1
1654121,470495,0,471170,0
1654173,470511,0,471183,1
1654224,470529,0,471187,2
1654276,470542,0,471204,1
1654327,470548,0,471270,1
1654379,470565,0,471293,1
1654429,470582,0,471294,0
1654480,470596,0,471302,1
1654531,470609,0,471317,1
1654583,470623,0,471335,1
1654634,470639,0,471350,1
1654687,470657,0,471364,1
1654737,470669,0,471382,0
1654787,470685,0,471384,1
1654838,470699,0,471398,1
1654888,470715,0,471410,1
1654938,470733,0,471423,1
1654988,470744,0,471445,1
1655039,470753,0,471457,1
1655093,470766,0,471475,0
1655144,470783,0,471483,0
1655194,470800,0,471488,1
1655245,470814,0,471498,1
1655296,470827,0,471508,1
1655346,470844,0,471529,2
1655397,470858,0,471546,0
1655448,470869,0,471567,0
1655498,470890,0,471614,2
1655549,470902,0,471626,1
1655599,470919,0,471638,1
1655649,470936,0,471652,3
1655699,470946,0,471669,2
1655749,470956,0,471686,1
1655802,470968,0,471703,1
1655856,470985,0,471712,1
1655906,471002,0,471733,1
1655957,471018,0,471745,1
1656007,471032,0,471768,2
1656058,471048,0,471787,1
1656108,471060,0,471807,1
1656158,471072,0,471820,1
1656209,471092,0,471826,1
1656259,471106,0,471840,1
1656309,471122,0,471855,1
1656360,471138,0,471870,1
1656411,471147,0,471886,0
1656462,471158,0,471904,1
1656512,471170,0,471908,1
1656562,471186,0,471912,1
1656615,471203,0,471920,0
1656668,471219,0,471937,0
1656720,471234,0,471945,0
1656771,471251,0,471963,1
1656822,471263,0,471988,1
1656873,471277,0,472005,1
1656925,471295,0,472005,1
1656975,471311,0,472019,1
1657025,471325,0,472024,1
1657076,471341,0,472039,0
1657126,471347,0,472059,0
1657176,471361,0,472072,1
1657226,471373,0,472083,1
1657277,471389,0,472096,1
1657328,471406,0,472118,1
1657378,471420,0,472130,0
1657430,471437,0,472136,1
1657481,471453,0,472149,2
1657534,471465,0,472170,0
1657585,471479,0,472181,0
1657640,471497,0,472190,1
1657697,471513,0,472201,1
1657748,471528,0,472207,1
1657798,471545,0,472221,1
1657849,471552,0,472245,1
1657900,471567,0,472257,0
1657951,471581,0,472273,1
1658004,471598,0,472290,1
1658058,471615,0,472307,1
1658108,471628,0,472321,2
1658158,471642,0,472331,1
1658210,471659,0,472341,1
1658260,471670,0,472360,0
1658312,471684,0,472387,1
1658367,471705,0,472390,1
1658417,471721,0,472402,2
1658468,471735,0,472424,1
1658520,471747,0,472439,0
1658570,471758,0,472457,1
1658622,471771,0,472467,1
1658672,471788,0,472478,1
1658724,471804,0,472484,1
1658776,471818,0,472491,1
1658827,471835,0,472506,1
1658879,471849,0,472512,1
1658932,471864,0,472525,1
1658983,471877,0,472540,1
1659033,471889,0,472541,2
1659084,471911,0,472550,0
1659138,471924,0,472570,0
1659190,471941,0,472582,1
1659240,471949,0,472606,1
1659290,471964,0,472620,1
1659340,471976,0,472641,1
1659393,471990,0,472662,0
1659444,472008,0,472672,1
1659494,472021,0,472688,2
1659545,472038,0,472703,1
1659599,472056,0,472712,1
1659650,472068,0,472724,1
1659700,472080,0,472733,1
1659751,472098,0,472741,1
1659803,472113,0,472761,0
1659854,472128,0,472770,0
1659906,472144,0,472771,1
1659957,472153,0,472794,1
1660008,472167,0,472801,0
1660058,472181,0,472816,1
1660108,472195,0,472884,1
1660165,472211,0,472907,1
1660215,472229,0,472916,1
1660268,472242,0,472929,1
1660325,472260,0,472938,1
1660376,472275,0,472951,1
1660426,472286,0,472971,1
1660478,472307,0,472978,1
1660531,472322,0,472995,1
1660582,472338,0,473001,1
1660632,472347,0,473017,0
1660683,472357,0,473041,0
1660742,472374,0,473053,1
1660793,472390,0,473062,0
1660850,472407,0,473079,1
1660900,472423,0,473095,2
1660950,472437,0,473161,0
1661001,472454,0,473174,1
1661052,472467,0,473198,0
1661102,472479,0,473210,2
1661152,472494,0,473216,3
1661202,472513,0,473226,0
1661252,472526,0,473247,1
1661306,472543,0,473252,1
1661357,472552,0,473273,0
1661408,472566,0,473289,1
1661458,472581,0,473306,2
1661509,472595,0,473320,1
1661560,472609,0,473338,1
1661614,472624,0,473353,1
1661664,472641,0,473368,1
1661718,472658,0,473376,1
1661769,472671,0,473397,1
1661819,472682,0,473419,0
1661869,472694,0,473430,1
1661919,472717,0,473435,1
1661971,472729,0,473447,1
1662021,472747,0,473456,1
1662072,472753,0,473476,0
1662124,472769,0,473483,1
1662180,472786,0,473501,1
1662232,472804,0,473508,3
1662282,472816,0,473524,1
1662333,472834,0,473540,1
1662384,472845,0,473555,2
1662434,472862,0,473578,1
1662486,472873,0,473590,1
1662537,472884,0,473607,1
1662587,472905,0,473613,3
1662637,472923,0,473618,2
1662687,472933,0,473640,1
1662737,472947,0,473650,0
1662787,472957,0,473664,1
1662837,472972,0,473675,2
1662888,472989,0,473691,1
1662940,473002,0,473704,1
1662990,473015,0,473709,1
1663040,473033,0,473722,1
1663092,473048,0,473731,1
1663143,473063,0,473739,1
1663194,473076,0,473759,1
1663246,473087,0,473774,1
1663296,473101,0,473785,1
1663347,473125,0,473788,1
1663397,473135,0,473793,1
1663450,473148,0,473810,0
1663501,473160,0,473828,0
1663553,473175,0,473849,0
1663605,473191,0,473865,1
1663657,473207,0,473875,1
1663707,473220,0,473901,0
1663758,473238,0,473908,1
1663809,473253,0,473923,1
1663859,473268,0,473937,0
1663909,473279,0,473964,0
1663960,473289,0,473983,0
1664010,473309,0,473992,1
1664064,473327,0,473999,1
1664115,473343,0,474005,1
1664165,473352,0,474021,0
1664215,473363,0,474043,0
1664267,473380,0,474053,1
1664321,473393,0,474071,1
1664376,473409,0,474087,1
1664428,473428,0,474098,1
1664482,473443,0,474108,1
1664537,473458,0,474118,0
1664590,473473,0,474140,1
1664641,473484,0,474153,1
1664696,473499,0,474163,1
1664749,473513,0,474163,1
1664803,473530,0,474163,1
1664856,473548,0,474169,0
1664907,473562,0,474176,1
1664958,473576,0,474189,1
1665011,473592,0,474205,1
1665061,473607,0,474220,2
1665111,473621,0,474240,1
1665161,473638,0,474253,1
1665211,473653,0,474264,1
1665261,473667,0,474274,2
1665316,473680,0,474291,1
1665367,473691,0,474306,1
1665418,473705,0,474325,1
1665471,473719,0,474331,1
1665521,473734,0,474338,1
1665571,473752,0,474342,1
1665622,473764,0,474353,1
1665672,473780,0,474365,1
1665722,473792,0,474384,0
1665773,473808,0,474393,0
1665823,473824,0,474401,2
1665873,473840,0,474412,1
1665924,473854,0,474425,1
1665975,473870,0,474443,1
1666025,473882,0,474463,0
1666075,473892,0,474481,1
1666126,473907,0,474497,1
1666179,473920,0,474508,1
1666230,473935,0,474530,0
1666280,473953,0,474536,1
1666331,473967,0,474545,1
1666385,473983,0,474556,1
1666436,473998,0,474579,1
1666486,474010,0,474596,1
1666536,474029,0,474601,1
1666592,474043,0,474620,1
1666642,474058,0,474631,0
1666695,474072,0,474651,0
1666745,474083,0,474669,0
1666795,474097,0,474683,1
1666845,474109,0,474702,0
1666895,474125,0,474717,1
1666946,474138,0,474733,1
1666996,474155,0,474740,1
1667046,474171,0,474761,2
1667099,474187,0,474779,1
1667152,474200,0,474787,1
1667202,474215,0,474805,1
1667252,474232,0,474822,0
1667309,474245,0,474837,1
1667362,474262,0,474844,0
1667412,474278,0,474851,1
1667462,474286,0,474870,0
1667512,474302,0,474874,2
1667564,474312,0,474885,1
1667614,474332,0,474896,0
1667665,474343,0,474915,1
1667715,474359,0,474922,1
1667767,474376,0,474934,1
1667817,474392,0,474948,0
1667867,474406,0,474959,2
1667919,474420,0,474974,1
1667971,474439,0,474992,2
1668030,474449,0,475020,1
1668080,474470,0,475027,4
1668130,474482,0,475043,0
1668180,474489,0,475067,1
1668232,474507,0,475122,0
1668282,474517,0,475141,2
1668332,474535,0,475141,3
1668383,474550,0,475156,1
1668433,474567,0,475164,1
1668484,474581,0,475179,1
1668535,474593,0,475191,0
1668588,474609,0,475193,1
1668638,474629,0,475204,3
1668688,474642,0,475216,0
1668739,474651,0,475225,2
1668791,474671,0,475234,1
1668843,474683,0,475254,0
1668893,474693,0,475276,1
1668945,474708,0,475284,1
1668995,474721,0,475298,0
1669045,474737,0,475317,0
1669095,474754,0,475331,1
1669145,474768,0,475346,1
1669199,474782,0,475359,1
1669250,474796,0,475374,0
1669303,474813,0,475379,1
1669354,474832,0,475437,1
1669404,474843,0,475454,0
1669457,474858,0,475466,1
1669507,474873,0,475477,0
1669557,474885,0,475491,1
1669607,474896,0,475516,1
1669657,474910,0,475527,0
1669709,474925,0,475541,1
1669760,474940,0,475558,1
1669811,474956,0,475578,1
1669861,474971,0,475594,2
1669911,474985,0,475607,0
1669961,474999,0,475628,1
1670013,475011,0,475642,1
1670063,475033,0,475644,1
1670113,475044,0,475652,1
1670169,475061,0,475668,1
1670221,475074,0,475678,1
1670271,475086,0,475707,0
1670322,475099,0,475719,1
1670372,475114,0,475740,0
1670422,475128,0,475758,1
1670472,475141,0,475767,1
1670524,475158,0,475773,1
1670574,475176,0,475780,1
1670628,475188,0,475789,1
1670678,475200,0,475803,0
1670730,475216,0,475810,1
1670780,475238,0,475819,1
1670831,475248,0,475844,1
1670882,475265,0,475852,1
1670937,475277,0,475863,1
1670994,475290,0,475868,1
1671047,475308,0,475874,1
1671097,475320,0,475894,0
1671151,475337,0,475903,1
1671201,475353,0,475923,1
1671252,475366,0,475932,2
1671306,475383,0,475946,1
1671356,475397,0,475966,1
1671406,475407,0,475989,1
1671456,475429,0,475990,5
1671507,475443,0,476010,0
1671557,475455,0,476033,4
1671607,475471,0,476039,0
1671658,475484,0,476057,1
1671708,475495,0,476070,1
1671762,475510,0,476079,1
1671812,475524,0,476095,0
1671862,475539,0,476106,1
1671915,475555,0,476122,0
1671967,475571,0,476142,1
1672019,475585,0,476160,1
1672071,475600,0,476179,1
1672123,475611,0,476196,1
1672173,475624,0,476202,1
1672223,475645,0,476211,0
1672274,475660,0,476225,1
1672324,475673,0,476244,0
1672374,475687,0,476261,1
1672424,475698,0,476277,0
1672474,475714,0,476340,0
1672524,475726,0,476356,0
1672574,475741,0,476380,1
1672624,475758,0,476395,1
1672676,475773,0,476415,0
1672726,475787,0,476435,1
1672779,475800,0,476454,0
1672829,475812,0,476475,0
1672879,475826,0,476491,1
1672929,475846,0,476498,2
1672980,475861,0,476511,1
1673030,475874,0,476544,0
1673082,475888,0,476554,1
1673133,475899,0,476566,1
1673184,475914,0,476571,1
1673234,475930,0,476584,1
1673286,475944,0,476587,1
1673336,475962,0,476592,1
1673387,475976,0,476599,1
1673439,475990,0,476620,1
1673489,476001,0,476642,0
1673540,476013,0,476661,1
1673591,476031,0,476672,2
1673643,476049,0,476684,1
1673694,476066,0,476702,0
1673744,476078,0,476714,1
1673794,476089,0,476723,0
1673845,476101,0,476742,1
1673895,476118,0,476753,1
1673945,476135,0,476773,1
1673996,476145,0,476781,1
1674048,476163,0,476799,1
1674098,476180,0,476807,0
1674149,476192,0,476815,1
1674200,476203,0,476829,0
1674250,476216,0,476836,1
1674300,476234,0,476844,0
1674350,476249,0,476851,1
1674400,476266,0,476865,0
1674451,476281,0,476890,1
1674502,476291,0,476903,1
1674553,476304,0,476918,1
1674604,476321,0,476935,1
1674658,476336,0,476947,1
1674708,476351,0,476960,1
1674760,476365,0,476969,0
1674812,476383,0,476974,0
1674867,476395,0,476983,1
1674921,476408,0,476999,1
1674977,476423,0,477013,1
1675029,476439,0,477030,1
1675079,476459,0,477037,2
1675129,476474,0,477054,0
1675182,476486,0,477075,0
1675234,476498,0,477082,0
1675285,476513,0,477102,2
1675335,476527,0,477107,2
1675386,476543,0,477119,0
1675438,476558,0,477131,1
1675488,476573,0,477149,1
1675539,476587,0,477169,0
1675589,476601,0,477183,0
1675640,476612,0,477191,1
1675692,476627,0,477200,1
1675742,476642,0,477255,1
1675793,476661,0,477262,1
1675844,476677,0,477284,1
1675894,476688,0,477300,0
1675947,476700,0,477314,1
1675999,476717,0,477330,1
1676049,476731,0,477336,1
1676099,476745,0,477341,0
1676152,476763,0,477353,1
1676202,476777,0,477365,1
1676259,476790,0,477384,1
1676312,476804,0,477397,1
1676362,476818,0,477417,1
1676412,476835,0,477421,1
1676463,476848,0,477430,1
1676515,476871,0,477442,1
1676566,476881,0,477452,1
1676617,476892,0,477469,1
1676667,476904,0,477489,1
1676719,476923,0,477498,1
1676770,476934,0,477519,1
1676823,476951,0,477530,1
1676878,476968,0,477545,1
1676928,476984,0,477551,2
1676979,476994,0,477563,1
1677030,477007,0,477578,0
1677083,477023,0,477591,1
1677135,477040,0,477602,1
1677187,477057,0,477610,1
1677239,477075,0,477618,1
1677290,477087,0,477623,2
1677340,477098,0,477640,0
1677391,477110,0,477658,1
1677446,477128,0,477678,1
1677501,477143,0,477692,1
1677553,477160,0,477698,1
1677604,477176,0,477708,1
1677655,477189,0,477723,0
1677706,477203,0,477744,0
1677756,477214,0,477761,1
1677806,477229,0,477777,0
1677856,477243,0,477795,0
1677908,477265,0,477806,1
1677958,477276,0,477819,0
1678008,477290,0,477822,1
1678058,477303,0,477836,1
1678109,477315,0,477847,1
1678159,477332,0,477861,1
1678209,477346,0,477882,0
1678262,477363,0,477931,1
1678313,477376,0,477948,1
1678363,477391,0,477956,2
1678413,477403,0,477971,0
1678466,477415,0,477991,1
1678516,477430,0,478002,1
1678567,477448,0,478014,1
1678617,477469,0,478021,0
1678672,477479,0,478036,1
1678722,477493,0,478043,1
1678774,477505,0,478057,1
1678824,477521,0,478067,4
1678875,477535,0,478077,1
1678927,477548,0,478090,1
1678978,477567,0,478097,0
1679029,477580,0,478118,1
1679079,477593,0,478137,1
1679130,477606,0,478159,1
1679181,477620,0,478184,1
1679241,477636,0,478195,1
1679291,477650,0,478195,1
1679341,477674,0,478198,1
1679394,477685,0,478212,0
1679444,477697,0,478220,1
1679494,477709,0,478286,1
1679544,477726,0,478303,1
1679594,477740,0,478318,0
1679645,477751,0,478329,1
1679696,477774,0,478339,1
1679747,477786,0,478362,1
1679798,477796,0,478382,1
1679848,477811,0,478393,2
1679898,477823,0,478408,1
1679950,477836,0,478429,0
1680002,477856,0,478438,1
1680052,477876,0,478462,0
1680102,477886,0,478475,1
1680155,477900,0,478500,1
1680205,477912,0,478508,1
1680259,477930,0,478518,1
1680310,477943,0,478547,1
1680360,477958,0,478556,1
1680410,477975,0,478569,1
1680460,477988,0,478575,1
1680511,478001,0,478589,1
1680562,478013,0,478607,0
1680613,478029,0,478623,2
1680663,478039,0,478643,1
1680713,478061,0,478653,1
1680763,478076,0,478665,0
1680813,478087,0,478679,1
1680865,478103,0,478694,1
1680915,478114,0,478713,0
1680965,478132,0,478720,2
1681015,478145,0,478730,1
1681065,478159,0,478751,1
1681118,478176,0,478756,1
1681168,478190,0,478765,0
1681218,478203,0,478787,0
1681268,478215,0,478803,1
1681321,478231,0,478817,2
1681374,478243,0,478826,1
1681425,478264,0,478830,1
1681475,478277,0,478838,1
1681525,478292,0,478846,1
1681577,478304,0,478862,0
1681627,478317,0,478874,1
1681678,478334,0,478888,1
1681729,478347,0,478902,0
1681779,478363,0,478911,2
1681833,478378,0,478917,1
1681883,478393,0,478930,1
1681933,478406,0,478987,1
1681983,478417,0,479003,1
1682034,478433,0,479012,1
1682084,478445,0,479028,1
1682134,478467,0,479045,0
1682184,478480,0,479056,2
1682236,478495,0,479070,1
1682290,478505,0,479084,1
1682340,478520,0,479094,1
1682390,478538,0,479102,2
1682441,478548,0,479124,0
1682491,478567,0,479128,3
1682541,478579,0,479146,0
1682593,478595,0,479159,1
1682643,478608,0,479168,1
1682694,478620,0,479185,1
1682744,478635,0,479190,1
1682795,478648,0,479209,1
1682846,478671,0,479217,1
1682901,478681,0,479229,1
1682952,478697,0,479247,0
1683002,478709,0,479271,1
1683053,478725,0,479293,0
1683106,478741,0,479305,1
1683157,478753,0,479329,1
1683210,478772,0,479345,1
1683260,478783,0,479360,1
1683310,478795,0,479372,0
1683361,478811,0,479388,0
1683411,478824,0,479410,1
1683468,478837,0,479426,1
1683518,478857,0,479428,3
1683568,478876,0,479444,0
1683621,478888,0,479456,1
1683673,478903,0,479471,1
1683725,478915,0,479495,1
1683776,478932,0,479508,0
1683830,478945,0,479519,1
1683880,478959,0,479531,0
1683930,478977,0,479541,0
1683980,478991,0,479552,1
1684037,478998,0,479563,1
1684087,479016,0,479579,0
1684139,479033,0,479597,1
1684200,479045,0,479610,1
1684250,479071,0,479613,2
1684301,479080,0,479636,0
1684352,479095,0,479644,1
1684402,479108,0,479656,1
1684452,479121,0,479670,0
1684502,479138,0,479679,1
1684552,479150,0,479687,0
1684603,479165,0,479701,1
1684654,479181,0,479720,1
1684705,479195,0,479735,0
1684755,479202,0,479754,1
1684806,479222,0,479763,0
1684856,479236,0,479779,0
1684906,479246,0,479794,1
1684956,479271,0,479794,2
1685008,479281,0,479812,1
1685058,479296,0,479828,1
1685108,479309,0,479846,1
1685160,479322,0,479861,1
1685213,479339,0,479877,1
1685263,479352,0,479894,2
1685314,479368,0,479901,1
1685365,479384,0,479914,1
1685415,479395,0,479927,0
1685465,479407,0,479946,0
1685515,479424,0,479955,1
1685565,479436,0,479980,0
1685617,479448,0,480002,1
1685669,479474,0,480006,1
1685720,479484,0,480021,1
1685771,479498,0,480038,0
1685822,479513,0,480059,2
1685872,479524,0,480074,1
1685923,479542,0,480080,0
1685973,479554,0,480097,1
1686023,479567,0,480106,1
1686074,479586,0,480125,1
1686126,479595,0,480141,0
1686176,479609,0,480158,0
1686228,479626,0,480221,1
1686278,479638,0,480230,1
1686329,479655,0,480248,1
1686381,479676,0,480254,1
1686432,479690,0,480274,1
1686483,479701,0,480285,1
1686533,479717,0,480298,2
1686583,479726,0,480314,1
1686635,479744,0,480319,1
1686685,479756,0,480327,2
1686740,479774,0,480330,1
1686790,479792,0,480342,0
1686846,479798,0,480368,0
1686896,479817,0,480376,0
1686948,479833,0,480396,1
1686998,479844,0,480414,1
1687050,479863,0,480426,1
1687100,479879,0,480439,1
1687152,479893,0,480454,1
1687202,479906,0,480463,2
1687252,479921,0,480475,1
1687304,479933,0,480486,1
1687354,479949,0,480508,0
1687405,479962,0,480528,1
1687455,479980,0,480538,2
1687507,479995,0,480550,1
1687559,480000,0,480583,1
1687616,480022,0,480592,1
1687666,480035,0,480610,1
1687718,480048,0,480624,1
1687768,480067,0,480629,1
1687819,480082,0,480642,0
1687871,480098,0,480652,1
1687922,480111,0,480662,1
1687977,480124,0,480680,1
1688027,480140,0,480690,1
1688079,480152,0,480710,0
1688129,480168,0,480725,2
1688183,480187,0,480741,1
1688233,480195,0,480763,0
1688285,480208,0,480773,1
1688336,480226,0,480783,1
1688386,480239,0,480794,2
1688438,480252,0,480813,0
1688488,480272,0,480815,1
1688540,480287,0,480838,1
1688593,480301,0,480853,1
1688645,480319,0,480875,1
1688695,480328,0,480900,1
1688750,480345,0,480902,1
1688800,480359,0,480917,1
1688851,480375,0,480931,1
1688902,480392,0,480938,0
1688954,480399,0,480956,1
1689004,480415,0,480963,2
1689054,480427,0,480970,1
1689104,480444,0,480993,0
1689155,480454,0,481014,1
1689205,480479,0,481019,0
1689261,480491,0,481027,1
1689314,480506,0,481040,0
1689364,480521,0,481047,0
1689414,480531,0,481065,0
1689464,480550,0,481077,0
1689522,480562,0,481094,1
1689573,480583,0,481103,0
1689625,480595,0,481121,0
1689675,480606,0,481141,1
1689725,480621,0,481152,0
1689775,480636,0,481164,1
1689825,480648,0,481181,1
1689875,480661,0,481202,1
1689925,480682,0,481213,0
1689978,480697,0,481273,1
1690029,480709,0,481295,1
1690079,480724,0,481312,1
1690129,480737,0,481384,1
1690184,480752,0,481393,0
1690234,480765,0,481409,1
1690285,480786,0,481410,1
1690335,480796,0,481435,1
1690386,480807,0,481450,0
1690436,480822,0,481470,0
1690487,480838,0,481491,1
1690546,480850,0,481505,1
1690596,480870,0,481514,2
1690646,480887,0,481525,1
1690696,480900,0,481544,0
1690747,480916,0,481557,2
1690798,480927,0,481578,1
1690849,480943,0,481586,1
1690899,480956,0,481603,1
1690950,480969,0,481615,1
1691000,480991,0,481617,3
1691052,480996,0,481641,0
1691102,481011,0,481660,1
1691155,481025,0,481669,1
1691209,481044,0,481725,0
1691259,481054,0,481750,0
1691318,481075,0,481764,1
1691368,481091,0,481776,0
1691419,481106,0,481783,1
1691471,481123,0,481796,1
1691526,481134,0,481814,1
1691577,481152,0,481825,2
1691632,481163,0,481838,1
1691685,481180,0,481839,1
1691736,481196,0,481850,1
1691787,481207,0,481872,2
1691838,481222,0,481878,0
1691888,481238,0,481889,1
1691940,481249,0,481908,0
1691991,481263,0,481919,1
1692042,481285,0,481925,0
1692092,481298,0,481941,1
1692142,481312,0,481958,1
1692193,481326,0,481970,0
1692245,481340,0,481984,1
1692298,481353,0,481995,0
1692348,481367,0,482002,1
1692402,481385,0,482015,1
1692452,481396,0,482038,0
1692503,481411,0,482054,1
1692553,481424,0,482067,0
1692605,481442,0,482080,1
1692655,481451,0,482106,0
1692712,481466,0,482115,1
1692765,481488,0,482117,1
1692818,481504,0,482130,0
1692868,481518,0,482133,2
1692918,481530,0,482151,2
1692971,481547,0,482166,1
1693023,481558,0,482184,1
1693073,481575,0,482204,1
1693123,481590,0,482221,1
1693173,481601,0,482236,1
1693223,481613,0,482249,1
1693275,481628,0,482253,1
1693331,481647,0,482254,1
1693381,481659,0,482262,0
1693431,481676,0,482286,1
1693488,481692,0,482297,1
1693539,481708,0,482315,1
1693589,481724,0,482328,1
1693640,481738,0,482350,1
1693692,481752,0,482368,1
1693742,481764,0,482388,1
1693792,481780,0,482405,0
1693842,481796,0,482419,0
1693892,481803,0,482443,0
1693943,481818,0,482458,0
1693994,481833,0,482470,0
1694047,481849,0,482482,1
1694098,481864,0,482493,1
1694154,481883,0,482498,1
1694206,481897,0,482513,1
1694259,481913,0,482531,1
1694310,481928,0,482545,0
1694360,481945,0,482555,1
1694414,481955,0,482575,1
1694465,481969,0,482593,1
1694517,481987,0,482597,1
1694574,481998,0,482606,1
1694628,482013,0,482613,1
1694678,482028,0,482630,1
1694732,482045,0,482644,1
1694783,482057,0,482666,2
1694833,482073,0,482684,1
1694883,482091,0,482702,0
1694935,482105,0,482712,0
1694985,482120,0,482726,1
1695035,482133,0,482737,3
1695085,482150,0,482749,1
1695138,482163,0,482765,0
1695193,482174,0,482787,1
1695243,482196,0,482793,0
1695294,482203,0,482810,0
1695346,482218,0,482828,0
1695398,482233,0,482841,0
1695448,482248,0,482855,0
1695500,482261,0,482873,1
1695550,482281,0,482881,2
1695600,482292,0,482889,0
1695653,482310,0,482892,1
1695703,482323,0,482904,2
1695754,482336,0,482917,1
1695804,482353,0,482936,1
1695854,482364,0,482949,1
1695908,482379,0,482965,1
1695959,482396,0,482977,0
1696010,482408,0,483005,1
1696060,482421,0,483023,1
1696110,482434,0,483033,1
1696164,482449,0,483040,1
1696215,482465,0,483052,1
1696266,482483,0,483067,1
1696317,482497,0,483084,1
1696368,482512,0,483103,1
1696421,482527,0,483120,1
1696471,482542,0,483130,1
1696522,482556,0,483149,0
1696573,482570,0,483169,0
1696623,482585,0,483186,3
1696673,482597,0,483201,0
1696724,482610,0,483215,1
1696777,482627,0,483235,1
1696827,482638,0,483251,1
1696882,482653,0,483259,1
1696933,482668,0,483275,1
1696984,482690,0,483285,2
1697037,482700,0,483302,1
1697087,482720,0,483309,1
1697137,482730,0,483319,1
1697187,482750,0,483338,2
1697237,482759,0,483361,0
1697287,482772,0,483390,0
1697337,482789,0,483401,2
1697389,482799,0,483424,1
1697440,482814,0,483440,1
1697490,482830,0,483451,1
1697540,482841,0,483465,1
1697593,482855,0,483483,1
1697643,482871,0,483497,1
1697694,482890,0,483509,1
1697744,482902,0,483531,0
1697794,482920,0,483542,0
1697848,482934,0,483555,1
1697900,482952,0,483563,0
1697956,482964,0,483585,1
1698007,482978,0,483609,2
1698057,482996,0,483621,2
1698111,483004,0,483641,1
1698161,483020,0,483656,2
1698214,483034,0,483672,1
1698266,483048,0,483688,0
1698317,483063,0,483705,1
1698370,483082,0,483713,1
1698420,483096,0,483720,1
1698473,483111,0,483741,1
1698523,483124,0,483745,1
1698575,483142,0,483749,1
1698626,483156,0,483768,0
1698676,483170,0,483787,0
1698726,483183,0,483807,0
1698778,483197,0,483826,0
1698830,483211,0,483843,1
1698880,483227,0,483860,1
1698931,483237,0,483881,1
1698981,483251,0,483901,1
1699031,483266,0,483911,0
1699086,483284,0,483916,0
1699136,483299,0,483928,0
1699188,483316,0,483939,1
1699239,483329,0,483948,1
1699290,483347,0,483961,1
1699341,483360,0,483982,1
1699397,483373,0,483994,1
1699450,483388,0,484001,1
1699502,483401,0,484012,1
1699552,483417,0,484031,1
1699602,483432,0,484047,1
1699657,483445,0,484059,1
1699707,483458,0,484072,1
1699759,483473,0,484081,1
1699809,483491,0,484083,1
1699860,483505,0,484137,1
1699910,483520,0,484158,0
1699960,483532,0,484164,1
1700012,483553,0,484181,0
1700062,483565,0,484197,0
1700114,483577,0,484213,1
1700166,483593,0,484274,1
1700224,483605,0,484288,1
1700274,483621,0,484293,1
1700324,483636,0,484306,1
1700378,483648,0,484328,0
1700429,483662,0,484337,1
1700479,483677,0,484350,2
1700530,483692,0,484361,1
1700581,483713,0,484378,1
1700631,483724,0,484398,1
1700682,483743,0,484405,1
1700732,483756,0,484420,0
1700783,483770,0,484435,1
1700833,483783,0,484450,0
1700883,483797,0,484464,0
1700933,483810,0,484484,1
1700984,483824,0,484498,1
1701034,483836,0,484515,0
1701089,483849,0,484532,1
1701140,483866,0,484538,1
1701191,483881,0,484548,1
1701242,483895,0,484555,1
1701297,483914,0,484560,1
1701348,483929,0,484585,1
1701398,483948,0,484593,1
1701449,483958,0,484605,0
1701500,483973,0,484611,1
1701552,483987,0,484624,1
1701602,483999,0,484637,0
1701652,484014,0,484661,1
1701704,484029,0,484684,1
1701754,484041,0,484700,1
1701805,484054,0,484711,1
1701859,484070,0,484726,0
1701909,484086,0,484738,1
1701959,484099,0,484757,1
1702010,484120,0,484768,2
1702060,484131,0,484786,0
1702110,484148,0,484790,1
1702161,484163,0,484805,3
1702214,484176,0,484810,1
1702265,484192,0,484829,1
1702315,484202,0,484853,0
1702365,484219,0,484859,1
1702415,484233,0,484882,1
1702466,484246,0,484906,1
1702516,484259,0,484928,0
1702566,484271,0,484932,1
1702616,484288,0,484943,1
1702667,484301,0,484957,1
1702719,484321,0,484965,0
1702770,484333,0,484990,1
1702820,484351,0,484996,1
1702871,484366,0,485020,1
1702922,484378,0,485034,1
1702972,484393,0,485052,1
1703022,484403,0,485073,1
1703081,484421,0,485090,1
1703131,484436,0,485107,0
1703182,484448,0,485132,0
1703233,484461,0,485148,1
1703285,484477,0,485161,1
1703344,484491,0,485172,1
1703395,484510,0,485179,0
1703448,484526,0,485199,1
1703502,484541,0,485209,1
1703552,484558,0,485218,0
1703602,484572,0,485231,0
1703652,484586,0,485245,1
1703702,484599,0,485264,1
1703753,484612,0,485283,0
1703808,484627,0,485299,1
1703861,484641,0,485305,1
1703911,484654,0,485319,0
1703965,484670,0,485327,1
1704017,484686,0,485343,1
1704067,484700,0,485351,5
1704117,484720,0,485371,1
1704169,484732,0,485390,1
1704221,484750,0,485398,0
1704277,484761,0,485411,1
1704332,484778,0,485432,1
1704383,484795,0,485438,0
1704433,484806,0,485454,1
1704488,484821,0,485466,1
1704540,484834,0,485475,1
1704590,484848,0,485481,0
1704648,484862,0,485501,1
1704700,484881,0,485513,0
1704752,484891,0,485522,1
1704805,484912,0,485526,1
1704855,484927,0,485544,0
1704907,484941,0,485562,1
1704957,484959,0,485577,1
1705012,484971,0,485583,1
1705067,484986,0,485590,1
1705120,485002,0,485609,0
1705171,485016,0,485621,3
1705224,485031,0,485636,1
1705274,485045,0,485644,2
1705324,485059,0,485670,0
1705376,485072,0,485685,1
1705426,485086,0,485700,0
1705476,485097,0,485712,1
1705528,485123,0,485712,1
1705578,485136,0,485724,1
1705630,485151,0,485737,1
1705681,485161,0,485751,1
1705733,485176,0,485767,1
1705784,485192,0,485784,1
1705836,485206,0,485793,1
1705891,485221,0,485809,1
1705941,485233,0,485832,1
1705995,485248,0,485848,0
1706048,485261,0,485862,1
1706098,485278,0,485867,2
1706154,485290,0,485879,0
1706204,485308,0,485889,2
1706255,485326,0,485897,1
1706305,485340,0,485907,1
1706355,485357,0,485910,1
1706406,485369,0,485935,1
1706458,485383,0,485955,1
1706508,485399,0,485969,1
1706563,485411,0,485985,0
1706618,485427,0,485993,1
1706669,485442,0,486010,1
1706720,485456,0,486032,1
1706772,485466,0,486044,0
1706823,485485,0,486060,1
1706873,485494,0,486071,1
1706926,485514,0,486086,1
1706977,485531,0,486098,1
1707027,485547,0,486124,0
1707078,485560,0,486141,0
1707128,485574,0,486162,1
1707182,485589,0,486167,1
1707233,485603,0,486171,0
1707283,485619,0,486187,0
1707333,485632,0,486201,1
1707384,485646,0,486213,1
1707436,485660,0,486223,0
1707487,485670,0,486237,1
1707538,485687,0,486246,1
1707588,485702,0,486262,3
1707639,485718,0,486277,1
1707693,485736,0,486293,1
1707743,485751,0,486295,2
1707793,485763,0,486312,1
1707843,485778,0,486329,0
1707897,485791,0,486345,1
1707951,485808,0,486355,1
1708001,485822,0,486364,0
1708053,485835,0,486383,1
1708103,485848,0,486396,0
1708153,485862,0,486413,1
1708203,485877,0,486425,1
1708253,485890,0,486439,0
1708303,485906,0,486446,0
1708354,485921,0,486455,1
1708406,485938,0,486476,1
1708456,485951,0,486487,0
1708507,485965,0,486500,1
1708559,485982,0,486515,0
1708609,485997,0,486533,0
1708663,486010,0,486541,1
1708713,486026,0,486556,1
1708763,486036,0,486574,0
1708813,486049,0,486591,0
1708863,486065,0,486603,1
1708914,486081,0,486618,2
1708964,486092,0,486637,2
1709021,486108,0,486646,1
1709079,486127,0,486651,1
1709129,486142,0,486668,1
1709183,486158,0,486680,1
1709234,486175,0,486703,1
1709284,486189,0,486722,1
1709334,486203,0,486737,1
1709388,486215,0,486755,1
1709438,486232,0,486773,0
1709489,486245,0,486781,1
1709540,486258,0,486801,1
1709593,486269,0,486819,0
1709643,486286,0,486838,0
1709695,486300,0,486860,1
1709747,486315,0,486870,1
1709800,486335,0,486884,1
1709852,486348,0,486901,1
1709902,486364,0,486926,0
1709952,486379,0,486938,1
1710002,486392,0,486947,1
1710057,486407,0,486952,1
1710110,486421,0,486960,1
1710161,486434,0,486974,1
1710213,486449,0,486987,0
1710266,486464,0,487004,1
1710316,486479,0,487018,1
1710366,486492,0,487034,1
1710416,486506,0,487045,1
1710467,486518,0,487055,1
1710518,486539,0,487065,1
1710571,486554,0,487083,1
1710622,486568,0,487108,0
1710673,486584,0,487119,0
1710724,486599,0,487139,1
1710774,486611,0,487160,1
1710825,486626,0,487174,0
1710877,486640,0,487184,0
1710931,486655,0,487208,1
1710982,486667,0,487223,1
1711035,486682,0,487233,1
1711085,486696,0,487242,0
1711135,486712,0,487254,0
1711185,486726,0,487274,3
1711238,486743,0,487285,1
1711290,486760,0,487295,2
1711341,486773,0,487312,1
1711391,486789,0,487336,0
1711441,486802,0,487352,1
1711493,486814,0,487381,0
1711544,486832,0,487394,0
1711594,486845,0,487403,1
1711649,486858,0,487420,1
1711703,486870,0,487437,1
1711755,486888,0,487461,1
1711806,486898,0,487473,0
1711861,486915,0,487536,1
1711914,486931,0,487543,1
1711966,486950,0,487548,1
1712019,486966,0,487555,0
1712071,486983,0,487559,1
1712121,486998,0,487575,0
1712176,487010,0,487585,1
1712226,487026,0,487592,2
1712280,487035,0,487610,1
1712330,487054,0,487625,1
1712383,487066,0,487640,1
1712433,487081,0,487662,0
1712484,487093,0,487675,1
1712536,487111,0,487691,1
1712592,487121,0,487708,1
1712643,487144,0,487767,1
1712693,487159,0,487788,3
1712745,487173,0,487807,1
1712797,487189,0,487823,0
1712847,487199,0,487823,1
1712897,487214,0,487839,0
1712947,487232,0,487900,0
1713000,487245,0,487914,1
1713051,487258,0,487928,1
1713101,487269,0,487951,0
1713151,487287,0,487969,1
1713211,487298,0,487983,1
1713261,487315,0,487991,1
1713313,487330,0,488001,1
1713364,487349,0,488013,0
1713414,487363,0,488023,1
1713464,487378,0,488034,1
1713521,487390,0,488053,1
1713574,487409,0,488064,0
1713626,487424,0,488085,1
1713680,487434,0,488099,1
1713730,487452,0,488106,1
1713782,487464,0,488122,1
1713832,487479,0,488125,2
1713883,487492,0,488136,0
1713933,487508,0,488155,3
1713984,487520,0,488163,1
1714034,487538,0,488173,2
1714086,487554,0,488176,0
1714139,487570,0,488187,1
1714191,487586,0,488200,1
1714243,487597,0,488221,0
1714294,487613,0,488241,1
1714352,487630,0,488253,1
1714403,487642,0,488265,1
1714460,487658,0,488282,1
1714512,487671,0,488304,0
1714562,487689,0,488322,1
1714612,487699,0,488337,2
1714663,487715,0,488349,1
1714714,487727,0,488363,1
1714764,487749,0,488380,0
1714814,487761,0,488393,1
1714864,487777,0,488402,2
1714916,487789,0,488424,0
1714968,487804,0,488437,1
1715022,487819,0,488445,1
1715072,487833,0,488459,0
1715122,487850,0,488474,1
1715172,487862,0,488498,0
1715223,487871,0,488520,0
1715276,487892,0,488527,0
1715328,487901,0,488550,1
1715378,487916,0,488571,0
1715430,487931,0,488579,1
1715480,487953,0,488593,1
1715530,487966,0,488606,2
1715581,487979,0,488625,1
1715632,487991,0,488638,1
1715682,488007,0,488657,0
1715732,488023,0,488679,1
1715783,488033,0,488699,0
1715833,488051,0,488706,1
1715887,488064,0,488716,1
1715937,488074,0,488724,1
1715987,488093,0,488739,0
1716040,488105,0,488754,1
1716092,488118,0,488769,1
1716144,488139,0,488787,1
1716197,488155,0,488802,1
1716247,488170,0,488821,0
1716301,488184,0,488835,1
1716351,488197,0,488851,0
1716403,488214,0,488863,1
1716454,488229,0,488880,1
1716508,488239,0,488892,1
1716561,488257,0,488906,0
1716613,488270,0,488926,1
1716663,488287,0,488930,3
1716715,488296,0,488954,1
1716765,488314,0,488966,1
1716824,488326,0,488979,1
1716875,488350,0,488987,0
1716926,488363,0,489004,0
1716976,488378,0,489010,0
1717026,488390,0,489031,0
1717076,488404,0,489036,1
1717128,488420,0,489054,1
1717180,488433,0,489071,0
1717232,488450,0,489083,1
1717283,488462,0,489096,1
1717334,488472,0,489116,1
1717386,488492,0,489129,0
1717436,488503,0,489147,2
1717488,488517,0,489158,1
1717538,488531,0,489168,1
1717595,488554,0,489171,1
1717645,488569,0,489195,0
1717699,488582,0,489212,1
1717753,488594,0,489233,1
1717804,488612,0,489238,1
1717854,488628,0,489247,1
1717905,488637,0,489260,1
1717958,488657,0,489266,1
1718008,488668,0,489280,0
1718061,488680,0,489301,1
1718113,488695,0,489319,0
1718164,488710,0,489339,1
1718214,488724,0,489356,0
1718265,488741,0,489365,1
1718316,488759,0,489373,0
1718369,488772,0,489386,1
1718419,488789,0,489396,0
1718477,488797,0,489415,1
1718530,488819,0,489421,1
1718583,488833,0,489439,0
1718634,488846,0,489453,1
1718684,488860,0,489472,1
1718737,488872,0,489489,1
1718788,488892,0,489497,1
1718838,488902,0,489513,1
1718888,488917,0,489522,1
1718939,488929,0,489540,0
1718989,488953,0,489545,0
1719042,488965,0,489562,1
1719092,488981,0,489575,0
1719144,488990,0,489603,0
1719194,489007,0,489620,1
1719248,489021,0,489640,1
1719298,489034,0,489652,1
1719349,489049,0,489663,1
1719400,489064,0,489682,1
1719451,489075,0,489702,0
1719501,489095,0,489708,3
1719552,489107,0,489722,1
1719602,489118,0,489733,0
1719652,489132,0,489739,2
1719702,489153,0,489745,0
1719754,489168,0,489765,1
1719814,489184,0,489780,1
1719867,489196,0,489793,0
1719919,489212,0,489800,1
1719969,489230,0,489810,3
1720020,489241,0,489826,1
1720073,489256,0,489838,1
1720124,489269,0,489854,1
1720174,489283,0,489872,0
1720226,489296,0,489889,1
1720276,489313,0,489895,1
1720326,489326,0,489917,3
1720380,489344,0,489941,1
1720434,489362,0,489941,1
1720484,489375,0,489948,1
1720538,489390,0,489959,0
1720589,489399,0,489978,1
1720641,489420,0,489994,1
1720694,489433,0,490011,0
1720744,489447,0,490023,0
1720795,489462,0,490042,1
1720846,489475,0,490055,1
1720897,489487,0,490070,1
1720947,489503,0,490070,1
1720997,489517,0,490086,0
1721051,489530,0,490096,1
1721101,489550,0,490106,1
1721151,489566,0,490120,1
1721201,489582,0,490131,1
1721253,489591,0,490151,0
1721303,489605,0,490168,2
1721357,489620,0,490176,1
1721408,489636,0,490241,1
1721459,489649,0,490260,1
1721510,489665,0,490265,0
1721561,489677,0,490282,1
1721611,489692,0,490290,0
1721662,489705,0,490307,0
1721717,489719,0,490330,0
1721767,489735,0,490350,1
1721818,489755,0,490358,1
1721869,489769,0,490365,0
1721919,489784,0,490387,0
1721969,489796,0,490406,1
1722019,489808,0,490420,1
1722069,489825,0,490435,1
1722120,489839,0,490446,0
1722171,489851,0,490459,1
1722222,489866,0,490470,0
1722274,489878,0,490485,1
1722325,489895,0,490491,0
1722375,489910,0,490509,3
1722425,489921,0,490519,1
1722477,489938,0,490527,2
1722527,489957,0,490536,0
1722577,489969,0,490546,0
1722627,489986,0,490558,0
1722679,489996,0,490579,0
1722729,490011,0,490605,0
1722780,490026,0,490621,0
1722831,490041,0,490635,1
1722882,490056,0,490654,0
1722932,490066,0,490715,0
1722982,490080,0,490725,0
1723036,490097,0,490738,1
1723086,490111,0,490759,0
1723147,490125,0,490775,1
1723199,490146,0,490783,1
1723249,490165,0,490804,1
1723301,490178,0,490821,1
1723355,490191,0,490839,1
1723414,490203,0,490856,1
1723468,490221,0,490869,1
1723518,490238,0,490881,1
1723573,490250,0,490900,1
1723623,490266,0,490914,1
1723674,490277,0,490932,0
1723724,490294,0,490941,1
1723775,490307,0,490948,0
1723826,490320,0,490967,0
1723876,490333,0,490973,1
1723927,490355,0,490975,1
1723980,490369,0,490988,0
1724030,490385,0,490999,1
1724081,490396,0,491013,0
1724133,490409,0,491033,1
1724187,490427,0,491044,1
1724246,490442,0,491070,1
1724296,490458,0,491084,0
1724346,490470,0,491101,1
1724397,490483,0,491120,1
1724448,490499,0,491137,1
1724500,490514,0,491155,1
1724550,490525,0,491174,1
1724601,490540,0,491190,1
1724651,490565,0,491200,1
1724705,490576,0,491221,1
1724755,490590,0,491224,0
1724807,490602,0,491242,0
1724857,490618,0,491253,3
1724908,490633,0,491265,0
1724961,490645,0,491276,1
1725012,490661,0,491284,0
1725067,490675,0,491307,0
1725120,490686,0,491319,1
1725170,490704,0,491327,0
1725220,490719,0,491341,1
1725270,490732,0,491352,2
1725320,490752,0,491362,1
1725372,490768,0,491371,1
1725426,490782,0,491380,1
1725479,490796,0,491394,1
1725529,490807,0,491412,0
1725580,490824,0,491431,1
1725631,490839,0,491440,0
1725681,490852,0,491459,1
1725732,490866,0,491473,0
1725782,490878,0,491485,0
1725835,490891,0,491497,1
1725887,490909,0,491502,0
1725937,490920,0,491510,0
1725990,490935,0,491531,1
1726040,490955,0,491534,1
1726090,490970,0,491542,1
1726142,490984,0,491561,0
1726192,490998,0,491579,1
1726243,491011,0,491598,1
1726294,491028,0,491612,1
1726344,491041,0,491626,0
1726394,491056,0,491638,1
1726445,491068,0,491652,1
1726495,491082,0,491667,1
1726547,491093,0,491686,1
1726597,491111,0,491698,0
1726647,491121,0,491712,1
1726698,491137,0,491734,1
1726749,491158,0,491749,1
1726801,491173,0,491769,1
1726853,491187,0,491783,1
1726903,491200,0,491799,0
1726956,491213,0,491808,1
1727007,491231,0,491819,1
1727057,491242,0,491833,0
1727107,491258,0,491839,0
1727157,491269,0,491845,1
1727209,491284,0,491859,1
1727263,491298,0,491876,1
1727317,491315,0,491885,1
1727367,491326,0,491900,2
1727417,491345,0,491908,2
1727467,491366,0,491915,1
1727517,491376,0,491929,0
1727568,491392,0,491939,1
1727618,491402,0,491957,0
1727668,491414,0,491966,1
1727719,491434,0,491974,0
1727771,491445,0,491998,1
1727821,491459,0,492018,0
1727875,491474,0,492027,1
1727925,491485,0,492044,0
1727976,491502,0,492047,1
1728026,491519,0,492071,0
1728076,491530,0,492094,2
1728132,491547,0,492108,1
1728182,491568,0,492116,1
1728232,491581,0,492137,1
1728282,491595,0,492149,0
1728334,491605,0,492166,1
1728385,491620,0,492188,1
1728437,491639,0,492205,1
1728490,491650,0,492225,1
1728542,491666,0,492238,1
1728592,491679,0,492243,1
1728643,491688,0,492304,2
1728693,491707,0,492318,2
1728745,491720,0,492374,0
1728797,491735,0,492395,1
1728847,491750,0,492404,1
1728898,491771,0,492410,1
1728949,491786,0,492431,1
1728999,491798,0,492448,0
1729050,491809,0,492464,0
1729100,491827,0,492475,1
1729150,491841,0,492483,0
1729200,491852,0,492503,0
1729250,491868,0,492520,1
1729301,491882,0,492535,1
1729351,491891,0,492559,3
1729401,491910,0,492574,1
1729454,491920,0,492593,0
1729509,491934,0,492598,1
1729559,491953,0,492603,1
1729611,491975,0,492608,1
1729662,491988,0,492625,1
1729713,491999,0,492636,0
1729764,492012,0,492650,0
1729818,492031,0,492657,1
1729868,492044,0,492672,1
1729918,492056,0,492683,2
1729968,492071,0,492698,0
1730018,492084,0,492710,0
1730068,492096,0,492717,1
1730119,492114,0,492727,0
1730171,492124,0,492747,1
1730223,492139,0,492761,1
1730273,492160,0,492769,1
1730323,492177,0,492778,0
1730374,492190,0,492790,1
1730424,492202,0,492806,2
1730474,492214,0,492823,1
1730524,492233,0,492838,1
1730574,492245,0,492851,1
1730624,492259,0,492868,2
1730674,492272,0,492882,1
1730725,492285,0,492895,0
1730775,492299,0,492905,2
1730829,492315,0,492918,1
1730880,492325,0,492934,1
1730933,492340,0,492953,1
1730983,492363,0,492961,2
1731033,492380,0,492980,1
1731083,492394,0,493003,1
1731137,492404,0,493018,1
1731190,492416,0,493030,1
1731242,492434,0,493030,1
1731292,492448,0,493038,1
1731342,492461,0,493042,1
1731395,492476,0,493054,0
1731447,492486,0,493066,1
1731497,492506,0,493070,2
1731547,492520,0,493074,0
1731597,492532,0,493100,3
1731650,492550,0,493114,1
1731704,492570,0,493124,1
1731756,492586,0,493131,0
1731806,492598,0,493141,1
1731856,492610,0,493167,0
1731906,492619,0,493190,1
1731959,492636,0,493195,1
1732011,492652,0,493207,0
1732061,492666,0,493230,1
1732119,492681,0,493235,1
1732174,492693,0,493255,1
1732230,492714,0,493263,1
1732280,492725,0,493282,1
1732332,492737,0,493304,1
1732383,492757,0,493304,1
1732436,492780,0,493308,1
1732486,492792,0,493318,1
1732539,492804,0,493341,1
1732592,492815,0,493355,0
1732642,492828,0,493361,1
1732693,492847,0,493370,0
1732743,492861,0,493377,3
1732793,492876,0,493384,1
1732846,492885,0,493399,0
1732896,492899,0,493409,1
1732951,492919,0,493411,1
1733002,492932,0,493429,0
1733052,492940,0,493447,1
1733103,492961,0,493447,1
1733162,492983,0,493447,1
1733214,492998,0,493471,0
1733264,493011,0,493482,0
1733314,493017,0,493503,0
1733367,493034,0,493508,1
1733420,493052,0,493513,0
1733472,493069,0,493525,2
1733522,493081,0,493539,1
1733572,493092,0,493562,0
1733623,493110,0,493580,1
1733680,493123,0,493600,1
1733734,493137,0,493611,1
1733784,493152,0,493619,2
1733835,493171,0,493626,1
1733887,493191,0,493638,1
1733937,493199,0,493657,0
1733991,493215,0,493664,1
1734041,493225,0,493693,1
1734091,493244,0,493702,1
1734150,493257,0,493719,1
1734200,493276,0,493739,1
1734250,493286,0,493754,1
1734301,493298,0,493769,1
1734351,493319,0,493780,1
1734401,493331,0,493795,2
1734452,493339,0,493808,1
1734503,493359,0,493828,1
1734553,493376,0,493853,1
1734604,493397,0,493862,0
1734655,493409,0,493882,3
1734705,493417,0,493900,0
1734755,493429,0,493918,0
1734805,493445,0,493927,1
1734855,493458,0,493938,1
1734907,493477,0,493945,1
1734958,493488,0,493964,1
1735008,493499,0,493970,2
1735064,493521,0,493972,1
1735114,493533,0,493991,2
1735165,493542,0,494011,0
1735215,493563,0,494033,1
1735266,493580,0,494039,1
1735317,493598,0,494046,0
1735370,493611,0,494062,1
1735423,493619,0,494099,1
1735473,493636,0,494113,1
1735523,493650,0,494123,2
1735573,493663,0,494132,0
1735626,493682,0,494204,1
1735676,493692,0,494219,1
1735729,493707,0,494228,1
1735781,493723,0,494235,1
1735831,493736,0,494253,0
1735881,493749,0,494263,1
1735932,493767,0,494275,1
1735982,493787,0,494289,1
1736032,493798,0,494352,0
1736086,493813,0,494365,1
1736140,493821,0,494385,1
1736191,493838,0,494399,1
1736242,493853,0,494410,1
1736292,493871,0,494424,2
1736343,493885,0,494446,0
1736394,493896,0,494472,0
1736447,493913,0,494479,1
1736498,493928,0,494542,1
1736548,493938,0,494555,1
1736598,493953,0,494567,1
1736648,493973,0,494577,1
1736699,493990,0,494598,1
1736750,494001,0,494618,1
1736800,494016,0,494629,1
1736854,494025,0,494666,1
1736904,494041,0,494685,1
1736955,494057,0,494694,1
1737010,494076,0,494700,1
1737061,494087,0,494706,1
1737111,494098,0,494721,1
1737162,494117,0,494748,0
1737212,494131,0,494766,0
1737263,494141,0,494787,1
1737315,494160,0,494798,3
1737366,494178,0,494810,1
1737416,494197,0,494817,3
1737469,494207,0,494825,1
1737522,494218,0,494839,1
1737573,494231,0,494854,1
1737623,494245,0,494872,0
1737676,494261,0,494876,1
1737728,494280,0,494891,1
1737781,494290,0,494904,1
1737832,494305,0,494916,1
1737883,494318,0,494916,1
1737936,494336,0,494926,1
1737986,494347,0,494948,0
1738036,494367,0,494960,1
1738086,494385,0,494975,2
1738136,494398,0,494993,0
1738189,494413,0,495012,1
1738241,494420,0,495034,0
1738300,494436,0,495049,1
1738352,494452,0,495055,1
1738405,494472,0,495057,1
1738455,494485,0,495074,0
1738506,494497,0,495085,0
1738556,494512,0,495109,3
1738606,494528,0,495119,4
1738658,494539,0,495131,0
1738708,494554,0,495154,2
1738758,494572,0,495156,2
1738808,494591,0,495221,0
1738858,494604,0,495235,2
1738908,494617,0,495254,2
1738958,494624,0,495268,1
1739008,494638,0,495276,1
1739058,494654,0,495294,1
1739108,494674,0,495300,2
1739158,494685,0,495317,0
1739213,494697,0,495336,0
1739263,494712,0,495354,0
1739319,494731,0,495374,0
1739371,494742,0,495396,1
1739422,494760,0,495408,1
1739472,494775,0,495415,1
1739522,494794,0,495421,1
1739573,494806,0,495437,0
1739623,494817,0,495454,0
1739675,494829,0,495481,0
1739725,494845,0,495496,0
1739776,494856,0,495513,1
1739826,494877,0,495513,1
1739878,494888,0,495527,1
1739930,494904,0,495551,1
1739986,494917,0,495565,1
1740036,494933,0,495575,0
1740087,494946,0,495590,1
1740137,494964,0,495598,1
1740189,494985,0,495608,2
1740239,494998,0,495617,0
1740289,495011,0,495637,1
1740343,495019,0,495661,0
1740394,495033,0,495669,1
1740448,495050,0,495679,1
1740498,495063,0,495695,0
1740554,495083,0,495702,1
1740605,495096,0,495711,1
1740657,495109,0,495729,1
1740708,495122,0,495743,0
1740758,495139,0,495749,1
1740814,495152,0,495763,1
1740867,495171,0,495765,1
1740918,495193,0,495768,0
1740968,495206,0,495792,0
1741019,495217,0,495805,0
1741069,495225,0,495822,0
1741119,495240,0,495829,1
1741171,495254,0,495835,1
1741222,495270,0,495850,1
1741272,495287,0,495865,0
1741323,495300,0,495882,0
1741374,495311,0,495912,1
1741424,495326,0,495969,1
1741474,495342,0,495980,1
1741526,495357,0,495997,1
1741576,495374,0,496016,1
1741626,495390,0,496022,1
1741679,495407,0,496037,1
1741731,495418,0,496059,0
1741781,495429,0,496073,1
1741831,495442,0,496080,2
1741884,495457,0,496092,1
1741937,495473,0,496103,1
1741994,495490,0,496124,1
1742044,495504,0,496137,1
1742095,495517,0,496159,0
1742145,495532,0,496175,2
1742196,495547,0,496195,0
1742249,495564,0,496208,1
1742299,495582,0,496223,1
1742350,495598,0,496237,0
1742401,495613,0,496249,1
1742451,495620,0,496269,1
1742501,495631,0,496286,0
1742551,495649,0,496297,1
1742601,495662,0,496309,1
1742651,495674,0,496319,1
1742703,495692,0,496330,1
1742757,495705,0,496340,1
1742808,495719,0,496349,1
1742860,495738,0,496365,0
1742914,495751,0,496379,1
1742964,495770,0,496402,1
1743016,495785,0,496417,0
1743067,495803,0,496436,1
1743118,495817,0,496454,2
1743172,495823,0,496475,1
1743223,495838,0,496494,1
1743278,495854,0,496517,1
1743328,495868,0,496534,1
1743379,495880,0,496537,1
1743429,495895,0,496541,1
1743484,495913,0,496551,1
1743534,495927,0,496566,0
1743585,495943,0,496572,0
1743640,495960,0,496590,1
1743690,495978,0,496606,2
1743740,495994,0,496616,1
1743790,496007,0,496628,0
1743844,496018,0,496644,0
1743897,496030,0,496669,0
1743951,496045,0,496682,1
1744007,496061,0,496689,1
1744057,496073,0,496709,1
1744107,496089,0,496713,1
1744157,496104,0,496737,0
1744214,496119,0,496760,1
1744264,496135,0,496764,1
1744314,496150,0,496784,0
1744366,496168,0,496794,1
1744416,496183,0,496798,2
1744466,496201,0,496802,1
1744518,496216,0,496815,1
1744571,496222,0,496833,0
1744621,496235,0,496854,1
1744672,496253,0,496860,0
1744726,496267,0,496876,1
1744778,496279,0,496900,1
1744828,496294,0,496911,0
1744882,496311,0,496922,1
1744932,496324,0,496943,2
1744985,496343,0,496951,1
1745036,496357,0,496962,1
1745094,496373,0,496974,1
1745146,496393,0,496985,1
1745196,496408,0,497004,1
1745246,496418,0,497015,0
1745296,496430,0,497028,0
1745348,496440,0,497043,1
1745401,496459,0,497060,1
1745451,496471,0,497085,1
1745503,496482,0,497103,1
1745557,496504,0,497106,1
1745609,496518,0,497124,0
1745660,496533,0,497141,1
1745711,496550,0,497154,1
1745761,496567,0,497167,2
1745811,496578,0,497186,1
1745862,496599,0,497190,1
1745912,496612,0,497211,2
1745962,496620,0,497232,0
1746013,496632,0,497250,0
1746063,496644,0,497264,1
1746114,496661,0,497277,1
1746165,496674,0,497299,1
1746218,496687,0,497317,1
1746273,496705,0,497327,1
1746323,496720,0,497341,0
1746374,496736,0,497356,0
1746425,496752,0,497367,1
1746476,496768,0,497380,0
1746527,496784,0,497394,0
1746583,496803,0,497405,1
1746634,496815,0,497418,1
1746684,496823,0,497442,1
1746735,496837,0,497464,0
1746785,496853,0,497471,0
1746836,496867,0,497485,1
1746889,496880,0,497497,1
1746939,496895,0,497506,2
1746990,496911,0,497520,1
1747040,496925,0,497534,1
1747091,496943,0,497545,1
1747143,496956,0,497573,1
1747195,496972,0,497581,0
1747245,496988,0,497594,3
1747295,497007,0,497601,0
1747350,497018,0,497614,0
1747401,497028,0,497634,1
1747453,497039,0,497654,1
1747503,497057,0,497655,0
1747555,497071,0,497664,1
1747605,497081,0,497681,1
1747655,497098,0,497695,1
1747705,497115,0,497709,1
1747755,497129,0,497725,1
1747806,497145,0,497731,1
1747858,497158,0,497738,1
1747911,497174,0,497758,0
1747962,497198,0,497764,1
1748012,497209,0,497773,0
1748062,497220,0,497790,1
1748114,497232,0,497808,0
1748168,497242,0,497821,1
1748225,497260,0,497834,1
1748275,497275,0,497841,0
1748327,497289,0,497849,1
1748379,497304,0,497866,0
1748432,497321,0,497878,1
1748483,497334,0,497881,1
1748535,497354,0,497890,1
1748587,497369,0,497904,0
1748638,497384,0,497910,0
1748689,497403,0,497921,1
1748740,497416,0,497933,1
1748790,497424,0,497953,0
1748842,497438,0,497968,0
1748897,497454,0,497984,1
1748947,497466,0,497999,0
1749001,497480,0,498009,0
1749052,497495,0,498032,1
1749106,497515,0,498049,1
1749158,497527,0,498058,0
1749208,497542,0,498073,1
1749262,497558,0,498082,1
1749314,497574,0,498096,0
1749365,497590,0,498106,1
1749416,497610,0,498110,1
1749466,497620,0,498129,0
1749516,497629,0,498201,1
1749569,497641,0,498222,1
1749619,497659,0,498242,1
1749669,497673,0,498256,1
1749720,497684,0,498277,1
1749770,497700,0,498295,1
1749822,497718,0,498311,1
1749873,497731,0,498333,0
1749923,497750,0,498346,2
1749973,497763,0,498368,2
1750025,497776,0,498395,1
1750075,497793,0,498405,1
1750125,497812,0,498414,1
1750175,497822,0,498437,0
1750225,497834,0,498457,2
1750275,497843,0,498473,2
1750327,497859,0,498488,0
1750379,497875,0,498504,1
1750429,497887,0,498536,1
1750479,497904,0,498548,1
1750529,497920,0,498559,0
1750584,497933,0,498583,0
1750635,497953,0,498589,2
1750686,497967,0,498600,1
1750736,497981,0,498618,2
1750786,497997,0,498630,2
1750836,498014,0,498642,1
1750887,498022,0,498660,0
1750941,498037,0,498680,1
1750993,498052,0,498703,1
1751043,498062,0,498718,1
1751094,498078,0,498736,1
1751148,498094,0,498757,1
1751201,498107,0,498771,0
1751255,498124,0,498782,0
1751308,498140,0,498801,1
1751359,498157,0,498816,1
1751410,498172,0,498826,1
1751462,498187,0,498843,0
1751512,498205,0,498860,2
1751566,498218,0,498880,0
1751617,498227,0,498894,1
1751669,498241,0,498910,1
1751719,498257,0,498917,1
1751769,498271,0,498926,1
1751820,498283,0,498939,1
1751870,498298,0,498946,1
1751920,498313,0,498958,1
1751972,498331,0,498966,1
1752022,498343,0,498985,1
1752078,498360,0,498996,1
1752129,498376,0,499008,1
1752180,498392,0,499024,1
1752234,498412,0,499032,1
1752286,498422,0,499058,0
1752337,498432,0,499073,1
1752388,498444,0,499090,1
1752440,498460,0,499101,0
1752491,498476,0,499122,0
1752545,498489,0,499142,1
1752595,498506,0,499158,0
1752651,498523,0,499166,1
1752707,498536,0,499180,1
1752757,498556,0,499192,1
1752808,498571,0,499202,1
1752860,498587,0,499213,0
1752914,498604,0,499228,1
1752965,498618,0,499238,1
1753017,498626,0,499254,1
1753067,498640,0,499272,0
1753117,498655,0,499278,1
1753168,498669,0,499296,1
1753219,498682,0,499318,0
1753270,498696,0,499336,1
1753321,498709,0,499396,0
1753371,498730,0,499407,2
1753421,498742,0,499423,1
1753471,498758,0,499433,0
1753524,498773,0,499451,1
1753574,498789,0,499462,1
1753624,498803,0,499465,2
1753674,498818,0,499474,1
1753725,498828,0,499501,0
1753778,498842,0,499528,1
1753829,498859,0,499538,1
1753879,498872,0,499545,1
1753930,498883,0,499568,1
1753983,498901,0,499588,1
1754033,498915,0,499607,3
1754083,498933,0,499622,1
1754134,498946,0,499635,1
1754184,498960,0,499653,1
1754237,498976,0,499662,1
1754287,498993,0,499681,1
1754340,499009,0,499696,1
1754392,499022,0,499714,0
1754443,499033,0,499745,1
1754500,499044,0,499757,1
1754550,499062,0,499762,1
1754600,499076,0,499773,0
1754656,499088,0,499788,1
1754709,499106,0,499793,1
1754759,499121,0,499802,1
1754813,499136,0,499818,1
1754863,499157,0,499828,1
1754914,499169,0,499845,1
1754965,499187,0,499852,0
1755018,499199,0,499874,0
1755068,499216,0,499883,1
1755120,499226,0,499896,1
1755170,499239,0,499908,1
1755221,499252,0,499926,1
1755276,499267,0,499932,1
1755326,499280,0,499934,1
1755377,499293,0,499946,1
1755430,499311,0,499957,1
1755480,499328,0,499971,2
1755531,499339,0,499974,1
1755582,499359,0,499980,0
1755632,499374,0,499999,1
1755683,499390,0,500013,1
1755735,499403,0,500036,1
1755785,499419,0,500045,1
1755836,499431,0,500061,0
1755888,499442,0,500077,0
1755942,499459,0,500095,1
1755992,499471,0,500112,2
1756047,499485,0,500124,0
1756098,499499,0,500135,1
1756148,499516,0,500150,1
1756200,499532,0,500164,1
1756250,499547,0,500176,1
1756303,499563,0,500184,0
1756353,499583,0,500189,2
1756405,499596,0,500259,0
1756458,499608,0,500272,1
1756508,499624,0,500277,2
1756562,499635,0,500292,1
1756612,499647,0,500313,2
1756664,499666,0,500321,1
