time,aceptados,rechazados_lleno,rechazados_tasa,ocupacion_buffer
2,1,0,0,1
52,36,0,0,30
102,71,0,0,59
152,98,0,0,80
205,112,0,0,88
255,148,0,0,118
306,178,0,0,142
356,191,12,0,150
406,195,42,0,150
456,200,58,8,147
509,200,58,33,140
560,200,58,62,131
610,200,58,148,122
669,200,58,173,113
719,200,58,194,106
769,200,58,212,98
820,207,58,229,99
871,235,58,229,118
921,264,58,229,142
974,278,75,229,150
1025,283,111,229,150
1081,290,126,229,150
1133,297,145,229,150
1185,303,164,229,150
1235,309,182,229,150
1285,316,202,229,150
1335,322,224,229,150
1385,328,253,229,150
1435,336,272,229,150
1487,346,292,229,150
1538,351,324,229,150
1589,361,337,229,150
1639,368,353,229,150
1690,376,380,229,150
1740,382,403,229,150
1791,386,431,229,150
1842,394,448,229,150
1892,399,477,229,150
1946,406,504,229,150
1999,414,534,229,150
2050,419,556,229,150
2100,428,576,229,150
2150,434,601,229,150
2201,441,620,229,150
2251,446,643,229,150
2301,452,670,229,150
2352,456,689,229,150
2402,462,716,229,150
2452,468,738,229,150
2502,474,757,229,150
2554,481,778,229,150
2605,488,799,229,150
2657,493,838,229,150
2707,499,859,229,150
2757,504,890,229,150
2807,508,907,229,150
2857,514,932,229,150
2908,521,958,229,150
2959,526,988,229,150
3009,534,1014,229,150
3070,541,1027,229,149
3120,549,1044,229,150
3177,555,1074,229,149
3229,563,1091,229,150
3284,567,1113,229,150
3335,574,1132,229,150
3386,582,1147,229,150
3442,589,1169,229,150
3493,597,1190,229,150
3543,602,1205,229,150
3594,610,1226,229,150
3644,616,1253,229,150
3694,622,1271,229,150
3744,629,1299,229,150
3795,633,1331,229,150
3845,638,1356,229,150
3895,644,1384,229,150
3947,648,1409,229,150
3998,655,1432,229,150
4049,664,1451,229,150
4104,672,1475,229,150
4155,680,1501,229,150
4205,685,1521,229,150
4257,689,1540,229,150
4307,695,1551,229,150
4357,703,1568,229,150
4407,708,1577,229,150
4459,713,1595,229,150
4512,721,1609,229,150
4563,727,1631,229,150
4617,732,1661,229,150
4667,737,1688,229,150
4717,743,1715,229,150
4771,751,1733,229,150
4821,756,1751,229,150
4873,762,1781,229,150
4924,769,1800,229,150
4975,774,1824,229,150
5026,781,1839,229,150
5076,789,1855,229,150
5130,796,1920,229,150
5180,803,1938,229,150
5230,809,1962,229,150
5280,816,1978,229,150
5330,821,2000,229,150
5380,827,2025,229,150
5432,833,2057,229,150
5483,840,2073,229,150
5534,846,2089,229,150
5586,852,2105,229,149
5636,859,2139,229,150
5686,866,2160,229,150
5738,871,2180,229,150
5789,877,2193,229,150
5839,884,2212,229,150
5891,891,2230,229,150
5941,897,2250,229,150
5991,906,2272,229,150
6044,913,2302,229,150
6094,920,2320,229,150
6144,925,2341,229,150
6195,929,2360,229,150
6247,934,2386,229,150
6297,941,2417,229,150
6347,946,2446,229,150
6397,952,2465,229,150
6448,960,2495,229,150
6498,968,2516,229,150
6548,973,2543,229,150
6600,979,2573,229,150
6651,986,2595,229,150
6701,991,2619,229,150
6751,996,2637,229,150
6802,1002,2661,229,150
6852,1007,2715,229,150
6902,1013,2758,229,150
6952,1018,2791,229,150
7002,1024,2806,229,150
7052,1031,2827,229,150
7106,1039,2851,229,148
7158,1047,2869,229,150
7208,1054,2883,229,150
7258,1060,2912,229,150
7308,1068,2935,229,150
7359,1076,2952,229,150
7411,1083,2979,229,150
7462,1090,2999,229,150
7513,1095,3028,229,150
7565,1101,3048,229,150
7615,1108,3064,229,150
7670,1115,3131,229,150
7720,1123,3156,229,150
7770,1130,3178,229,150
7820,1135,3205,229,150
7873,1144,3229,229,150
7926,1149,3252,229,150
7976,1156,3266,229,150
8026,1164,3289,229,150
8076,1172,3311,229,150
8126,1180,3333,229,150
8176,1186,3360,229,150
8226,1193,3383,229,150
8279,1199,3411,229,150
8331,1206,3433,229,150
8382,1213,3458,229,150
8432,1220,3477,229,150
8483,1226,3501,229,150
8534,1232,3531,229,150
8587,1238,3549,229,149
8637,1246,3577,229,150
8687,1253,3586,229,150
8737,1261,3607,229,150
8793,1267,3642,229,150
8847,1275,3661,229,150
8897,1286,3687,229,150
8948,1292,3718,229,150
9000,1297,3744,229,150
9050,1308,3759,229,150
9101,1316,3774,229,150
9153,1324,3800,229,150
9204,1330,3821,229,150
9254,1338,3836,229,150
9304,1344,3862,229,150
9357,1351,3883,229,150
9407,1356,3907,229,150
9458,1360,3930,229,150
9509,1367,3950,229,150
9560,1374,3971,229,150
9611,1380,3993,229,150
9663,1387,4011,229,150
9713,1392,4027,229,150
9765,1396,4052,229,150
9818,1401,4072,229,150
9868,1407,4105,229,150
9918,1414,4127,229,150
9970,1421,4145,229,150
10025,1427,4173,229,150
10078,1432,4211,229,150
10130,1437,4237,229,150
10180,1442,4264,229,150
10232,1448,4273,229,150
10282,1455,4296,229,150
10332,1460,4327,229,150
10383,1467,4346,229,150
10433,1472,4370,229,150
10486,1479,4399,229,150
10536,1487,4417,229,150
10586,1491,4436,229,150
10637,1496,4467,229,150
10687,1504,4484,229,150
10737,1510,4507,229,150
10787,1516,4526,229,150
10840,1523,4560,229,150
10892,1530,4580,229,150
10942,1536,4595,229,150
10992,1543,4662,229,150
11042,1549,4678,229,150
11092,1555,4699,229,148
11143,1564,4715,229,150
11196,1569,4737,229,150
11251,1575,4756,229,150
11302,1581,4786,229,150
11353,1588,4803,229,150
11404,1597,4826,229,150
11454,1601,4850,229,150
11505,1607,4859,229,150
11555,1612,4881,229,150
11605,1619,4900,229,150
11655,1626,4923,229,150
11708,1633,4950,229,150
11758,1638,4981,229,150
11808,1646,5007,229,150
11858,1653,5037,229,150
11912,1660,5056,229,150
11962,1666,5077,229,150
12021,1676,5091,229,149
12074,1684,5106,229,150
12126,1691,5125,229,150
12178,1696,5150,229,150
12228,1703,5169,229,150
12279,1711,5189,229,150
12331,1720,5204,229,150
12381,1726,5233,229,150
12434,1735,5250,229,150
12486,1744,5272,229,150
12536,1752,5293,229,150
12593,1759,5308,229,149
12644,1764,5337,229,150
12694,1772,5354,229,150
12746,1779,5377,229,150
12798,1786,5403,229,149
12849,1793,5427,229,150
12901,1803,5454,229,150
12953,1810,5470,229,150
13003,1817,5496,229,150
13053,1821,5525,229,150
13103,1827,5559,229,150
13153,1834,5582,229,150
13206,1840,5604,229,150
13256,1847,5642,229,150
13306,1854,5658,229,150
13356,1858,5682,229,150
13409,1867,5699,229,150
13459,1874,5721,229,150
13510,1880,5738,229,150
13560,1886,5758,229,150
13610,1892,5782,229,150
13663,1898,5809,229,150
13714,1904,5834,229,150
13766,1909,5859,229,150
13818,1914,5880,229,150
13868,1923,5899,229,150
13921,1931,5921,229,150
13972,1938,5940,229,150
14024,1945,5960,229,150
14074,1951,5981,229,150
14125,1957,6001,229,150
14180,1963,6021,229,150
14230,1968,6053,229,150
14280,1973,6080,229,150
14331,1980,6106,229,150
14384,1986,6119,229,149
14437,1992,6147,229,150
14487,1997,6168,229,150
14537,2005,6196,229,150
14588,2012,6222,229,150
14640,2016,6241,229,150
14692,2021,6268,229,150
14743,2028,6280,229,150
14794,2036,6296,229,150
14845,2042,6324,229,150
14898,2049,6349,229,150
14948,2055,6368,229,150
14998,2061,6398,229,150
15049,2066,6417,229,150
15099,2070,6450,229,150
15159,2079,6465,229,149
15209,2086,6482,229,150
15264,2092,6498,229,150
15317,2099,6529,229,150
15367,2105,6548,229,150
15418,2112,6574,229,150
15477,2118,6600,229,148
15529,2127,6612,229,148
15579,2134,6636,229,150
15629,2142,6650,229,149
15682,2148,6681,229,150
15737,2157,6710,229,150
15789,2162,6726,229,150
15839,2169,6743,229,150
15894,2173,6767,229,150
15944,2179,6800,229,150
15995,2186,6823,229,150
16046,2192,6851,229,150
16096,2201,6872,229,150
16146,2207,6892,229,150
16196,2212,6910,229,150
16247,2219,6931,229,150
16298,2225,6954,229,150
16348,2232,6979,229,150
16399,2240,7003,229,150
16451,2248,7030,229,150
16501,2255,7063,229,150
16551,2259,7089,229,150
16601,2267,7113,229,150
16652,2274,7137,229,150
16702,2280,7160,229,150
16756,2286,7175,229,150
16807,2294,7191,229,150
16857,2299,7209,229,150
16907,2304,7235,229,150
16963,2311,7254,229,150
17013,2318,7283,229,150
17063,2324,7304,229,150
17113,2331,7329,229,150
17164,2336,7350,229,150
17214,2342,7380,229,150
17271,2350,7411,229,150
17321,2355,7434,229,150
17372,2360,7508,229,150
17424,2365,7529,229,150
17480,2374,7554,229,150
17530,2380,7584,229,150
17584,2386,7614,229,150
17634,2396,7628,229,150
17684,2403,7654,229,150
17734,2411,7676,229,150
17784,2417,7699,229,150
17834,2423,7714,229,150
17886,2427,7738,229,150
17937,2432,7765,229,150
17987,2441,7786,229,150
18038,2449,7803,229,150
18088,2453,7828,229,150
18139,2458,7845,229,150
18189,2464,7864,229,150
18239,2470,7877,229,150
18292,2478,7901,229,150
18342,2486,7921,229,150
18392,2494,7935,229,150
18442,2499,7960,229,150
18492,2503,7986,229,150
18549,2512,8019,229,150
18602,2518,8034,229,149
18652,2525,8059,229,150
18703,2531,8074,229,150
18753,2539,8098,229,150
18807,2544,8126,229,150
18858,2552,8152,229,150
18908,2558,8177,229,150
18959,2562,8199,229,150
19010,2569,8220,229,150
19060,2574,8245,229,150
19110,2580,8266,229,150
19162,2589,8280,229,150
19212,2596,8298,229,150
19263,2602,8319,229,150
19314,2610,8339,229,150
19366,2617,8360,229,150
19418,2624,8374,229,150
19469,2631,8387,229,150
19519,2638,8400,229,150
19569,2645,8422,229,150
19622,2653,8450,229,150
19673,2660,8469,229,150
19726,2667,8483,229,150
19776,2672,8500,229,149
19826,2678,8527,229,150
19876,2685,8546,229,150
19929,2690,8574,229,150
19979,2695,8602,229,150
20032,2705,8621,229,150
20084,2713,8638,229,150
20136,2718,8667,229,150
20187,2724,8685,229,150
20237,2734,8704,229,150
20289,2742,8771,229,150
20340,2749,8790,229,150
20390,2754,8804,229,150
20444,2760,8828,229,150
20495,2765,8854,229,150
20545,2772,8865,229,150
20595,2778,8887,229,150
20647,2786,8911,229,150
20698,2792,8930,229,150
20748,2799,8956,229,150
20798,2804,8982,229,150
20850,2809,9008,229,150
20901,2816,9027,229,150
20952,2822,9052,229,150
21004,2827,9081,229,150
21057,2832,9106,229,150
21108,2839,9127,229,150
21158,2845,9151,229,150
21208,2851,9177,229,150
21260,2857,9202,229,150
21312,2865,9219,229,150
21364,2872,9249,229,149
21418,2881,9264,229,150
21470,2890,9277,229,150
21522,2896,9302,229,150
21573,2905,9320,229,150
21623,2911,9346,229,150
21675,2920,9368,229,150
21726,2924,9395,229,150
21778,2931,9422,229,150
21831,2939,9439,229,150
21882,2946,9463,229,150
21935,2952,9487,229,150
21985,2958,9514,229,150
22035,2964,9532,229,150
22088,2971,9550,229,150
22139,2978,9575,229,150
22191,2986,9591,229,150
22242,2990,9611,229,150
22292,2996,9630,229,150
22344,3002,9655,229,150
22398,3011,9677,229,150
22449,3018,9709,229,150
22499,3022,9727,229,150
22558,3029,9751,229,150
22608,3034,9780,229,150
22658,3042,9796,229,150
22709,3049,9818,229,150
22761,3057,9832,229,150
22811,3065,9842,229,150
22861,3071,9865,229,150
22911,3078,9882,229,150
22961,3084,9901,229,150
23011,3090,9921,229,150
23062,3096,9938,229,150
23112,3104,9955,229,150
23162,3111,9972,229,150
23213,3119,9990,229,150
23266,3125,10013,229,150
23317,3132,10027,229,150
23371,3140,10046,229,150
23421,3145,10065,229,150
23473,3154,10080,229,150
23525,3159,10103,229,150
23575,3165,10138,229,150
23626,3170,10181,229,150
23676,3176,10194,229,150
23727,3182,10210,229,150
23779,3189,10233,229,150
23833,3194,10252,229,149
23888,3202,10281,229,148
23942,3213,10295,229,149
23994,3220,10312,229,150
24045,3225,10329,229,150
24095,3231,10348,229,150
24147,3238,10364,229,150
24197,3246,10386,229,150
24247,3252,10404,229,150
24308,3259,10421,229,150
24358,3267,10442,229,150
24409,3272,10464,229,150
24463,3278,10495,229,150
24514,3283,10520,229,150
24566,3291,10535,229,150
24617,3298,10554,229,150
24669,3303,10586,229,150
24720,3309,10606,229,150
24771,3314,10634,229,150
24821,3320,10654,229,150
24872,3326,10682,229,150
24923,3332,10708,229,150
24973,3338,10734,229,150
25025,3344,10753,229,150
25076,3350,10785,229,150
25126,3356,10811,229,150
25176,3361,10836,229,150
25229,3368,10860,229,150
25281,3373,10890,229,150
25332,3379,10916,229,150
25382,3386,10936,229,150
25434,3391,10952,229,150
25484,3397,10973,229,150
25534,3404,10996,229,150
25584,3412,11063,229,150
25636,3417,11087,229,150
25688,3423,11110,229,150
25739,3429,11133,229,150
25789,3435,11158,229,150
25840,3442,11180,229,149
25895,3449,11201,229,150
25946,3456,11213,229,150
25997,3463,11228,229,150
26047,3469,11298,229,150
26098,3477,11328,229,150
26149,3486,11356,229,150
26204,3494,11375,229,150
26255,3502,11405,229,150
26305,3507,11437,229,150
26355,3511,11463,229,150
26405,3516,11483,229,150
26455,3524,11507,229,150
26506,3531,11526,229,150
26556,3537,11550,229,150
26607,3542,11569,229,150
26657,3549,11586,229,150
26710,3557,11608,229,150
26761,3564,11625,229,148
26811,3573,11648,229,150
26862,3578,11673,229,150
26917,3586,11704,229,150
26967,3593,11719,229,150
27017,3598,11746,229,150
27068,3605,11765,229,150
27122,3610,11785,229,150
27174,3616,11803,229,150
27225,3623,11835,229,150
27276,3629,11856,229,150
27330,3635,11871,229,150
27383,3642,11893,229,150
27435,3650,11908,229,150
27486,3655,11927,229,150
27536,3662,11947,229,150
27588,3670,11964,229,150
27638,3677,11986,229,150
27689,3685,12004,229,150
27742,3692,12032,229,150
27795,3697,12108,229,149
27845,3703,12127,229,150
27897,3711,12138,229,150
27947,3717,12155,229,150
27999,3725,12182,229,150
28050,3733,12196,229,150
28102,3739,12221,229,150
28152,3744,12247,229,150
28202,3751,12274,229,149
28252,3760,12301,229,150
28303,3766,12324,229,150
28353,3770,12341,229,150
28403,3778,12366,229,150
28453,3783,12394,229,150
28503,3788,12425,229,150
28553,3794,12454,229,150
28603,3799,12483,229,150
28654,3806,12549,229,150
28705,3814,12570,229,150
28756,3819,12608,229,150
28806,3824,12635,229,150
28857,3829,12663,229,150
28908,3835,12683,229,150
28960,3842,12697,229,150
29019,3848,12724,229,150
29069,3856,12746,229,150
29119,3863,12774,229,150
29169,3873,12794,229,150
29222,3880,12820,229,150
29274,3887,12840,229,149
29324,3893,12860,229,150
29376,3899,12892,229,150
29426,3906,12915,229,150
29480,3913,12938,229,150
29530,3918,12954,229,150
29580,3925,12979,229,150
29630,3931,12992,229,150
29682,3937,13006,229,150
29732,3942,13031,229,150
29783,3947,13057,229,150
29833,3955,13078,229,150
29884,3961,13106,229,150
29934,3967,13126,229,150
29984,3972,13143,229,150
30034,3982,13159,229,150
30084,3989,13188,229,150
30136,3998,13207,229,150
30186,4003,13228,229,150
30236,4011,13247,229,150
30286,4018,13270,229,150
30340,4023,13297,229,149
30390,4030,13326,229,150
30440,4037,13343,229,150
30491,4047,13354,229,150
30541,4054,13380,229,150
30592,4061,13394,229,150
30647,4067,13418,229,150
30698,4071,13439,229,150
30752,4079,13458,229,150
30802,4085,13472,229,150
30857,4092,13496,229,150
30907,4099,13513,229,150
30959,4104,13537,229,150
31009,4109,13563,229,150
31060,4114,13585,229,150
31110,4124,13611,229,150
31162,4132,13627,229,150
31220,4139,13649,229,147
31271,4149,13665,229,149
31324,4156,13684,229,149
31376,4163,13706,229,150
31426,4168,13727,229,150
31476,4175,13743,229,150
31527,4181,13761,229,150
31577,4188,13778,229,150
31629,4193,13797,229,150
31684,4200,13817,229,149
31736,4207,13837,229,150
31786,4213,13856,229,150
31836,4221,13874,229,150
31886,4228,13898,229,150
31936,4232,13925,229,150
31986,4240,13940,229,150
32037,4249,13957,229,150
32087,4254,13985,229,150
32138,4261,13998,229,150
32188,4269,14010,229,150
32239,4273,14044,229,150
32289,4280,14067,229,150
32341,4286,14094,229,150
32392,4292,14118,229,150
32445,4299,14133,229,150
32498,4305,14144,229,150
32551,4312,14164,229,150
32604,4321,14177,229,150
32655,4325,14195,229,150
32705,4331,14210,229,150
32756,4337,14229,229,150
32808,4344,14255,229,150
32859,4350,14281,229,150
32910,4358,14299,229,150
32961,4365,14318,229,150
33011,4370,14336,229,150
33062,4375,14354,229,150
33112,4379,14378,229,150
33163,4384,14401,229,150
33215,4391,14424,229,150
33266,4397,14453,229,150
33317,4405,14475,229,150
33370,4411,14499,229,149
33420,4417,14516,229,150
33472,4424,14534,229,150
33522,4429,14552,229,150
33572,4436,14564,229,150
33623,4444,14586,229,150
33673,4448,14611,229,150
33723,4454,14629,229,150
33774,4462,14653,229,150
33824,4470,14667,229,150
33884,4476,14683,229,150
33934,4482,14702,229,150
33985,4488,14728,229,150
34036,4495,14743,229,150
34086,4501,14759,229,150
34138,4507,14779,229,150
34189,4515,14797,229,150
34241,4521,14810,229,150
34294,4530,14839,229,150
34344,4535,14859,229,150
34394,4542,14882,229,150
34447,4548,14904,229,149
34498,4556,14919,229,150
34548,4564,14939,229,150
34598,4569,14960,229,150
34648,4578,14985,229,150
34702,4586,15009,229,150
34752,4593,15030,229,150
34804,4599,15060,229,150
34861,4608,15080,229,150
34917,4614,15096,229,150
34973,4621,15121,229,148
35025,4630,15134,229,149
35078,4638,15151,229,150
35128,4644,15163,229,150
35179,4650,15176,229,150
35229,4656,15194,229,150
35279,4662,15210,229,150
35329,4666,15237,229,150
35379,4673,15251,229,150
35433,4680,15278,229,150
35484,4687,15310,229,150
35535,4692,15328,229,150
35587,4703,15350,229,150
35637,4710,15370,229,150
35689,4717,15392,229,150
35739,4725,15411,229,150
35790,4731,15433,229,150
35840,4738,15503,229,150
35892,4745,15528,229,150
35942,4750,15553,229,150
35994,4757,15569,229,150
36044,4764,15601,229,150
36096,4772,15636,229,150
36147,4779,15658,229,150
36197,4786,15675,229,150
36247,4790,15703,229,150
36297,4795,15724,229,150
36351,4802,15742,229,150
36401,4810,15764,229,150
36459,4818,15791,229,150
36509,4824,15812,229,150
36559,4830,15839,229,150
36613,4836,15862,229,150
36665,4845,15879,229,150
36721,4854,15905,229,150
36771,4859,15929,229,150
36821,4866,15954,229,150
36873,4871,15981,229,150
36924,4875,16004,229,150
36974,4880,16029,229,150
37024,4885,16054,229,150
37074,4893,16079,229,150
37125,4899,16089,229,150
37176,4907,16113,229,150
37228,4913,16130,229,150
37278,4918,16152,229,150
37330,4926,16173,229,150
37384,4932,16204,229,150
37435,4939,16224,229,150
37485,4947,16243,229,150
37535,4952,16268,229,150
37585,4956,16295,229,150
37640,4963,16314,229,149
37690,4970,16340,229,150
37743,4978,16360,229,150
37793,4984,16386,229,150
37844,4990,16403,229,150
37894,4997,16421,229,150
37944,5004,16444,229,150
37995,5010,16467,229,149
38046,5017,16489,229,150
38098,5024,16518,229,150
38148,5031,16538,229,150
38203,5036,16570,229,150
38254,5043,16591,229,150
38305,5051,16609,229,150
38357,5058,16628,229,150
38410,5069,16647,229,150
38465,5077,16666,229,150
38515,5084,16682,229,150
38566,5091,16702,229,150
38618,5099,16718,229,150
38668,5105,16734,229,150
38719,5111,16764,229,150
38771,5116,16784,229,150
38821,5123,16805,229,150
38871,5128,16825,229,150
38924,5135,16837,229,150
38976,5143,16867,229,150
39026,5149,16884,229,150
39077,5154,16907,229,150
39128,5162,16932,229,149
39179,5168,16960,229,150
39234,5174,16986,229,150
39284,5186,17002,229,150
39334,5192,17012,229,150
39384,5200,17035,229,150
39434,5205,17066,229,150
39485,5209,17101,229,150
39541,5217,17122,229,150
39591,5221,17143,229,150
39642,5227,17171,229,150
39694,5233,17191,229,150
39745,5238,17215,229,150
39795,5246,17228,229,150
39848,5254,17242,229,150
39898,5263,17260,229,150
39948,5269,17273,229,150
40005,5274,17296,229,150
40056,5280,17324,229,149
40107,5286,17350,229,150
40157,5292,17373,229,150
40212,5298,17397,229,150
40262,5304,17419,229,150
40312,5311,17436,229,150
40364,5318,17466,229,150
40416,5324,17495,229,150
40468,5330,17521,229,150
40522,5336,17535,229,150
40575,5342,17552,229,150
40625,5349,17573,229,150
40679,5356,17595,229,150
40729,5363,17611,229,149
40780,5373,17629,229,150
40830,5382,17646,229,150
40880,5389,17660,229,150
40930,5396,17688,229,150
40982,5402,17708,229,150
41032,5407,17740,229,150
41088,5414,17759,229,149
41139,5420,17787,229,150
41189,5426,17799,229,150
41241,5432,17820,229,150
41292,5439,17844,229,150
41342,5448,17858,229,150
41392,5454,17883,229,150
41443,5459,17914,229,150
41494,5467,17936,229,150
41547,5476,17955,229,150
41597,5483,17980,229,150
41651,5491,17994,229,150
41703,5498,18019,229,150
41753,5503,18043,229,150
41806,5510,18055,229,150
41861,5514,18079,229,150
41911,5522,18087,229,150
41962,5528,18114,229,150
42012,5536,18129,229,150
42065,5542,18153,229,150
42117,5549,18181,229,150
42168,5557,18201,229,150
42218,5561,18224,229,150
42275,5567,18252,229,150
42327,5574,18276,229,150
42378,5584,18300,229,150
42429,5592,18326,229,150
42482,5598,18338,229,149
42536,5608,18361,229,150
42586,5612,18388,229,150
42636,5619,18404,229,150
42688,5624,18423,229,150
42739,5633,18442,229,150
42789,5640,18455,229,150
42842,5648,18476,229,149
42893,5656,18495,229,150
42943,5662,18514,229,150
42993,5668,18540,229,150
43043,5675,18561,229,150
43095,5681,18576,229,150
43145,5689,18589,229,150
43195,5694,18615,229,150
43245,5701,18636,229,150
43295,5708,18658,229,150
43346,5713,18684,229,150
43396,5719,18704,229,150
43448,5727,18733,229,150
43499,5733,18755,229,150
43550,5742,18766,229,150
43602,5746,18795,229,150
43653,5752,18818,229,150
43703,5757,18836,229,150
43753,5763,18861,229,149
43803,5769,18884,229,150
43855,5776,18914,229,150
43905,5781,18938,229,150
43955,5787,18968,229,150
44007,5791,18997,229,150
44058,5796,19022,229,150
44109,5802,19045,229,150
44160,5807,19080,229,150
44211,5813,19096,229,150
44263,5819,19119,229,150
44314,5827,19194,229,150
44364,5834,19219,229,150
44416,5840,19246,229,150
44466,5845,19274,229,150
44516,5850,19301,229,150
44569,5857,19319,229,150
44623,5867,19343,229,148
44673,5877,19352,229,150
44724,5882,19368,229,150
44774,5889,19382,229,149
44827,5897,19407,229,150
44878,5905,19421,229,150
44934,5912,19457,229,150
44985,5921,19479,229,150
45038,5929,19506,229,150
45089,5935,19529,229,150
45142,5941,19560,229,150
45192,5947,19584,229,150
45244,5952,19606,229,150
45297,5960,19629,229,150
45353,5965,19668,229,150
45405,5971,19693,229,150
45456,5978,19714,229,150
45510,5985,19735,229,150
45563,5993,19757,229,150
45614,5998,19786,229,150
45664,6003,19816,229,150
45715,6011,19837,229,150
45765,6018,19846,229,150
45815,6023,19870,229,150
45867,6030,19892,229,150
45920,6036,19912,229,150
45971,6042,19935,229,150
46022,6049,19952,229,149
46078,6057,19967,229,150
46128,6062,19987,229,150
46180,6068,20007,229,150
46230,6073,20038,229,150
46280,6080,20052,229,150
46330,6089,20066,229,150
46385,6095,20088,229,150
46439,6102,20112,229,150
46492,6109,20135,229,150
46545,6114,20159,229,150
46595,6118,20179,229,150
46648,6125,20203,229,150
46699,6132,20223,229,150
46749,6138,20244,229,150
46800,6146,20271,229,150
46850,6152,20295,229,150
46904,6158,20312,229,150
46955,6164,20338,229,150
47005,6171,20354,229,150
47055,6178,20371,229,150
47106,6184,20393,229,150
47157,6193,20416,229,150
47209,6200,20446,229,150
47259,6205,20478,229,150
47312,6211,20495,229,150
47362,6217,20519,229,150
47412,6222,20546,229,150
47466,6228,20576,229,150
47517,6233,20599,229,150
47570,6237,20623,229,150
47620,6243,20653,229,150
47671,6248,20684,229,150
47723,6257,20713,229,150
47780,6261,20735,229,150
47834,6268,20758,229,150
47884,6274,20783,229,150
47935,6278,20814,229,150
47985,6284,20892,229,150
48035,6289,20920,229,150
48085,6293,20943,229,150
48136,6302,20960,229,150
48187,6309,20982,229,149
48237,6317,20999,229,150
48287,6323,21025,229,150
48338,6332,21046,229,149
48390,6341,21064,229,150
48442,6347,21082,229,150
48492,6353,21100,229,150
48543,6358,21128,229,150
48593,6364,21159,229,150
48645,6370,21193,229,150
48697,6375,21218,229,150
48747,6380,21233,229,150
48797,6386,21250,229,150
48849,6391,21265,229,149
48899,6400,21278,229,150
48949,6408,21299,229,150
48999,6414,21314,229,150
49051,6420,21351,229,150
49101,6425,21370,229,150
49151,6430,21386,229,150
49203,6435,21419,229,150
49258,6442,21439,229,150
49308,6448,21468,229,150
49359,6454,21487,229,150
49409,6463,21509,229,150
49462,6470,21539,229,150
49513,6475,21564,229,150
49564,6483,21588,229,150
49615,6487,21619,229,150
49668,6494,21640,229,150
49718,6500,21669,229,150
49769,6509,21686,229,150
49825,6515,21718,229,150
49876,6521,21739,229,150
49928,6528,21760,229,150
49979,6533,21785,229,150
50031,6538,21807,229,150
50082,6546,21822,229,150
50132,6552,21838,229,150
50185,6557,21858,229,150
50235,6563,21881,229,150
50286,6568,21903,229,150
50336,6576,21921,229,150
50387,6581,21950,229,150
50437,6587,21975,229,150
50487,6591,22012,229,150
50543,6598,22032,229,150
50594,6603,22057,229,150
50644,6608,22074,229,150
50694,6612,22110,229,150
50744,6620,22134,229,150
50794,6626,22157,229,150
50844,6634,22172,229,150
50894,6640,22189,229,150
50944,6646,22205,229,150
50994,6651,22234,229,150
51048,6658,22261,229,149
51099,6667,22277,229,150
51150,6672,22301,229,150
51200,6678,22336,229,149
51250,6685,22369,229,150
51300,6690,22403,229,150
51353,6695,22425,229,150
51403,6703,22445,229,150
51454,6710,22473,229,150
51504,6715,22511,229,150
51559,6722,22529,229,150
51610,6730,22549,229,150
51660,6737,22571,229,150
51710,6744,22589,229,150
51763,6751,22614,229,150
51815,6756,22650,229,150
51865,6761,22671,229,150
51918,6768,22691,229,150
51972,6774,22715,229,150
52024,6781,22744,229,150
52074,6788,22762,229,149
52126,6795,22785,229,150
52179,6802,22802,229,150
52232,6807,22828,229,150
52282,6814,22853,229,150
52334,6822,22867,229,149
52386,6831,22885,229,150
52436,6837,22907,229,150
52489,6844,22927,229,150
52541,6850,22953,229,150
52592,6858,22977,229,150
52644,6863,22998,229,150
52697,6869,23011,229,150
52747,6876,23032,229,150
52800,6882,23056,229,150
52852,6887,23071,229,149
52906,6895,23097,229,148
52956,6903,23115,229,150
53008,6908,23139,229,150
53059,6914,23160,229,150
53109,6923,23178,229,150
53159,6927,23200,229,150
53209,6933,23210,229,150
53259,6938,23228,229,150
53310,6943,23258,229,150
53360,6948,23280,229,150
53410,6954,23304,229,150
53460,6962,23332,229,150
53514,6969,23363,229,150
53564,6977,23382,229,150
53614,6985,23400,229,149
53664,6994,23422,229,150
53715,7001,23449,229,150
53765,7009,23460,229,150
53816,7016,23485,229,150
53868,7023,23509,229,150
53918,7031,23531,229,150
53970,7041,23546,229,150
54021,7045,23567,229,150
54072,7052,23589,229,150
54122,7058,23619,229,150
54175,7063,23642,229,150
54225,7068,23715,229,150
54275,7075,23730,229,150
54325,7081,23754,229,150
54378,7087,23788,229,150
54436,7094,23810,229,150
54486,7099,23830,229,150
54537,7105,23854,229,150
54587,7111,23876,229,150
54638,7118,23897,229,149
54692,7127,23925,229,150
54744,7134,23956,229,150
54794,7140,23980,229,150
54846,7148,24002,229,150
54903,7154,24016,229,150
54965,7163,24034,229,150
55017,7168,24056,229,150
55068,7180,24077,229,150
55121,7187,24097,229,150
55173,7194,24117,229,150
55226,7199,24137,229,150
55277,7207,24152,229,150
55327,7215,24170,229,150
55378,7219,24197,229,150
55431,7225,24211,229,150
55481,7230,24229,229,150
55533,7236,24251,229,149
55583,7245,24275,229,150
55633,7252,24300,229,150
55684,7257,24322,229,150
55734,7263,24347,229,150
55784,7270,24362,229,150
55834,7276,24390,229,150
55885,7281,24416,229,150
55935,7287,24441,229,150
55986,7294,24460,229,150
56038,7299,24482,229,150
56089,7305,24496,229,150
56142,7310,24524,229,150
56199,7318,24542,229,150
56249,7323,24576,229,150
56299,7333,24591,229,150
56352,7341,24613,229,150
56402,7348,24635,229,150
56456,7354,24651,229,150
56511,7362,24670,229,150
56564,7370,24689,229,150
56615,7379,24705,229,150
56669,7386,24728,229,150
56720,7391,24754,229,150
56770,7397,24769,229,150
56820,7402,24802,229,150
56870,7410,24818,229,150
56920,7416,24850,229,150
56971,7423,24865,229,150
57027,7428,24882,229,150
57077,7433,24897,229,150
57129,7439,24915,229,150
57183,7451,24938,229,149
57235,7462,24964,229,150
57285,7468,24984,229,149
57336,7476,25007,229,150
57386,7480,25040,229,150
57436,7488,25066,229,150
57488,7496,25091,229,150
57543,7503,25119,229,150
57594,7510,25139,229,150
57646,7515,25152,229,150
57697,7520,25175,229,150
57748,7527,25196,229,150
57804,7533,25216,229,150
57858,7541,25232,229,150
57908,7546,25248,229,150
57958,7551,25280,229,150
58008,7558,25299,229,150
58062,7564,25320,229,150
58112,7570,25335,229,150
58164,7575,25365,229,150
58216,7582,25385,229,150
58267,7587,25414,229,150
58318,7592,25489,229,150
58368,7599,25511,229,150
58419,7604,25530,229,150
58469,7611,25557,229,150
58519,7620,25572,229,150
58570,7625,25591,229,150
58620,7631,25604,229,150
58671,7636,25633,229,150
58723,7644,25659,229,150
58775,7652,25683,229,150
58825,7658,25707,229,150
58875,7664,25725,229,150
58925,7668,25747,229,150
58976,7675,25778,229,150
59026,7684,25800,229,150
59077,7689,25818,229,150
59127,7696,25840,229,150
59177,7701,25870,229,150
59227,7708,25880,229,150
59278,7715,25915,229,150
59328,7721,25932,229,150
59379,7725,25963,229,150
59429,7731,25984,229,150
59480,7735,26006,229,150
59531,7740,26032,229,150
59581,7746,26067,229,150
59632,7751,26080,229,150
59682,7755,26102,229,150
59733,7760,26121,229,150
59783,7765,26141,229,150
59834,7774,26167,229,149
59885,7781,26191,229,150
59939,7789,26214,229,150
59990,7796,26237,229,150
60042,7802,26262,229,150
60095,7809,26284,229,150
60146,7813,26303,229,150
60198,7819,26323,229,150
60252,7825,26362,229,150
60306,7831,26385,229,149
60356,7838,26413,229,150
60406,7845,26428,229,150
60456,7851,26449,229,150
60507,7857,26471,229,150
60559,7866,26494,229,150
60613,7871,26513,229,150
60664,7878,26533,229,150
60717,7886,26543,229,150
60767,7892,26563,229,150
60818,7896,26586,229,150
60869,7904,26606,229,150
60919,7909,26628,229,150
60970,7915,26645,229,150
61020,7921,26666,229,150
61070,7927,26679,229,150
61120,7933,26697,229,150
61177,7938,26727,229,150
61227,7944,26752,229,150
61278,7950,26772,229,150
61328,7956,26782,229,150
61379,7962,26804,229,150
61432,7968,26831,229,150
61482,7973,26866,229,150
61532,7978,26887,229,150
61583,7983,26908,229,150
61634,7988,26937,229,150
61684,7995,26965,229,150
61735,8003,26984,229,150
61786,8012,27010,229,150
61836,8018,27035,229,150
61891,8024,27061,229,149
61946,8031,27079,229,150
61997,8037,27107,229,150
62047,8043,27125,229,150
62099,8050,27144,229,150
62150,8060,27162,229,150
62200,8066,27196,229,150
62252,8072,27208,229,149
62302,8079,27222,229,150
62352,8084,27253,229,150
62404,8089,27280,229,150
62454,8098,27302,229,150
62505,8107,27320,229,150
62555,8115,27375,229,150
62605,8123,27415,229,150
62655,8129,27429,229,150
62706,8134,27452,229,150
62759,8142,27474,229,150
62816,8150,27500,229,149
62866,8156,27520,229,150
62917,8163,27549,229,150
62968,8169,27567,229,150
63019,8175,27586,229,150
63073,8181,27616,229,150
63123,8190,27633,229,149
63173,8198,27649,229,150
63223,8204,27667,229,150
63275,8209,27702,229,150
63327,8216,27716,229,150
63377,8223,27742,229,150
63429,8229,27762,229,150
63483,8234,27780,229,150
63539,8240,27804,229,150
63589,8246,27818,229,150
63639,8252,27845,229,150
63690,8259,27870,229,150
63744,8265,27897,229,150
63795,8269,27923,229,150
63849,8277,27943,229,150
63899,8285,27962,229,150
63950,8290,27978,229,150
64003,8296,28003,229,150
64053,8303,28025,229,150
64108,8312,28050,229,150
64162,8321,28071,229,150
64212,8325,28097,229,150
64262,8331,28122,229,150
64315,8341,28146,229,149
64365,8347,28167,229,150
64417,8352,28188,229,149
64472,8359,28207,229,150
64523,8364,28232,229,150
64574,8370,28248,229,150
64625,8376,28266,229,150
64676,8382,28293,229,150
64727,8389,28321,229,150
64777,8397,28348,229,150
64828,8405,28365,229,150
64881,8411,28387,229,150
64936,8417,28406,229,150
64989,8422,28429,229,150
65040,8426,28456,229,150
65092,8434,28464,229,150
65144,8440,28482,229,149
65201,8447,28506,229,150
65253,8455,28529,229,150
65306,8462,28549,229,150
65356,8468,28564,229,150
65406,8474,28579,229,150
65456,8480,28602,229,150
65508,8485,28619,229,150
65558,8491,28646,229,150
65608,8497,28670,229,150
65663,8503,28699,229,150
65714,8510,28720,229,150
65765,8517,28734,229,150
65816,8524,28748,229,150
65867,8529,28772,229,150
65919,8536,28792,229,150
65970,8540,28808,229,150
66020,8546,28826,229,150
66070,8552,28848,229,150
66120,8558,28869,229,150
66170,8568,28883,229,150
66220,8573,28918,229,150
66271,8578,28939,229,150
66322,8584,28958,229,150
66372,8592,28977,229,150
66422,8597,29005,229,150
66475,8603,29024,229,150
66525,8607,29052,229,150
66576,8612,29079,229,150
66630,8618,29097,229,150
66681,8625,29110,229,149
66735,8633,29124,229,149
66792,8639,29146,229,150
66842,8645,29166,229,150
66893,8650,29198,229,150
66943,8657,29213,229,150
66994,8667,29232,229,150
67044,8672,29251,229,150
67095,8677,29278,229,150
67145,8686,29303,229,150
67197,8691,29327,229,150
67247,8697,29351,229,150
67297,8703,29374,229,150
67347,8709,29408,229,150
67399,8715,29429,229,150
67456,8725,29448,229,150
67510,8732,29474,229,150
67561,8740,29504,229,150
67612,8746,29529,229,150
67662,8756,29606,229,150
67715,8763,29619,229,150
67769,8771,29645,229,149
67822,8779,29656,229,150
67872,8787,29675,229,150
67924,8792,29697,229,150
67974,8801,29717,229,150
68025,8806,29739,229,150
68081,8813,29767,229,150
68140,8822,29793,229,150
68191,8828,29799,229,150
68241,8835,29813,229,150
68294,8841,29835,229,150
68346,8848,29859,229,150
68397,8855,29884,229,150
68450,8861,29916,229,149
68501,8866,29931,229,150
68553,8872,29964,229,150
68604,8878,29985,229,150
68654,8884,30003,229,150
68704,8893,30028,229,150
68754,8898,30047,229,150
68804,8903,30077,229,150
68854,8911,30102,229,150
68908,8915,30127,229,150
68958,8922,30154,229,150
69008,8929,30177,229,150
69059,8939,30202,229,150
69111,8947,30218,229,150
69161,8954,30241,229,149
69213,8961,30264,229,150
69264,8969,30294,229,150
69314,8975,30318,229,150
69365,8982,30332,229,150
69415,8991,30343,229,149
69466,9001,30360,229,150
69516,9007,30386,229,150
69566,9016,30403,229,150
69618,9023,30429,229,150
69668,9032,30452,229,149
69720,9038,30474,229,150
69772,9043,30493,229,150
69823,9050,30514,229,150
69873,9057,30546,229,150
69923,9062,30569,229,150
69973,9074,30597,229,150
70023,9080,30613,229,150
70073,9087,30633,229,150
70123,9093,30658,229,150
70173,9098,30681,229,150
70225,9108,30702,229,150
70275,9113,30725,229,150
70327,9119,30751,229,150
70377,9125,30771,229,150
70428,9131,30796,229,150
70478,9138,30804,229,150
70529,9143,30827,229,150
70579,9148,30854,229,150
70629,9157,30874,229,150
70680,9163,30896,229,150
70731,9168,30906,229,150
70781,9174,30930,229,150
70831,9179,30948,229,150
70881,9184,30975,229,150
70931,9190,30998,229,150
70981,9197,31020,229,150
71031,9203,31049,229,150
71083,9208,31070,229,150
71135,9214,31090,229,150
71187,9220,31124,229,150
71239,9226,31144,229,150
71289,9233,31168,229,150
71340,9239,31193,229,150
71392,9247,31221,229,150
71442,9253,31239,229,150
71492,9259,31255,229,150
71548,9266,31287,229,150
71599,9271,31316,229,150
71649,9279,31338,229,150
71699,9289,31350,229,150
71752,9296,31377,229,150
71804,9305,31392,229,150
71854,9312,31414,229,150
71906,9319,31431,229,150
71956,9325,31462,229,150
72011,9333,31481,229,150
72061,9339,31509,229,150
72112,9344,31534,229,150
72163,9351,31551,229,150
72214,9355,31576,229,150
72264,9362,31590,229,150
72315,9367,31613,229,150
72366,9372,31644,229,150
72422,9381,31663,229,150
72472,9388,31681,229,149
72522,9395,31705,229,150
72575,9401,31723,229,150
72625,9409,31742,229,150
72676,9417,31757,229,150
72731,9424,31775,229,150
72783,9430,31797,229,150
72837,9436,31818,229,149
72891,9441,31843,229,150
72942,9446,31871,229,150
72994,9453,31890,229,150
73046,9460,31906,229,150
73098,9467,31930,229,150
73150,9473,31958,229,150
73200,9479,31985,229,150
73254,9485,32021,229,150
73311,9490,32049,229,150
73362,9499,32070,229,150
73412,9507,32089,229,150
73462,9512,32114,229,150
73512,9517,32133,229,150
73562,9525,32158,229,150
73612,9531,32177,229,150
73663,9537,32201,229,150
73714,9541,32214,229,150
73765,9547,32237,229,150
73818,9558,32252,229,149
73869,9564,32280,229,150
73921,9575,32300,229,150
73971,9582,32336,229,150
74022,9588,32358,229,150
74073,9593,32383,229,150
74125,9599,32397,229,149
74176,9607,32412,229,150
74228,9614,32437,229,150
74279,9619,32453,229,150
74329,9625,32472,229,150
74381,9630,32503,229,150
74432,9634,32526,229,150
74482,9640,32554,229,150
74534,9649,32573,229,149
74584,9655,32590,229,150
74636,9661,32614,229,150
74686,9667,32625,229,149
74738,9678,32650,229,150
74788,9682,32673,229,150
74838,9689,32693,229,150
74889,9695,32721,229,150
74939,9700,32757,229,150
74989,9708,32779,229,150
75039,9717,32785,229,150
75090,9724,32812,229,150
75140,9732,32835,229,150
75190,9737,32860,229,150
75240,9744,32872,229,149
75290,9752,32896,229,150
75341,9758,32915,229,150
75391,9765,32935,229,150
75442,9773,32962,229,150
75492,9778,32986,229,150
75542,9786,33002,229,149
75594,9793,33024,229,150
75650,9799,33045,229,150
75700,9806,33073,229,150
75751,9813,33104,229,150
75801,9820,33121,229,150
75851,9828,33146,229,150
75902,9837,33161,229,150
75953,9843,33183,229,150
76006,9848,33213,229,150
76056,9856,33239,229,150
76106,9863,33255,229,150
76156,9869,33276,229,150
76206,9874,33293,229,150
76257,9883,33314,229,150
76308,9888,33335,229,150
76358,9897,33353,229,150
76409,9903,33375,229,150
76460,9911,33390,229,150
76512,9918,33404,229,149
76562,9923,33420,229,150
76613,9930,33445,229,150
76666,9936,33469,229,150
76716,9943,33491,229,150
76768,9951,33504,229,150
76819,9956,33521,229,150
76869,9962,33539,229,150
76919,9971,33562,229,150
76969,9978,33588,229,150
77019,9984,33616,229,150
77072,9991,33635,229,150
77123,9996,33654,229,150
77173,10003,33679,229,150
77225,10009,33696,229,150
77281,10017,33717,229,150
77331,10022,33745,229,150
77381,10029,33762,229,150
77432,10034,33786,229,150
77487,10041,33806,229,149
77538,10047,33830,229,150
77588,10055,33844,229,150
77638,10063,33861,229,150
77688,10070,33882,229,150
77738,10074,33912,229,150
77788,10082,33940,229,150
77839,10088,33959,229,150
77889,10095,33975,229,150
77940,10103,33998,229,150
77990,10110,34017,229,150
78044,10115,34048,229,150
78094,10124,34069,229,150
78148,10130,34106,229,150
78199,10135,34135,229,150
78251,10142,34167,229,150
78302,10149,34188,229,150
78352,10155,34221,229,150
78404,10163,34240,229,150
78455,10168,34271,229,150
78506,10181,34290,229,150
78556,10187,34323,229,150
78607,10194,34344,229,150
78658,10202,34360,229,150
78711,10209,34378,229,149
78761,10218,34394,229,150
78812,10224,34407,229,150
78862,10230,34427,229,150
78912,10236,34452,229,150
78963,10242,34471,229,150
79013,10250,34494,229,150
79065,10256,34517,229,150
79127,10262,34538,229,149
79179,10268,34557,229,150
79229,10275,34578,229,150
79279,10283,34598,229,150
79334,10290,34622,229,150
79385,10295,34642,229,150
79436,10303,34668,229,150
79489,10312,34743,229,150
79539,10318,34766,229,150
79589,10324,34787,229,150
79642,10330,34823,229,150
79692,10336,34844,229,150
79746,10344,34865,229,148
79799,10353,34889,229,150
79849,10359,34906,229,150
79899,10363,34936,229,150
79950,10367,34962,229,150
80003,10372,34981,229,150
80053,10376,34998,229,150
80105,10382,35015,229,150
80157,10391,35037,229,150
80208,10398,35051,229,150
80258,10404,35068,229,150
80314,10409,35086,229,149
80365,10417,35112,229,150
80416,10422,35122,229,150
80467,10432,35143,229,150
80521,10437,35174,229,150
80572,10446,35196,229,150
80622,10453,35217,229,150
80675,10458,35243,229,150
80727,10464,35254,229,150
80777,10470,35285,229,150
80830,10475,35311,229,150
80882,10481,35327,229,150
80933,10486,35351,229,150
80986,10492,35374,229,150
81036,10497,35396,229,150
81086,10503,35426,229,150
81138,10509,35459,229,150
81189,10516,35474,229,150
81239,10523,35497,229,150
81289,10532,35517,229,150
81339,10538,35538,229,150
81392,10545,35555,229,150
81445,10550,35584,229,150
81495,10556,35612,229,150
81545,10564,35625,229,150
81596,10571,35647,229,150
81649,10576,35674,229,150
81699,10581,35699,229,150
81753,10588,35720,229,150
81803,10595,35739,229,150
81855,10604,35759,229,150
81905,10613,35778,229,150
81957,10618,35801,229,150
82008,10625,35822,229,150
82063,10631,35841,229,150
82113,10638,35860,229,150
82164,10646,35879,229,150
82215,10651,35889,229,150
82265,10658,35907,229,150
82317,10666,35921,229,150
82367,10671,35949,229,150
82422,10679,35969,229,150
82475,10684,35987,229,150
82525,10689,36016,229,150
82576,10694,36043,229,150
82628,10700,36072,229,150
82680,10704,36096,229,150
82730,10711,36110,229,150
82783,10717,36135,229,150
82836,10726,36155,229,150
82889,10731,36180,229,150
82939,10737,36208,229,150
82989,10744,36232,229,150
83039,10750,36254,229,150
83090,10755,36280,229,150
83141,10762,36307,229,150
83192,10766,36332,229,150
83244,10772,36356,229,150
83294,10778,36384,229,150
83344,10786,36409,229,150
83394,10792,36429,229,150
83444,10798,36453,229,150
83494,10804,36523,229,150
83545,10811,36539,229,150
83596,10819,36555,229,150
83653,10824,36572,229,150
83703,10829,36596,229,150
83759,10836,36624,229,149
83809,10844,36646,229,150
83859,10849,36663,229,150
83913,10857,36687,229,150
83963,10864,36708,229,150
84016,10872,36727,229,149
84067,10877,36754,229,150
84118,10883,36780,229,150
84169,10891,36799,229,150
84222,10898,36813,229,150
84272,10904,36838,229,150
84325,10911,36860,229,150
84376,10916,36885,229,150
84431,10923,36903,229,150
84481,10930,36928,229,150
84531,10939,36948,229,150
84582,10945,36976,229,150
84635,10953,37002,229,150
84693,10958,37027,229,150
84743,10965,37045,229,150
84793,10971,37067,229,150
84844,10978,37082,229,150
84894,10983,37106,229,150
84945,10989,37125,229,150
84995,10998,37149,229,150
85045,11006,37171,229,150
85095,11012,37184,229,150
85145,11021,37198,229,150
85195,11026,37228,229,150
85245,11030,37252,229,150
85301,11038,37277,229,149
85351,11046,37299,229,150
85404,11050,37327,229,150
85454,11056,37348,229,150
85504,11061,37370,229,150
85554,11068,37390,229,150
85606,11076,37405,229,150
85656,11082,37433,229,150
85706,11089,37460,229,150
85756,11097,37480,229,150
85808,11101,37501,229,150
85858,11106,37521,229,150
85909,11111,37542,229,150
85959,11118,37562,229,150
86009,11123,37589,229,150
86059,11133,37606,229,150
86114,11141,37627,229,150
86164,11149,37643,229,150
86214,11157,37665,229,149
86264,11166,37686,229,150
86317,11172,37719,229,149
86370,11178,37736,229,150
86425,11183,37755,229,150
86475,11192,37776,229,150
86526,11199,37804,229,150
86576,11206,37827,229,150
86626,11210,37853,229,150
86676,11216,37880,229,150
86727,11226,37898,229,150
86778,11235,37924,229,150
86831,11242,37944,229,150
86881,11248,37970,229,150
86934,11258,37987,229,150
86985,11263,38009,229,150
87036,11269,38024,229,150
87086,11275,38095,229,150
87137,11279,38117,229,150
87189,11285,38140,229,150
87239,11290,38163,229,150
87294,11295,38183,229,150
87345,11302,38198,229,150
87398,11310,38212,229,150
87448,11318,38238,229,150
87498,11325,38256,229,150
87548,11331,38280,229,150
87598,11335,38301,229,150
87649,11340,38317,229,150
87699,11345,38341,229,147
87751,11355,38362,229,150
87801,11362,38386,229,150
87851,11368,38416,229,150
87901,11377,38444,229,150
87953,11382,38467,229,150
88003,11387,38491,229,150
88053,11393,38518,229,150
88103,11400,38538,229,150
88160,11405,38556,229,150
88210,11410,38575,229,149
88260,11415,38598,229,149
88311,11422,38612,229,150
88362,11428,38637,229,150
88412,11434,38657,229,150
88462,11440,38669,229,150
88513,11447,38686,229,150
88563,11456,38713,229,150
88618,11462,38735,229,150
88671,11468,38761,229,150
88721,11476,38779,229,150
88774,11482,38798,229,150
88828,11491,38812,229,149
88884,11499,38880,229,149
88936,11507,38905,229,150
88989,11513,38926,229,150
89042,11519,38945,229,150
89095,11526,38959,229,150
89145,11532,38977,229,150
89195,11537,38998,229,150
89245,11543,39027,229,150
89295,11549,39055,229,150
89346,11555,39076,229,150
89396,11560,39099,229,150
89450,11569,39126,229,149
89501,11579,39152,229,150
89553,11584,39168,229,150
89607,11592,39191,229,150
89657,11599,39264,229,150
89708,11607,39289,229,150
89759,11616,39305,229,150
89811,11624,39325,229,150
89862,11629,39336,229,150
89912,11638,39354,229,150
89962,11646,39371,229,150
90015,11652,39398,229,150
90065,11657,39420,229,150
90115,11663,39451,229,150
90168,11669,39480,229,150
90220,11675,39499,229,150
90274,11680,39522,229,149
90325,11686,39550,229,150
90376,11693,39568,229,150
90427,11700,39595,229,150
90479,11708,39611,229,150
90529,11714,39633,229,150
90579,11719,39656,229,150
90629,11726,39685,229,150
90684,11732,39707,229,150
90734,11736,39743,229,150
90784,11742,39760,229,150
90837,11751,39777,229,150
90887,11757,39799,229,150
90937,11761,39831,229,150
90987,11768,39844,229,150
91039,11774,39870,229,150
91091,11782,39899,229,150
91142,11788,39927,229,150
91194,11796,39957,229,149
91246,11802,39977,229,150
91296,11808,40009,229,150
91347,11815,40026,229,150
91398,11820,40050,229,150
91448,11827,40075,229,150
91498,11832,40096,229,150
91550,11839,40107,229,150
91600,11844,40127,229,150
91650,11849,40156,229,150
91705,11857,40175,229,148
91761,11866,40193,229,150
91813,11872,40219,229,150
91864,11880,40235,229,150
91915,11887,40257,229,150
91967,11893,40284,229,150
92017,11900,40317,229,150
92067,11907,40341,229,150
92117,11913,40370,229,150
92167,11917,40396,229,150
92217,11923,40423,229,150
92272,11928,40452,229,150
92327,11934,40477,229,150
92377,11939,40496,229,150
92427,11944,40519,229,150
92477,11953,40538,229,150
92528,11957,40559,229,150
92578,11962,40586,229,150
92630,11968,40616,229,150
92685,11975,40640,229,149
92735,11983,40651,229,150
92786,11989,40687,229,150
92837,11996,40714,229,150
92887,12002,40740,229,150
92938,12008,40759,229,150
92988,12015,40775,229,150
93039,12021,40794,229,150
93089,12029,40802,229,150
93140,12037,40817,229,150
93190,12042,40851,229,150
93242,12049,40872,229,149
93295,12055,40896,229,150
93346,12061,40915,229,148
93396,12068,40934,229,150
93447,12074,40953,229,150
93498,12079,40979,229,150
93548,12085,41043,229,150
93599,12091,41060,229,150
93649,12098,41083,229,150
93699,12104,41096,229,150
93750,12109,41113,229,150
93801,12113,41137,229,150
93851,12123,41161,229,150
93903,12128,41191,229,150
93953,12135,41210,229,150
94005,12140,41234,229,150
94057,12144,41270,229,150
94113,12150,41290,229,150
94164,12157,41311,229,149
94215,12164,41338,229,150
94265,12171,41355,229,149
94319,12179,41382,229,150
94373,12183,41414,229,150
94423,12188,41430,229,150
94478,12194,41445,229,150
94528,12201,41466,229,149
94587,12209,41487,229,150
94637,12217,41513,229,150
94695,12223,41536,229,149
94747,12233,41554,229,150
94797,12240,41577,229,150
94848,12246,41605,229,150
94901,12250,41632,229,150
94954,12257,41653,229,150
95008,12267,41676,229,150
95059,12273,41704,229,150
95109,12280,41730,229,150
95159,12286,41750,229,150
95211,12295,41771,229,150
95262,12302,41803,229,150
95315,12308,41829,229,150
95369,12317,41848,229,150
95419,12323,41866,229,150
95469,12328,41891,229,150
95519,12335,41914,229,150
95570,12340,41940,229,150
95620,12347,41958,229,150
95670,12352,41987,229,150
95723,12359,42008,229,149
95773,12368,42029,229,150
95825,12374,42052,229,150
95875,12379,42069,229,150
95925,12383,42094,229,150
95975,12393,42112,229,150
96029,12401,42133,229,150
96080,12407,42155,229,150
96131,12416,42189,229,150
96185,12420,42218,229,147
96237,12427,42231,229,150
96288,12435,42251,229,150
96338,12440,42276,229,150
96390,12445,42298,229,150
96448,12452,42315,229,150
96501,12457,42348,229,150
96553,12463,42374,229,149
96605,12471,42391,229,150
96657,12477,42415,229,150
96707,12483,42434,229,150
96760,12491,42505,229,150
96815,12500,42518,229,150
96867,12505,42540,229,150
96918,12511,42565,229,150
96970,12516,42586,229,150
97020,12524,42596,229,150
97070,12531,42611,229,150
97120,12536,42640,229,150
97171,12541,42674,229,150
97221,12548,42695,229,150
97273,12555,42718,229,150
97325,12562,42733,229,150
97377,12569,42753,229,150
97430,12576,42770,229,150
97480,12579,42792,229,150
97533,12584,42816,229,150
97583,12589,42839,229,150
97634,12598,42866,229,150
97684,12604,42884,229,150
97734,12610,42902,229,150
97785,12616,42923,229,150
97841,12623,42946,229,150
97892,12630,42965,229,149
97942,12639,42981,229,150
97996,12644,43001,229,150
98046,12652,43018,229,150
98099,12660,43043,229,150
98149,12666,43061,229,150
98199,12670,43089,229,150
98249,12677,43114,229,150
98301,12684,43130,229,150
98351,12689,43160,229,150
98401,12694,43188,229,150
98451,12703,43212,229,150
98501,12709,43244,229,150
98551,12716,43253,229,150
98602,12720,43270,229,150
98652,12727,43298,229,150
98703,12735,43327,229,150
98753,12742,43351,229,150
98803,12747,43377,229,150
98854,12751,43394,229,150
98905,12759,43427,229,150
98955,12766,43451,229,150
99005,12774,43474,229,150
99059,12779,43508,229,150
99111,12787,43527,229,150
99163,12792,43561,229,150
99214,12798,43577,229,150
99272,12804,43596,229,150
99323,12811,43623,229,150
99374,12817,43646,229,150
99430,12827,43670,229,149
99481,12835,43694,229,150
99536,12842,43712,229,149
99589,12848,43735,229,150
99640,12854,43758,229,150
99690,12859,43791,229,149
99743,12865,43816,229,150
99793,12870,43850,229,150
99848,12875,43880,229,149
99900,12885,43892,229,150
99950,12891,43900,229,150
100000,12895,43915,229,150
100050,12900,43944,229,150
100102,12906,43967,229,150
100153,12912,43988,229,150
100203,12920,44010,229,150
100253,12924,44040,229,150
100303,12933,44055,229,150
100355,12941,44075,229,150
100408,12947,44095,229,150
100459,12956,44112,229,150
100514,12962,44134,229,150
100575,12970,44152,229,150
100627,12979,44167,229,150
100680,12983,44182,229,149
100737,12990,44213,229,150
100787,12996,44229,229,150
100837,13004,44246,229,150
100889,13011,44273,229,150
100940,13018,44294,229,150
100990,13026,44308,229,150
101040,13032,44331,229,150
101094,13040,44353,229,150
101148,13045,44386,229,149
101198,13052,44402,229,150
101250,13057,44430,229,150
101300,13063,44453,229,150
101350,13069,44469,229,150
101404,13075,44494,229,150
101457,13082,44509,229,150
101512,13089,44538,229,149
101562,13097,44553,229,150
101614,13102,44631,229,150
101664,13110,44643,229,150
101716,13117,44659,229,150
101770,13122,44677,229,150
101824,13129,44696,229,150
101874,13135,44715,229,150
101925,13144,44731,229,150
101975,13150,44760,229,150
102025,13157,44781,229,150
102076,13163,44806,229,150
102126,13169,44819,229,150
102176,13174,44842,229,150
102231,13180,44863,229,150
102281,13185,44894,229,150
102333,13192,44916,229,150
102383,13199,44939,229,150
102435,13203,44961,229,150
102489,13208,44978,229,150
102543,13216,44997,229,150
102595,13222,45019,229,150
102645,13229,45045,229,150
102697,13235,45080,229,150
102748,13242,45102,229,150
102799,13249,45126,229,150
102850,13255,45147,229,150
102902,13261,45160,229,150
102952,13267,45178,229,150
103004,13275,45193,229,150
103054,13281,45208,229,150
103104,13290,45229,229,150
103158,13297,45244,229,150
103208,13304,45261,229,150
103262,13313,45272,229,150
103312,13319,45288,229,150
103364,13328,45314,229,150
103414,13335,45336,229,150
103464,13340,45354,229,150
103518,13349,45372,229,147
103568,13358,45392,229,150
103618,13362,45410,229,150
103669,13370,45434,229,150
103722,13377,45460,229,149
103775,13384,45475,229,150
103826,13393,45488,229,150
103882,13400,45513,229,150
103933,13407,45541,229,150
103983,13413,45565,229,150
104034,13419,45583,229,150
104084,13426,45601,229,150
104135,13431,45628,229,150
104185,13438,45650,229,150
104235,13444,45674,229,150
104286,13450,45688,229,148
104338,13462,45706,229,150
104390,13469,45730,229,150
104440,13477,45750,229,150
104493,13486,45764,229,150
104543,13492,45784,229,150
104594,13498,45814,229,150
104645,13506,45831,229,150
104695,13510,45861,229,150
104746,13515,45881,229,150
104796,13521,45895,229,150
104847,13529,45913,229,150
104897,13535,45935,229,150
104948,13540,45962,229,150
104998,13546,45988,229,150
105049,13553,46008,229,150
105100,13560,46023,229,150
105150,13565,46041,229,150
105201,13571,46069,229,150
105251,13578,46087,229,150
105303,13586,46110,229,150
105353,13592,46136,229,150
105407,13598,46161,229,150
105457,13606,46179,229,150
105508,13611,46207,229,150
105559,13617,46234,229,150
105610,13625,46259,229,148
105660,13634,46279,229,150
105712,13640,46308,229,150
105763,13646,46338,229,150
105813,13655,46354,229,150
105865,13663,46373,229,150
105919,13668,46398,229,150
105969,13673,46422,229,150
106023,13681,46445,229,150
106075,13688,46463,229,150
106125,13693,46485,229,150
106175,13700,46501,229,150
106226,13709,46526,229,150
106279,13718,46544,229,150
106330,13723,46567,229,150
106380,13730,46592,229,150
106430,13734,46615,229,150
106482,13742,46628,229,150
106532,13750,46646,229,150
106584,13756,46666,229,150
106634,13764,46685,229,150
106686,13771,46716,229,150
106738,13779,46737,229,150
106788,13786,46749,229,150
106838,13795,46769,229,150
106888,13800,46795,229,150
106941,13805,46812,229,150
106992,13812,46831,229,150
107043,13816,46859,229,150
107099,13824,46875,229,150
107151,13831,46896,229,150
107205,13837,46923,229,150
107255,13844,46947,229,150
107308,13849,46967,229,150
107361,13856,46988,229,150
107412,13863,47003,229,150
107471,13870,47033,229,149
107526,13878,47058,229,150
107576,13884,47082,229,150
107626,13890,47103,229,150
107677,13894,47137,229,150
107729,13900,47161,229,150
107785,13908,47189,229,150
107838,13913,47213,229,150
107891,13919,47238,229,150
107943,13925,47262,229,150
107994,13932,47290,229,150
108048,13939,47305,229,150
108098,13947,47333,229,150
108148,13953,47360,229,150
108198,13958,47374,229,150
108254,13964,47396,229,148
108312,13973,47420,229,150
108363,13981,47446,229,150
108415,13986,47469,229,150
108465,13993,47485,229,150
108515,14003,47510,229,150
108565,14010,47526,229,150
108616,14018,47548,229,150
108666,14025,47569,229,150
108720,14030,47596,229,150
108773,14036,47621,229,150
108825,14040,47646,229,150
108876,14048,47664,229,150
108926,14052,47681,229,150
108984,14057,47708,229,150
109035,14063,47724,229,150
109085,14070,47744,229,150
109137,14076,47766,229,150
109191,14082,47789,229,150
109241,14087,47811,229,150
109291,14093,47841,229,150
109341,14098,47861,229,150
109399,14105,47884,229,150
109450,14112,47903,229,150
109500,14117,47937,229,150
109551,14126,47961,229,150
109601,14133,47977,229,150
109651,14138,48003,229,150
109701,14145,48025,229,150
109751,14152,48050,229,150
109801,14157,48066,229,150
109852,14162,48092,229,149
109905,14169,48114,229,150
109955,14176,48128,229,150
110007,14183,48147,229,150
110058,14188,48163,229,150
110108,14196,48188,229,150
110162,14201,48210,229,150
110213,14206,48233,229,150
110265,14211,48269,229,150
110318,14219,48282,229,150
110370,14226,48302,229,150
110427,14232,48326,229,150
110477,14239,48336,229,150
110528,14245,48357,229,150
110579,14250,48377,229,150
110630,14255,48399,229,150
110681,14262,48423,229,150
110731,14269,48440,229,150
110781,14276,48472,229,150
110831,14281,48494,229,150
110884,14287,48512,229,150
110935,14293,48534,229,150
110986,14300,48556,229,150
111036,14305,48582,229,150
111086,14311,48597,229,150
111138,14317,48623,229,150
111190,14323,48646,229,150
111248,14330,48663,229,150
111302,14337,48683,229,150
111356,14347,48701,229,150
111406,14352,48730,229,150
111457,14359,48755,229,149
111511,14366,48775,229,150
111562,14371,48799,229,150
111613,14377,48822,229,150
111663,14383,48845,229,150
111713,14387,48873,229,150
111763,14393,48898,229,150
111813,14399,48919,229,150
111867,14405,48937,229,150
111918,14412,48960,229,150
111968,14420,48977,229,150
112019,14425,48998,229,150
112070,14433,49028,229,150
112121,14440,49051,229,150
112171,14446,49073,229,150
112221,14451,49096,229,150
112282,14456,49115,229,148
112333,14465,49130,229,150
112384,14472,49155,229,150
112434,14477,49185,229,150
112484,14484,49208,229,150
112536,14491,49222,229,150
112590,14498,49248,229,150
112640,14506,49266,229,148
112691,14513,49289,229,150
112743,14520,49358,229,150
112794,14526,49382,229,150
112844,14534,49407,229,150
112894,14540,49419,229,149
112944,14546,49437,229,150
112994,14553,49456,229,150
113045,14560,49490,229,150
113095,14565,49511,229,150
113146,14571,49534,229,150
113197,14575,49550,229,150
113250,14581,49575,229,150
113300,14587,49588,229,150
113351,14595,49609,229,150
113402,14601,49632,229,150
113454,14606,49661,229,150
113504,14611,49681,229,150
113556,14616,49709,229,149
113606,14624,49735,229,150
113657,14631,49752,229,150
113707,14636,49771,229,150
113757,14644,49801,229,150
113807,14650,49816,229,150
113858,14658,49841,229,150
113908,14662,49862,229,150
113960,14670,49879,229,150
114010,14675,49913,229,150
114060,14682,49939,229,150
114114,14687,49960,229,150
114164,14694,49981,229,150
114214,14699,49998,229,150
114264,14705,50019,229,150
114314,14713,50043,229,149
114366,14719,50074,229,150
114416,14727,50096,229,150
114472,14733,50120,229,149
114524,14743,50141,229,149
114575,14750,50171,229,150
114626,14757,50188,229,150
114677,14765,50212,229,150
114729,14771,50237,229,150
114779,14776,50255,229,150
114829,14784,50282,229,150
114879,14791,50303,229,150
114931,14797,50318,229,150
114983,14804,50338,229,150
115034,14809,50355,229,150
115085,14814,50378,229,150
115141,14820,50399,229,149
115197,14827,50418,229,150
115247,14833,50446,229,150
115297,14839,50487,229,150
115347,14847,50506,229,150
115400,14852,50531,229,150
115450,14856,50556,229,150
115501,14862,50576,229,150
115552,14871,50594,229,148
115602,14877,50612,229,150
115653,14885,50635,229,150
115703,14889,50661,229,150
115757,14897,50671,229,150
115807,14904,50691,229,149
115857,14911,50722,229,150
115908,14917,50748,229,150
115960,14923,50767,229,150
116013,14928,50782,229,150
116063,14936,50806,229,150
116115,14942,50831,229,150
116167,14950,50851,229,150
116219,14958,50869,229,149
116272,14966,50888,229,150
116322,14972,50900,229,150
116373,14979,50920,229,150
116423,14986,50940,229,150
116473,14992,50960,229,150
116523,14997,50978,229,150
116574,15006,51001,229,150
116624,15013,51017,229,150
116675,15020,51037,229,150
116726,15026,51068,229,150
116777,15032,51084,229,150
116827,15039,51110,229,150
116877,15044,51135,229,150
116930,15051,51160,229,150
116980,15057,51182,229,150
117030,15064,51199,229,150
117080,15070,51215,229,150
117132,15077,51237,229,150
117183,15082,51260,229,150
117234,15088,51280,229,150
117290,15092,51309,229,150
117340,15098,51333,229,150
117391,15104,51354,229,150
117441,15110,51373,229,150
117491,15117,51396,229,150
117541,15123,51421,229,150
117591,15128,51497,229,150
117641,15132,51524,229,150
117691,15139,51545,229,150
117742,15146,51571,229,150
117794,15154,51595,229,150
117844,15159,51619,229,150
117894,15166,51638,229,150
117946,15174,51659,229,150
117997,15182,51681,229,150
118048,15188,51706,229,150
118100,15195,51720,229,150
118151,15202,51752,229,150
118201,15208,51777,229,150
118251,15213,51802,229,150
118305,15220,51830,229,150
118355,15226,51850,229,150
118408,15233,51866,229,150
118458,15238,51892,229,150
118508,15243,51910,229,150
118563,15250,51933,229,150
118613,15256,51961,229,148
118663,15263,51984,229,150
118713,15269,52005,229,150
118763,15274,52029,229,150
118813,15281,52054,229,150
118867,15289,52071,229,150
118923,15294,52090,229,149
118973,15300,52112,229,150
119026,15305,52132,229,149
119078,15312,52156,229,150
119128,15318,52189,229,150
119179,15326,52211,229,150
119229,15335,52236,229,150
119280,15341,52251,229,150
119333,15346,52266,229,150
119394,15356,52282,229,150
119444,15363,52301,229,150
119496,15369,52325,229,150
119549,15377,52348,229,150
119599,15384,52369,229,150
119649,15391,52400,229,150
119699,15398,52420,229,150
119749,15406,52446,229,150
119802,15412,52467,229,150
119852,15417,52493,229,150
119903,15425,52518,229,150
119956,15430,52548,229,150
120006,15436,52580,229,150
120058,15442,52599,229,149
120108,15449,52611,229,150
120160,15455,52631,229,150
120210,15464,52639,229,150
120262,15471,52653,229,150
120312,15478,52687,229,150
120365,15483,52711,229,150
120417,15489,52734,229,150
120468,15494,52756,229,150
120519,15502,52772,229,150
120574,15507,52796,229,149
120624,15516,52817,229,150
120674,15523,52841,229,150
120725,15531,52864,229,150
120776,15536,52887,229,150
120827,15540,52909,229,150
120878,15545,52929,229,150
120928,15554,52946,229,150
120978,15561,52974,229,150
121029,15566,53004,229,150
121079,15572,53023,229,150
121130,15579,53052,229,150
121181,15588,53074,229,150
121232,15595,53096,229,150
121283,15601,53121,229,150
121333,15605,53153,229,150
121383,15611,53176,229,150
121434,15617,53194,229,150
121484,15624,53207,229,150
121535,15630,53223,229,150
121586,15637,53239,229,150
121639,15644,53260,229,150
121689,15650,53280,229,150
121740,15657,53293,229,150
121790,15662,53322,229,150
121846,15669,53334,229,150
121898,15675,53353,229,150
121950,15683,53376,229,150
122000,15689,53392,229,150
122050,15697,53410,229,150
122100,15704,53441,229,150
122153,15711,53457,229,149
122206,15718,53480,229,150
122261,15725,53499,229,150
122312,15733,53519,229,150
122362,15740,53536,229,150
122412,15747,53556,229,150
122463,15755,53574,229,150
122515,15765,53591,229,150
122568,15773,53609,229,150
122618,15779,53632,229,150
122668,15789,53641,229,150
122718,15794,53662,229,150
122770,15800,53678,229,150
122821,15808,53699,229,150
122873,15813,53721,229,150
122925,15819,53744,229,150
122975,15824,53762,229,150
123025,15833,53786,229,150
123077,15841,53800,229,150
123127,15850,53823,229,150
123177,15860,53849,229,150
123228,15868,53873,229,150
123278,15876,53900,229,150
123328,15882,53922,229,150
123378,15890,53939,229,150
123428,15896,53961,229,150
123480,15904,53974,229,150
123533,15910,54004,229,150
123584,15916,54021,229,149
123640,15926,54041,229,149
123690,15933,54070,229,150
123742,15938,54089,229,150
123792,15944,54113,229,150
123842,15951,54130,229,150
123894,15956,54151,229,150
123947,15961,54173,229,150
123997,15966,54199,229,150
124047,15971,54230,229,150
124097,15978,54248,229,150
124147,15985,54270,229,150
124202,15991,54294,229,150
124255,16000,54312,229,150
124306,16007,54337,229,150
124357,16011,54355,229,150
124409,16016,54370,229,150
124462,16022,54399,229,150
124515,16029,54422,229,150
124567,16038,54438,229,150
124617,16044,54466,229,150
124667,16050,54491,229,150
124717,16059,54504,229,150
124767,16064,54530,229,150
124818,16072,54548,229,150
124868,16078,54572,229,150
124918,16084,54597,229,150
124968,16091,54616,229,149
125018,16096,54643,229,150
125070,16100,54678,229,150
125121,16105,54704,229,150
125172,16112,54726,229,150
125222,16117,54746,229,150
125276,16123,54764,229,150
125327,16130,54786,229,150
125377,16139,54809,229,150
125427,16148,54826,229,150
125481,16153,54847,229,150
125532,16160,54864,229,150
125583,16167,54882,229,150
125633,16171,54914,229,150
125686,16176,54944,229,150
125736,16183,54971,229,150
125788,16189,54997,229,150
125840,16195,55035,229,150
125890,16201,55058,229,150
125941,16207,55080,229,150
125991,16214,55097,229,150
126041,16222,55112,229,150
126091,16226,55132,229,150
126141,16232,55167,229,150
126193,16238,55184,229,150
126245,16245,55215,229,150
126295,16252,55237,229,150
126347,16260,55261,229,150
126398,16267,55280,229,150
126448,16272,55302,229,150
126504,16276,55323,229,150
126555,16283,55345,229,150
126606,16291,55366,229,150
126663,16299,55387,229,149
126717,16309,55405,229,150
126767,16314,55423,229,150
126817,16321,55447,229,150
126868,16329,55465,229,150
126919,16334,55483,229,150
126972,16340,55509,229,150
127022,16347,55533,229,150
127072,16357,55558,229,150
127127,16363,55587,229,150
127178,16370,55607,229,150
127230,16378,55622,229,150
127282,16385,55638,229,150
127336,16393,55661,229,150
127386,16398,55678,229,150
127437,16402,55706,229,150
127489,16411,55724,229,150
127542,16421,55756,229,150
127592,16425,55777,229,150
127644,16432,55808,229,150
127694,16440,55825,229,150
127745,16446,55857,229,150
127797,16453,55884,229,150
127847,16459,55909,229,150
127907,16467,55941,229,150
127957,16476,55962,229,150
128011,16482,55997,229,150
128061,16487,56024,229,150
128112,16493,56037,229,150
128166,16501,56060,229,150
128217,16505,56089,229,150
128268,16513,56104,229,150
128318,16522,56130,229,150
128368,16527,56161,229,150
128419,16534,56189,229,150
128474,16540,56203,229,150
128525,16546,56272,229,150
128576,16550,56302,229,150
128626,16558,56317,229,150
128677,16563,56339,229,150
128729,16569,56370,229,150
128780,16575,56393,229,150
128831,16583,56402,229,150
128885,16589,56424,229,150
128936,16596,56448,229,150
128986,16600,56470,229,150
129036,16608,56486,229,150
129086,16613,56513,229,150
129136,16618,56537,229,150
129186,16623,56559,229,150
129238,16628,56584,229,150
129289,16633,56614,229,150
129339,16637,56638,229,150
129392,16646,56651,229,150
129442,16651,56675,229,150
129501,16657,56690,229,149
129551,16666,56720,229,150
129606,16671,56739,229,150
129656,16676,56753,229,150
129707,16683,56788,229,150
129757,16690,56806,229,150
129807,16697,56835,229,150
129858,16703,56848,229,150
129909,16708,56876,229,150
129959,16713,56905,229,150
130009,16720,56920,229,150
130061,16724,56949,229,150
130113,16730,56972,229,150
130163,16737,56992,229,150
130215,16743,57012,229,150
130265,16750,57041,229,150
130315,16755,57070,229,150
130365,16759,57090,229,150
130415,16765,57114,229,150
130465,16773,57136,229,150
130516,16780,57162,229,150
130567,16787,57183,229,150
130625,16792,57207,229,150
130675,16802,57219,229,150
130726,16810,57256,229,149
130776,16815,57281,229,150
130826,16823,57299,229,150
130878,16830,57325,229,150
130929,16838,57353,229,150
130979,16845,57375,229,150
131029,16851,57396,229,150
131080,16855,57424,229,150
131130,16862,57443,229,150
131180,16867,57465,229,150
131231,16875,57475,229,149
131281,16881,57496,229,150
131331,16890,57520,229,150
131381,16894,57547,229,150
131431,16900,57579,229,150
131482,16906,57643,229,150
131535,16911,57670,229,150
131586,16917,57692,229,150
131636,16922,57721,229,150
131688,16930,57738,229,150
131739,16938,57755,229,150
131789,16943,57771,229,150
131841,16948,57787,229,149
131891,16954,57806,229,150
131945,16959,57822,229,150
132000,16965,57844,229,150
132054,16971,57857,229,150
132104,16976,57892,229,150
132156,16983,57919,229,150
132207,16992,57936,229,150
132260,16997,57955,229,149
132310,17002,57975,229,150
132360,17010,57998,229,150
132410,17016,58012,229,150
132464,17023,58037,229,150
132515,17029,58052,229,150
132565,17038,58068,229,150
132617,17045,58094,229,150
132667,17051,58110,229,150
132718,17057,58132,229,150
132771,17064,58146,229,150
132822,17070,58163,229,150
132874,17077,58180,229,149
132924,17083,58204,229,150
132974,17088,58231,229,150
133026,17098,58249,229,150
133076,17103,58266,229,149
133131,17113,58285,229,150
133181,17118,58306,229,150
133236,17124,58326,229,150
133286,17131,58345,229,150
133337,17142,58365,229,150
133387,17148,58381,229,150
133440,17156,58403,229,150
133492,17161,58426,229,150
133543,17167,58440,229,150
133593,17175,58458,229,150
133646,17182,58469,229,150
133698,17190,58486,229,150
133748,17196,58506,229,150
133799,17201,58534,229,150
133852,17209,58557,229,150
133903,17215,58574,229,150
133954,17222,58599,229,150
134006,17230,58622,229,150
134056,17237,58644,229,150
134112,17243,58663,229,150
134162,17252,58683,229,150
134212,17259,58707,229,150
134262,17266,58727,229,150
134314,17273,58752,229,150
134367,17280,58769,229,150
134421,17287,58792,229,150
134472,17294,58809,229,150
134525,17302,58829,229,150
134577,17310,58855,229,150
134627,17316,58876,229,150
134677,17322,58896,229,150
134727,17328,58924,229,150
134778,17334,58949,229,150
134828,17340,58973,229,150
134879,17346,58999,229,150
134932,17354,59027,229,150
134982,17360,59042,229,150
135032,17365,59065,229,150
135082,17370,59087,229,150
135135,17376,59112,229,150
135188,17382,59137,229,150
135240,17387,59159,229,150
135294,17395,59175,229,150
135344,17401,59194,229,150
135395,17408,59215,229,150
135449,17417,59230,229,150
135499,17424,59250,229,150
135551,17429,59276,229,150
135606,17434,59297,229,150
135659,17439,59313,229,150
135709,17447,59331,229,150
135761,17454,59355,229,150
135811,17461,59377,229,150
135861,17474,59389,229,150
135911,17482,59403,229,150
135963,17488,59436,229,150
136014,17494,59459,229,150
136066,17503,59487,229,150
136116,17508,59515,229,150
136169,17516,59533,229,149
136219,17521,59560,229,150
136270,17529,59576,229,150
136326,17535,59597,229,148
136380,17545,59610,229,150
136430,17552,59628,229,150
136483,17559,59654,229,150
136534,17564,59685,229,150
136584,17571,59695,229,150
136636,17581,59723,229,150
136687,17588,59748,229,150
136738,17591,59778,229,150
136789,17602,59799,229,150
136839,17608,59823,229,150
136890,17615,59847,229,150
136943,17622,59918,229,150
136998,17633,59930,229,150
137049,17639,59956,229,150
137103,17648,59983,229,150
137155,17653,60002,229,150
137205,17662,60021,229,150
137255,17666,60050,229,150
137312,17672,60067,229,148
137363,17680,60083,229,150
137415,17687,60097,229,150
137466,17696,60163,229,150
137517,17703,60179,229,150
137569,17710,60204,229,150
137620,17719,60225,229,150
137673,17726,60245,229,150
137723,17733,60255,229,149
137773,17741,60278,229,150
137823,17746,60295,229,150
137873,17752,60316,229,149
137923,17758,60336,229,150
137974,17767,60352,229,150
138025,17772,60378,229,150
138075,17779,60398,229,150
138125,17785,60415,229,150
138175,17791,60443,229,150
138226,17798,60467,229,150
138276,17805,60538,229,150
138327,17811,60552,229,150
138381,17817,60579,229,150
138431,17822,60602,229,150
138481,17828,60621,229,150
138532,17835,60644,229,150
138582,17840,60678,229,150
138634,17847,60706,229,150
138684,17853,60733,229,150
138735,17860,60762,229,150
138791,17866,60785,229,150
138847,17874,60802,229,150
138901,17884,60818,229,150
138951,17888,60835,229,150
139002,17895,60862,229,150
139058,17903,60884,229,150
139108,17909,60903,229,150
139159,17915,60932,229,150
139210,17921,60952,229,150
139261,17928,61021,229,150
139312,17936,61045,229,150
139363,17944,61075,229,150
139420,17950,61092,229,150
139471,17956,61119,229,150
139521,17962,61135,229,150
139571,17968,61149,229,149
139621,17975,61162,229,149
139671,17982,61182,229,150
139722,17989,61202,229,150
139772,17998,61220,229,150
139823,18004,61236,229,150
139874,18013,61255,229,150
139928,18019,61275,229,150
139982,18024,61305,229,150
140033,18031,61331,229,150
140084,18037,61352,229,150
140136,18044,61375,229,150
140190,18051,61394,229,150
140240,18056,61413,229,150
140290,18062,61436,229,150
140340,18067,61465,229,150
140391,18073,61483,229,150
140443,18082,61501,229,150
140497,18088,61529,229,149
140547,18097,61557,229,150
140597,18105,61574,229,150
140653,18113,61597,229,150
140703,18119,61620,229,150
140753,18125,61648,229,150
140803,18130,61677,229,150
140855,18136,61693,229,150
140908,18143,61716,229,150
140960,18151,61736,229,150
141013,18156,61757,229,150
141063,18163,61785,229,150
141117,18172,61795,229,149
141167,18182,61806,229,150
141217,18186,61830,229,150
141267,18192,61851,229,150
141320,18197,61877,229,149
141373,18204,61894,229,150
141424,18209,61904,229,150
141476,18214,61937,229,150
141528,18220,61965,229,150
141578,18230,61978,229,149
141631,18236,62004,229,150
141681,18242,62030,229,150
141733,18248,62057,229,150
141788,18254,62073,229,150
141839,18260,62091,229,150
141889,18266,62118,229,150
141941,18273,62137,229,150
141992,18278,62165,229,150
142042,18285,62194,229,150
142093,18292,62215,229,150
142146,18298,62242,229,150
142197,18304,62267,229,150
142247,18315,62295,229,150
142297,18321,62323,229,150
142347,18327,62339,229,150
142401,18334,62353,229,150
142453,18342,62376,229,149
142508,18350,62394,229,150
142559,18354,62419,229,150
142610,18360,62440,229,150
142660,18369,62458,229,150
142710,18374,62522,229,150
142765,18379,62565,229,150
142818,18384,62589,229,150
142870,18391,62608,229,150
142922,18399,62631,229,150
142972,18406,62650,229,150
143022,18411,62678,229,150
143073,18418,62705,229,150
143123,18423,62718,229,150
143173,18430,62738,229,150
143230,18436,62760,229,150
143283,18440,62784,229,150
143340,18445,62814,229,150
143391,18454,62831,229,150
143441,18464,62851,229,150
143491,18471,62873,229,150
143541,18476,62893,229,150
143593,18483,62907,229,150
143649,18492,62926,229,149
143699,18498,62952,229,150
143749,18504,62971,229,150
143804,18511,62986,229,150
143854,18517,63007,229,150
143907,18523,63023,229,150
143964,18529,63047,229,150
144014,18536,63065,229,150
144064,18540,63085,229,150
144116,18547,63108,229,150
144168,18555,63123,229,150
144223,18562,63147,229,150
144273,18568,63168,229,150
144328,18574,63193,229,150
144378,18579,63215,229,150
144430,18587,63227,229,150
144480,18595,63247,229,150
144530,18599,63270,229,149
144582,18608,63293,229,150
144633,18616,63309,229,150
144686,18623,63317,229,150
144736,18629,63343,229,150
144788,18635,63363,229,150
144840,18642,63385,229,150
144892,18649,63407,229,150
144943,18654,63438,229,150
144993,18661,63447,229,150
145044,18669,63473,229,150
145095,18676,63492,229,150
145145,18682,63508,229,150
145195,18689,63536,229,150
145246,18693,63556,229,150
145297,18700,63581,229,150
145347,18705,63601,229,150
145399,18710,63631,229,150
145452,18716,63653,229,150
145504,18720,63673,229,150
145554,18726,63700,229,150
145606,18733,63723,229,150
145658,18738,63750,229,150
145709,18745,63770,229,150
145760,18754,63803,229,150
145810,18759,63831,229,150
145860,18766,63855,229,150
145910,18771,63878,229,150
145964,18777,63902,229,149
146014,18785,63914,229,150
146066,18793,63935,229,150
146117,18800,63949,229,150
146167,18806,63973,229,150
146217,18811,64001,229,150
146267,18817,64021,229,150
146317,18824,64043,229,150
146367,18833,64077,229,150
146417,18839,64101,229,150
146467,18846,64128,229,150
146517,18850,64157,229,150
146567,18857,64184,229,150
146619,18863,64209,229,150
146670,18868,64227,229,150
146721,18876,64241,229,150
146771,18881,64266,229,150
146824,18886,64291,229,150
146876,18892,64316,229,150
146926,18900,64338,229,150
146977,18907,64363,229,150
147027,18912,64393,229,150
147080,18918,64412,229,150
147130,18924,64434,229,150
147184,18932,64457,229,150
147240,18938,64479,229,150
147291,18945,64495,229,150
147341,18953,64515,229,150
147392,18958,64528,229,150
147442,18964,64554,229,150
147495,18970,64575,229,150
147549,18976,64593,229,150
147599,18981,64619,229,150
147650,18986,64693,229,150
147700,18993,64713,229,150
147750,18999,64731,229,150
147800,19006,64755,229,150
147850,19012,64784,229,150
147901,19018,64808,229,150
147952,19025,64825,229,150
148002,19032,64888,229,150
148052,19039,64913,229,150
148102,19045,64933,229,150
148153,19051,64946,229,149
148208,19061,64975,229,150
148266,19068,64994,229,150
148318,19074,65019,229,150
148369,19082,65038,229,150
148425,19088,65058,229,150
148478,19095,65075,229,150
148530,19103,65097,229,150
148580,19108,65125,229,150
148633,19115,65142,229,150
148683,19121,65161,229,150
148733,19128,65181,229,150
148784,19135,65198,229,150
148834,19142,65225,229,150
148884,19148,65248,229,150
148935,19155,65268,229,150
148990,19162,65295,229,150
149042,19168,65325,229,150
149092,19174,65345,229,150
149142,19180,65369,229,150
149192,19188,65389,229,150
149245,19197,65409,229,150
149298,19205,65429,229,150
149350,19210,65454,229,149
149401,19219,65474,229,150
149452,19226,65497,229,150
149502,19232,65518,229,150
149552,19236,65540,229,150
149602,19242,65562,229,150
149652,19246,65589,229,150
149702,19256,65601,229,149
149753,19262,65630,229,150
149803,19267,65652,229,150
149853,19273,65679,229,150
149903,19279,65705,229,150
149955,19286,65725,229,149
150007,19291,65741,229,150
150057,19297,65766,229,150
150110,19304,65781,229,150
150160,19309,65806,229,150
150211,19315,65829,229,150
150261,19323,65844,229,150
150311,19330,65855,229,149
150361,19338,65869,229,150
150413,19345,65877,229,148
150463,19354,65892,229,150
150513,19361,65916,229,150
150565,19369,65939,229,149
150616,19378,65964,229,150
150670,19387,65985,229,150
150721,19396,66005,229,150
150771,19404,66025,229,150
150821,19409,66041,229,150
150871,19415,66063,229,150
150926,19422,66080,229,150
150976,19428,66102,229,150
151026,19436,66123,229,150
151079,19444,66140,229,150
151131,19449,66163,229,150
151181,19454,66181,229,150
151231,19459,66203,229,150
151281,19465,66218,229,150
151331,19471,66234,229,150
151381,19478,66257,229,150
151436,19486,66283,229,150
151486,19492,66306,229,150
151538,19498,66333,229,150
151588,19506,66355,229,150
151638,19512,66380,229,150
151688,19519,66399,229,150
151745,19528,66420,229,149
151795,19535,66442,229,150
151845,19541,66462,229,150
151900,19548,66484,229,150
151953,19556,66511,229,150
152005,19563,66536,229,150
152059,19570,66564,229,150
152114,19576,66589,229,150
152169,19582,66609,229,150
152219,19590,66631,229,149
152272,19597,66645,229,150
152322,19602,66675,229,150
152373,19610,66699,229,150
152425,19618,66716,229,150
152476,19623,66740,229,150
152529,19629,66761,229,150
152579,19637,66785,229,150
152629,19643,66803,229,150
152679,19650,66817,229,150
152729,19655,66846,229,150
152781,19661,66867,229,150
152835,19668,66895,229,150
152889,19675,66928,229,150
152940,19682,66950,229,150
152994,19689,66972,229,150
153048,19697,66986,229,149
153098,19708,67007,229,150
153148,19715,67038,229,150
153199,19723,67058,229,150
153250,19728,67084,229,150
153300,19734,67111,229,150
153351,19740,67132,229,150
153401,19746,67164,229,150
153451,19752,67184,229,150
153501,19756,67209,229,150
153555,19764,67233,229,150
153606,19769,67252,229,150
153656,19774,67268,229,150
153706,19780,67287,229,150
153757,19790,67307,229,150
153811,19797,67326,229,149
153866,19805,67350,229,150
153916,19809,67386,229,150
153969,19816,67408,229,150
154019,19823,67427,229,150
154071,19829,67450,229,150
154121,19834,67472,229,150
154173,19840,67499,229,150
154226,19845,67521,229,150
154276,19855,67536,229,150
154327,19860,67569,229,150
154377,19865,67585,229,149
154429,19872,67602,229,150
154485,19878,67619,229,150
154537,19888,67642,229,150
154587,19893,67669,229,150
154637,19898,67700,229,150
154692,19905,67728,229,150
154744,19912,67750,229,150
154795,19918,67777,229,150
154846,19925,67797,229,150
154900,19933,67817,229,150
154950,19941,67833,229,150
155001,19946,67861,229,150
155055,19952,67935,229,150
155106,19956,67964,229,150
155157,19960,67986,229,150
155209,19966,68006,229,150
155264,19974,68018,229,150
155314,19981,68037,229,149
155366,19990,68065,229,150
155419,19998,68086,229,149
155471,20005,68112,229,150
155526,20010,68133,229,150
155577,20019,68150,229,150
155627,20026,68169,229,150
155678,20032,68192,229,150
155733,20039,68209,229,150
155783,20046,68233,229,150
155833,20053,68254,229,150
155884,20060,68281,229,150
155936,20065,68302,229,150
155986,20072,68321,229,150
156038,20077,68352,229,149
156089,20081,68376,229,150
156139,20089,68391,229,150
156189,20096,68417,229,150
156239,20101,68446,229,150
156289,20109,68463,229,150
156344,20118,68473,229,150
156397,20123,68496,229,150
156447,20129,68520,229,150
156500,20136,68542,229,150
156552,20143,68567,229,150
156603,20147,68594,229,150
156653,20153,68614,229,150
156704,20160,68642,229,150
156759,20167,68659,229,150
156811,20172,68681,229,150
156863,20180,68697,229,150
156914,20187,68717,229,150
156964,20194,68730,229,150
157016,20201,68753,229,150
157067,20207,68773,229,150
157117,20214,68788,229,150
157167,20220,68812,229,150
157217,20228,68836,229,150
157269,20233,68854,229,150
157320,20239,68871,229,150
157371,20245,68910,229,150
157422,20250,68931,229,150
157478,20256,68954,229,150
157528,20264,68981,229,150
157578,20270,68995,229,150
157630,20280,69017,229,150
157681,20285,69038,229,150
157732,20292,69068,229,150
157782,20299,69088,229,150
157832,20304,69118,229,150
157884,20310,69131,229,150
157934,20315,69152,229,150
157984,20322,69166,229,150
158034,20328,69185,229,150
158084,20335,69200,229,150
158134,20342,69227,229,150
158184,20346,69246,229,150
158236,20350,69271,229,150
158286,20358,69298,229,150
158339,20365,69322,229,150
158391,20370,69350,229,150
158443,20376,69366,229,150
158497,20383,69388,229,150
158548,20388,69410,229,150
158599,20395,69428,229,150
158650,20399,69451,229,150
158700,20406,69476,229,150
158755,20411,69497,229,150
158805,20417,69516,229,150
158855,20424,69532,229,149
158905,20429,69556,229,150
158955,20437,69570,229,150
159006,20443,69586,229,149
159056,20451,69612,229,150
159110,20459,69635,229,149
159161,20466,69654,229,150
159211,20473,69672,229,150
159261,20479,69701,229,150
159311,20485,69722,229,150
159361,20490,69751,229,150
159414,20496,69783,229,150
159465,20504,69803,229,150
159517,20510,69823,229,150
159567,20516,69850,229,150
159617,20522,69861,229,150
159668,20529,69887,229,150
159718,20535,69916,229,150
159770,20542,69932,229,150
159821,20549,69948,229,150
159871,20554,69970,229,150
159921,20559,69987,229,150
159973,20563,70019,229,150
160023,20569,70039,229,150
160073,20576,70057,229,150
160125,20581,70078,229,150
160175,20586,70098,229,150
160226,20596,70118,229,150
160278,20603,70139,229,150
160330,20609,70157,229,150
160382,20615,70169,229,150
160436,20621,70193,229,150
160486,20629,70211,229,150
160536,20633,70229,229,150
160586,20639,70261,229,150
160636,20645,70281,229,150
160687,20650,70313,229,150
160739,20655,70328,229,149
160790,20660,70406,229,150
160840,20665,70430,229,150
160890,20671,70445,229,150
160941,20679,70462,229,150
160992,20683,70485,229,150
161042,20689,70506,229,150
161093,20693,70525,229,150
161144,20700,70556,229,150
161196,20704,70576,229,150
161247,20711,70587,229,150
161302,20716,70611,229,150
161355,20722,70631,229,150
161407,20727,70664,229,150
161457,20734,70689,229,150
161508,20741,70713,229,150
161560,20747,70730,229,150
161610,20752,70742,229,149
161662,20758,70771,229,150
161713,20764,70787,229,150
161766,20772,70806,229,150
161817,20778,70836,229,150
161867,20785,70850,229,150
161918,20791,70865,229,150
161970,20796,70888,229,150
162022,20802,70916,229,150
162074,20810,70940,229,150
162124,20817,70958,229,150
162174,20824,70978,229,150
162225,20831,71000,229,150
162279,20837,71019,229,150
162330,20843,71042,229,150
162382,20849,71069,229,150
162433,20857,71092,229,150
162485,20861,71122,229,150
162539,20869,71138,229,149
162589,20875,71150,229,150
162640,20881,71173,229,150
162694,20888,71189,229,150
162745,20895,71206,229,150
162795,20902,71242,229,150
162846,20908,71268,229,150
162897,20915,71293,229,150
162953,20921,71308,229,150
163003,20928,71332,229,150
163053,20934,71355,229,150
163104,20941,71378,229,150
163155,20948,71404,229,150
163206,20956,71433,229,150
163256,20962,71463,229,150
163306,20968,71489,229,150
163357,20974,71520,229,150
163407,20980,71546,229,150
163460,20987,71557,229,150
163512,20992,71581,229,150
163562,20996,71597,229,150
163613,21004,71616,229,150
163663,21011,71627,229,150
163715,21018,71650,229,150
163765,21023,71683,229,150
163817,21032,71693,229,149
163867,21038,71714,229,150
163920,21043,71739,229,150
163970,21050,71761,229,150
164022,21055,71776,229,148
164072,21063,71793,229,150
164122,21070,71811,229,150
164172,21077,71827,229,150
164222,21085,71846,229,150
164272,21092,71872,229,150
164322,21097,71893,229,150
164373,21103,71906,229,150
164424,21110,71916,229,150
164477,21114,71939,229,150
164528,21121,71956,229,150
164579,21126,71983,229,150
164629,21133,71996,229,150
164679,21140,72023,229,150
164731,21148,72045,229,150
164781,21156,72072,229,150
164831,21164,72099,229,150
164883,21171,72117,229,150
164933,21178,72136,229,150
164984,21185,72162,229,150
165036,21192,72188,229,150
165086,21198,72217,229,150
165136,21205,72236,229,150
165187,21210,72269,229,150
165237,21216,72284,229,149
165287,21224,72304,229,150
165338,21229,72330,229,150
165388,21236,72351,229,150
165439,21244,72379,229,150
165489,21250,72401,229,150
165539,21258,72426,229,150
165589,21263,72453,229,150
165639,21269,72469,229,150
165689,21274,72492,229,150
165743,21283,72505,229,150
165793,21287,72528,229,150
165843,21293,72549,229,150
165895,21298,72567,229,150
165945,21303,72591,229,150
165998,21309,72613,229,150
166048,21315,72631,229,150
166099,21320,72650,229,150
166149,21328,72673,229,149
166201,21335,72738,229,149
166252,21343,72762,229,150
166302,21347,72790,229,150
166352,21351,72814,229,150
166409,21359,72838,229,150
166460,21365,72858,229,150
166510,21370,72886,229,150
166561,21376,72904,229,150
166611,21382,72919,229,150
166663,21390,72939,229,150
166714,21396,72955,229,150
166771,21403,72966,229,150
166821,21409,72986,229,150
166871,21415,73011,229,150
166921,21422,73036,229,150
166973,21427,73053,229,150
167023,21433,73075,229,150
167075,21438,73100,229,150
167126,21444,73120,229,150
167176,21450,73139,229,150
167226,21455,73161,229,150
167276,21459,73186,229,150
167326,21464,73213,229,150
167376,21469,73233,229,150
167426,21474,73251,229,150
167478,21483,73266,229,150
167532,21490,73284,229,150
167582,21497,73293,229,149
167636,21504,73315,229,150
167686,21510,73334,229,150
167738,21516,73355,229,150
167789,21521,73381,229,150
167841,21526,73398,229,150
167893,21533,73425,229,150
167945,21540,73438,229,150
167996,21545,73468,229,150
168046,21550,73500,229,150
168099,21556,73514,229,150
168152,21563,73528,229,150
168202,21569,73565,229,150
168253,21577,73590,229,150
168305,21583,73610,229,150
168356,21591,73638,229,150
168416,21600,73653,229,148
168466,21609,73671,229,150
168516,21617,73686,229,150
168567,21622,73707,229,150
168624,21628,73723,229,148
168676,21636,73750,229,150
168726,21642,73767,229,150
168776,21649,73788,229,150
168826,21654,73809,229,150
168877,21664,73821,229,150
168927,21669,73850,229,150
168978,21676,73864,229,150
169028,21684,73881,229,150
169082,21692,73906,229,150
169136,21699,73932,229,150
169186,21707,73959,229,150
169238,21713,73996,229,150
169289,21719,74016,229,150
169340,21723,74041,229,150
169392,21731,74055,229,150
169447,21737,74081,229,150
169498,21743,74107,229,148
169551,21752,74127,229,150
169601,21758,74147,229,150
169651,21764,74174,229,150
169701,21768,74193,229,150
169754,21775,74228,229,149
169804,21780,74266,229,150
169855,21787,74291,229,150
169905,21792,74310,229,150
169955,21802,74328,229,150
170005,21808,74354,229,150
170056,21813,74383,229,150
170107,21820,74405,229,150
170159,21829,74424,229,150
170214,21836,74446,229,150
170267,21842,74468,229,150
170318,21845,74493,229,150
170371,21851,74519,229,149
170421,21858,74537,229,149
170473,21866,74567,229,150
170526,21875,74584,229,150
170576,21882,74612,229,150
170629,21888,74669,229,149
170684,21894,74695,229,148
170737,21902,74717,229,150
170787,21906,74742,229,150
170838,21911,74760,229,150
170892,21917,74775,229,150
170942,21922,74799,229,150
170992,21929,74838,229,150
171042,21935,74940,229,150
171092,21939,74965,229,150
171144,21944,74986,229,150
171195,21949,75008,229,150
171245,21956,75042,229,150
171297,21962,75054,229,150
171350,21973,75072,229,150
171400,21981,75085,229,150
171452,21987,75108,229,150
171504,21993,75135,229,150
171554,21999,75161,229,150
171604,22005,75190,229,150
171656,22009,75213,229,150
171707,22015,75233,229,150
171759,22024,75253,229,149
171809,22032,75272,229,150
171869,22038,75335,229,149
171919,22043,75365,229,150
171971,22053,75387,229,150
172025,22058,75421,229,150
172075,22064,75444,229,150
172127,22070,75458,229,149
172177,22076,75486,229,150
172227,22083,75501,229,150
172277,22089,75520,229,150
172330,22098,75542,229,150
172382,22107,75565,229,150
172434,22113,75591,229,150
172486,22120,75607,229,150
172536,22128,75624,229,150
172586,22133,75654,229,149
172636,22141,75664,229,150
172687,22148,75679,229,150
172741,22156,75698,229,150
172791,22160,75731,229,150
172842,22170,75752,229,150
172893,22175,75773,229,150
172943,22180,75788,229,150
172993,22186,75814,229,150
173045,22193,75836,229,150
173099,22200,75856,229,148
173152,22208,75874,229,150
173202,22215,75900,229,150
173252,22223,75920,229,150
173303,22230,75943,229,150
173354,22239,75968,229,150
173408,22249,75993,229,150
173462,22254,76009,229,150
173514,22262,76028,229,150
173565,22267,76053,229,150
173615,22271,76068,229,150
173669,22278,76089,229,150
173719,22282,76122,229,150
173769,22288,76136,229,150
173819,22296,76149,229,150
173873,22304,76174,229,150
173924,22308,76194,229,150
173976,22314,76213,229,150
174027,22320,76237,229,150
174080,22326,76249,229,150
174130,22334,76259,229,150
174180,22340,76290,229,150
174230,22346,76318,229,150
174282,22352,76343,229,150
174333,22358,76364,229,150
174383,22364,76384,229,150
174439,22371,76403,229,150
174490,22376,76424,229,150
174540,22383,76452,229,150
174591,22389,76471,229,150
174641,22396,76485,229,150
174694,22403,76513,229,150
174744,22411,76529,229,150
174795,22415,76552,229,150
174845,22420,76566,229,150
174895,22431,76586,229,150
174945,22436,76605,229,150
174996,22444,76632,229,150
175046,22450,76657,229,150
175096,22455,76682,229,150
175149,22461,76702,229,150
175205,22468,76728,229,150
175258,22476,76746,229,150
175308,22484,76770,229,150
175358,22490,76789,229,150
175408,22496,76811,229,150
175458,22502,76845,229,150
175508,22510,76862,229,150
175558,22515,76886,229,150
175608,22522,76906,229,150
175658,22527,76930,229,150
175710,22534,76951,229,150
175760,22541,76967,229,150
175810,22547,77043,229,150
175862,22552,77068,229,150
175912,22558,77085,229,150
175962,22565,77112,229,150
176012,22573,77131,229,150
176066,22579,77152,229,150
176120,22586,77170,229,150
176172,22592,77184,229,150
176222,22599,77201,229,150
176273,22607,77222,229,149
176324,22614,77239,229,150
176376,22622,77266,229,150
176427,22628,77283,229,150
176479,22633,77303,229,150
176530,22637,77325,229,150
176580,22643,77339,229,150
176630,22649,77365,229,150
176680,22657,77387,229,150
176730,22663,77398,229,150
176782,22669,77414,229,149
176834,22677,77440,229,150
176884,22683,77460,229,150
176936,22688,77484,229,150
176987,22693,77507,229,150
177038,22699,77523,229,150
177088,22704,77549,229,150
177140,22711,77586,229,150
177197,22717,77611,229,150
177248,22724,77625,229,148
177304,22730,77648,229,150
177355,22735,77673,229,150
177406,22740,77701,229,150
177463,22745,77717,229,150
177514,22751,77736,229,150
177564,22756,77763,229,150
177614,22761,77797,229,150
177667,22768,77813,229,150
177717,22773,77834,229,150
177769,22781,77860,229,150
177823,22789,77881,229,150
177874,22795,77902,229,150
177925,22802,77931,229,150
177975,22808,77957,229,150
178026,22815,77981,229,150
178076,22826,77992,229,150
178129,22831,78013,229,150
178179,22838,78037,229,150
178230,22845,78050,229,150
178282,22852,78062,229,149
178332,22859,78081,229,150
178385,22865,78102,229,150
178436,22872,78127,229,150
178486,22879,78154,229,150
178541,22885,78184,229,150
178591,22894,78200,229,150
178642,22900,78224,229,150
178693,22907,78245,229,150
178744,22914,78265,229,150
178795,22919,78292,229,150
178847,22925,78362,229,150
178897,22933,78378,229,149
178951,22939,78401,229,150
179002,22945,78426,229,150
179053,22954,78455,229,150
179104,22959,78472,229,150
179155,22966,78496,229,150
179209,22970,78515,229,150
179260,22977,78538,229,150
179310,22983,78557,229,150
179363,22993,78576,229,150
179414,22999,78603,229,150
179464,23006,78628,229,150
179515,23011,78653,229,150
179566,23017,78670,229,150
179616,23024,78688,229,150
179667,23030,78717,229,150
179721,23034,78738,229,150
179771,23040,78768,229,150
179825,23045,78792,229,150
179876,23050,78818,229,150
179927,23057,78840,229,150
179977,23064,78862,229,150
180027,23072,78888,229,150
180077,23076,78910,229,150
180130,23082,78932,229,149
180181,23090,78956,229,150
180237,23097,78975,229,149
180287,23104,79002,229,150
180337,23110,79018,229,150
180389,23115,79050,229,150
180439,23122,79060,229,150
180491,23129,79082,229,150
180541,23136,79095,229,150
180591,23141,79110,229,150
180641,23148,79131,229,150
180692,23156,79151,229,150
180742,23161,79178,229,150
180792,23166,79206,229,150
180851,23173,79224,229,150
180905,23182,79245,229,150
180955,23187,79267,229,150
181005,23196,79288,229,150
181055,23204,79309,229,150
181105,23212,79334,229,150
181155,23219,79352,229,150
181206,23227,79374,229,150
181258,23233,79400,229,150
181308,23238,79425,229,150
181361,23244,79452,229,149
181412,23253,79464,229,150
181466,23260,79486,229,150
181516,23266,79507,229,150
181567,23271,79533,229,150
181618,23274,79563,229,150
181668,23284,79579,229,150
181718,23291,79600,229,149
181768,23298,79619,229,150
181819,23305,79635,229,150
181869,23309,79648,229,150
181919,23316,79670,229,150
181969,23327,79685,229,150
182019,23335,79704,229,149
182071,23342,79724,229,150
182122,23349,79753,229,150
182173,23354,79778,229,150
182229,23360,79809,229,150
182280,23367,79824,229,150
182331,23374,79843,229,150
182381,23380,79867,229,150
182433,23386,79890,229,150
182485,23394,79911,229,150
182538,23401,79938,229,150
182589,23407,79957,229,150
182639,23413,79977,229,150
182689,23420,80000,229,150
182739,23427,80025,229,150
182790,23436,80037,229,150
182840,23446,80052,229,150
182890,23451,80072,229,150
182943,23456,80097,229,150
182994,23462,80121,229,150
183048,23467,80138,229,150
183098,23472,80165,229,150
183150,23477,80194,229,150
183205,23485,80213,229,150
183258,23493,80236,229,150
183309,23501,80249,229,150
183361,23508,80270,229,150
183416,23517,80292,229,150
183466,23525,80307,229,150
183519,23533,80339,229,150
183569,23538,80357,229,150
183620,23543,80378,229,148
183670,23551,80402,229,150
183723,23556,80426,229,150
183775,23565,80444,229,150
183826,23573,80469,229,150
183882,23579,80483,229,148
183932,23586,80505,229,150
183982,23596,80527,229,150
184036,23604,80550,229,150
184087,23609,80574,229,150
184139,23616,80603,229,150
184189,23623,80622,229,150
184240,23631,80634,229,150
184290,23639,80655,229,150
184341,23644,80685,229,150
184391,23650,80703,229,150
184441,23654,80720,229,150
184491,23660,80738,229,150
184542,23668,80758,229,150
184592,23675,80779,229,150
184644,23682,80803,229,150
184694,23687,80820,229,150
184748,23695,80838,229,150
184800,23700,80862,229,150
184852,23707,80890,229,150
184902,23714,80916,229,150
184957,23721,80933,229,150
185007,23727,80953,229,150
185057,23733,80977,229,150
185107,23738,81012,229,150
185160,23744,81033,229,150
185210,23750,81062,229,150
185260,23756,81084,229,150
185310,23764,81102,229,149
185362,23772,81130,229,150
185417,23783,81145,229,150
185467,23790,81163,229,150
185517,23797,81171,229,150
185570,23805,81206,229,149
185620,23812,81222,229,150
185675,23818,81242,229,150
185725,23824,81258,229,150
185776,23830,81278,229,150
185831,23835,81296,229,150
185882,23842,81315,229,150
185933,23848,81342,229,150
185985,23855,81365,229,150
186037,23862,81390,229,150
186087,23867,81411,229,150
186138,23874,81436,229,150
186190,23882,81454,229,150
186242,23887,81487,229,150
186293,23893,81503,229,150
186344,23899,81532,229,150
186398,23905,81566,229,150
186452,23912,81589,229,150
186503,23919,81604,229,150
186553,23925,81634,229,150
186603,23931,81653,229,150
186653,23939,81667,229,150
186703,23944,81692,229,150
186753,23950,81712,229,150
186803,23956,81737,229,150
186853,23961,81758,229,150
186903,23968,81775,229,150
186953,23975,81803,229,150
187007,23982,81814,229,150
187058,23987,81835,229,150
187111,23994,81854,229,150
187161,24001,81878,229,150
187211,24006,81903,229,150
187261,24012,81917,229,150
187311,24020,81945,229,150
187361,24029,81963,229,150
187411,24037,81974,229,150
187467,24043,81989,229,150
187520,24048,82002,229,150
187572,24056,82023,229,150
187622,24060,82046,229,150
187673,24066,82072,229,150
187725,24073,82092,229,150
187776,24077,82110,229,150
187826,24083,82134,229,150
187879,24092,82148,229,150
187929,24097,82177,229,150
187979,24104,82202,229,150
188030,24111,82222,229,150
188083,24119,82245,229,150
188134,24128,82261,229,150
188185,24134,82289,229,150
188235,24142,82313,229,150
188288,24148,82337,229,150
188338,24155,82359,229,150
188390,24161,82381,229,150
188442,24166,82399,229,150
188492,24171,82423,229,150
188546,24177,82446,229,150
188597,24182,82477,229,150
188649,24192,82494,229,150
188703,24197,82518,229,149
188756,24206,82546,229,149
188807,24215,82569,229,150
188858,24224,82592,229,150
188910,24230,82608,229,150
188960,24238,82635,229,150
189013,24244,82660,229,150
189063,24250,82688,229,150
189113,24254,82709,229,150
189163,24260,82742,229,150
189213,24266,82764,229,150
189263,24272,82787,229,150
189315,24281,82811,229,150
189366,24287,82840,229,150
189420,24295,82853,229,149
189471,24301,82877,229,148
189521,24309,82910,229,150
189571,24316,82926,229,149
189626,24321,82947,229,150
189677,24327,82977,229,150
189735,24334,82996,229,150
189785,24341,83018,229,150
189842,24348,83035,229,150
189894,24357,83054,229,150
189945,24363,83075,229,150
189997,24368,83092,229,150
190049,24375,83120,229,150
190099,24379,83144,229,150
190151,24386,83169,229,150
190203,24392,83190,229,150
190253,24401,83210,229,150
190303,24408,83225,229,150
190357,24414,83234,229,150
190407,24421,83263,229,150
190460,24429,83284,229,150
190511,24433,83312,229,150
190562,24438,83331,229,150
190615,24443,83352,229,150
190665,24449,83378,229,150
190716,24457,83396,229,149
190769,24467,83411,229,149
190820,24476,83432,229,150
190873,24482,83456,229,150
190923,24488,83471,229,150
190975,24494,83479,229,150
191025,24502,83495,229,150
191078,24511,83507,229,150
191128,24516,83535,229,150
191182,24522,83575,229,150
191232,24530,83594,229,149
191282,24536,83619,229,150
191332,24540,83641,229,150
191382,24548,83656,229,150
191434,24553,83677,229,150
191491,24560,83744,229,149
191543,24568,83761,229,150
191593,24574,83779,229,150
191644,24579,83811,229,150
191698,24585,83829,229,150
191748,24593,83841,229,150
191800,24599,83862,229,150
191850,24607,83887,229,150
191900,24614,83903,229,150
191951,24620,83923,229,150
192001,24629,83943,229,150
192054,24634,83968,229,150
192104,24640,83978,229,150
192155,24647,83994,229,150
192207,24657,84008,229,150
192257,24663,84032,229,150
192309,24669,84055,229,150
192359,24675,84124,229,150
192412,24682,84142,229,150
192462,24686,84170,229,150
192513,24693,84193,229,150
192564,24702,84218,229,150
192616,24708,84236,229,150
192666,24713,84264,229,150
192716,24716,84288,229,150
192766,24723,84305,229,150
192816,24729,84326,229,150
192866,24734,84342,229,149
192918,24740,84366,229,150
192968,24746,84397,229,150
193018,24753,84420,229,150
193068,24759,84437,229,150
193119,24765,84457,229,150
193170,24770,84472,229,150
193222,24775,84492,229,150
193274,24782,84511,229,150
193324,24792,84533,229,150
193377,24803,84551,229,150
193429,24812,84572,229,150
193482,24819,84595,229,150
193533,24823,84618,229,150
193583,24832,84640,229,150
193633,24837,84660,229,150
193684,24846,84677,229,150
193735,24852,84705,229,150
193786,24859,84732,229,150
193837,24865,84757,229,150
193887,24872,84774,229,150
193937,24877,84801,229,150
193989,24882,84815,229,150
194045,24888,84835,229,150
194095,24896,84863,229,150
194146,24901,84882,229,150
194198,24910,84897,229,150
194248,24918,84918,229,150
194298,24923,84937,229,150
194349,24930,84957,229,150
194400,24934,84990,229,150
194460,24939,85014,229,150
194510,24946,85028,229,150
194560,24952,85056,229,150
194613,24957,85079,229,150
194663,24965,85106,229,150
194713,24971,85125,229,150
194764,24976,85155,229,150
194819,24981,85189,229,150
194869,24988,85207,229,150
194919,24993,85223,229,150
194972,25001,85253,229,149
195022,25007,85283,229,150
195072,25014,85300,229,150
195126,25022,85327,229,150
195178,25029,85346,229,149
195231,25035,85371,229,150
195281,25040,85387,229,150
195331,25044,85403,229,150
195381,25051,85426,229,150
195431,25057,85445,229,150
195483,25066,85465,229,150
195533,25072,85496,229,150
195583,25079,85517,229,150
195633,25085,85543,229,150
195686,25094,85553,229,150
195737,25100,85573,229,150
195787,25105,85597,229,150
195839,25112,85620,229,150
195890,25119,85642,229,150
195940,25126,85668,229,150
195991,25131,85689,229,149
196046,25139,85706,229,150
196096,25145,85727,229,150
196147,25153,85741,229,150
196199,25159,85764,229,150
196250,25164,85794,229,150
196300,25170,85816,229,150
196352,25176,85841,229,150
196403,25181,85862,229,150
196453,25185,85883,229,150
196503,25193,85905,229,150
196558,25202,85920,229,150
196610,25210,85939,229,150
196665,25217,85964,229,150
196715,25224,85989,229,150
196765,25227,86012,229,150
196815,25234,86023,229,150
196865,25241,86053,229,150
196916,25248,86080,229,149
196968,25259,86103,229,150
197018,25267,86134,229,150
197068,25273,86159,229,150
197119,25278,86182,229,150
197170,25284,86198,229,150
197227,25292,86212,229,150
197280,25299,86237,229,150
197330,25304,86263,229,150
197380,25308,86300,229,150
197432,25315,86318,229,150
197483,25322,86346,229,150
197535,25327,86373,229,150
197586,25335,86388,229,150
197636,25340,86411,229,150
197686,25347,86438,229,150
197736,25353,86463,229,150
197786,25360,86490,229,150
197841,25368,86507,229,150
197891,25377,86524,229,150
197944,25384,86583,229,148
197997,25392,86605,229,150
198047,25398,86627,229,150
198098,25405,86655,229,150
198150,25414,86670,229,150
198201,25418,86693,229,150
198251,25424,86714,229,150
198303,25432,86745,229,150
198357,25440,86755,229,150
198410,25446,86782,229,150
198461,25452,86804,229,150
198515,25457,86826,229,150
198565,25466,86847,229,150
198617,25472,86872,229,150
198667,25479,86892,229,150
198721,25485,86922,229,150
198772,25494,86941,229,150
198823,25500,86954,229,150
198874,25506,86968,229,150
198925,25512,86993,229,150
198979,25519,87013,229,150
199029,25523,87034,229,150
199084,25529,87062,229,150
199135,25535,87080,229,150
199186,25541,87102,229,150
199237,25548,87125,229,150
199288,25554,87196,229,150
199338,25562,87219,229,150
199388,25570,87239,229,150
199438,25577,87259,229,150
199489,25584,87283,229,150
199539,25591,87304,229,150
199589,25595,87330,229,150
199640,25604,87347,229,150
199693,25613,87368,229,150
199744,25620,87385,229,150
199795,25627,87407,229,150
199845,25635,87427,229,150
199895,25641,87452,229,150
199947,25647,87484,229,150
200004,25652,87512,229,150
200054,25658,87551,229,150
200104,25664,87568,229,150
200154,25670,87584,229,150
200204,25675,87610,229,150
200255,25679,87631,229,150
200308,25685,87663,229,150
200358,25691,87676,229,150
200410,25697,87698,229,150
200460,25705,87723,229,150
200510,25711,87752,229,150
200562,25718,87768,229,150
200612,25725,87782,229,150
200664,25732,87811,229,150
200714,25739,87824,229,149
200768,25747,87846,229,150
200819,25752,87865,229,150
200872,25757,87889,229,150
200923,25763,87912,229,150
200973,25768,87925,229,150
201023,25772,87947,229,150
201075,25778,87971,229,150
201129,25784,87996,229,150
201182,25792,88015,229,150
201233,25799,88036,229,150
201283,25805,88060,229,150
201342,25812,88079,229,149
201394,25821,88092,229,149
201444,25828,88119,229,150
201495,25833,88140,229,150
201545,25843,88159,229,150
201595,25849,88172,229,150
201646,25854,88193,229,150
201697,25860,88221,229,150
201747,25865,88252,229,150
201800,25870,88266,229,149
201852,25878,88293,229,150
201902,25884,88320,229,150
201953,25890,88345,229,150
202008,25896,88372,229,150
202058,25901,88393,229,150
202112,25907,88416,229,150
202162,25913,88439,229,150
202212,25920,88459,229,150
202262,25926,88486,229,150
202313,25934,88500,229,150
202372,25941,88532,229,150
202429,25949,88554,229,150
202479,25956,88570,229,150
202530,25963,88593,229,150
202580,25969,88613,229,150
202631,25975,88628,229,150
202682,25981,88654,229,149
202733,25990,88667,229,150
202784,25994,88700,229,150
202835,25998,88723,229,150
202885,26003,88740,229,150
202936,26015,88759,229,150
202987,26020,88795,229,150
203038,26025,88829,229,150
203088,26031,88853,229,150
203138,26036,88870,229,150
203188,26045,88890,229,150
203239,26051,88911,229,150
203289,26058,88935,229,150
203340,26067,88948,229,149
203394,26075,88966,229,150
203444,26084,88981,229,150
203494,26089,89000,229,150
203547,26096,89027,229,150
203597,26102,89045,229,150
203647,26109,89112,229,150
203699,26115,89138,229,150
203749,26122,89162,229,150
203801,26128,89184,229,150
203852,26134,89202,229,150
203905,26140,89229,229,150
203955,26147,89249,229,150
204006,26153,89278,229,150
204057,26159,89309,229,150
204112,26166,89330,229,150
204164,26173,89396,229,150
204214,26179,89423,229,150
204265,26187,89436,229,150
204316,26193,89449,229,150
204366,26200,89468,229,150
204418,26205,89491,229,149
204470,26212,89508,229,150
204523,26218,89534,229,150
204577,26223,89553,229,149
204631,26232,89572,229,150
204682,26241,89593,229,150
204732,26246,89610,229,150
204785,26256,89630,229,149
204835,26263,89645,229,150
204897,26270,89659,229,149
204948,26275,89691,229,150
205000,26281,89711,229,150
205051,26287,89739,229,150
205102,26294,89757,229,150
205153,26300,89787,229,150
205209,26307,89806,229,150
205260,26316,89817,229,150
205311,26322,89852,229,150
205364,26329,89868,229,150
205415,26336,89884,229,149
205465,26343,89909,229,150
205519,26351,89989,229,150
205569,26356,90058,229,150
205619,26361,90085,229,150
205677,26367,90108,229,148
205727,26375,90128,229,150
205778,26381,90147,229,150
205828,26386,90169,229,150
205881,26394,90232,229,150
205931,26401,90244,229,150
205984,26409,90277,229,150
206035,26416,90300,229,150
206085,26422,90329,229,150
206136,26427,90364,229,150
206187,26432,90382,229,150
206239,26439,90406,229,150
206290,26445,90423,229,150
206341,26451,90447,229,150
206391,26459,90471,229,150
206441,26469,90489,229,150
206494,26476,90512,229,150
206544,26481,90537,229,150
206594,26486,90552,229,150
206653,26491,90580,229,150
206707,26498,90598,229,150
206757,26503,90621,229,150
206808,26511,90636,229,149
206864,26517,90655,229,150
206914,26522,90676,229,150
206965,26529,90694,229,150
207015,26539,90717,229,150
207067,26546,90734,229,150
207120,26555,90751,229,150
207170,26559,90770,229,150
207222,26566,90782,229,150
207274,26571,90801,229,150
207329,26579,90818,229,150
207381,26585,90845,229,150
207431,26593,90868,229,150
207486,26599,90888,229,150
207536,26606,90915,229,150
207586,26612,90946,229,150
207636,26619,90971,229,150
207687,26625,90992,229,150
207739,26634,91013,229,149
207789,26641,91044,229,150
207841,26648,91062,229,150
207893,26655,91081,229,150
207950,26662,91107,229,149
208000,26671,91128,229,150
208054,26680,91151,229,150
208108,26686,91176,229,150
208164,26693,91196,229,149
208217,26702,91212,229,150
208268,26708,91233,229,150
208320,26715,91256,229,149
208370,26723,91276,229,150
208422,26729,91300,229,150
208473,26735,91320,229,150
208523,26742,91344,229,150
208574,26747,91378,229,150
208624,26752,91400,229,150
208675,26761,91417,229,150
208728,26766,91440,229,150
208778,26773,91445,229,150
208828,26781,91476,229,150
208883,26788,91495,229,150
208933,26795,91520,229,150
208989,26799,91541,229,149
209040,26806,91562,229,150
209090,26811,91587,229,150
209141,26818,91612,229,150
209192,26825,91637,229,150
209245,26830,91657,229,150
209298,26836,91683,229,150
209349,26842,91701,229,150
209399,26847,91721,229,150
209452,26855,91744,229,150
209502,26861,91764,229,150
209552,26868,91791,229,150
209604,26873,91816,229,150
209655,26880,91841,229,150
209707,26885,91870,229,150
209757,26895,91886,229,150
209810,26903,91901,229,150
209864,26910,91926,229,150
209917,26917,91953,229,150
209968,26926,91968,229,150
210020,26931,91994,229,150
210071,26937,92015,229,150
210125,26942,92044,229,150
210175,26950,92066,229,150
210225,26957,92079,229,150
210275,26961,92102,229,150
210327,26968,92126,229,150
210380,26974,92151,229,150
210430,26983,92182,229,150
210480,26989,92203,229,150
210532,26996,92224,229,150
210585,27003,92253,229,150
210641,27008,92273,229,149
210691,27018,92286,229,150
210742,27022,92304,229,150
210792,27029,92326,229,150
210842,27035,92346,229,150
210892,27041,92377,229,150
210944,27047,92398,229,150
210996,27053,92413,229,150
211048,27059,92435,229,150
211102,27065,92459,229,150
211156,27071,92484,229,150
211206,27081,92500,229,150
211257,27085,92521,229,150
211309,27090,92541,229,150
211362,27095,92564,229,150
211413,27101,92593,229,150
211465,27106,92618,229,150
211515,27111,92633,229,150
211565,27116,92656,229,150
211616,27123,92673,229,150
211667,27127,92694,229,150
211719,27135,92723,229,150
211769,27142,92757,229,150
211820,27147,92785,229,150
211871,27154,92800,229,150
211922,27160,92834,229,150
211974,27167,92846,229,150
212024,27172,92869,229,150
212075,27178,92902,229,150
212133,27183,92936,229,150
212185,27188,92952,229,149
212235,27194,92968,229,150
212285,27201,92983,229,150
212335,27207,93007,229,150
212385,27212,93031,229,150
212435,27217,93050,229,150
212491,27221,93085,229,150
212542,27226,93109,229,150
212592,27234,93122,229,150
212642,27240,93141,229,150
212692,27248,93175,229,150
212742,27255,93193,229,150
212794,27262,93209,229,150
212844,27268,93234,229,150
212896,27276,93256,229,150
212948,27286,93270,229,150
212998,27292,93291,229,150
213054,27301,93325,229,150
213104,27306,93347,229,150
213154,27313,93362,229,149
213209,27321,93384,229,150
213261,27327,93409,229,150
213311,27336,93424,229,150
213361,27342,93442,229,150
213415,27348,93458,229,148
213469,27356,93533,229,150
213521,27363,93568,229,150
213571,27370,93593,229,150
213622,27375,93615,229,149
213672,27381,93636,229,150
213723,27386,93658,229,150
213775,27394,93678,229,150
213826,27401,93703,229,150
213876,27408,93726,229,150
213933,27415,93753,229,147
213984,27425,93769,229,150
214036,27428,93796,229,150
214086,27434,93818,229,150
214137,27440,93837,229,150
214188,27448,93846,229,150
214240,27453,93874,229,150
214290,27459,93897,229,149
214341,27466,93919,229,149
214391,27473,93941,229,150
214442,27477,93967,229,150
214492,27483,93998,229,150
214542,27490,94021,229,150
214592,27496,94045,229,150
214642,27504,94064,229,150
214694,27509,94086,229,150
214744,27514,94108,229,150
214794,27519,94138,229,150
214851,27525,94168,229,150
214901,27530,94191,229,150
214953,27536,94211,229,150
215003,27542,94235,229,150
215053,27549,94257,229,150
215106,27555,94287,229,149
215156,27561,94316,229,150
215207,27567,94342,229,150
215264,27574,94369,229,148
215316,27582,94379,229,150
215366,27590,94396,229,150
215417,27595,94426,229,150
215470,27602,94440,229,150
215522,27608,94451,229,150
215572,27614,94472,229,150
215625,27621,94492,229,150
215677,27631,94509,229,150
215731,27641,94523,229,150
215782,27647,94539,229,150
215833,27654,94612,229,150
215884,27660,94632,229,150
215935,27665,94657,229,150
215985,27673,94683,229,149
216036,27678,94702,229,150
216086,27684,94726,229,150
216141,27690,94758,229,150
216191,27698,94796,229,150
216246,27707,94813,229,150
216297,27714,94839,229,150
216347,27720,94860,229,150
216398,27725,94883,229,150
216450,27733,94953,229,150
216501,27741,94971,229,150
216552,27747,95003,229,150
216603,27754,95024,229,150
216655,27759,95056,229,150
216706,27766,95082,229,150
216756,27772,95105,229,150
216806,27778,95124,229,150
216856,27783,95147,229,150
216908,27790,95164,229,150
216958,27797,95177,229,150
217008,27802,95205,229,150
217061,27808,95230,229,150
217112,27813,95244,229,150
217166,27821,95259,229,150
217216,27829,95279,229,150
217267,27835,95309,229,150
217318,27842,95339,229,150
217368,27849,95358,229,150
217418,27854,95384,229,150
217473,27859,95404,229,150
217525,27866,95422,229,150
217575,27874,95443,229,150
217629,27881,95468,229,150
217679,27886,95487,229,150
217729,27891,95510,229,150
217779,27896,95532,229,150
217831,27902,95552,229,150
217883,27909,95575,229,150
217933,27918,95601,229,150
217984,27925,95622,229,149
218034,27933,95636,229,150
218084,27940,95661,229,150
218134,27945,95700,229,150
218184,27950,95721,229,150
218234,27958,95743,229,150
218285,27966,95763,229,150
218335,27971,95782,229,150
218388,27977,95811,229,150
218438,27983,95831,229,150
218490,27990,95859,229,149
218545,27996,95886,229,150
218595,28002,95903,229,150
218645,28008,95932,229,150
218700,28015,95955,229,150
218750,28023,95973,229,150
218800,28027,96002,229,150
218851,28035,96031,229,150
218901,28041,96057,229,150
218952,28046,96083,229,150
219002,28055,96151,229,150
219052,28063,96179,229,150
219102,28070,96199,229,150
219152,28076,96216,229,150
219207,28081,96242,229,150
219258,28088,96263,229,150
219309,28100,96291,229,150
219360,28105,96319,229,150
219410,28112,96328,229,150
219462,28120,96354,229,150
219514,28128,96371,229,150
219565,28134,96395,229,150
219616,28139,96420,229,150
219667,28145,96444,229,150
219717,28151,96465,229,150
219772,28160,96495,229,148
219823,28169,96516,229,150
219873,28176,96549,229,150
219924,28182,96568,229,150
219974,28187,96591,229,150
220027,28195,96606,229,150
220079,28200,96632,229,148
220134,28209,96656,229,150
220188,28215,96674,229,150
220240,28224,96699,229,150
220290,28231,96718,229,150
220341,28238,96731,229,150
220393,28246,96760,229,150
220444,28252,96781,229,150
220495,28257,96816,229,150
220547,28267,96836,229,150
220599,28274,96860,229,150
220651,28279,96885,229,150
220701,28285,96921,229,150
220751,28292,96947,229,150
220801,28299,96972,229,150
220851,28306,96992,229,150
220901,28310,97015,229,149
220952,28317,97031,229,150
221003,28323,97057,229,150
221059,28328,97078,229,148
221109,28335,97090,229,150
221159,28343,97107,229,150
221210,28349,97130,229,150
221261,28356,97144,229,150
221317,28362,97175,229,149
221367,28370,97194,229,150
221419,28378,97223,229,150
221469,28385,97247,229,150
221522,28390,97272,229,150
221574,28397,97300,229,150
221629,28402,97329,229,150
221685,28408,97351,229,150
221736,28412,97378,229,150
221790,28417,97403,229,150
221843,28425,97427,229,149
221895,28434,97449,229,150
221947,28440,97462,229,150
221998,28446,97484,229,150
222049,28454,97509,229,150
222099,28459,97535,229,150
222153,28467,97554,229,150
222203,28474,97567,229,150
222254,28479,97582,229,150
222307,28485,97599,229,150
222357,28490,97617,229,150
222408,28497,97639,229,150
222460,28502,97656,229,150
222512,28506,97681,229,150
222562,28514,97698,229,150
222613,28521,97718,229,150
222664,28528,97736,229,150
222715,28533,97760,229,150
222765,28541,97777,229,150
222815,28547,97794,229,150
222867,28554,97815,229,150
222917,28563,97847,229,150
222972,28569,97866,229,150
223026,28576,97887,229,150
223077,28581,97909,229,150
223127,28589,97949,229,150
223177,28596,97964,229,150
223227,28601,97992,229,150
223282,28606,98018,229,150
223336,28612,98040,229,150
223386,28619,98060,229,150
223437,28625,98088,229,150
223487,28630,98110,229,150
223537,28638,98138,229,150
223587,28645,98168,229,150
223637,28652,98180,229,150
223695,28657,98207,229,150
223745,28662,98222,229,150
223797,28668,98252,229,150
223847,28674,98271,229,150
223899,28679,98294,229,150
223951,28684,98311,229,150
224001,28689,98328,229,150
224051,28696,98355,229,150
224102,28702,98386,229,150
224153,28709,98406,229,150
224203,28718,98434,229,150
224253,28725,98460,229,150
224305,28732,98488,229,150
224362,28740,98510,229,150
224412,28748,98526,229,150
224463,28755,98551,229,150
224517,28762,98585,229,150
224567,28768,98603,229,150
224618,28774,98625,229,150
224668,28779,98649,229,150
224718,28787,98667,229,150
224769,28792,98739,229,150
224822,28798,98764,229,150
224873,28804,98788,229,150
224923,28809,98822,229,150
224974,28815,98847,229,150
225024,28821,98873,229,150
225074,28829,98899,229,150
225125,28834,98914,229,150
225178,28843,98928,229,150
225232,28850,98942,229,149
225284,28858,98962,229,150
225335,28865,98983,229,150
225386,28870,98997,229,150
225439,28876,99019,229,150
225491,28884,99042,229,150
225545,28890,99064,229,150
225597,28897,99087,229,149
225655,28907,99099,229,150
225708,28914,99116,229,150
225758,28921,99142,229,150
225809,28928,99154,229,150
225863,28934,99171,229,150
225913,28940,99196,229,150
225964,28945,99219,229,150
226015,28951,99236,229,150
226065,28959,99257,229,150
226115,28967,99332,229,150
226165,28978,99347,229,150
226215,28985,99364,229,150
226265,28993,99383,229,150
226315,29002,99403,229,150
226367,29008,99427,229,150
226417,29014,99453,229,150
226471,29026,99471,229,150
226522,29030,99501,229,150
226576,29037,99529,229,150
226626,29042,99547,229,150
226677,29050,99568,229,150
226727,29058,99588,229,150
226777,29064,99607,229,150
226827,29069,99629,229,150
226877,29074,99657,229,150
226928,29079,99682,229,149
226978,29086,99708,229,150
227031,29092,99732,229,150
227082,29100,99752,229,150
227133,29109,99777,229,150
227183,29117,99797,229,150
227233,29122,99819,229,150
227284,29128,99840,229,150
227334,29135,99857,229,150
227385,29142,99877,229,150
227436,29152,99894,229,150
227487,29159,99922,229,150
227537,29168,99935,229,150
227587,29172,99967,229,150
227638,29177,99987,229,149
227689,29183,100012,229,150
227739,29187,100042,229,150
227790,29195,100068,229,149
227843,29205,100080,229,150
227893,29213,100102,229,150
227943,29218,100128,229,150
227993,29225,100149,229,150
228044,29231,100170,229,150
228095,29239,100192,229,150
228157,29246,100214,229,148
228208,29255,100236,229,150
228258,29261,100251,229,150
228308,29269,100273,229,150
228371,29274,100306,229,150
228421,29281,100325,229,149
228471,29289,100351,229,150
228521,29294,100370,229,150
228571,29300,100401,229,150
228621,29307,100420,229,150
228672,29315,100444,229,150
228726,29323,100468,229,150
228776,29329,100484,229,150
228826,29335,100508,229,150
228876,29343,100525,229,149
228926,29349,100548,229,150
228976,29357,100563,229,150
229026,29363,100592,229,150
229079,29368,100605,229,150
229131,29374,100625,229,150
229186,29380,100641,229,150
229239,29386,100662,229,150
229289,29391,100684,229,150
229344,29397,100706,229,150
229394,29402,100743,229,150
229447,29410,100760,229,150
229497,29416,100791,229,150
229551,29422,100807,229,148
229601,29429,100826,229,150
229651,29434,100849,229,150
229702,29439,100871,229,150
229753,29447,100896,229,150
229803,29454,100916,229,150
229853,29458,100937,229,150
229903,29465,100963,229,150
229953,29470,100984,229,150
230005,29476,101002,229,150
230058,29482,101029,229,150
230112,29488,101047,229,150
230163,29494,101073,229,150
230215,29500,101098,229,150
230265,29504,101119,229,150
230318,29509,101144,229,150
230368,29518,101168,229,149
230418,29526,101186,229,150
230470,29530,101202,229,150
230526,29536,101231,229,150
230577,29541,101261,229,150
230627,29545,101286,229,150
230678,29552,101307,229,150
230728,29558,101340,229,150
230779,29565,101363,229,150
230830,29569,101378,229,150
230883,29575,101397,229,150
230935,29582,101425,229,150
230985,29589,101444,229,150
231037,29596,101470,229,150
231088,29603,101491,229,150
231138,29611,101504,229,150
231193,29617,101529,229,150
231243,29622,101558,229,150
231293,29627,101572,229,150
231343,29635,101601,229,150
231399,29642,101614,229,150
231449,29649,101634,229,150
231505,29655,101658,229,150
231555,29660,101672,229,150
231615,29665,101688,229,149
231665,29672,101698,229,149
231718,29678,101719,229,150
231768,29685,101737,229,150
231818,29689,101763,229,150
231869,29695,101796,229,150
231921,29702,101821,229,150
231972,29709,101843,229,150
232023,29715,101860,229,150
232074,29722,101874,229,150
232124,29726,101897,229,150
232175,29732,101931,229,150
232229,29738,101957,229,150
232279,29744,101978,229,150
232329,29748,102013,229,150
232379,29755,102034,229,150
232429,29761,102056,229,150
232480,29768,102076,229,150
232532,29774,102107,229,150
232582,29783,102129,229,150
232634,29788,102159,229,150
232684,29794,102188,229,150
232734,29799,102222,229,150
232785,29805,102237,229,150
232835,29812,102262,229,150
232886,29819,102287,229,150
232936,29825,102309,229,149
232987,29832,102326,229,150
233042,29838,102347,229,149
233092,29847,102371,229,150
233148,29855,102388,229,150
233199,29862,102408,229,150
233252,29867,102426,229,150
233302,29873,102444,229,150
233352,29880,102472,229,150
233402,29884,102499,229,150
233455,29890,102521,229,150
233506,29897,102543,229,150
233556,29902,102572,229,150
233612,29909,102594,229,150
233667,29916,102625,229,150
233717,29922,102644,229,150
233768,29927,102662,229,150
233819,29933,102677,229,150
233870,29942,102701,229,150
233920,29948,102726,229,150
233970,29956,102743,229,150
234020,29961,102771,229,150
234070,29969,102794,229,150
234120,29974,102815,229,150
234170,29980,102830,229,150
234220,29987,102850,229,150
234270,29992,102870,229,150
234323,29998,102883,229,150
234373,30004,102911,229,150
234424,30011,102931,229,150
234476,30018,102957,229,150
234526,30023,102979,229,150
234582,30029,103001,229,150
234633,30037,103028,229,150
234684,30045,103048,229,150
234735,30052,103081,229,150
234785,30059,103096,229,150
234838,30067,103119,229,150
234888,30072,103144,229,150
234939,30078,103160,229,150
234989,30086,103180,229,150
235039,30091,103203,229,150
235090,30098,103226,229,148
235141,30105,103241,229,150
235192,30114,103259,229,150
235243,30120,103280,229,150
235294,30128,103299,229,150
235346,30133,103317,229,150
235398,30139,103343,229,150
235450,30145,103367,229,150
235504,30150,103391,229,150
235555,30154,103422,229,150
235607,30162,103447,229,150
235663,30169,103469,229,150
235721,30175,103487,229,150
235771,30179,103512,229,150
235822,30186,103526,229,150
235878,30192,103554,229,150
235932,30197,103577,229,150
235986,30206,103598,229,150
236037,30213,103612,229,150
236087,30219,103638,229,150
236138,30225,103654,229,150
236189,30230,103679,229,150
236239,30234,103701,229,150
236290,30240,103734,229,150
236340,30244,103761,229,150
236390,30253,103784,229,150
236441,30259,103803,229,150
236491,30263,103829,229,150
236541,30269,103855,229,150
236591,30276,103878,229,150
236644,30284,103951,229,150
236694,30290,103975,229,150
236744,30297,103990,229,150
236801,30305,103999,229,149
236851,30313,104015,229,150
236905,30319,104034,229,149
236956,30329,104045,229,150
237006,30335,104074,229,150
237056,30342,104099,229,150
237106,30350,104118,229,150
237157,30354,104146,229,150
237207,30360,104169,229,150
237257,30367,104194,229,150
237307,30377,104204,229,150
237357,30382,104239,229,150
237407,30388,104256,229,150
237457,30396,104274,229,150
237507,30404,104297,229,150
237558,30408,104319,229,150
237613,30414,104342,229,150
237667,30420,104367,229,150
237720,30427,104387,229,150
237771,30432,104407,229,150
237822,30437,104437,229,150
237872,30445,104450,229,150
237925,30453,104465,229,150
237978,30461,104479,229,150
238029,30467,104501,229,150
238079,30472,104528,229,150
238130,30480,104547,229,150
238180,30486,104564,229,150
238232,30494,104588,229,150
238283,30500,104609,229,150
238333,30507,104623,229,150
238384,30517,104635,229,150
238434,30525,104643,229,150
238487,30533,104663,229,149
238540,30540,104685,229,150
238590,30546,104705,229,150
238645,30553,104726,229,150
238696,30560,104747,229,150
238747,30566,104771,229,150
238797,30571,104799,229,150
238851,30578,104822,229,150
238902,30584,104847,229,150
238952,30588,104868,229,150
239004,30594,104887,229,150
239055,30598,104900,229,150
239105,30605,104920,229,150
239162,30611,104945,229,150
239212,30617,104968,229,150
239265,30623,104984,229,150
239317,30628,104998,229,149
239367,30633,105021,229,150
239418,30638,105046,229,150
239469,30646,105064,229,150
239519,30652,105085,229,150
239574,30660,105098,229,149
239624,30667,105109,229,150
239674,30672,105136,229,150
239728,30679,105169,229,150
239787,30686,105183,229,150
239837,30692,105207,229,150
239891,30702,105222,229,150
239943,30708,105245,229,150
239993,30714,105264,229,150
240044,30720,105285,229,150
240094,30725,105306,229,150
240144,30731,105328,229,150
240194,30740,105342,229,150
240246,30745,105354,229,150
240296,30752,105370,229,150
240347,30758,105401,229,150
240399,30764,105422,229,150
240450,30768,105445,229,150
240502,30775,105465,229,150
240552,30780,105497,229,150
240602,30788,105533,229,150
240653,30794,105557,229,150
240713,30800,105580,229,150
240764,30806,105603,229,150
240816,30814,105624,229,150
240866,30819,105657,229,150
240916,30825,105676,229,150
240966,30832,105685,229,150
241016,30837,105701,229,150
241068,30846,105718,229,150
241118,30853,105735,229,150
241170,30860,105760,229,150
241220,30864,105782,229,150
241274,30871,105804,229,150
241324,30878,105827,229,150
241374,30888,105846,229,150
241424,30894,105867,229,149
241478,30899,105884,229,150
241529,30908,105904,229,150
241579,30914,105938,229,150
241632,30920,105971,229,150
241682,30930,106001,229,150
241732,30935,106031,229,150
241783,30941,106052,229,149
241833,30948,106077,229,150
241886,30954,106102,229,150
241936,30958,106184,229,150
241986,30966,106207,229,150
242037,30973,106225,229,150
242088,30978,106249,229,150
242139,30983,106271,229,150
242189,30989,106293,229,150
242240,30997,106300,229,150
242290,31004,106321,229,150
242340,31010,106335,229,150
242396,31015,106365,229,150
242450,31022,106388,229,150
242500,31030,106409,229,150
242552,31035,106429,229,150
242603,31041,106459,229,150
242653,31049,106479,229,150
242705,31056,106504,229,150
242756,31063,106516,229,150
242806,31069,106532,229,150
242858,31076,106561,229,150
242909,31082,106582,229,150
242962,31090,106599,229,150
243012,31096,106627,229,150
243063,31101,106648,229,150
243113,31106,106670,229,150
243164,31113,106688,229,150
243214,31121,106710,229,150
243265,31126,106738,229,150
243317,31137,106762,229,150
243367,31143,106784,229,150
243419,31150,106812,229,150
243470,31156,106828,229,150
243521,31163,106860,229,150
243571,31169,106869,229,150
243621,31176,106899,229,150
243671,31182,106926,229,150
243721,31190,106951,229,149
243771,31198,106968,229,150
243821,31206,106992,229,150
243871,31212,107014,229,150
243921,31220,107037,229,150
243972,31227,107058,229,150
244028,31235,107080,229,150
244082,31240,107108,229,150
244136,31246,107132,229,150
244187,31251,107158,229,150
244239,31257,107176,229,150
244289,31263,107201,229,150
244339,31269,107226,229,150
244389,31275,107253,229,150
244440,31280,107278,229,150
244493,31287,107301,229,150
244543,31291,107319,229,150
244594,31299,107331,229,150
244645,31308,107350,229,150
244698,31316,107375,229,150
244752,31324,107393,229,149
244805,31330,107410,229,150
244856,31342,107433,229,150
244911,31349,107459,229,150
244962,31354,107475,229,150
245014,31359,107504,229,150
245064,31367,107518,229,150
245115,31372,107543,229,150
245171,31377,107574,229,150
245223,31383,107594,229,150
245275,31390,107623,229,150
245326,31396,107639,229,149
245376,31401,107668,229,150
245427,31407,107688,229,150
245481,31413,107713,229,150
245531,31421,107735,229,150
245584,31426,107767,229,150
245635,31436,107781,229,150
245687,31444,107805,229,150
245737,31453,107826,229,150
245788,31459,107854,229,150
245842,31463,107878,229,149
245893,31470,107906,229,150
245946,31478,107930,229,150
245996,31483,107954,229,150
246046,31489,108027,229,150
246096,31494,108052,229,150
246146,31501,108071,229,150
246197,31507,108094,229,150
246247,31511,108110,229,150
246303,31520,108132,229,150
246353,31527,108163,229,150
246404,31536,108182,229,150
246455,31541,108197,229,150
246510,31547,108216,229,150
246562,31554,108244,229,150
246613,31561,108259,229,149
246663,31570,108284,229,150
246715,31575,108310,229,150
246765,31581,108333,229,150
246817,31586,108356,229,150
246870,31593,108384,229,150
246925,31599,108397,229,150
246975,31606,108428,229,150
247025,31613,108446,229,150
247076,31618,108473,229,150
247126,31625,108505,229,150
247176,31632,108520,229,150
247227,31639,108543,229,150
247280,31648,108564,229,150
247330,31654,108584,229,150
247385,31661,108617,229,149
247435,31668,108646,229,150
247487,31674,108667,229,150
247540,31681,108692,229,150
247592,31689,108713,229,150
247643,31694,108733,229,150
247693,31704,108750,229,150
247750,31711,108781,229,150
247801,31719,108807,229,150
247851,31725,108833,229,150
247902,31731,108856,229,150
247955,31737,108881,229,150
248005,31741,108907,229,150
248056,31749,108923,229,150
248106,31754,108955,229,150
248159,31763,108978,229,150
248213,31768,109007,229,150
248265,31776,109026,229,150
248318,31785,109053,229,150
248368,31791,109078,229,150
248421,31798,109101,229,150
248471,31802,109133,229,150
248522,31809,109150,229,150
248572,31819,109162,229,150
248623,31824,109186,229,150
248673,31829,109211,229,150
248723,31834,109239,229,150
248775,31840,109269,229,150
248826,31845,109286,229,150
248877,31853,109300,229,150
248929,31858,109325,229,150
248981,31864,109351,229,150
249031,31872,109375,229,150
249082,31880,109391,229,150
249132,31887,109418,229,150
249182,31892,109444,229,150
249233,31900,109457,229,150
249290,31909,109473,229,150
249342,31914,109488,229,150
249392,31921,109506,229,150
249443,31928,109527,229,150
249494,31936,109554,229,150
249544,31940,109572,229,150
249598,31946,109603,229,150
249649,31951,109634,229,150
249699,31958,109649,229,150
249751,31965,109673,229,150
249802,31971,109696,229,150
249852,31979,109720,229,150
249903,31983,109757,229,150
249954,31990,109784,229,150
250006,31997,109804,229,150
250056,32004,109820,229,150
250107,32013,109838,229,150
250162,32017,109859,229,150
250213,32024,109884,229,150
250263,32029,109902,229,150
250313,32037,109924,229,150
250363,32044,109943,229,150
250415,32052,109970,229,150
250465,32057,109994,229,150
250515,32062,110020,229,150
250566,32070,110041,229,150
250617,32076,110069,229,150
250667,32083,110085,229,150
250719,32089,110111,229,150
250771,32096,110145,229,150
250827,32103,110171,229,150
250877,32109,110198,229,150
250928,32115,110228,229,150
250979,32122,110250,229,150
251030,32129,110290,229,150
251080,32136,110304,229,150
251130,32141,110376,229,150
251180,32148,110410,229,150
251230,32156,110436,229,150
251284,32162,110460,229,150
251338,32172,110481,229,150
251388,32177,110504,229,150
251440,32182,110526,229,150
251490,32190,110542,229,150
251541,32196,110566,229,150
251593,32203,110586,229,150
251644,32209,110605,229,150
251697,32218,110620,229,150
251754,32224,110642,229,148
251810,32234,110657,229,150
251860,32240,110687,229,150
251911,32246,110712,229,150
251961,32253,110737,229,150
252015,32258,110763,229,150
252065,32265,110787,229,150
252115,32272,110808,229,150
252166,32279,110828,229,150
252220,32289,110854,229,150
252271,32294,110881,229,150
252322,32301,110899,229,150
252372,32309,110929,229,150
252423,32316,110961,229,150
252473,32323,110986,229,150
252523,32329,111012,229,150
252575,32334,111029,229,150
252631,32341,111048,229,150
252682,32349,111063,229,150
252732,32355,111087,229,150
252783,32361,111109,229,150
252839,32368,111133,229,149
252892,32375,111168,229,150
252947,32384,111186,229,149
253000,32391,111207,229,150
253050,32400,111232,229,150
253105,32408,111255,229,150
253156,32414,111276,229,150
253207,32420,111298,229,150
253258,32425,111331,229,150
253309,32433,111347,229,150
253361,32441,111370,229,150
253411,32447,111391,229,150
253463,32454,111413,229,150
253515,32464,111434,229,150
253567,32471,111447,229,149
253617,32479,111471,229,150
253668,32485,111502,229,150
253720,32493,111521,229,150
253770,32498,111542,229,150
253822,32504,111567,229,150
253872,32509,111583,229,150
253924,32516,111616,229,150
253977,32524,111636,229,150
254027,32532,111659,229,150
254082,32538,111679,229,150
254132,32543,111713,229,150
254182,32550,111739,229,150
254234,32557,111759,229,150
254284,32562,111785,229,150
254335,32570,111812,229,150
254386,32577,111831,229,150
254437,32584,111856,229,150
254487,32590,111886,229,149
254537,32598,111904,229,150
254590,32607,111924,229,150
254640,32613,111951,229,150
254690,32618,111974,229,150
254741,32624,112012,229,150
254794,32630,112036,229,149
254845,32635,112072,229,150
254897,32643,112092,229,150
254947,32649,112124,229,150
254999,32656,112143,229,150
255050,32662,112169,229,150
255103,32669,112188,229,150
255160,32674,112216,229,150
255212,32681,112243,229,150
255262,32687,112259,229,150
255312,32697,112281,229,150
255362,32703,112306,229,150
255415,32710,112331,229,150
255472,32717,112346,229,150
255525,32724,112372,229,150
255575,32732,112390,229,150
255625,32737,112427,229,150
255677,32744,112448,229,149
255728,32751,112468,229,150
255779,32758,112487,229,150
255829,32765,112515,229,150
255881,32772,112549,229,150
255931,32777,112567,229,150
255982,32783,112586,229,150
256034,32792,112609,229,150
256085,32799,112621,229,150
256137,32806,112651,229,150
256188,32812,112670,229,150
256238,32819,112694,229,150
256291,32823,112719,229,150
256341,32829,112748,229,150
256392,32835,112766,229,150
256442,32845,112781,229,150
256492,32850,112798,229,150
256548,32856,112813,229,150
256599,32862,112836,229,150
256651,32867,112855,229,150
256702,32874,112877,229,149
256753,32882,112887,229,150
256803,32886,112916,229,150
256856,32894,112946,229,150
256910,32899,112962,229,149
256961,32906,112984,229,150
257012,32910,113012,229,150
257062,32917,113036,229,150
257112,32921,113055,229,150
257167,32928,113084,229,149
257217,32934,113099,229,150
257267,32938,113131,229,150
257323,32946,113151,229,150
257373,32953,113170,229,150
257423,32958,113188,229,150
257474,32964,113217,229,150
257527,32972,113239,229,149
257579,32983,113257,229,150
257629,32988,113287,229,150
257684,32996,113303,229,150
257734,33003,113323,229,150
257784,33009,113337,229,150
257834,33014,113367,229,150
257884,33021,113387,229,150
257934,33027,113411,229,150
257986,33035,113438,229,150
258036,33042,113462,229,150
258087,33051,113478,229,150
258141,33058,113498,229,150
258191,33064,113523,229,150
258242,33071,113557,229,150
258293,33077,113583,229,150
258343,33084,113609,229,150
258393,33090,113624,229,150
258443,33099,113643,229,150
258493,33106,113663,229,150
258545,33112,113681,229,150
258595,33118,113712,229,150
258646,33124,113727,229,150
258698,33131,113746,229,150
258750,33138,113770,229,150
258801,33143,113792,229,150
258854,33150,113811,229,150
258904,33158,113875,229,150
258955,33162,113900,229,150
259009,33171,113914,229,148
259061,33180,113930,229,150
259111,33186,113949,229,150
259162,33192,113973,229,150
259213,33198,113994,229,150
259264,33204,114017,229,150
259314,33212,114030,229,150
259366,33220,114061,229,150
259416,33227,114080,229,150
259470,33234,114095,229,150
259520,33239,114114,229,150
259571,33249,114128,229,150
259625,33256,114142,229,149
259675,33264,114155,229,149
259731,33270,114172,229,150
259782,33276,114190,229,150
259833,33282,114220,229,150
259883,33291,114239,229,150
259934,33298,114255,229,150
259984,33305,114279,229,150
260035,33310,114290,229,150
260088,33315,114306,229,150
260140,33319,114331,229,150
260190,33325,114354,229,150
260241,33335,114369,229,150
260296,33344,114388,229,150
260346,33350,114417,229,150
260396,33355,114449,229,150
260446,33362,114472,229,150
260497,33368,114503,229,150
260548,33374,114516,229,150
260603,33382,114530,229,150
260653,33390,114556,229,150
260709,33397,114574,229,150
260759,33404,114593,229,150
260811,33411,114620,229,150
260864,33419,114643,229,150
260915,33426,114674,229,150
260968,33435,114699,229,150
261021,33442,114719,229,150
261071,33449,114740,229,150
261121,33456,114758,229,150
261173,33463,114789,229,150
261224,33468,114813,229,150
261275,33476,114827,229,150
261325,33484,114854,229,150
261379,33489,114869,229,150
261430,33496,114897,229,150
261481,33502,114916,229,150
261533,33507,114943,229,150
261588,33515,114962,229,150
261641,33523,114976,229,150
261691,33532,114990,229,150
261744,33538,115008,229,149
261798,33546,115036,229,150
261850,33553,115066,229,150
261900,33562,115087,229,150
261952,33567,115098,229,150
262002,33576,115119,229,150
262053,33585,115134,229,150
262103,33593,115157,229,150
262158,33599,115179,229,150
262208,33604,115198,229,150
262259,33609,115220,229,150
262312,33616,115242,229,150
262362,33622,115259,229,150
262412,33630,115279,229,150
262462,33634,115307,229,150
262512,33639,115329,229,150
262567,33646,115349,229,149
262617,33652,115369,229,150
262669,33656,115391,229,150
262719,33662,115411,229,150
262771,33667,115428,229,149
262821,33673,115455,229,150
262873,33681,115477,229,150
262923,33686,115497,229,150
262974,33694,115526,229,150
263028,33701,115555,229,150
263079,33709,115582,229,150
263131,33715,115604,229,150
263182,33721,115627,229,150
263236,33729,115647,229,150
263287,33735,115668,229,150
263339,33740,115689,229,150
263391,33745,115719,229,150
263441,33752,115742,229,149
263493,33761,115756,229,150
263543,33766,115783,229,150
263597,33774,115801,229,150
263648,33783,115820,229,150
263700,33793,115835,229,150
263750,33798,115853,229,150
263800,33803,115879,229,150
263851,33808,115896,229,150
263902,33816,115914,229,150
263953,33824,115938,229,150
264005,33831,115960,229,150
264057,33838,115978,229,150
264110,33846,116001,229,150
264161,33853,116028,229,150
264211,33859,116057,229,150
264262,33865,116084,229,150
264320,33872,116105,229,150
264370,33879,116127,229,150
264421,33886,116151,229,150
264471,33892,116172,229,150
264526,33900,116199,229,150
264576,33908,116218,229,150
264627,33914,116243,229,150
264677,33923,116263,229,150
264727,33931,116286,229,150
264777,33936,116304,229,150
264827,33943,116325,229,150
264877,33950,116337,229,150
264927,33955,116362,229,150
264979,33962,116388,229,150
265032,33970,116410,229,150
265082,33975,116428,229,150
265133,33981,116455,229,150
265184,33987,116474,229,150
265236,33994,116483,229,150
265286,34001,116506,229,150
265336,34010,116529,229,150
265386,34015,116562,229,150
265437,34020,116583,229,150
265487,34027,116606,229,150
265540,34033,116622,229,150
265591,34038,116690,229,150
265641,34043,116708,229,150
265691,34050,116723,229,150
265741,34056,116753,229,150
265793,34064,116778,229,150
265844,34073,116801,229,150
265902,34080,116821,229,149
265953,34088,116845,229,150
266003,34094,116880,229,150
266054,34100,116910,229,150
266105,34109,116926,229,150
266156,34117,116940,229,150
266206,34123,116963,229,150
266256,34130,116990,229,150
266308,34136,117007,229,150
266360,34142,117021,229,150
266412,34149,117035,229,149
266462,34156,117051,229,150
266512,34163,117079,229,150
266565,34169,117102,229,150
266615,34174,117128,229,150
266667,34181,117158,229,149
266720,34186,117176,229,150
266779,34192,117202,229,149
266830,34200,117228,229,150
266880,34207,117252,229,150
266933,34212,117270,229,150
266986,34221,117287,229,149
267039,34229,117312,229,150
267090,34237,117334,229,150
267141,34245,117351,229,150
267194,34255,117366,229,150
267246,34260,117387,229,150
267296,34265,117408,229,150
267349,34271,117421,229,149
267400,34278,117449,229,150
267452,34284,117474,229,150
267502,34290,117491,229,150
267552,34295,117515,229,150
267605,34300,117533,229,150
267655,34308,117554,229,150
267707,34316,117574,229,150
267758,34322,117583,229,150
267810,34327,117602,229,149
267860,34336,117614,229,150
267911,34341,117630,229,150
267963,34346,117650,229,150
268015,34351,117675,229,150
268066,34356,117703,229,150
268116,34363,117725,229,150
268167,34368,117752,229,150
268217,34378,117774,229,150
268267,34384,117804,229,150
268317,34390,117830,229,150
268367,34395,117853,229,150
268417,34400,117882,229,150
268468,34407,117905,229,150
268519,34414,117929,229,150
268570,34420,117949,229,150
268620,34425,117968,229,150
268672,34433,117986,229,150
268722,34439,118018,229,150
268773,34446,118044,229,150
268826,34456,118067,229,150
268878,34466,118084,229,150
268928,34474,118107,229,150
268981,34480,118128,229,150
269031,34485,118146,229,150
269081,34491,118168,229,150
269131,34499,118186,229,150
269185,34505,118203,229,150
269236,34510,118226,229,150
269291,34518,118241,229,150
269341,34523,118266,229,150
269391,34532,118284,229,150
269441,34540,118296,229,150
269493,34548,118321,229,150
269543,34554,118349,229,150
269597,34560,118375,229,150
269647,34566,118402,229,150
269698,34571,118422,229,150
269750,34578,118445,229,150
269800,34582,118512,229,150
269850,34589,118536,229,150
269901,34597,118559,229,150
269951,34603,118574,229,150
270002,34610,118642,229,150
270053,34614,118673,229,150
270103,34622,118689,229,150
270154,34629,118712,229,150
270204,34634,118735,229,150
270259,34640,118762,229,150
270310,34646,118778,229,150
270363,34655,118806,229,150
270413,34661,118833,229,150
270463,34667,118860,229,150
270519,34674,118873,229,150
270570,34680,118897,229,150
270620,34687,118923,229,150
270670,34695,118946,229,150
270720,34700,118967,229,150
270772,34706,118986,229,150
270823,34713,119005,229,149
270876,34722,119022,229,150
270927,34727,119093,229,150
270977,34732,119110,229,150
271028,34742,119131,229,149
271080,34748,119145,229,150
271130,34753,119177,229,150
271180,34761,119202,229,150
271234,34766,119224,229,150
271290,34771,119255,229,150
271341,34777,119280,229,150
271392,34782,119298,229,150
271446,34789,119319,229,150
271496,34796,119342,229,150
271547,34807,119365,229,150
271597,34814,119384,229,150
271647,34818,119408,229,150
271698,34823,119440,229,150
271748,34831,119450,229,150
271800,34837,119466,229,150
271852,34845,119492,229,150
271904,34852,119512,229,150
271954,34857,119532,229,150
272005,34862,119557,229,150
272056,34867,119577,229,150
272108,34876,119600,229,150
272165,34885,119626,229,150
272218,34891,119658,229,150
272268,34897,119683,229,150
272320,34905,119704,229,150
272370,34909,119736,229,150
272425,34915,119765,229,150
272477,34923,119786,229,150
272531,34928,119808,229,150
272582,34937,119824,229,149
272635,34943,119846,229,150
272685,34948,119865,229,150
272737,34953,119889,229,150
272787,34958,119917,229,150
272839,34965,119933,229,150
272889,34971,119949,229,150
272940,34977,119979,229,150
272990,34982,120001,229,150
273041,34988,120028,229,150
273101,34994,120039,229,150
273151,35001,120059,229,150
273204,35005,120082,229,150
273256,35012,120112,229,150
273306,35019,120137,229,150
273358,35024,120171,229,150
273412,35032,120191,229,150
273462,35038,120201,229,150
273512,35044,120220,229,150
273562,35052,120245,229,150
273612,35059,120272,229,150
273662,35068,120291,229,150
273714,35077,120317,229,150
273764,35084,120341,229,150
273814,35090,120367,229,150
273865,35096,120384,229,150
273915,35103,120409,229,150
273965,35108,120434,229,150
274016,35115,120454,229,150
274068,35122,120474,229,150
274121,35129,120495,229,150
274172,35135,120511,229,150
274223,35140,120541,229,150
274273,35148,120551,229,150
274327,35155,120578,229,150
274378,35162,120609,229,150
274434,35168,120627,229,150
274484,35175,120644,229,150
274534,35180,120661,229,150
274585,35188,120687,229,150
274635,35193,120711,229,150
274692,35201,120736,229,150
274743,35208,120763,229,150
274796,35213,120789,229,150
274847,35219,120817,229,149
274897,35228,120844,229,150
274947,35234,120869,229,150
274997,35243,120886,229,150
275049,35247,120910,229,150
275099,35252,120929,229,150
275150,35259,120945,229,150
275203,35266,120967,229,150
275254,35274,120994,229,150
275306,35280,121021,229,150
275356,35287,121042,229,150
275406,35295,121062,229,150
275463,35301,121084,229,150
275513,35309,121102,229,150
275564,35315,121138,229,150
275619,35322,121159,229,150
275670,35328,121174,229,150
275720,35335,121199,229,150
275771,35340,121220,229,150
275822,35348,121237,229,150
275873,35355,121270,229,150
275923,35361,121290,229,150
275975,35367,121313,229,150
276032,35372,121326,229,150
276085,35378,121343,229,150
276135,35385,121365,229,150
276186,35390,121388,229,149
276237,35397,121412,229,150
276287,35401,121433,229,150
276337,35409,121452,229,150
276387,35415,121471,229,150
276438,35421,121488,229,150
276489,35426,121511,229,150
276542,35434,121540,229,150
276592,35441,121566,229,150
276642,35450,121583,229,150
276693,35455,121612,229,150
276743,35461,121639,229,150
276794,35466,121662,229,150
276845,35472,121681,229,150
276903,35477,121697,229,149
276955,35484,121715,229,150
277007,35494,121729,229,150
277057,35500,121758,229,150
277108,35507,121781,229,150
277158,35516,121805,229,150
277208,35522,121826,229,150
277260,35528,121851,229,150
277312,35534,121881,229,148
277363,35542,121896,229,150
277413,35548,121913,229,148
277465,35557,121932,229,150
277516,35562,121952,229,150
277567,35567,121977,229,150
277618,35574,121996,229,150
277668,35582,122021,229,150
277726,35588,122042,229,150
277776,35595,122058,229,150
277826,35602,122073,229,150
277877,35607,122105,229,150
277928,35612,122126,229,150
277978,35619,122145,229,150
278030,35624,122176,229,150
278081,35630,122195,229,149
278135,35637,122213,229,150
278186,35644,122232,229,150
278238,35650,122261,229,150
278288,35658,122276,229,150
278338,35665,122297,229,150
278388,35674,122322,229,150
278440,35679,122338,229,150
278490,35684,122360,229,150
278540,35690,122377,229,150
278590,35698,122398,229,150
278640,35705,122415,229,150
278692,35709,122431,229,150
278744,35717,122456,229,150
278795,35726,122478,229,150
278846,35733,122506,229,150
278900,35739,122529,229,150
278950,35744,122564,229,150
279000,35751,122593,229,150
279050,35756,122620,229,150
279100,35761,122636,229,149
279150,35767,122658,229,150
279203,35774,122678,229,150
279253,35779,122700,229,150
279305,35785,122717,229,150
279363,35792,122736,229,149
279413,35800,122770,229,150
279464,35806,122793,229,150
279514,35810,122816,229,150
279564,35815,122837,229,150
279617,35825,122854,229,150
279668,35832,122876,229,150
279718,35838,122895,229,150
279768,35843,122918,229,150
279819,35849,122944,229,150
279869,35855,122964,229,150
279922,35861,122985,229,150
279973,35868,123004,229,150
280024,35875,123023,229,150
280074,35880,123038,229,150
280124,35886,123066,229,150
280174,35891,123109,229,150
280224,35896,123124,229,150
280275,35902,123147,229,150
280325,35908,123172,229,150
280381,35914,123185,229,150
280433,35920,123204,229,150
280483,35924,123227,229,150
280533,35929,123249,229,150
280592,35936,123270,229,150
280642,35942,123289,229,149
280693,35950,123317,229,150
280743,35954,123333,229,150
280793,35961,123353,229,149
280845,35968,123380,229,150
280898,35972,123395,229,150
280948,35977,123416,229,150
280999,35983,123437,229,150
281049,35989,123461,229,150
281102,35994,123497,229,150
281152,36001,123516,229,150
281202,36008,123543,229,150
281252,36017,123563,229,150
281303,36022,123591,229,150
281355,36027,123617,229,150
281407,36033,123629,229,150
281460,36039,123648,229,150
281510,36044,123670,229,150
281562,36051,123676,229,150
281612,36057,123705,229,150
281662,36062,123719,229,149
281713,36068,123734,229,150
281763,36074,123751,229,149
281817,36084,123769,229,150
281872,36091,123788,229,150
281922,36100,123810,229,150
281972,36108,123830,229,150
282022,36115,123850,229,150
282073,36119,123869,229,150
282125,36128,123903,229,150
282181,36136,123921,229,150
282233,36142,123938,229,150
282283,36149,123961,229,150
282333,36154,123992,229,150
282385,36160,124015,229,150
282438,36165,124031,229,150
282488,36172,124046,229,150
282538,36179,124059,229,150
282588,36185,124082,229,150
282638,36194,124109,229,150
282690,36199,124137,229,150
282743,36207,124158,229,150
282793,36215,124173,229,150
282848,36224,124191,229,150
282898,36230,124209,229,150
282953,36236,124229,229,150
283003,36241,124251,229,150
283053,36248,124272,229,150
283105,36259,124289,229,150
283155,36269,124307,229,150
283205,36275,124331,229,149
283258,36283,124358,229,150
283309,36290,124380,229,150
283359,36297,124403,229,150
283411,36301,124429,229,150
283461,36306,124467,229,150
283514,36313,124488,229,150
283564,36318,124509,229,150
283614,36324,124531,229,150
283664,36330,124556,229,150
283714,36336,124575,229,150
283764,36342,124600,229,150
283814,36346,124625,229,150
283864,36354,124643,229,150
283916,36360,124666,229,150
283967,36369,124677,229,150
284017,36376,124702,229,150
284068,36384,124718,229,150
284119,36393,124743,229,150
284169,36401,124756,229,150
284220,36407,124768,229,150
284272,36414,124783,229,150
284323,36422,124805,229,150
284374,36429,124829,229,150
284424,36436,124855,229,150
284475,36441,124887,229,150
284525,36447,124917,229,150
284575,36454,124934,229,150
284627,36460,124956,229,150
284677,36469,124972,229,150
284728,36475,125001,229,150
284779,36483,125018,229,150
284830,36489,125039,229,150
284880,36494,125065,229,150
284937,36501,125097,229,149
284987,36507,125115,229,150
285037,36513,125138,229,150
285087,36519,125171,229,150
285137,36526,125201,229,150
285191,36531,125216,229,150
285241,36538,125239,229,150
285292,36543,125268,229,150
285342,36548,125295,229,150
285392,36559,125310,229,150
285443,36564,125335,229,149
285494,36574,125358,229,150
285545,36578,125380,229,150
285597,36584,125404,229,150
285648,36590,125421,229,150
285699,36596,125444,229,150
285750,36602,125469,229,150
285800,36609,125489,229,150
285852,36616,125497,229,150
285902,36623,125509,229,150
285954,36630,125536,229,150
286004,36638,125552,229,150
286054,36646,125576,229,150
286105,36655,125598,229,150
286155,36660,125619,229,150
286206,36667,125643,229,150
286257,36674,125668,229,150
286314,36681,125682,229,150
286364,36688,125698,229,150
286414,36694,125719,229,150
286466,36700,125736,229,150
286516,36706,125758,229,150
286566,36714,125775,229,150
286617,36721,125794,229,150
286667,36727,125828,229,150
286717,36736,125842,229,150
286767,36742,125908,229,150
286817,36752,125921,229,150
286867,36759,125940,229,150
286918,36764,125970,229,150
286970,36770,125989,229,150
287020,36775,126002,229,150
287070,36783,126023,229,150
287120,36789,126042,229,150
287170,36793,126062,229,150
287220,36800,126079,229,150
287270,36805,126111,229,150
287320,36812,126124,229,150
287373,36820,126158,229,150
287423,36826,126186,229,150
287473,36831,126214,229,150
287524,36840,126234,229,150
287577,36845,126260,229,150
287628,36851,126282,229,150
287679,36858,126314,229,150
287729,36864,126333,229,150
287779,36870,126361,229,150
287831,36878,126384,229,150
287881,36886,126404,229,150
287931,36893,126432,229,150
287986,36900,126447,229,149
288036,36907,126472,229,150
288088,36913,126492,229,150
288139,36918,126509,229,149
288189,36923,126533,229,150
288241,36930,126558,229,150
288291,36937,126576,229,150
288341,36946,126597,229,150
288392,36952,126620,229,150
288443,36959,126640,229,150
288496,36966,126662,229,150
288546,36971,126686,229,150
288599,36978,126700,229,150
288649,36989,126706,229,150
288699,36995,126723,229,150
288749,37001,126746,229,149
288799,37008,126761,229,150
288849,37017,126786,229,150
288899,37024,126799,229,148
288955,37033,126823,229,150
289005,37040,126838,229,150
289055,37047,126865,229,150
289105,37055,126887,229,150
289156,37059,126903,229,150
289210,37066,126919,229,150
289261,37071,126950,229,150
289312,37078,126967,229,150
289367,37088,126979,229,150
289421,37096,126992,229,150
289471,37103,127008,229,150
289524,37110,127019,229,149
289577,37119,127035,229,150
289629,37125,127057,229,149
289683,37131,127077,229,150
289736,37138,127101,229,150
289786,37142,127124,229,150
289836,37149,127148,229,150
289888,37156,127166,229,150
289939,37159,127176,229,149
289991,37167,127198,229,150
290041,37175,127214,229,150
290095,37180,127229,229,150
290146,37185,127253,229,150
290196,37191,127282,229,150
290247,37199,127311,229,150
290297,37205,127335,229,150
290347,37212,127358,229,150
290397,37221,127381,229,150
290448,37226,127410,229,150
290498,37233,127435,229,150
290550,37238,127469,229,150
290600,37244,127489,229,150
290651,37249,127513,229,150
290701,37254,127537,229,150
290753,37259,127557,229,150
290807,37265,127581,229,150
290860,37273,127597,229,150
290911,37278,127618,229,150
290966,37283,127635,229,150
291017,37292,127653,229,150
291068,37301,127675,229,150
291119,37309,127697,229,149
291170,37317,127716,229,150
291221,37322,127732,229,149
291274,37329,127756,229,150
291326,37336,127787,229,150
291376,37343,127803,229,150
291428,37353,127868,229,150
291480,37360,127885,229,149
291533,37369,127900,229,150
291588,37375,127928,229,149
291639,37385,127953,229,150
291692,37392,127980,229,150
291743,37397,127996,229,150
291794,37403,128023,229,150
291844,37409,128047,229,150
291894,37414,128065,229,150
291946,37420,128081,229,150
291996,37426,128103,229,150
292048,37432,128119,229,150
292100,37438,128143,229,150
292150,37443,128168,229,150
292204,37450,128188,229,150
292258,37456,128204,229,150
292308,37463,128227,229,150
292360,37470,128246,229,150
292410,37478,128260,229,150
292460,37485,128278,229,150
292512,37490,128303,229,150
292563,37496,128322,229,150
292615,37502,128355,229,150
292666,37507,128378,229,150
292716,37513,128401,229,150
292766,37521,128425,229,150
292816,37528,128445,229,149
292866,37533,128465,229,149
292918,37541,128489,229,148
292968,37549,128506,229,150
293018,37554,128526,229,150
293069,37559,128558,229,150
293119,37564,128576,229,150
293169,37570,128596,229,150
293219,37574,128620,229,150
293269,37578,128652,229,150
293321,37585,128669,229,150
293373,37592,128693,229,150
293423,37597,128714,229,150
293473,37603,128729,229,150
293526,37608,128759,229,150
293580,37616,128784,229,150
293634,37621,128813,229,150
293685,37627,128831,229,150
293735,37636,128850,229,150
293786,37642,128863,229,150
293836,37649,128882,229,150
293889,37655,128906,229,150
293939,37661,128924,229,149
293992,37668,128943,229,150
294043,37674,128971,229,150
294095,37680,129002,229,150
294145,37685,129024,229,150
294196,37692,129051,229,150
294249,37699,129076,229,150
294299,37706,129094,229,150
294362,37714,129115,229,149
294412,37720,129139,229,150
294462,37727,129156,229,150
294514,37736,129179,229,150
294564,37743,129208,229,150
294614,37748,129231,229,150
294664,37754,129253,229,150
294714,37759,129269,229,150
294767,37765,129296,229,150
294817,37773,129317,229,149
294867,37779,129341,229,150
294918,37786,129366,229,150
294968,37791,129394,229,150
295022,37799,129424,229,150
295072,37804,129444,229,150
295122,37811,129461,229,150
295173,37817,129480,229,150
295224,37824,129502,229,150
295275,37830,129528,229,150
295331,37836,129545,229,150
295381,37843,129564,229,150
295431,37847,129588,229,150
295482,37856,129612,229,150
295532,37862,129640,229,150
295583,37869,129669,229,150
295633,37875,129697,229,150
295685,37880,129721,229,150
295735,37886,129731,229,150
295789,37892,129747,229,150
295840,37896,129776,229,150
295892,37902,129794,229,150
295944,37911,129821,229,150
295996,37919,129849,229,150
296047,37926,129868,229,149
296097,37932,129891,229,150
296150,37938,129919,229,150
296203,37945,129936,229,150
296255,37952,129947,229,150
296305,37959,129976,229,150
296355,37963,129998,229,150
296405,37969,130019,229,149
296456,37974,130043,229,150
296507,37980,130067,229,150
296557,37984,130095,229,150
296607,37990,130121,229,150
296659,37999,130138,229,150
296710,38003,130156,229,150
296760,38009,130171,229,150
296811,38016,130190,229,150
296866,38023,130212,229,150
296918,38029,130230,229,150
296968,38036,130256,229,148
297021,38044,130291,229,150
297071,38048,130312,229,150
297121,38053,130343,229,150
297174,38059,130370,229,150
297226,38068,130390,229,150
297280,38074,130412,229,150
297330,38080,130434,229,150
297384,38086,130457,229,150
297434,38095,130473,229,150
297484,38101,130494,229,150
297539,38111,130510,229,149
297591,38118,130532,229,150
297643,38124,130550,229,150
297696,38132,130570,229,149
297750,38140,130588,229,150
297800,38147,130604,229,150
297850,38155,130628,229,150
297902,38163,130648,229,150
297956,38173,130668,229,150
298009,38181,130692,229,150
298059,38187,130709,229,150
298109,38193,130735,229,150
298159,38198,130755,229,150
298209,38204,130778,229,150
298259,38210,130793,229,150
298309,38218,130807,229,150
298361,38225,130834,229,150
298411,38231,130850,229,150
298463,38239,130880,229,150
298513,38246,130901,229,150
298563,38252,130915,229,150
298617,38261,130937,229,148
298667,38267,130962,229,150
298717,38275,130983,229,150
298767,38281,131000,229,149
298817,38287,131033,229,150
298868,38295,131059,229,150
298918,38304,131078,229,150
298968,38311,131110,229,150
299018,38317,131135,229,150
299071,38325,131158,229,150
299121,38331,131193,229,150
299171,38337,131208,229,150
299223,38346,131228,229,150
299278,38356,131248,229,150
299328,38365,131270,229,150
299379,38373,131288,229,150
299429,38377,131302,229,150
299481,38383,131325,229,150
299531,38388,131347,229,150
299581,38399,131360,229,150
299634,38407,131372,229,149
299684,38415,131399,229,150
299734,38421,131417,229,150
299789,38427,131441,229,150
299842,38437,131458,229,150
299893,38443,131483,229,150
299943,38449,131514,229,150
299995,38455,131540,229,150
300045,38463,131556,229,150
300095,38469,131580,229,150
300145,38475,131599,229,150
300196,38482,131623,229,150
300247,38488,131649,229,150
300299,38495,131673,229,150
300350,38503,131688,229,150
300403,38510,131714,229,150
300453,38516,131736,229,150
300503,38522,131744,229,149
300554,38529,131769,229,150
300605,38535,131788,229,150
300659,38543,131812,229,150
300709,38552,131868,229,149
300760,38560,131889,229,150
300811,38567,131913,229,150
300867,38574,131939,229,150
300917,38580,131962,229,150
300968,38587,131978,229,150
301018,38594,132002,229,149
301071,38601,132017,229,150
301122,38608,132037,229,150
301174,38615,132067,229,149
301226,38621,132093,229,150
301276,38627,132123,229,150
301326,38634,132147,229,150
301376,38641,132167,229,150
301426,38646,132195,229,150
301483,38653,132213,229,150
301539,38659,132232,229,150
301593,38667,132247,229,150
301643,38673,132267,229,150
301693,38679,132288,229,150
301744,38683,132307,229,150
301794,38688,132327,229,150
301844,38693,132351,229,150
301900,38699,132372,229,149
301952,38705,132398,229,150
302004,38711,132416,229,150
302054,38717,132445,229,150
302104,38723,132471,229,150
302154,38731,132492,229,150
302204,38736,132508,229,150
302255,38741,132521,229,150
302306,38746,132549,229,150
302356,38752,132576,229,150
302407,38757,132596,229,150
302458,38765,132622,229,150
302508,38772,132647,229,150
302560,38777,132681,229,150
302615,38782,132695,229,150
302670,38788,132711,229,150
302721,38793,132738,229,150
302771,38800,132759,229,150
302822,38807,132785,229,150
302873,38815,132804,229,150
302925,38820,132830,229,150
302976,38826,132852,229,150
303026,38833,132874,229,150
303076,38839,132892,229,150
303130,38844,132915,229,150
303180,38849,132931,229,150
303232,38854,132950,229,150
303283,38859,132970,229,150
303333,38864,132998,229,150
303383,38870,133021,229,150
303434,38876,133044,229,150
303484,38882,133065,229,150
303536,38888,133086,229,150
303586,38893,133110,229,150
303636,38900,133125,229,150
303686,38904,133142,229,150
303736,38912,133165,229,150
303788,38917,133186,229,150
303838,38922,133211,229,150
303889,38927,133224,229,150
303940,38933,133238,229,150
303990,38938,133263,229,150
304040,38946,133288,229,150
304091,38953,133311,229,150
304142,38958,133333,229,150
304194,38963,133368,229,150
304245,38970,133385,229,150
304296,38976,133406,229,150
304346,38984,133423,229,150
304396,38991,133432,229,150
304449,38996,133459,229,150
304499,39002,133487,229,150
304551,39008,133514,229,150
304601,39016,133536,229,150
304651,39024,133550,229,150
304703,39031,133574,229,150
304754,39041,133596,229,150
304804,39045,133617,229,150
304859,39050,133635,229,149
304910,39055,133651,229,150
304960,39060,133672,229,150
305010,39067,133691,229,150
305060,39072,133712,229,150
305110,39079,133731,229,150
305160,39084,133757,229,150
305214,39093,133770,229,150
305265,39098,133789,229,150
305317,39104,133831,229,150
305367,39109,133849,229,150
305417,39116,133873,229,150
305469,39125,133893,229,150
305521,39131,133912,229,150
305572,39140,133946,229,150
305622,39147,133956,229,150
305673,39156,133978,229,150
305725,39161,133998,229,150
305775,39167,134020,229,150
305825,39173,134035,229,150
305875,39179,134055,229,150
305925,39185,134083,229,150
305977,39190,134112,229,150
306028,39197,134136,229,150
306078,39206,134161,229,149
306130,39212,134180,229,150
306180,39218,134205,229,150
306235,39224,134226,229,150
306285,39233,134249,229,150
306337,39238,134270,229,150
306387,39245,134293,229,150
306437,39252,134316,229,149
306491,39259,134385,229,150
306541,39265,134412,229,150
306592,39272,134443,229,150
306644,39276,134468,229,150
306695,39284,134487,229,150
306746,39289,134504,229,150
306796,39295,134525,229,150
306847,39301,134540,229,150
306898,39306,134568,229,150
306948,39313,134581,229,150
306999,39319,134611,229,150
307050,39323,134640,229,150
307101,39329,134653,229,149
307152,39335,134677,229,150
307202,39343,134699,229,150
307252,39352,134726,229,150
307304,39358,134742,229,149
307354,39367,134764,229,150
307405,39375,134789,229,150
307456,39385,134817,229,150
307506,39389,134843,229,150
307556,39395,134867,229,150
307606,39400,134898,229,150
307656,39406,134917,229,150
307707,39412,134940,229,150
307759,39417,134967,229,150
307809,39421,134993,229,150
307860,39425,135005,229,150
307910,39434,135024,229,150
307961,39442,135042,229,150
308011,39448,135064,229,150
308064,39455,135132,229,150
308114,39460,135157,229,150
308165,39467,135176,229,150
308217,39474,135202,229,150
308267,39483,135229,229,150
308317,39488,135252,229,150
308367,39495,135278,229,150
308418,39501,135296,229,149
308468,39511,135317,229,150
308519,39518,135344,229,150
308571,39524,135362,229,150
308623,39531,135391,229,150
308673,39537,135418,229,150
308723,39543,135442,229,150
308775,39548,135464,229,150
308825,39555,135485,229,150
308879,39561,135510,229,150
308932,39569,135534,229,150
308983,39576,135557,229,150
309034,39582,135586,229,150
309084,39587,135616,229,150
309134,39591,135641,229,150
309184,39595,135666,229,150
309236,39602,135681,229,150
309286,39611,135703,229,150
309336,39616,135725,229,150
309387,39622,135754,229,150
309437,39627,135788,229,150
309487,39632,135815,229,150
309537,39639,135841,229,150
309587,39646,135867,229,150
309638,39653,135883,229,150
309688,39658,135907,229,150
309738,39665,135929,229,150
309788,39672,135952,229,150
309838,39679,135979,229,149
309890,39685,136007,229,150
309942,39690,136020,229,149
309992,39697,136035,229,150
310042,39702,136073,229,150
310092,39709,136096,229,150
310144,39713,136123,229,150
310194,39719,136137,229,150
310245,39726,136164,229,150
310296,39730,136188,229,150
310349,39736,136212,229,150
310399,39743,136230,229,150
310450,39752,136243,229,150
310501,39757,136264,229,150
310555,39763,136273,229,150
310608,39768,136301,229,150
310658,39775,136322,229,150
310708,39779,136347,229,150
310760,39785,136366,229,150
310811,39792,136382,229,150
310861,39798,136401,229,150
310912,39804,136428,229,150
310962,39809,136453,229,150
311015,39815,136476,229,150
311067,39820,136505,229,150
311117,39828,136524,229,150
311167,39836,136546,229,150
311217,39844,136566,229,150
311268,39850,136594,229,150
311320,39857,136618,229,150
311374,39863,136636,229,150
311425,39870,136661,229,150
311475,39877,136686,229,150
311526,39883,136710,229,150
311576,39890,136734,229,150
311628,39897,136749,229,150
311678,39904,136772,229,150
311728,39910,136784,229,150
311778,39915,136802,229,150
311828,39922,136829,229,150
311880,39928,136850,229,150
311931,39937,136872,229,149
311982,39943,136896,229,150
312032,39951,136907,229,150
312082,39960,136926,229,150
312133,39969,136941,229,150
312184,39975,136964,229,150
312239,39981,136988,229,150
312289,39986,137008,229,150
312339,39991,137031,229,150
312389,39998,137056,229,150
312442,40004,137079,229,150
312494,40011,137094,229,150
312544,40017,137129,229,150
312595,40025,137146,229,150
312645,40031,137167,229,150
312695,40037,137238,229,149
312745,40046,137263,229,150
312797,40052,137278,229,150
312847,40059,137300,229,150
312897,40065,137329,229,150
312948,40071,137344,229,150
312999,40079,137369,229,150
313049,40085,137384,229,150
313102,40091,137410,229,150
313152,40095,137441,229,150
313202,40103,137458,229,149
313255,40112,137476,229,150
313308,40116,137491,229,150
313358,40123,137521,229,150
313408,40132,137544,229,150
313458,40140,137575,229,150
313512,40145,137598,229,150
313562,40151,137621,229,150
313613,40157,137641,229,150
313664,40163,137649,229,150
313715,40168,137677,229,150
313765,40175,137703,229,150
313817,40182,137730,229,150
313869,40186,137749,229,150
313921,40193,137772,229,150
313972,40201,137792,229,150
314027,40206,137822,229,150
314077,40211,137842,229,149
314127,40218,137858,229,150
314179,40226,137883,229,149
314230,40234,137900,229,150
314280,40240,137923,229,150
314337,40248,137936,229,150
314387,40252,137962,229,150
314437,40258,137976,229,150
314488,40266,137998,229,150
314543,40271,138027,229,150
314593,40278,138043,229,150
314643,40286,138072,229,150
314701,40291,138092,229,149
314752,40297,138123,229,150
314807,40305,138154,229,150
314858,40312,138177,229,150
314908,40318,138202,229,150
314959,40324,138224,229,149
315009,40331,138243,229,150
315060,40338,138266,229,150
315110,40345,138293,229,150
315160,40351,138316,229,150
315210,40355,138340,229,150
315262,40361,138410,229,150
315312,40367,138431,229,150
315362,40372,138461,229,150
315413,40379,138477,229,150
315463,40384,138502,229,150
315514,40389,138525,229,150
315564,40396,138553,229,150
315614,40400,138583,229,150
315664,40407,138603,229,150
315717,40416,138626,229,150
315768,40421,138649,229,150
315818,40425,138675,229,150
315869,40430,138690,229,150
315920,40437,138711,229,150
315970,40442,138742,229,150
316020,40449,138763,229,150
316072,40457,138783,229,150
316123,40464,138806,229,150
316177,40470,138827,229,150
316227,40477,138846,229,150
316282,40484,138861,229,149
316332,40495,138879,229,150
316382,40502,138897,229,150
316433,40506,138918,229,150
316485,40514,138943,229,149
316536,40525,138955,229,150
316586,40530,138974,229,150
316636,40536,138997,229,150
316687,40541,139022,229,150
316737,40547,139034,229,150
316788,40553,139058,229,150
316838,40561,139078,229,150
316888,40568,139108,229,150
316938,40574,139119,229,150
316990,40581,139145,229,149
317041,40590,139165,229,149
317091,40597,139187,229,150
317141,40602,139211,229,150
317191,40612,139235,229,150
317242,40617,139263,229,150
317292,40622,139288,229,150
317346,40628,139312,229,150
317396,40635,139330,229,150
317446,40640,139351,229,150
317501,40648,139369,229,150
317551,40654,139383,229,150
317601,40661,139398,229,150
317651,40666,139423,229,150
317705,40672,139453,229,150
317755,40678,139474,229,150
317805,40682,139497,229,150
317857,40691,139522,229,150
317907,40697,139546,229,150
317957,40701,139575,229,150
318008,40709,139600,229,150
318066,40715,139635,229,150
318117,40720,139656,229,150
318169,40725,139677,229,150
318219,40730,139702,229,150
318271,40735,139724,229,150
318321,40741,139744,229,150
318375,40749,139770,229,150
318427,40756,139789,229,150
318478,40760,139816,229,150
318528,40766,139833,229,150
318582,40775,139853,229,150
318633,40782,139871,229,150
318683,40787,139891,229,150
318734,40793,139910,229,150
318788,40799,139926,229,150
318838,40806,139949,229,150
318889,40809,139979,229,150
318941,40816,140006,229,150
318991,40821,140022,229,150
319043,40828,140038,229,150
319095,40834,140050,229,150
319145,40840,140074,229,150
319197,40845,140093,229,150
319247,40851,140116,229,150
319302,40858,140142,229,150
319354,40865,140164,229,150
319405,40872,140190,229,150
319455,40877,140212,229,150
319506,40884,140237,229,149
319557,40891,140251,229,150
319608,40899,140279,229,150
319658,40904,140300,229,150
319708,40909,140315,229,150
319760,40915,140347,229,150
319812,40923,140363,229,150
319863,40930,140380,229,150
319913,40935,140408,229,150
319964,40942,140435,229,150
320015,40946,140472,229,150
320066,40950,140495,229,150
320121,40958,140526,229,150
320171,40964,140547,229,150
320225,40970,140563,229,150
320280,40977,140579,229,149
320339,40983,140596,229,150
320392,40988,140618,229,150
320442,40993,140643,229,150
320492,40997,140668,229,150
320543,41002,140692,229,150
320594,41008,140717,229,150
320645,41012,140732,229,150
320695,41018,140755,229,150
320745,41024,140775,229,150
320798,41031,140805,229,150
320848,41038,140825,229,150
320898,41043,140849,229,150
320949,41048,140875,229,150
320999,41055,140895,229,150
321049,41060,140913,229,150
321100,41067,140941,229,149
321150,41076,140958,229,150
321200,41083,140977,229,150
321250,41090,141006,229,150
321302,41098,141028,229,150
321353,41107,141046,229,150
321403,41113,141088,229,150
321453,41119,141104,229,150
321503,41124,141122,229,150
321553,41130,141148,229,150
321604,41135,141166,229,150
321654,41140,141186,229,150
321704,41148,141202,229,150
321757,41154,141222,229,150
321807,41158,141240,229,150
321861,41163,141266,229,150
321915,41169,141285,229,149
321965,41177,141304,229,150
322015,41181,141315,229,150
322065,41188,141336,229,150
322117,41193,141351,229,150
322168,41200,141367,229,150
322223,41207,141380,229,150
322273,41218,141402,229,150
322324,41227,141424,229,150
322377,41234,141446,229,150
322427,41239,141470,229,150
322480,41244,141495,229,150
322534,41251,141518,229,150
322585,41256,141541,229,150
322635,41264,141560,229,150
322686,41272,141576,229,150
322739,41277,141605,229,150
322793,41284,141638,229,150
322843,41290,141656,229,150
322895,41294,141679,229,150
322945,41301,141698,229,150
322995,41307,141721,229,150
323045,41313,141737,229,150
323096,41320,141758,229,150
323149,41328,141784,229,149
323207,41336,141797,229,149
323258,41343,141819,229,150
323308,41350,141838,229,150
323359,41357,141866,229,150
323412,41365,141883,229,149
323463,41373,141904,229,150
323514,41378,141933,229,150
323564,41384,141953,229,150
323614,41391,141972,229,150
323666,41396,141996,229,150
323716,41403,142019,229,150
323766,41408,142032,229,150
323816,41413,142057,229,150
323866,41422,142082,229,150
323917,41429,142102,229,150
323967,41434,142121,229,150
324017,41438,142185,229,150
324067,41443,142225,229,150
324118,41449,142239,229,150
324168,41456,142268,229,150
324218,41462,142299,229,150
324269,41469,142327,229,150
324321,41475,142351,229,150
324371,41482,142377,229,150
324424,41488,142416,229,150
324475,41497,142444,229,150
324526,41504,142473,229,150
324576,41510,142494,229,150
324627,41516,142519,229,150
324678,41523,142538,229,150
324730,41530,142551,229,150
324780,41535,142571,229,150
324830,41540,142595,229,150
324880,41549,142606,229,150
324930,41553,142637,229,150
324986,41560,142665,229,150
325036,41565,142680,229,150
325090,41573,142713,229,150
325140,41581,142728,229,149
325191,41592,142743,229,150
325242,41601,142762,229,150
325293,41607,142782,229,150
325344,41615,142798,229,150
325396,41620,142818,229,150
325447,41626,142847,229,150
325497,41637,142859,229,150
325547,41647,142871,229,150
325597,41655,142890,229,150
325649,41662,142910,229,150
325699,41668,142924,229,150
325749,41672,142956,229,150
325799,41678,142976,229,150
325850,41682,142999,229,150
325901,41690,143030,229,150
325951,41695,143059,229,150
326001,41704,143074,229,150
326051,41712,143095,229,150
326105,41719,143106,229,149
326157,41726,143129,229,150
326208,41731,143159,229,150
326258,41736,143181,229,150
326308,41743,143200,229,149
326358,41753,143219,229,150
326408,41758,143238,229,150
326459,41764,143264,229,150
326509,41769,143282,229,150
326559,41779,143297,229,150
326609,41786,143325,229,150
326661,41791,143346,229,150
326712,41796,143366,229,150
326765,41802,143394,229,150
326815,41808,143417,229,150
326867,41816,143429,229,150
326920,41821,143453,229,150
326970,41829,143470,229,150
327021,41835,143495,229,150
327072,41842,143522,229,150
327122,41848,143542,229,150
327172,41854,143559,229,150
327223,41861,143573,229,150
327274,41866,143597,229,150
327324,41875,143616,229,150
327376,41881,143636,229,150
327428,41890,143659,229,150
327478,41898,143677,229,150
327532,41903,143706,229,150
327584,41910,143779,229,150
327635,41917,143799,229,150
327685,41923,143830,229,150
327735,41927,143848,229,150
327786,41933,143856,229,150
327837,41941,143877,229,150
327887,41949,143899,229,149
327938,41958,143915,229,150
327990,41966,143937,229,150
328040,41972,143960,229,150
328094,41977,143977,229,149
328144,41986,143995,229,150
328194,41992,144018,229,150
328244,42002,144040,229,150
328295,42010,144064,229,150
328348,42017,144086,229,150
328401,42024,144106,229,150
328452,42032,144128,229,150
328505,42039,144161,229,150
328559,42045,144180,229,150
328615,42052,144213,229,148
328666,42060,144229,229,150
328716,42067,144248,229,150
328766,42073,144265,229,150
328816,42081,144288,229,150
328867,42089,144303,229,150
328917,42094,144326,229,150
328970,42103,144352,229,150
329020,42110,144372,229,150
329070,42116,144392,229,150
329120,42121,144409,229,150
329175,42128,144420,229,150
329226,42132,144453,229,150
329279,42140,144475,229,150
329332,42150,144505,229,150
329385,42157,144539,229,150
329435,42164,144564,229,150
329485,42173,144585,229,150
329536,42182,144606,229,150
329587,42187,144633,229,150
329641,42194,144649,229,150
329693,42200,144676,229,150
329749,42209,144699,229,150
329799,42217,144716,229,150
329849,42221,144738,229,150
329900,42230,144760,229,150
329952,42235,144777,229,150
330008,42243,144799,229,150
330059,42249,144813,229,150
330111,42255,144832,229,150
330162,42260,144859,229,150
330216,42266,144880,229,150
330267,42272,144909,229,150
330319,42278,144927,229,150
330376,42285,144949,229,150
330429,42293,144967,229,150
330484,42300,144981,229,150
330535,42306,145014,229,150
330585,42312,145037,229,150
330635,42317,145071,229,150
330689,42324,145086,229,150
330741,42330,145109,229,150
330793,42335,145136,229,150
330849,42344,145160,229,150
330899,42349,145183,229,150
330952,42356,145213,229,150
331002,42364,145231,229,150
331054,42373,145261,229,150
331105,42379,145296,229,150
331155,42383,145323,229,150
331206,42389,145344,229,150
331257,42397,145364,229,150
331309,42402,145395,229,150
331360,42407,145462,229,150
331413,42413,145490,229,150
331463,42419,145504,229,150
331514,42424,145540,229,150
331564,42432,145571,229,150
331615,42437,145600,229,150
331668,42443,145618,229,150
331720,42455,145645,229,150
331770,42461,145671,229,150
331823,42468,145690,229,148
331876,42478,145710,229,150
331943,42485,145730,229,148
331996,42492,145738,229,150
332046,42499,145760,229,150
332096,42504,145783,229,150
332146,42510,145808,229,150
332197,42517,145832,229,150
332247,42522,145852,229,150
332298,42528,145878,229,150
332348,42533,145906,229,150
332398,42538,145926,229,150
332448,42545,145947,229,150
332499,42553,145956,229,150
332549,42559,145971,229,150
332603,42568,145984,229,149
332653,42575,146007,229,150
332704,42581,146033,229,150
332754,42585,146049,229,150
332806,42593,146074,229,150
332859,42598,146095,229,150
332911,42605,146112,229,150
332963,42612,146126,229,150
333013,42620,146150,229,150
333068,42625,146180,229,150
333118,42633,146198,229,150
333169,42640,146207,229,150
333219,42645,146230,229,150
333269,42652,146254,229,150
333320,42660,146274,229,150
333371,42666,146296,229,150
333423,42674,146316,229,150
333474,42681,146351,229,150
333526,42689,146372,229,150
333578,42695,146398,229,150
333628,42701,146409,229,150
333678,42707,146435,229,150
333728,42714,146466,229,150
333778,42719,146484,229,150
333828,42726,146513,229,150
333878,42733,146539,229,150
333928,42741,146564,229,150
333978,42748,146584,229,150
334028,42756,146598,229,150
334080,42760,146618,229,150
334130,42766,146636,229,150
334180,42771,146658,229,150
334232,42778,146678,229,150
334284,42787,146697,229,150
334334,42792,146718,229,150
334385,42799,146741,229,150
334436,42804,146766,229,150
334487,42810,146785,229,149
334537,42818,146806,229,150
334590,42827,146836,229,149
334641,42833,146851,229,150
334696,42842,146864,229,150
334746,42848,146889,229,150
334797,42854,146905,229,150
334849,42862,146927,229,150
334902,42868,146951,229,148
334952,42877,146968,229,150
335005,42886,146992,229,149
335055,42893,147016,229,150
335106,42899,147037,229,150
335156,42905,147068,229,149
335207,42914,147089,229,150
335257,42922,147102,229,150
335308,42928,147131,229,150
335360,42934,147157,229,150
335410,42940,147177,229,149
335460,42946,147191,229,150
335512,42951,147222,229,150
335568,42956,147256,229,150
335618,42963,147272,229,150
335668,42971,147291,229,150
335721,42978,147319,229,150
335771,42985,147342,229,150
335824,42993,147380,229,150
335879,43000,147417,229,150
335931,43007,147437,229,149
335981,43015,147453,229,150
336032,43019,147477,229,150
336084,43025,147498,229,150
336134,43032,147519,229,150
336189,43040,147550,229,150
336242,43045,147578,229,150
336294,43050,147596,229,150
336349,43057,147622,229,149
336399,43062,147645,229,150
336451,43070,147670,229,150
336501,43076,147691,229,150
336557,43083,147711,229,150
336609,43089,147738,229,150
336660,43095,147755,229,150
336714,43102,147763,229,150
336766,43109,147785,229,150
336816,43115,147813,229,150
336867,43123,147844,229,150
336919,43131,147874,229,149
336970,43137,147889,229,150
337020,43142,147907,229,150
337078,43148,147938,229,150
337128,43157,147952,229,150
337185,43165,148023,229,150
337235,43171,148043,229,150
337288,43178,148064,229,150
337339,43186,148089,229,150
337391,43192,148106,229,149
337441,43198,148123,229,150
337493,43204,148144,229,150
337543,43209,148179,229,150
337594,43217,148200,229,150
337644,43222,148221,229,150
337696,43227,148239,229,150
337752,43234,148263,229,150
337802,43242,148299,229,150
337852,43248,148317,229,150
337902,43254,148343,229,150
337952,43261,148371,229,150
338002,43270,148381,229,150
338054,43275,148403,229,150
338106,43282,148426,229,150
338157,43291,148442,229,150
338207,43300,148474,229,150
338259,43308,148495,229,150
338309,43315,148517,229,150
338360,43323,148536,229,150
338410,43327,148615,229,150
338460,43335,148639,229,150
338510,43342,148658,229,150
338560,43347,148679,229,150
338613,43353,148696,229,150
338664,43360,148724,229,150
338719,43367,148742,229,150
338771,43373,148757,229,150
338823,43379,148783,229,150
338873,43384,148805,229,150
338926,43393,148828,229,150
338978,43399,148853,229,150
339028,43408,148869,229,150
339078,43415,148895,229,150
339130,43421,148919,229,150
339185,43428,148942,229,149
339235,43436,148952,229,150
339288,43442,148968,229,150
339338,43449,148988,229,150
339389,43458,149005,229,150
339440,43462,149024,229,149
339491,43467,149051,229,150
339545,43475,149066,229,149
339596,43482,149087,229,150
339647,43488,149108,229,150
339699,43494,149138,229,150
339750,43500,149166,229,150
339802,43506,149183,229,150
339854,43512,149201,229,150
339906,43520,149229,229,149
339957,43528,149245,229,150
340007,43536,149268,229,150
340057,43542,149300,229,150
340109,43549,149323,229,150
340162,43555,149353,229,150
340213,43565,149376,229,150
340264,43571,149396,229,150
340314,43575,149425,229,150
340365,43581,149454,229,150
340415,43587,149469,229,150
340466,43595,149485,229,150
340517,43604,149500,229,150
340567,43608,149521,229,150
340617,43614,149551,229,150
340670,43623,149565,229,150
340721,43631,149595,229,150
340777,43639,149626,229,150
340828,43645,149651,229,150
340880,43653,149669,229,150
340930,43659,149698,229,150
340981,43668,149719,229,150
341031,43674,149738,229,150
341086,43680,149759,229,150
341136,43691,149777,229,150
341190,43699,149796,229,150
341240,43705,149820,229,150
341290,43710,149847,229,149
341340,43717,149865,229,150
341392,43724,149893,229,150
341442,43729,149920,229,150
341493,43736,149937,229,150
341543,43742,149958,229,150
341596,43750,149994,229,150
341646,43759,150009,229,150
341696,43764,150031,229,150
341746,43770,150056,229,150
341798,43775,150086,229,150
341849,43781,150115,229,150
341904,43787,150138,229,149
341954,43796,150154,229,150
342008,43802,150181,229,148
342063,43811,150208,229,150
342113,43816,150229,229,147
342164,43825,150245,229,150
342215,43830,150273,229,150
342265,43835,150302,229,150
342321,43840,150327,229,149
342372,43848,150348,229,150
342423,43856,150367,229,150
342474,43861,150387,229,150
342525,43870,150401,229,150
342577,43875,150419,229,150
342630,43883,150431,229,150
342680,43890,150447,229,150
342737,43897,150463,229,149
342788,43906,150472,229,150
342845,43912,150487,229,150
342898,43919,150506,229,150
342948,43926,150530,229,150
343000,43932,150544,229,150
343050,43937,150568,229,150
343100,43943,150595,229,150
343150,43949,150618,229,150
343200,43954,150637,229,150
343253,43961,150651,229,150
343303,43965,150673,229,150
343353,43970,150694,229,150
343403,43976,150711,229,150
343454,43981,150730,229,149
343506,43989,150747,229,150
343558,43997,150777,229,150
343608,44005,150800,229,150
343661,44010,150827,229,150
343713,44018,150854,229,150
343766,44026,150882,229,150
343817,44034,150900,229,150
343869,44040,150923,229,150
343919,44045,150946,229,150
343969,44052,150964,229,150
344021,44059,150982,229,150
344072,44066,151000,229,150
344124,44075,151009,229,150
344184,44082,151017,229,150
344234,44089,151036,229,150
344286,44094,151057,229,150
344340,44099,151077,229,150
344390,44107,151095,229,150
344441,44112,151116,229,150
344491,44117,151144,229,150
344541,44123,151171,229,150
344591,44130,151190,229,150
344641,44136,151204,229,150
344692,44144,151227,229,150
344742,44150,151245,229,150
344797,44157,151260,229,150
344849,44164,151281,229,150
344900,44171,151298,229,150
344958,44179,151315,229,150
345009,44185,151342,229,150
345061,44193,151365,229,150
345113,44200,151391,229,150
345165,44204,151424,229,149
345217,44211,151442,229,150
345267,44217,151459,229,150
345317,44225,151481,229,150
345367,44231,151497,229,150
345421,44241,151521,229,150
345474,44249,151546,229,150
345525,44254,151564,229,149
345575,44261,151583,229,150
345625,44269,151605,229,150
345675,44276,151628,229,150
345726,44281,151652,229,150
345776,44289,151673,229,150
345827,44295,151694,229,150
345877,44299,151716,229,150
345927,44305,151740,229,150
345978,44312,151755,229,150
346029,44317,151769,229,150
346082,44325,151791,229,150
346144,44334,151810,229,149
346197,44343,151830,229,150
346251,44348,151858,229,150
346301,44355,151878,229,150
346351,44362,151900,229,150
346404,44370,151928,229,150
346455,44376,151948,229,150
346506,44382,151976,229,150
346556,44391,152000,229,148
346606,44399,152016,229,150
346656,44405,152033,229,150
346707,44410,152125,229,150
346757,44417,152141,229,150
346808,44423,152163,229,150
346864,44430,152196,229,149
346915,44436,152210,229,150
346968,44441,152229,229,150
347018,44447,152258,229,150
347068,44453,152278,229,150
347124,44460,152305,229,149
347174,44469,152324,229,150
347224,44475,152342,229,150
347275,44484,152365,229,150
347326,44490,152388,229,150
347378,44497,152402,229,150
347441,44504,152420,229,150
347493,44514,152435,229,150
347546,44521,152452,229,150
347597,44530,152467,229,150
347647,44537,152489,229,150
347698,44542,152525,229,150
347750,44549,152554,229,150
347801,44554,152587,229,150
347852,44560,152606,229,150
347904,44566,152638,229,150
347954,44574,152648,229,150
348007,44580,152677,229,150
348058,44586,152700,229,150
348110,44596,152723,229,150
348161,44603,152749,229,149
348213,44610,152767,229,150
348266,44615,152794,229,150
348316,44623,152814,229,150
348366,44629,152834,229,150
348416,44635,152854,229,150
348468,44643,152872,229,149
348518,44650,152882,229,149
348570,44656,152901,229,150
348620,44662,152924,229,149
348670,44669,152943,229,150
348720,44677,152959,229,150
348776,44683,152978,229,150
348826,44690,153013,229,150
348876,44697,153037,229,150
348928,44705,153067,229,150
348980,44710,153136,229,150
349031,44716,153155,229,150
349082,44722,153172,229,150
349132,44730,153183,229,150
349183,44735,153206,229,150
349234,44741,153231,229,150
349284,44749,153250,229,150
349334,44755,153282,229,150
349385,44761,153305,229,150
349436,44769,153325,229,150
349489,44774,153357,229,150
349539,44781,153381,229,150
349591,44790,153403,229,150
349644,44797,153420,229,150
349694,44801,153439,229,150
349744,44805,153466,229,150
349794,44811,153485,229,150
349844,44817,153508,229,150
349897,44824,153534,229,150
349947,44832,153549,229,150
349997,44837,153568,229,150
350053,44845,153600,229,150
350107,44853,153621,229,150
350159,44861,153650,229,150
350209,44865,153733,229,150
350259,44872,153752,229,150
350309,44879,153778,229,150
350359,44884,153799,229,150
350410,44890,153830,229,150
350460,44896,153859,229,150
350512,44902,153891,229,150
350563,44908,153908,229,150
350617,44916,153929,229,150
350667,44924,153943,229,150
350718,44930,153957,229,150
350769,44934,153983,229,150
350820,44941,154006,229,150
350872,44949,154030,229,150
350922,44955,154054,229,150
350973,44960,154089,229,150
351027,44969,154114,229,150
351078,44975,154141,229,150
351128,44984,154171,229,150
351178,44992,154192,229,150
351232,45001,154255,229,150
351283,45007,154280,229,150
351334,45013,154300,229,150
351388,45020,154322,229,149
351438,45026,154360,229,150
351488,45032,154393,229,150
351538,45036,154414,229,150
351589,45045,154436,229,150
351641,45053,154464,229,150
351692,45060,154487,229,150
351742,45066,154508,229,150
351792,45071,154536,229,150
351842,45075,154560,229,150
351894,45082,154588,229,150
351944,45088,154607,229,150
351994,45095,154636,229,150
352044,45102,154650,229,150
352095,45111,154670,229,150
352146,45117,154687,229,150
352200,45124,154708,229,150
352253,45131,154730,229,150
352303,45136,154746,229,149
352355,45144,154773,229,150
352408,45153,154791,229,149
352462,45160,154818,229,150
352514,45165,154839,229,150
352565,45171,154871,229,150
352616,45177,154891,229,150
352666,45185,154913,229,150
352716,45192,154936,229,150
352767,45198,154962,229,150
352817,45207,154983,229,150
352867,45214,155005,229,150
352918,45220,155033,229,150
352968,45227,155051,229,150
353018,45232,155080,229,150
353072,45237,155107,229,150
353122,45244,155133,229,150
353172,45250,155155,229,150
353222,45256,155182,229,150
353272,45262,155199,229,150
353324,45270,155219,229,150
353376,45279,155232,229,150
353429,45288,155261,229,150
353479,45293,155290,229,150
353532,45298,155315,229,150
353586,45307,155327,229,150
353641,45312,155344,229,150
353691,45317,155366,229,150
353743,45323,155385,229,150
353799,45332,155395,229,150
353852,45338,155414,229,150
353902,45345,155433,229,150
353955,45354,155454,229,150
354005,45360,155471,229,150
354061,45366,155495,229,150
354113,45372,155513,229,150
354167,45379,155545,229,150
354218,45386,155560,229,150
354268,45394,155584,229,150
354318,45399,155613,229,150
354368,45405,155635,229,150
354418,45413,155653,229,150
354468,45420,155669,229,150
354518,45426,155695,229,150
354568,45432,155721,229,150
354618,45437,155731,229,150
354668,45444,155748,229,150
354718,45451,155769,229,150
354771,45456,155786,229,150
354821,45461,155818,229,150
354871,45467,155854,229,150
354921,45475,155880,229,150
354971,45483,155908,229,149
355023,45488,155937,229,149
355073,45494,155961,229,150
355124,45500,155990,229,150
355176,45505,156017,229,150
355226,45513,156035,229,150
355276,45517,156061,229,150
355331,45525,156075,229,149
355381,45532,156094,229,150
355436,45539,156108,229,150
355500,45549,156125,229,150
355550,45558,156152,229,150
355600,45565,156177,229,150
355654,45571,156206,229,149
355705,45579,156228,229,150
355756,45585,156248,229,150
355808,45592,156262,229,150
355858,45599,156280,229,150
355909,45605,156301,229,150
355959,45613,156321,229,150
356009,45620,156340,229,149
356060,45628,156357,229,150
356110,45634,156376,229,150
356160,45639,156391,229,150
356210,45645,156410,229,150
356260,45651,156434,229,150
356312,45658,156451,229,150
356363,45666,156468,229,150
356413,45672,156490,229,150
356463,45680,156512,229,150
356518,45685,156540,229,150
356568,45690,156609,229,150
356619,45696,156640,229,150
356670,45702,156670,229,150
356721,45710,156691,229,150
356771,45715,156713,229,150
356821,45721,156737,229,150
356873,45727,156765,229,150
356924,45736,156769,229,150
356975,45741,156787,229,150
357025,45746,156807,229,150
357076,45752,156826,229,150
357126,45758,156855,229,150
357178,45764,156869,229,150
357229,45770,156895,229,150
357279,45775,156918,229,150
357330,45783,156939,229,150
357382,45792,156959,229,150
357433,45798,156975,229,150
357488,45804,156999,229,150
357539,45810,157027,229,150
357590,45819,157047,229,150
357640,45827,157068,229,150
357690,45834,157088,229,150
357743,45840,157112,229,149
357800,45846,157137,229,148
357852,45854,157149,229,150
357902,45862,157164,229,150
357953,45867,157195,229,150
358003,45874,157210,229,150
358053,45879,157232,229,150
358104,45889,157250,229,150
358156,45897,157278,229,150
358211,45904,157306,229,150
358261,45912,157325,229,150
358313,45919,157350,229,150
358368,45926,157374,229,150
358421,45931,157405,229,150
358471,45937,157472,229,150
358521,45943,157487,229,150
358571,45948,157512,229,150
358621,45956,157529,229,150
358671,45962,157563,229,150
358723,45967,157588,229,150
358773,45973,157604,229,150
358826,45980,157629,229,150
358876,45986,157653,229,150
358927,45994,157683,229,150
358977,45998,157703,229,150
359027,46003,157719,229,150
359077,46012,157737,229,150
359130,46018,157755,229,150
359181,46024,157771,229,150
359231,46031,157795,229,150
359282,46039,157811,229,150
359332,46045,157847,229,150
359382,46050,157871,229,150
359432,46056,157895,229,150
359482,46065,157911,229,150
359535,46069,157931,229,150
359585,46076,157958,229,150
359635,46082,157977,229,150
359685,46090,158002,229,150
359735,46095,158024,229,150
359786,46103,158034,229,149
359838,46110,158064,229,150
359888,46115,158090,229,149
359945,46124,158120,229,150
359995,46131,158133,229,150
360047,46136,158171,229,150
360097,46144,158195,229,150
360147,46151,158217,229,150
360199,46161,158229,229,150
360249,46168,158248,229,150
360299,46174,158265,229,150
360353,46181,158286,229,150
360405,46188,158305,229,150
360456,46195,158316,229,150
360507,46203,158344,229,150
360563,46209,158363,229,150
360613,46217,158387,229,150
360663,46225,158410,229,150
360714,46231,158434,229,150
360764,46239,158463,229,150
360816,46245,158481,229,150
360866,46251,158501,229,150
360917,46258,158518,229,150
360967,46265,158543,229,150
361017,46272,158567,229,150
361071,46277,158589,229,148
361125,46285,158602,229,150
361175,46293,158622,229,150
361225,46300,158643,229,150
361275,46305,158662,229,150
361326,46312,158682,229,150
361376,46318,158708,229,150
361426,46327,158724,229,150
361476,46334,158753,229,150
361529,46339,158777,229,150
361579,46347,158794,229,150
361632,46355,158816,229,150
361685,46360,158833,229,150
361735,46367,158865,229,150
361786,46374,158889,229,150
361836,46381,158915,229,149
361893,46389,158942,229,149
361944,46396,158967,229,150
361995,46401,159005,229,150
362045,46409,159032,229,150
362099,46415,159053,229,149
362149,46423,159065,229,150
362199,46427,159092,229,150
362249,46433,159120,229,150
362299,46439,159142,229,150
362353,46445,159158,229,150
362404,46452,159182,229,150
362456,46459,159205,229,150
362506,46465,159225,229,150
362557,46472,159255,229,150
362607,46478,159284,229,150
362658,46484,159307,229,150
362708,46491,159335,229,150
362760,46497,159357,229,150
362811,46502,159374,229,150
362864,46510,159395,229,150
362916,46516,159406,229,150
362967,46521,159428,229,150
363019,46529,159456,229,150
363069,46535,159477,229,150
363119,46542,159551,229,150
363171,46549,159571,229,150
363221,46553,159604,229,150
363271,46556,159635,229,150
363321,46562,159663,229,150
363372,46569,159676,229,150
363426,46576,159696,229,150
363478,46587,159711,229,150
363529,46594,159731,229,150
363579,46600,159747,229,150
363629,46607,159774,229,150
363679,46610,159804,229,150
363729,46617,159830,229,150
363779,46622,159850,229,150
363829,46627,159866,229,148
363879,46635,159887,229,150
363930,46643,159910,229,150
363981,46651,159927,229,150
364031,46657,159947,229,150
364081,46662,159972,229,150
364134,46668,159990,229,150
364184,46674,160008,229,150
364234,46682,160028,229,150
364288,46690,160049,229,149
364340,46697,160067,229,150
364391,46702,160096,229,150
364441,46708,160116,229,150
364493,46715,160134,229,150
364543,46721,160155,229,150
364593,46726,160176,229,150
364647,46735,160188,229,150
364698,46741,160198,229,150
364749,46747,160221,229,150
364799,46754,160248,229,150
364849,46761,160270,229,150
364899,46767,160291,229,150
364950,46772,160319,229,150
365001,46779,160337,229,150
365051,46786,160361,229,150
365102,46791,160380,229,150
365153,46800,160409,229,150
365204,46806,160434,229,150
365255,46812,160460,229,150
365305,46818,160478,229,150
365358,46830,160493,229,150
365408,46838,160509,229,150
365458,46845,160529,229,150
365508,46851,160551,229,150
365560,46855,160567,229,150
365610,46863,160586,229,149
365663,46876,160605,229,150
365713,46883,160633,229,150
365763,46890,160654,229,150
365813,46896,160673,229,150
365866,46903,160690,229,150
365922,46909,160713,229,150
365972,46915,160740,229,150
366022,46921,160765,229,149
366076,46928,160784,229,150
366126,46934,160818,229,150
366176,46938,160845,229,150
366226,46947,160865,229,150
366284,46953,160889,229,149
366335,46959,160912,229,150
366386,46968,160930,229,150
366436,46972,160961,229,150
366488,46981,160979,229,150
366538,46989,160999,229,150
366588,46996,161024,229,150
366638,47002,161039,229,150
366688,47009,161063,229,150
366738,47014,161082,229,150
366788,47021,161102,229,150
366839,47026,161127,229,150
366889,47032,161150,229,150
366941,47037,161172,229,150
366992,47047,161196,229,150
367042,47054,161261,229,150
367093,47059,161279,229,150
367143,47065,161303,229,150
367194,47072,161322,229,150
367244,47079,161347,229,150
367296,47087,161375,229,150
367350,47096,161381,229,149
367407,47103,161409,229,149
367461,47109,161424,229,150
367516,47117,161439,229,149
367567,47124,161458,229,150
367617,47129,161487,229,150
367668,47133,161517,229,150
367718,47138,161537,229,150
367769,47144,161557,229,150
367819,47151,161579,229,150
367870,47159,161601,229,149
367920,47168,161625,229,150
367970,47173,161644,229,150
368023,47180,161665,229,150
368075,47186,161684,229,150
368125,47192,161700,229,150
368175,47198,161729,229,150
368232,47205,161746,229,150
368286,47211,161764,229,149
368336,47222,161777,229,150
368386,47230,161797,229,150
368441,47235,161817,229,149
368493,47246,161837,229,150
368545,47254,161860,229,150
368597,47261,161883,229,150
368647,47267,161899,229,150
368697,47274,161920,229,150
368747,47282,161940,229,150
368798,47290,161960,229,150
368849,47295,161981,229,150
368899,47304,162003,229,150
368949,47309,162020,229,150
369003,47316,162040,229,150
369053,47320,162074,229,150
369104,47326,162085,229,150
369154,47335,162104,229,150
369205,47342,162138,229,150
369255,47348,162169,229,150
369305,47355,162184,229,150
369355,47361,162210,229,150
369409,47367,162225,229,149
369459,47372,162252,229,150
369509,47378,162274,229,150
369560,47385,162292,229,150
369611,47391,162312,229,149
369661,47399,162336,229,150
369712,47407,162361,229,150
369762,47413,162385,229,150
369814,47420,162398,229,149
369864,47427,162419,229,150
369916,47433,162444,229,150
369966,47439,162465,229,150
370020,47444,162491,229,150
370071,47449,162519,229,150
370126,47456,162543,229,150
370176,47460,162571,229,150
370226,47466,162650,229,150
370279,47472,162668,229,150
370331,47479,162688,229,150
370381,47486,162702,229,150
370431,47492,162727,229,150
370482,47498,162744,229,150
370532,47504,162778,229,150
370583,47509,162800,229,150
370634,47515,162829,229,150
370685,47522,162845,229,149
370736,47533,162863,229,150
370787,47537,162894,229,150
370839,47546,162916,229,150
370893,47553,162936,229,150
370943,47559,162959,229,150
370993,47565,162985,229,150
371046,47571,163003,229,150
371097,47577,163022,229,150
371148,47584,163036,229,150
371198,47589,163064,229,150
371248,47595,163087,229,150
371299,47600,163104,229,150
371352,47605,163130,229,150
371402,47611,163149,229,150
371452,47618,163174,229,150
371504,47624,163197,229,150
371554,47630,163225,229,150
371604,47637,163257,229,150
371654,47642,163282,229,150
371704,47648,163306,229,150
371757,47654,163326,229,150
371807,47659,163350,229,150
371858,47666,163372,229,150
371908,47672,163394,229,150
371959,47677,163422,229,150
372010,47681,163452,229,150
372060,47688,163469,229,150
372110,47693,163490,229,150
372161,47703,163499,229,150
372212,47709,163520,229,150
372266,47715,163542,229,150
372320,47722,163565,229,150
372370,47728,163592,229,150
372425,47735,163610,229,150
372475,47741,163626,229,149
372530,47747,163655,229,150
372580,47753,163680,229,150
372630,47760,163699,229,150
372680,47768,163727,229,150
372730,47776,163753,229,150
372781,47783,163772,229,150
372832,47790,163793,229,150
372882,47796,163818,229,150
372932,47803,163892,229,150
372984,47811,163909,229,150
373034,47819,163919,229,150
373087,47826,163932,229,150
373137,47830,163958,229,150
373188,47836,163980,229,150
373238,47842,163999,229,150
373289,47847,164024,229,150
373340,47853,164042,229,150
373390,47860,164066,229,150
373441,47866,164081,229,150
373492,47872,164101,229,150
373548,47882,164118,229,150
373598,47890,164145,229,150
373648,47896,164169,229,150
373700,47901,164185,229,150
373750,47908,164214,229,150
373800,47913,164230,229,150
373850,47921,164257,229,150
373901,47928,164286,229,150
373951,47936,164301,229,150
374003,47941,164326,229,150
374057,47948,164349,229,150
374107,47953,164369,229,150
374158,47960,164385,229,150
374212,47965,164403,229,150
374263,47973,164423,229,150
374313,47979,164449,229,150
374365,47988,164476,229,150
374420,47994,164509,229,149
374471,48003,164522,229,150
374521,48011,164541,229,150
374573,48018,164573,229,150
374624,48024,164594,229,150
374679,48030,164670,229,150
374730,48037,164691,229,150
374781,48043,164714,229,150
374831,48051,164743,229,150
374881,48057,164765,229,150
374936,48063,164788,229,149
374986,48069,164808,229,150
375040,48075,164828,229,150
375090,48081,164852,229,150
375140,48087,164877,229,150
375191,48093,164905,229,150
375243,48098,164924,229,150
375295,48104,164938,229,150
375347,48110,164966,229,150
375397,48117,164996,229,150
375447,48122,165012,229,150
375497,48128,165041,229,150
375548,48133,165061,229,150
375598,48138,165087,229,150
375648,48145,165114,229,150
375698,48151,165142,229,150
375749,48160,165165,229,150
375799,48166,165187,229,150
375849,48171,165203,229,150
375900,48179,165217,229,150
375955,48188,165233,229,150
376008,48193,165265,229,150
376058,48202,165292,229,150
376115,48209,165311,229,150
376165,48214,165334,229,150
376215,48220,165353,229,150
376265,48224,165383,229,150
376322,48233,165413,229,150
376377,48238,165434,229,150
376430,48246,165456,229,149
376480,48253,165476,229,150
376531,48259,165504,229,150
376582,48265,165529,229,150
376634,48270,165552,229,150
376684,48274,165572,229,150
376736,48280,165591,229,149
376786,48288,165607,229,150
376839,48296,165627,229,150
376891,48304,165654,229,150
376941,48311,165672,229,150
376991,48317,165692,229,150
377043,48326,165709,229,150
377095,48331,165728,229,150
377145,48335,165765,229,150
377195,48343,165782,229,150
377245,48350,165804,229,150
377298,48355,165824,229,150
377348,48361,165854,229,150
377398,48368,165865,229,150
377448,48375,165884,229,150
377500,48383,165911,229,150
377556,48388,165936,229,150
377606,48395,165966,229,150
377656,48402,165985,229,150
377706,48410,166007,229,150
377756,48416,166040,229,150
377806,48422,166066,229,150
377857,48429,166083,229,150
377907,48434,166107,229,150
377957,48440,166134,229,150
378007,48445,166160,229,150
378058,48451,166194,229,150
378110,48458,166209,229,150
378160,48465,166230,229,150
378213,48469,166260,229,150
378263,48475,166290,229,150
378315,48482,166307,229,150
378365,48489,166324,229,150
378416,48494,166349,229,150
378471,48500,166368,229,150
378521,48507,166394,229,150
378572,48514,166422,229,150
378622,48519,166457,229,150
378673,48528,166482,229,150
378725,48534,166513,229,150
378779,48541,166534,229,149
378831,48550,166552,229,150
378884,48557,166570,229,150
378937,48564,166588,229,150
378989,48570,166614,229,150
379041,48576,166646,229,150
379091,48583,166681,229,150
379141,48590,166697,229,150
379192,48597,166721,229,150
379243,48602,166742,229,150
379296,48607,166758,229,150
379347,48612,166783,229,150
379397,48619,166810,229,150
379447,48626,166830,229,150
379498,48634,166847,229,150
379549,48641,166867,229,149
379600,48649,166891,229,150
379652,48655,166918,229,150
379702,48662,166932,229,149
379752,48670,166953,229,150
379804,48676,166988,229,150
379855,48681,167009,229,150
379907,48686,167034,229,150
379959,48694,167044,229,150
380014,48700,167068,229,149
380065,48705,167098,229,150
380115,48711,167121,229,150
380165,48717,167140,229,150
380216,48722,167208,229,150
380266,48727,167242,229,150
380317,48733,167254,229,150
380367,48741,167276,229,150
380418,48749,167290,229,150
380468,48754,167317,229,150
380520,48760,167348,229,150
380570,48767,167377,229,150
380620,48773,167406,229,150
380672,48780,167425,229,149
380722,48789,167447,229,150
380773,48796,167471,229,150
380824,48801,167490,229,150
380876,48811,167507,229,150
380926,48818,167523,229,150
380978,48825,167544,229,150
381028,48830,167566,229,150
381078,48836,167593,229,150
381130,48844,167618,229,150
381180,48850,167640,229,149
381231,48857,167662,229,150
381281,48864,167691,229,150
381332,48872,167721,229,149
381383,48879,167740,229,150
381437,48887,167763,229,150
381488,48891,167797,229,150
381539,48897,167819,229,150
381590,48903,167844,229,150
381642,48908,167879,229,150
381692,48912,167902,229,150
381742,48918,167920,229,150
381792,48925,167942,229,150
381842,48930,167968,229,150
381892,48937,167986,229,150
381946,48943,168006,229,150
382000,48949,168023,229,150
382052,48953,168063,229,150
382103,48959,168081,229,150
382155,48967,168099,229,150
382205,48973,168108,229,149
382256,48980,168133,229,150
382308,48986,168155,229,150
382358,48994,168180,229,150
382408,49001,168197,229,150
382458,49007,168217,229,150
382508,49011,168234,229,150
382561,49016,168256,229,150
382612,49022,168277,229,150
382663,49031,168303,229,150
382717,49037,168322,229,148
382767,49044,168347,229,150
382820,49050,168360,229,150
382872,49056,168390,229,150
382927,49065,168410,229,150
382982,49073,168439,229,150
383040,49079,168508,229,149
383090,49087,168537,229,150
383144,49093,168553,229,150
383197,49101,168576,229,150
383247,49105,168594,229,150
383298,49110,168621,229,150
383348,49115,168654,229,150
383403,49124,168679,229,150
383453,49130,168698,229,150
383503,49137,168724,229,150
383553,49142,168751,229,150
383607,49150,168778,229,150
383657,49154,168804,229,150
383707,49161,168829,229,150
383757,49168,168852,229,150
383808,49174,168873,229,150
383858,49180,168885,229,150
383908,49187,168900,229,150
383958,49194,168921,229,150
384008,49203,168945,229,150
384060,49208,168965,229,150
384112,49215,168989,229,150
384166,49220,169011,229,150
384217,49226,169041,229,150
384268,49233,169061,229,150
384318,49239,169084,229,150
384369,49246,169103,229,150
384420,49253,169126,229,150
384470,49258,169136,229,150
384522,49267,169143,229,150
384576,49274,169166,229,150
384628,49281,169184,229,150
384678,49287,169199,229,150
384730,49296,169219,229,150
384780,49305,169242,229,150
384830,49314,169261,229,150
384880,49319,169280,229,150
384933,49326,169304,229,150
384986,49332,169329,229,150
385041,49339,169344,229,149
385091,49348,169373,229,150
385143,49356,169394,229,149
385193,49362,169423,229,150
385244,49369,169445,229,150
385295,49377,169463,229,150
385345,49386,169484,229,150
385395,49394,169495,229,150
385451,49402,169510,229,149
385501,49409,169532,229,150
385551,49415,169557,229,150
385601,49420,169584,229,150
385651,49429,169603,229,150
385702,49436,169624,229,149
385752,49443,169642,229,150
385805,49450,169665,229,149
385856,49458,169685,229,150
385906,49465,169706,229,150
385956,49471,169725,229,150
386006,49478,169743,229,150
386060,49483,169778,229,149
386112,49494,169799,229,150
386162,49501,169819,229,150
386212,49508,169834,229,150
386262,49515,169855,229,150
386318,49524,169883,229,150
386371,49529,169917,229,150
386422,49538,169935,229,150
386475,49544,169958,229,149
386526,49551,169974,229,150
386576,49556,170002,229,149
386627,49564,170032,229,150
386681,49571,170065,229,150
386731,49577,170087,229,150
386781,49584,170115,229,150
386834,49591,170135,229,150
386888,49597,170162,229,150
386941,49606,170181,229,150
386991,49613,170205,229,150
387044,49621,170223,229,150
387098,49627,170254,229,150
387148,49632,170268,229,150
387200,49640,170335,229,148
387250,49650,170348,229,150
387300,49657,170367,229,149
387356,49664,170391,229,150
387408,49669,170415,229,150
387460,49676,170432,229,150
387512,49683,170456,229,150
387564,49691,170469,229,150
387615,49699,170491,229,150
387665,49705,170514,229,150
387717,49710,170533,229,150
387768,49719,170553,229,150
387820,49725,170577,229,150
387870,49732,170602,229,150
387920,49741,170620,229,150
387970,49748,170643,229,150
388020,49755,170667,229,150
388070,49762,170694,229,150
388120,49768,170719,229,150
388171,49773,170744,229,150
388222,49781,170759,229,150
388272,49787,170781,229,150
388322,49792,170805,229,150
388372,49800,170828,229,150
388424,49805,170856,229,150
388476,49812,170880,229,150
388527,49818,170904,229,150
388579,49825,170917,229,150
388629,49832,170940,229,150
388680,49840,171011,229,150
388732,49846,171030,229,150
388782,49853,171062,229,150
388833,49858,171084,229,150
388884,49865,171108,229,150
388934,49871,171130,229,150
388984,49877,171150,229,150
389037,49882,171177,229,150
389088,49889,171193,229,150
389138,49894,171222,229,150
389188,49902,171233,229,150
389242,49908,171262,229,150
389293,49913,171287,229,150
389344,49923,171306,229,150
389394,49932,171320,229,149
389444,49938,171353,229,150
389496,49947,171371,229,150
389547,49952,171400,229,150
389597,49959,171416,229,150
389647,49966,171434,229,150
389701,49971,171460,229,150
389752,49979,171479,229,150
389802,49985,171501,229,150
389852,49991,171527,229,150
389902,50000,171554,229,150
389952,50005,171573,229,150
390002,50011,171585,229,150
390058,50018,171608,229,150
390108,50026,171624,229,150
390163,50034,171642,229,150
390218,50039,171656,229,150
390268,50046,171677,229,150
390320,50050,171696,229,150
390370,50056,171718,229,150
390420,50061,171746,229,150
390470,50066,171773,229,150
390520,50072,171784,229,149
390572,50080,171806,229,150
390624,50086,171830,229,150
390675,50092,171857,229,150
390729,50097,171887,229,150
390779,50104,171911,229,150
390833,50110,171930,229,150
390884,50117,171949,229,150
390935,50126,171974,229,150
390985,50132,172001,229,150
391035,50139,172024,229,150
391085,50145,172042,229,150
391136,50151,172058,229,150
391186,50158,172075,229,150
391236,50164,172094,229,150
391287,50170,172119,229,150
391338,50176,172145,229,150
391388,50182,172164,229,150
391443,50188,172184,229,149
391493,50196,172207,229,150
391543,50201,172229,229,150
391599,50206,172254,229,150
391653,50212,172278,229,150
391703,50217,172309,229,150
391758,50221,172339,229,150
391815,50229,172358,229,150
391865,50233,172382,229,150
391916,50243,172389,229,150
391967,50250,172407,229,150
392018,50256,172424,229,150
392069,50266,172448,229,150
392120,50272,172469,229,150
392170,50278,172489,229,150
392220,50284,172515,229,150
392272,50289,172541,229,148
392323,50299,172553,229,150
392373,50308,172570,229,148
392423,50316,172587,229,150
392474,50321,172605,229,149
392525,50328,172617,229,150
392577,50334,172631,229,150
392627,50340,172655,229,150
392677,50348,172673,229,150
392728,50354,172693,229,150
392779,50360,172725,229,150
392831,50365,172753,229,150
392888,50374,172779,229,150
392938,50382,172793,229,150
392991,50386,172806,229,150
393042,50393,172838,229,150
393092,50398,172868,229,150
393147,50405,172882,229,150
393197,50410,172904,229,149
393248,50417,172925,229,150
393299,50422,172949,229,150
393350,50427,172964,229,150
393401,50432,172986,229,150
393451,50438,173021,229,150
393503,50444,173038,229,150
393558,50452,173057,229,149
393609,50460,173078,229,150
393660,50464,173107,229,150
393712,50471,173132,229,150
393762,50477,173156,229,150
393812,50486,173182,229,150
393863,50492,173209,229,150
393919,50499,173232,229,150
393971,50507,173252,229,150
394026,50512,173274,229,149
394077,50519,173299,229,150
394129,50525,173314,229,150
394187,50531,173334,229,149
394238,50539,173346,229,150
394289,50545,173371,229,150
394339,50552,173394,229,150
394389,50558,173425,229,150
394440,50562,173449,229,150
394491,50567,173463,229,150
394541,50572,173484,229,148
394591,50580,173514,229,150
394642,50585,173537,229,150
394692,50591,173566,229,150
394743,50596,173593,229,150
394794,50602,173618,229,150
394844,50607,173642,229,150
394895,50615,173670,229,150
394948,50622,173689,229,150
394998,50626,173717,229,150
395048,50633,173745,229,150
395098,50639,173769,229,150
395150,50643,173799,229,150
395201,50651,173814,229,150
395251,50657,173826,229,150
395301,50663,173863,229,150
395353,50669,173880,229,150
395410,50676,173901,229,149
395461,50681,173928,229,150
395511,50690,173949,229,150
395563,50696,173966,229,150
395613,50701,173988,229,150
395663,50708,174013,229,150
395713,50714,174032,229,150
395766,50720,174059,229,150
395820,50727,174075,229,150
395871,50736,174092,229,150
395923,50742,174114,229,150
395977,50749,174125,229,150
396028,50754,174150,229,150
396086,50762,174177,229,150
396136,50768,174199,229,150
396187,50775,174270,229,150
396237,50784,174293,229,150
396287,50791,174310,229,150
396338,50797,174340,229,150
396392,50803,174361,229,150
396444,50810,174380,229,150
396495,50816,174407,229,150
396545,50825,174418,229,150
396603,50833,174450,229,150
396655,50840,174474,229,150
396706,50847,174502,229,150
396756,50853,174523,229,150
396809,50858,174548,229,150
396860,50863,174566,229,150
396911,50870,174600,229,150
396962,50875,174610,229,150
397016,50881,174630,229,150
397066,50886,174651,229,150
397116,50892,174672,229,150
397171,50899,174698,229,150
397221,50904,174717,229,150
397273,50913,174738,229,150
397323,50919,174756,229,150
397374,50924,174781,229,150
397426,50930,174805,229,150
397476,50935,174828,229,150
397526,50940,174845,229,150
397577,50946,174864,229,150
397630,50952,174892,229,150
397681,50958,174917,229,150
397731,50963,174942,229,150
397785,50969,174961,229,150
397836,50976,174985,229,150
397887,50982,175005,229,150
397940,50988,175032,229,150
397991,50994,175051,229,150
398045,51001,175124,229,150
398095,51008,175149,229,150
398149,51015,175176,229,150
398199,51019,175202,229,150
398251,51026,175225,229,149
398305,51034,175237,229,150
398355,51040,175261,229,150
398406,51046,175285,229,150
398456,51055,175304,229,150
398507,51063,175323,229,150
398558,51070,175357,229,150
398610,51076,175378,229,150
398662,51082,175448,229,150
398714,51088,175466,229,150
398765,51095,175490,229,150
398815,51101,175520,229,150
398866,51108,175534,229,150
398916,51112,175556,229,150
398967,51120,175567,229,150
399017,51125,175641,229,150
399067,51132,175655,229,150
399120,51136,175676,229,150
399171,51143,175707,229,150
399221,51149,175733,229,150
399271,51156,175757,229,150
399321,51162,175789,229,150
399372,51168,175811,229,150
399422,51176,175836,229,150
399472,51182,175869,229,150
399522,51186,175887,229,150
399573,51196,175907,229,150
399628,51204,175929,229,150
399678,51210,175948,229,150
399730,51217,175966,229,150
399781,51226,175980,229,150
399835,51231,175996,229,150
399887,51239,176014,229,150
399937,51244,176051,229,150
399990,51251,176073,229,150
400042,51257,176098,229,150
400092,51266,176111,229,150
400142,51274,176131,229,149
400192,51281,176156,229,150
400245,51287,176178,229,150
400297,51293,176199,229,150
400348,51297,176227,229,150
400400,51305,176249,229,150
400450,51310,176322,229,150
400505,51316,176345,229,149
400556,51320,176361,229,150
400609,51326,176381,229,150
400659,51335,176406,229,150
400709,51342,176426,229,150
400764,51352,176438,229,150
400814,51357,176473,229,150
400866,51364,176501,229,150
400918,51370,176519,229,150
400968,51378,176533,229,150
401020,51383,176555,229,150
401070,51388,176581,229,150
401120,51393,176603,229,150
401170,51400,176621,229,150
401222,51407,176646,229,150
401275,51413,176670,229,150
401328,51418,176688,229,150
401378,51424,176708,229,150
401429,51429,176736,229,150
401479,51434,176761,229,150
401529,51441,176788,229,150
401584,51447,176813,229,150
401636,51452,176830,229,150
401687,51461,176857,229,150
401737,51467,176924,229,150
401787,51472,176945,229,150
401840,51480,176967,229,150
401890,51487,176990,229,150
401942,51492,177006,229,150
401993,51496,177038,229,150
402043,51502,177065,229,150
402093,51507,177084,229,150
402143,51513,177106,229,150
402194,51519,177125,229,150
402244,51526,177151,229,150
402297,51533,177179,229,150
402347,51538,177199,229,150
402397,51545,177232,229,150
402451,51551,177260,229,150
402508,51559,177273,229,150
402562,51567,177296,229,150
402612,51573,177320,229,150
402662,51581,177342,229,150
402714,51589,177367,229,150
402764,51595,177389,229,150
402814,51601,177408,229,150
402865,51606,177422,229,150
402917,51612,177444,229,150
402967,51617,177464,229,150
403020,51624,177489,229,150
403072,51630,177513,229,150
403123,51636,177533,229,150
403174,51643,177552,229,150
403224,51649,177569,229,150
403275,51656,177587,229,150
403329,51663,177615,229,149
403380,51671,177632,229,150
403432,51676,177655,229,150
403485,51684,177675,229,150
403535,51690,177695,229,150
403587,51695,177704,229,150
403637,51703,177731,229,150
403687,51710,177748,229,150
403740,51717,177766,229,150
403791,51721,177786,229,150
403841,51727,177804,229,150
403892,51733,177835,229,150
403942,51739,177861,229,150
403992,51746,177886,229,150
404043,51752,177908,229,150
404093,51756,177932,229,150
404143,51762,177959,229,150
404193,51767,177976,229,149
404248,51775,178001,229,150
404300,51782,178018,229,150
404352,51789,178030,229,149
404402,51795,178057,229,150
404452,51800,178078,229,150
404503,51810,178096,229,150
404553,51814,178115,229,150
404606,51820,178130,229,150
404657,51825,178151,229,150
404707,51830,178174,229,150
404758,51835,178194,229,150
404808,51840,178209,229,150
404859,51846,178229,229,149
404909,51855,178245,229,150
404965,51863,178271,229,150
405019,51874,178331,229,149
405071,51881,178350,229,150
405122,51887,178371,229,150
405173,51895,178388,229,150
405223,51901,178411,229,150
405276,51908,178432,229,150
405330,51917,178447,229,150
405382,51925,178465,229,150
405432,51932,178484,229,150
405483,51937,178502,229,150
405533,51943,178529,229,150
405583,51949,178539,229,150
405635,51956,178565,229,150
405687,51961,178598,229,150
405737,51966,178616,229,150
405787,51972,178645,229,150
405838,51981,178655,229,150
405888,51987,178682,229,150
405941,51992,178702,229,150
405995,52000,178726,229,150
406046,52011,178742,229,150
406097,52018,178764,229,150
406147,52024,178788,229,150
406197,52029,178803,229,150
406251,52035,178829,229,150
406301,52042,178847,229,150
406351,52048,178866,229,150
406401,52054,178880,229,150
406452,52060,178902,229,150
406505,52067,178922,229,150
406559,52074,178945,229,150
406614,52081,178966,229,150
406664,52086,178997,229,150
406717,52094,179017,229,149
406767,52103,179032,229,150
406819,52109,179047,229,150
406869,52115,179068,229,150
406921,52122,179087,229,149
406974,52129,179116,229,150
407026,52134,179142,229,150
407077,52138,179171,229,150
407127,52144,179190,229,150
407178,52152,179212,229,150
407230,52160,179234,229,150
407280,52166,179252,229,150
407330,52171,179276,229,150
407380,52176,179292,229,150
407434,52184,179304,229,150
407486,52190,179318,229,149
407536,52197,179340,229,150
407587,52203,179365,229,150
407637,52208,179397,229,150
407687,52214,179425,229,150
407738,52222,179435,229,150
407794,52228,179452,229,150
407844,52235,179477,229,150
407898,52243,179492,229,149
407948,52251,179501,229,150
408001,52256,179530,229,150
408053,52263,179558,229,150
408103,52267,179586,229,150
408154,52274,179607,229,150
408204,52280,179626,229,150
408255,52289,179647,229,150
408305,52294,179670,229,150
408355,52302,179700,229,150
408405,52309,179725,229,150
408455,52315,179752,229,150
408507,52324,179779,229,150
408558,52332,179801,229,150
408609,52341,179834,229,150
408661,52346,179865,229,150
408712,52351,179892,229,150
408763,52356,179921,229,150
408814,52361,179948,229,150
408864,52366,179970,229,150
408914,52373,179993,229,150
408965,52379,180012,229,150
409016,52387,180032,229,149
409066,52395,180053,229,150
409116,52403,180073,229,150
409166,52413,180099,229,149
409217,52419,180122,229,150
409269,52425,180138,229,150
409320,52431,180166,229,150
409375,52437,180182,229,150
409426,52443,180203,229,150
409477,52448,180230,229,150
409527,52455,180258,229,150
409578,52460,180280,229,150
409632,52466,180302,229,150
409682,52473,180324,229,150
409732,52477,180343,229,150
409782,52482,180373,229,150
409832,52488,180387,229,150
409882,52493,180409,229,150
409934,52499,180419,229,150
409984,52504,180438,229,150
410034,52509,180514,229,150
410084,52514,180536,229,150
410134,52519,180563,229,150
410185,52525,180585,229,150
410235,52530,180607,229,150
410288,52537,180629,229,150
410338,52543,180653,229,150
410389,52549,180668,229,150
410441,52555,180732,229,150
410491,52563,180751,229,150
410542,52568,180768,229,150
410592,52573,180789,229,150
410642,52582,180812,229,150
410692,52587,180835,229,150
410744,52592,180864,229,150
410801,52597,180889,229,150
410852,52603,180919,229,150
410904,52608,180939,229,150
410955,52613,180970,229,150
411005,52622,180990,229,150
411059,52627,181016,229,150
411109,52634,181041,229,150
411162,52640,181064,229,150
411212,52645,181089,229,150
411262,52651,181118,229,150
411313,52657,181150,229,150
411365,52665,181173,229,150
411415,52670,181198,229,150
411466,52678,181218,229,149
411516,52686,181236,229,150
411568,52694,181259,229,150
411619,52700,181278,229,150
411669,52708,181296,229,150
411719,52714,181366,229,150
411769,52719,181386,229,150
411819,52728,181403,229,150
411869,52733,181427,229,150
411920,52740,181508,229,150
411970,52745,181522,229,150
412020,52751,181542,229,150
412071,52757,181565,229,149
412125,52763,181591,229,149
412175,52770,181611,229,150
412225,52774,181629,229,150
412276,52780,181653,229,150
412326,52785,181679,229,150
412376,52794,181707,229,150
412431,52802,181737,229,150
412485,52808,181759,229,150
412537,52816,181785,229,150
412587,52823,181807,229,150
412638,52830,181833,229,150
412689,52837,181850,229,150
412740,52843,181869,229,150
412791,52848,181893,229,150
412843,52856,181919,229,150
412895,52862,181944,229,150
412945,52868,181962,229,150
412995,52874,181987,229,150
413048,52880,182008,229,150
413099,52885,182032,229,150
413150,52893,182056,229,150
413201,52899,182078,229,150
413251,52905,182105,229,150
413303,52913,182128,229,150
413353,52919,182152,229,150
413407,52927,182215,229,150
413465,52933,182233,229,149
413515,52940,182259,229,150
413568,52944,182282,229,150
413624,52950,182306,229,150
413676,52957,182328,229,150
413734,52965,182348,229,149
413784,52973,182364,229,150
413835,52977,182437,229,150
413885,52984,182471,229,150
413937,52991,182489,229,150
413987,52997,182503,229,150
414037,53003,182522,229,150
414089,53012,182548,229,150
414139,53017,182576,229,150
414189,53022,182594,229,150
414240,53031,182624,229,150
414291,53038,182640,229,150
414344,53044,182658,229,150
414394,53050,182675,229,150
414451,53056,182708,229,150
414501,53064,182732,229,150
414551,53071,182751,229,150
414603,53076,182777,229,150
414653,53083,182809,229,150
414703,53090,182834,229,150
414753,53096,182867,229,150
414804,53102,182889,229,150
414854,53107,182906,229,150
414907,53112,182922,229,150
414957,53119,182948,229,150
415007,53125,182972,229,150
415057,53131,183000,229,150
415107,53137,183029,229,150
415157,53143,183048,229,150
415209,53152,183067,229,147
415259,53160,183085,229,150
415311,53165,183104,229,150
415362,53172,183129,229,150
415416,53176,183149,229,150
415468,53181,183166,229,150
415519,53192,183183,229,150
415569,53199,183216,229,150
415620,53206,183232,229,150
415670,53210,183244,229,150
415722,53215,183275,229,150
415772,53222,183301,229,150
415824,53230,183315,229,150
415876,53238,183340,229,150
415926,53245,183362,229,150
415976,53251,183430,229,150
416026,53256,183449,229,150
416076,53261,183468,229,150
416126,53266,183488,229,150
416176,53272,183516,229,150
416230,53280,183531,229,147
416280,53290,183553,229,150
416332,53297,183564,229,150
416383,53302,183578,229,150
416433,53309,183596,229,150
416483,53313,183624,229,150
416533,53317,183649,229,150
416584,53322,183683,229,150
416634,53326,183698,229,150
416685,53332,183717,229,150
416736,53338,183747,229,150
416789,53345,183782,229,150
416839,53352,183804,229,150
416890,53358,183832,229,150
416940,53369,183849,229,150
416992,53376,183868,229,150
417043,53382,183897,229,150
417096,53387,183919,229,150
417147,53395,183946,229,150
417197,53400,183973,229,150
417247,53405,183993,229,150
417303,53412,184020,229,149
417355,53419,184041,229,150
417405,53426,184069,229,150
417455,53431,184091,229,150
417505,53439,184101,229,150
417555,53445,184125,229,150
417605,53450,184142,229,150
417659,53456,184162,229,150
417714,53461,184189,229,150
417764,53466,184218,229,150
417816,53472,184236,229,149
417869,53481,184261,229,150
417925,53488,184286,229,150
417975,53494,184309,229,150
418025,53501,184327,229,150
418076,53508,184345,229,150
418126,53513,184377,229,150
418176,53521,184394,229,150
418226,53527,184423,229,150
418276,53533,184445,229,150
418326,53539,184462,229,150
418377,53545,184483,229,150
418427,53551,184512,229,150
418478,53557,184587,229,150
418532,53562,184608,229,150
418582,53570,184638,229,150
418632,53577,184658,229,150
418684,53584,184684,229,149
418735,53590,184706,229,150
418790,53596,184723,229,150
418841,53601,184745,229,150
418895,53613,184760,229,150
418945,53618,184780,229,150
419000,53625,184812,229,150
419053,53631,184840,229,150
419110,53637,184862,229,149
419161,53643,184881,229,150
419212,53650,184892,229,150
419262,53656,184916,229,150
419312,53663,184934,229,150
419363,53671,184962,229,150
419415,53680,184981,229,150
419467,53688,184993,229,150
419517,53695,185007,229,150
419567,53700,185028,229,150
419617,53706,185056,229,150
419667,53711,185086,229,150
419717,53716,185108,229,150
419767,53724,185128,229,150
419823,53730,185151,229,149
419873,53736,185165,229,150
419923,53743,185191,229,150
419974,53750,185220,229,150
420026,53755,185241,229,150
420076,53762,185263,229,150
420126,53773,185281,229,150
420179,53779,185300,229,150
420233,53787,185321,229,150
420284,53793,185334,229,150
420335,53797,185356,229,150
420385,53806,185377,229,150
420435,53811,185401,229,150
420487,53817,185423,229,150
420538,53825,185444,229,150
420590,53831,185467,229,150
420645,53839,185486,229,149
420697,53847,185505,229,150
420747,53853,185522,229,150
420797,53859,185546,229,150
420851,53865,185566,229,150
420902,53870,185591,229,150
420952,53876,185606,229,150
421004,53882,185623,229,150
421055,53887,185648,229,150
421105,53893,185675,229,149
421157,53903,185696,229,150
421208,53909,185712,229,150
421258,53918,185736,229,150
421308,53924,185761,229,150
421360,53929,185784,229,150
421411,53938,185799,229,150
421461,53944,185821,229,150
421516,53952,185846,229,149
421566,53959,185864,229,150
421618,53967,185877,229,150
421671,53976,185892,229,149
421722,53983,185960,229,150
421772,53987,185993,229,150
421823,53994,186029,229,150
421874,53999,186054,229,150
421924,54006,186069,229,150
421974,54013,186099,229,150
422026,54019,186115,229,150
422076,54026,186137,229,150
422126,54035,186159,229,150
422177,54041,186183,229,150
422228,54046,186206,229,150
422278,54051,186237,229,150
422330,54057,186260,229,150
422380,54064,186294,229,150
422433,54072,186367,229,150
422485,54077,186392,229,150
422538,54086,186418,229,150
422597,54094,186436,229,150
422647,54099,186456,229,150
422698,54103,186485,229,150
422749,54108,186513,229,150
422799,54113,186526,229,150
422849,54122,186553,229,150
422899,54126,186571,229,150
422950,54133,186595,229,150
423000,54141,186617,229,150
423052,54150,186633,229,150
423102,54158,186649,229,150
423152,54163,186671,229,150
423203,54169,186682,229,150
423253,54175,186703,229,150
423304,54179,186729,229,150
423354,54186,186751,229,150
423405,54194,186766,229,150
423461,54201,186796,229,149
423513,54209,186812,229,150
423568,54215,186833,229,149
423620,54221,186861,229,150
423674,54228,186884,229,150
423724,54234,186910,229,150
423776,54239,186934,229,150
423828,54248,186957,229,150
423880,54253,186980,229,150
423930,54258,187007,229,150
423983,54266,187034,229,150
424034,54274,187052,229,150
424084,54280,187070,229,150
424136,54287,187101,229,150
424186,54293,187133,229,150
424237,54302,187151,229,150
424291,54308,187168,229,150
424342,54313,187232,229,150
424394,54321,187251,229,150
424445,54327,187280,229,150
424498,54332,187305,229,150
424550,54338,187330,229,150
424600,54342,187353,229,150
424652,54348,187381,229,150
424702,54356,187415,229,150
424753,54364,187439,229,150
424804,54372,187457,229,150
424854,54380,187531,229,150
424904,54384,187557,229,150
424954,54393,187573,229,150
425004,54397,187601,229,150
425056,54402,187622,229,150
425106,54409,187639,229,149
425156,54417,187663,229,150
425206,54426,187682,229,150
425259,54433,187707,229,150
425310,54438,187726,229,150
425361,54444,187756,229,150
425411,54451,187780,229,150
425461,54455,187807,229,150
425511,54462,187827,229,150
425570,54473,187848,229,150
425620,54479,187865,229,150
425670,54485,187896,229,150
425721,54492,187922,229,150
425772,54499,187951,229,150
425822,54509,187970,229,150
425875,54515,187993,229,150
425929,54520,188018,229,150
425980,54526,188043,229,150
426032,54534,188059,229,150
426082,54538,188081,229,150
426133,54544,188102,229,150
426186,54550,188117,229,150
426237,54556,188140,229,150
426287,54563,188163,229,150
426337,54571,188188,229,150
426388,54576,188205,229,150
426438,54582,188223,229,150
426489,54590,188246,229,150
426541,54597,188259,229,150
426592,54603,188287,229,150
426651,54609,188317,229,149
426701,54619,188333,229,150
426752,54624,188358,229,150
426802,54630,188382,229,150
426852,54637,188412,229,150
426903,54642,188443,229,150
426953,54650,188457,229,150
427003,54657,188474,229,150
427057,54665,188497,229,150
427108,54672,188516,229,150
427159,54680,188524,229,150
427210,54688,188550,229,150
427261,54694,188579,229,150
427311,54700,188595,229,150
427364,54710,188606,229,150
427414,54717,188622,229,150
427465,54722,188648,229,150
427517,54731,188672,229,150
427568,54740,188687,229,150
427618,54746,188708,229,150
427668,54751,188733,229,150
427718,54759,188759,229,150
427768,54764,188784,229,149
427818,54772,188807,229,150
427868,54779,188833,229,150
427920,54786,188854,229,150
427971,54792,188882,229,150
428025,54800,188915,229,149
428081,54809,188936,229,150
428132,54815,188953,229,150
428182,54826,188973,229,150
428232,54831,188992,229,150
428285,54838,189005,229,150
428337,54845,189028,229,150
428387,54851,189041,229,150
428439,54857,189060,229,150
428492,54862,189093,229,150
428544,54869,189109,229,150
428596,54874,189132,229,150
428646,54880,189157,229,150
428701,54886,189174,229,150
428751,54893,189187,229,150
428801,54900,189213,229,150
428853,54907,189236,229,150
428905,54913,189257,229,150
428957,54918,189286,229,150
429011,54924,189302,229,150
429064,54931,189329,229,150
429115,54936,189350,229,150
429165,54941,189381,229,150
429215,54947,189407,229,150
429271,54954,189429,229,150
429321,54959,189447,229,150
429371,54964,189465,229,150
429421,54970,189487,229,150
429474,54977,189511,229,150
429525,54986,189527,229,149
429576,54994,189544,229,150
429627,55001,189569,229,150
429677,55006,189593,229,150
429727,55014,189615,229,150
429780,55020,189636,229,150
429831,55025,189656,229,150
429881,55031,189683,229,150
429935,55037,189702,229,150
429985,55044,189728,229,150
430038,55050,189755,229,150
430089,55060,189771,229,149
430139,55066,189806,229,150
430189,55071,189840,229,150
430241,55078,189869,229,149
430291,55086,189890,229,150
430342,55091,189908,229,150
430394,55096,189934,229,150
430444,55101,189952,229,150
430495,55107,189971,229,150
430545,55113,189999,229,150
430595,55121,190020,229,150
430648,55127,190040,229,149
430700,55133,190061,229,150
430752,55142,190075,229,150
430807,55149,190112,229,150
430857,55154,190134,229,150
430907,55163,190160,229,150
430957,55171,190174,229,149
431007,55179,190196,229,150
431058,55184,190218,229,149
431109,55191,190246,229,150
431160,55197,190275,229,150
431211,55202,190288,229,147
431261,55209,190306,229,150
431312,55217,190321,229,150
431363,55223,190332,229,150
431413,55229,190367,229,150
431464,55234,190392,229,150
431514,55240,190422,229,150
431565,55246,190489,229,150
431618,55253,190515,229,150
431670,55261,190539,229,150
431720,55268,190564,229,150
431770,55276,190591,229,150
431820,55280,190613,229,150
431871,55285,190642,229,150
431921,55293,190665,229,150
431972,55300,190688,229,150
432022,55306,190708,229,150
432072,55311,190729,229,150
432122,55316,190755,229,150
432172,55323,190776,229,150
432223,55330,190793,229,150
432275,55339,190811,229,150
432325,55344,190839,229,150
432377,55352,190851,229,150
432428,55357,190875,229,150
432479,55363,190902,229,150
432529,55371,190918,229,150
432579,55377,190948,229,150
432630,55383,190968,229,150
432683,55389,190985,229,150
432733,55396,191008,229,150
432784,55400,191032,229,149
432834,55406,191051,229,150
432888,55413,191074,229,150
432939,55422,191092,229,150
432990,55429,191111,229,150
433040,55434,191136,229,150
433090,55441,191156,229,150
433142,55448,191171,229,150
433193,55452,191186,229,150
433247,55459,191214,229,149
433298,55466,191232,229,150
433349,55470,191259,229,150
433403,55476,191283,229,150
433455,55482,191300,229,150
433507,55486,191328,229,150
433558,55493,191346,229,150
433610,55500,191359,229,149
433660,55511,191378,229,150
433712,55517,191405,229,150
433762,55522,191437,229,150
433812,55527,191466,229,150
433866,55533,191487,229,149
433918,55540,191505,229,150
433971,55544,191532,229,150
434021,55550,191554,229,150
434076,55560,191573,229,150
434126,55566,191599,229,150
434177,55573,191622,229,150
434227,55578,191650,229,150
434279,55585,191679,229,150
434329,55591,191702,229,150
434380,55596,191731,229,150
434435,55603,191756,229,150
434486,55610,191776,229,150
434536,55616,191796,229,150
434586,55622,191827,229,150
434642,55630,191848,229,150
434692,55636,191862,229,150
434745,55643,191877,229,150
434797,55649,191899,229,150
434847,55656,191924,229,150
434902,55664,191954,229,150
434960,55671,191972,229,148
435012,55678,191990,229,150
435070,55686,192007,229,149
435124,55693,192023,229,150
435174,55699,192056,229,150
435224,55705,192079,229,150
435275,55715,192100,229,150
435326,55720,192126,229,150
435376,55726,192151,229,150
435426,55735,192176,229,150
435482,55742,192200,229,150
435534,55749,192229,229,150
435588,55756,192255,229,150
435641,55760,192286,229,150
435693,55766,192300,229,150
435743,55775,192322,229,150
435795,55781,192346,229,150
435849,55787,192364,229,150
435901,55794,192378,229,150
435951,55804,192383,229,150
436001,55813,192406,229,150
436052,55821,192424,229,150
436103,55828,192440,229,150
436154,55833,192458,229,150
436205,55837,192488,229,150
436255,55844,192505,229,150
436306,55851,192528,229,150
436356,55856,192552,229,150
436409,55862,192571,229,149
436460,55869,192585,229,150
436512,55876,192604,229,150
436564,55881,192630,229,150
436614,55886,192656,229,150
436664,55893,192673,229,150
436715,55900,192697,229,150
436768,55908,192713,229,150
436818,55912,192737,229,150
436869,55920,192747,229,150
436921,55929,192769,229,150
436973,55936,192790,229,150
437024,55944,192812,229,150
437075,55949,192839,229,150
437125,55956,192859,229,150
437176,55962,192882,229,150
437227,55970,192902,229,150
437278,55975,192937,229,150
437329,55981,192960,229,150
437379,55989,192981,229,150
437431,55995,193005,229,150
437481,56003,193031,229,150
437532,56010,193058,229,150
437582,56015,193080,229,150
437636,56021,193102,229,150
437688,56027,193120,229,150
437742,56033,193135,229,150
437798,56041,193145,229,150
437848,56047,193168,229,150
437900,56055,193187,229,150
437950,56062,193206,229,150
438003,56070,193235,229,150
438059,56077,193248,229,150
438110,56083,193261,229,150
438163,56089,193294,229,150
438213,56095,193318,229,150
438263,56102,193340,229,150
438313,56108,193368,229,150
438363,56113,193393,229,150
438414,56120,193418,229,150
438465,56129,193432,229,150
438516,56135,193456,229,150
438566,56142,193480,229,150
438617,56148,193493,229,150
438668,56153,193513,229,150
438719,56160,193533,229,150
438770,56166,193557,229,150
438820,56172,193573,229,150
438875,56178,193591,229,150
438925,56184,193622,229,150
438976,56189,193644,229,150
439030,56196,193670,229,150
439080,56202,193696,229,150
439131,56207,193720,229,150
439181,56213,193742,229,150
439231,56219,193758,229,150
439281,56224,193784,229,150
439332,56230,193816,229,150
439384,56236,193834,229,150
439435,56243,193846,229,150
439486,56252,193863,229,150
439536,56260,193889,229,150
439588,56266,193918,229,150
439642,56272,193936,229,150
439694,56278,193965,229,150
439745,56283,193999,229,150
439800,56290,194023,229,150
439852,56297,194054,229,150
439902,56304,194076,229,150
439953,56310,194104,229,150
440004,56320,194125,229,150
440054,56326,194141,229,150
440105,56333,194171,229,149
440157,56339,194196,229,150
440207,56346,194224,229,150
440257,56351,194249,229,150
440310,56357,194281,229,150
440361,56368,194305,229,150
440412,56376,194316,229,149
440467,56383,194333,229,148
440519,56392,194349,229,150
440569,56398,194373,229,150
440620,56404,194396,229,150
440671,56408,194414,229,149
440723,56415,194442,229,150
440775,56422,194463,229,150
440826,56431,194485,229,150
440878,56436,194510,229,150
440929,56443,194535,229,150
440981,56449,194554,229,150
441031,56454,194582,229,150
441083,56461,194606,229,150
441135,56465,194630,229,150
441185,56470,194660,229,150
441236,56478,194690,229,150
441286,56486,194708,229,150
441336,56492,194732,229,150
441389,56500,194761,229,150
441444,56505,194785,229,148
441494,56512,194858,229,150
441544,56521,194882,229,150
441598,56527,194908,229,150
441649,56533,194940,229,150
441700,56539,194962,229,150
441750,56545,194982,229,150
441800,56553,195005,229,150
441850,56561,195030,229,150
441900,56566,195066,229,150
441950,56572,195080,229,150
442003,56577,195094,229,150
442057,56582,195110,229,150
442107,56592,195131,229,150
442159,56600,195149,229,150
442209,56604,195169,229,150
442259,56610,195196,229,149
442312,56619,195213,229,150
442362,56626,195236,229,149
442413,56633,195265,229,150
442464,56639,195279,229,150
442514,56645,195346,229,150
442564,56651,195366,229,150
442615,56660,195384,229,150
442669,56668,195399,229,150
442722,56676,195420,229,150
442773,56680,195431,229,150
442823,56686,195455,229,150
442873,56693,195481,229,150
442924,56698,195506,229,150
442974,56707,195521,229,150
443026,56715,195540,229,150
443079,56723,195564,229,150
443130,56728,195581,229,150
443185,56733,195601,229,150
443235,56738,195630,229,150
443286,56744,195659,229,150
443336,56748,195682,229,148
443387,56757,195704,229,150
443438,56762,195731,229,150
443489,56770,195757,229,150
443539,56775,195797,229,150
443589,56780,195824,229,150
443639,56789,195838,229,150
443689,56797,195857,229,150
443741,56802,195879,229,150
443791,56808,195903,229,150
443841,56814,195932,229,150
443891,56818,195954,229,150
443942,56824,195977,229,150
443994,56831,196004,229,150
444044,56839,196030,229,150
444096,56846,196049,229,150
444147,56855,196075,229,150
444198,56864,196101,229,150
444249,56870,196126,229,150
444299,56874,196151,229,150
444349,56881,196173,229,150
444399,56889,196197,229,148
444449,56897,196227,229,150
444500,56902,196250,229,150
444552,56908,196268,229,150
444603,56915,196299,229,150
444653,56922,196332,229,150
444707,56927,196360,229,150
444758,56933,196380,229,150
444809,56940,196404,229,150
444859,56948,196422,229,150
444911,56953,196440,229,150
444961,56961,196467,229,150
445011,56969,196489,229,150
445062,56975,196516,229,150
445114,56982,196541,229,150
445165,56988,196560,229,150
445217,56994,196583,229,150
445270,57003,196610,229,150
445322,57010,196628,229,150
445373,57018,196652,229,150
445424,57024,196682,229,150
445474,57030,196694,229,150
445527,57038,196711,229,150
445577,57044,196741,229,150
445628,57050,196757,229,150
445678,57057,196784,229,150
445731,57064,196802,229,150
445782,57073,196818,229,150
445832,57078,196831,229,149
445882,57084,196855,229,150
445934,57089,196871,229,150
445984,57098,196891,229,150
446034,57102,196917,229,150
446088,57107,196937,229,150
446138,57115,196956,229,150
446190,57121,196974,229,150
446244,57129,196998,229,150
446294,57135,197072,229,150
446344,57140,197101,229,150
446394,57147,197126,229,150
446447,57153,197143,229,150
446498,57159,197160,229,150
446551,57165,197180,229,149
446601,57172,197200,229,150
446651,57178,197216,229,150
446704,57182,197235,229,150
446754,57189,197257,229,150
446804,57199,197275,229,150
446854,57209,197289,229,150
446912,57218,197310,229,149
446965,57226,197329,229,150
447016,57230,197353,229,150
447066,57239,197374,229,150
447117,57244,197394,229,150
447167,57249,197414,229,150
447217,57256,197440,229,150
447267,57260,197462,229,150
447319,57266,197490,229,150
447369,57273,197522,229,150
447420,57279,197537,229,150
447470,57288,197552,229,150
447520,57295,197569,229,150
447570,57302,197589,229,150
447621,57310,197612,229,150
447671,57317,197630,229,150
447721,57322,197660,229,150
447772,57331,197682,229,150
447822,57338,197709,229,150
447874,57343,197737,229,150
447924,57350,197757,229,150
447975,57357,197786,229,150
448028,57363,197808,229,150
448079,57369,197838,229,150
448129,57376,197860,229,150
448184,57381,197889,229,150
448236,57388,197911,229,150
448287,57395,197934,229,150
448337,57401,197950,229,150
448387,57405,197982,229,150
448439,57410,198001,229,150
448490,57416,198022,229,150
448544,57423,198051,229,150
448595,57430,198074,229,150
448645,57437,198106,229,150
448695,57444,198125,229,150
448745,57449,198153,229,150
448796,57454,198214,229,149
448846,57462,198244,229,150
448897,57469,198257,229,150
448949,57475,198280,229,150
449000,57481,198305,229,150
449052,57487,198328,229,150
449102,57492,198356,229,150
449152,57496,198375,229,150
449210,57502,198397,229,150
449261,57510,198422,229,150
449311,57517,198440,229,150
449361,57522,198456,229,150
449411,57530,198479,229,150
449462,57535,198496,229,150
449513,57541,198510,229,150
449563,57549,198522,229,150
449613,57554,198541,229,150
449664,57559,198571,229,150
449714,57566,198636,229,150
449766,57576,198655,229,150
449816,57580,198680,229,150
449867,57586,198697,229,150
449917,57591,198738,229,150
449968,57597,198754,229,150
450018,57605,198780,229,150
450069,57611,198803,229,150
450121,57620,198825,229,150
450172,57627,198843,229,150
450222,57633,198860,229,150
450273,57642,198876,229,150
450325,57650,198893,229,150
450376,57655,198910,229,150
450429,57661,198930,229,150
450480,57668,198954,229,150
450532,57676,198979,229,150
450584,57683,199007,229,150
450634,57691,199026,229,150
450689,57700,199054,229,150
450745,57705,199074,229,150
450797,57711,199093,229,150
450847,57719,199115,229,150
450897,57724,199129,229,150
450949,57731,199141,229,150
451001,57736,199166,229,150
451051,57744,199192,229,150
451101,57750,199213,229,150
451153,57758,199231,229,149
451203,57765,199255,229,150
451254,57770,199276,229,150
451304,57777,199288,229,150
451354,57782,199312,229,150
451406,57790,199344,229,150
451456,57799,199361,229,150
451507,57805,199386,229,150
451557,57815,199407,229,150
451610,57822,199430,229,150
451660,57828,199440,229,150
451710,57834,199505,229,150
451762,57840,199527,229,150
451819,57850,199542,229,150
451870,57857,199565,229,150
451924,57866,199590,229,150
451976,57873,199599,229,150
452026,57880,199668,229,150
452077,57889,199689,229,150
452129,57895,199703,229,150
452180,57900,199730,229,150
452230,57908,199756,229,150
452284,57915,199820,229,150
452334,57921,199846,229,150
452384,57925,199876,229,150
452435,57934,199887,229,150
452489,57939,199911,229,149
452539,57947,199932,229,150
452590,57955,199959,229,150
452642,57963,199986,229,150
452692,57968,200012,229,150
452743,57975,200036,229,150
452793,57981,200067,229,150
452846,57990,200090,229,148
452899,57999,200106,229,150
452949,58009,200130,229,150
453002,58014,200155,229,150
453054,58020,200181,229,150
453104,58026,200209,229,150
453155,58034,200248,229,150
453205,58039,200267,229,150
453256,58046,200289,229,150
453308,58050,200314,229,150
453358,58057,200335,229,150
453408,58063,200357,229,150
453458,58072,200374,229,150
453509,58077,200399,229,150
453559,58083,200429,229,150
453609,58090,200439,229,150
453661,58096,200470,229,150
453713,58104,200496,229,150
453765,58112,200517,229,150
453818,58121,200538,229,150
453871,58130,200557,229,150
453922,58137,200569,229,150
453972,58145,200586,229,150
454023,58150,200605,229,150
454073,58157,200625,229,150
454123,58164,200647,229,150
454177,58170,200670,229,149
454229,58177,200694,229,150
454280,58182,200712,229,150
454330,58188,200734,229,150
454383,58196,200805,229,150
454433,58204,200820,229,150
454493,58211,200840,229,149
454544,58216,200861,229,150
454594,58221,200880,229,150
454644,58231,200892,229,150
454695,58236,200918,229,150
454746,58243,200931,229,150
454799,58250,200952,229,150
454849,58257,200970,229,150
454899,58263,200993,229,150
454950,58267,201018,229,150
455001,58273,201043,229,150
455051,58279,201061,229,150
455102,58284,201088,229,150
455154,58292,201107,229,150
455208,58297,201133,229,150
455258,58304,201153,229,150
455310,58309,201179,229,150
455360,58313,201204,229,150
455412,58320,201220,229,149
455469,58327,201243,229,150
455519,58332,201268,229,150
455572,58340,201297,229,150
455624,58346,201324,229,150
455678,58352,201348,229,150
455729,58359,201367,229,150
455779,58364,201385,229,150
455829,58373,201409,229,150
455880,58380,201423,229,150
455931,58386,201446,229,150
455981,58391,201473,229,150
456031,58398,201486,229,150
456081,58407,201501,229,150
456132,58414,201518,229,150
456183,58420,201536,229,150
456233,58426,201547,229,149
456285,58433,201569,229,150
456335,58437,201597,229,150
456392,58444,201609,229,150
456445,58450,201627,229,150
456496,58457,201643,229,150
456546,58462,201668,229,150
456596,58469,201687,229,150
456646,58474,201711,229,150
456696,58481,201728,229,149
456746,58488,201748,229,150
456796,58495,201758,229,150
456847,58500,201793,229,150
456900,58510,201811,229,150
456950,58516,201826,229,150
457000,58523,201840,229,150
457051,58528,201867,229,150
457102,58535,201896,229,150
457155,58541,201912,229,150
457205,58549,201936,229,150
457256,58554,201959,229,149
457306,58559,201986,229,150
457358,58565,202008,229,150
457409,58575,202025,229,150
457459,58582,202035,229,150
457509,58591,202059,229,150
457559,58596,202091,229,150
457609,58604,202113,229,150
457659,58612,202137,229,150
457709,58619,202154,229,150
457759,58624,202176,229,150
457809,58631,202197,229,150
457860,58639,202226,229,150
457911,58644,202254,229,150
457961,58651,202275,229,150
458013,58658,202300,229,150
458063,58666,202314,229,150
458114,58672,202330,229,150
458169,58678,202368,229,150
458219,58685,202388,229,150
458270,58691,202401,229,150
458320,58696,202420,229,150
458370,58705,202434,229,150
458420,58711,202452,229,150
458474,58716,202488,229,150
458525,58721,202509,229,150
458575,58727,202536,229,150
458625,58735,202553,229,150
458676,58741,202614,229,150
458729,58745,202641,229,150
458780,58752,202659,229,150
458831,58760,202671,229,150
458884,58768,202683,229,149
458935,58776,202705,229,150
458990,58786,202724,229,150
459040,58793,202746,229,149
459098,58801,202763,229,150
459148,58808,202786,229,150
459199,58814,202813,229,150
459252,58822,202827,229,150
459304,58827,202847,229,150
459359,58833,202876,229,150
459409,58840,202894,229,150
459462,58847,202916,229,150
459512,58854,202924,229,150
459562,58861,202941,229,150
459616,58867,202962,229,150
459669,58873,202980,229,150
459720,58878,202994,229,150
459773,58884,203018,229,150
459824,58889,203046,229,150
459874,58896,203065,229,150
459925,58904,203084,229,150
459975,58909,203111,229,150
460027,58914,203129,229,150
460079,58923,203142,229,150
460129,58932,203159,229,149
460179,58941,203182,229,150
460229,58949,203199,229,150
460279,58957,203225,229,150
460332,58963,203251,229,150
460382,58970,203262,229,150
460432,58979,203279,229,150
460484,58985,203302,229,150
460535,58992,203328,229,150
460585,58997,203349,229,150
460643,59005,203364,229,150
460696,59010,203391,229,150
460747,59018,203415,229,150
460797,59024,203443,229,150
460852,59033,203461,229,149
460906,59040,203482,229,150
460956,59046,203500,229,150
461006,59052,203530,229,150
461056,59058,203544,229,150
461108,59065,203558,229,150
461158,59072,203585,229,150
461216,59080,203605,229,150
461267,59087,203626,229,150
461318,59093,203653,229,150
461369,59100,203684,229,150
461422,59106,203715,229,150
461472,59112,203727,229,150
461522,59118,203749,229,150
461575,59123,203774,229,150
461630,59130,203785,229,150
461681,59135,203805,229,150
461731,59140,203822,229,150
461785,59148,203842,229,150
461840,59158,203866,229,148
461894,59167,203882,229,150
461944,59174,203904,229,150
461995,59179,203922,229,150
462046,59188,203941,229,150
462096,59196,203958,229,150
462146,59201,203986,229,150
462196,59207,204006,229,150
462246,59211,204030,229,150
462296,59216,204056,229,150
462346,59220,204075,229,150
462401,59227,204102,229,150
462453,59232,204118,229,149
462508,59237,204190,229,150
462558,59241,204218,229,150
462608,59246,204245,229,150
462658,59253,204272,229,150
462711,59259,204285,229,150
462761,59266,204297,229,150
462814,59272,204319,229,150
462865,59277,204341,229,150
462917,59290,204359,229,150
462967,59295,204384,229,150
463018,59300,204408,229,150
463068,59307,204436,229,150
463118,59313,204460,229,150
463172,59319,204527,229,150
463222,59328,204548,229,150
463275,59334,204571,229,150
463326,59342,204584,229,150
463376,59348,204602,229,150
463426,59355,204627,229,150
463482,59362,204648,229,150
463534,59368,204671,229,150
463584,59376,204694,229,150
463636,59384,204712,229,150
463686,59390,204738,229,150
463736,59395,204763,229,150
463790,59401,204780,229,150
463840,59409,204795,229,150
463890,59417,204819,229,150
463940,59423,204838,229,150
463990,59430,204853,229,150
464040,59435,204872,229,150
464091,59440,204901,229,147
464142,59448,204924,229,150
464192,59454,204944,229,150
464243,59458,204976,229,150
464302,59463,205000,229,150
464352,59469,205025,229,150
464403,59474,205052,229,150
464453,59481,205074,229,150
464503,59490,205097,229,150
464553,59497,205118,229,150
464609,59503,205141,229,150
464659,59510,205159,229,150
464712,59518,205169,229,150
464769,59524,205188,229,150
464820,59529,205209,229,150
464872,59534,205232,229,150
464923,59544,205241,229,150
464974,59548,205266,229,150
465027,59554,205291,229,150
465078,59559,205315,229,150
465128,59566,205340,229,150
465180,59572,205365,229,150
465230,59578,205382,229,150
465282,59584,205407,229,150
465334,59593,205424,229,150
465384,59602,205443,229,150
465438,59609,205467,229,150
465488,59614,205485,229,150
465538,59620,205506,229,150
465588,59627,205528,229,150
465638,59634,205552,229,150
465690,59640,205578,229,149
465746,59647,205591,229,150
465798,59654,205611,229,150
465848,59659,205639,229,150
465902,59669,205658,229,150
465952,59675,205677,229,150
466003,59681,205702,229,150
466054,59685,205735,229,150
466108,59693,205750,229,150
466160,59699,205767,229,150
466210,59705,205781,229,150
466261,59710,205809,229,150
466311,59715,205835,229,150
466361,59721,205854,229,149
466412,59726,205878,229,150
466467,59731,205902,229,149
466517,59740,205913,229,150
466567,59746,205938,229,150
466617,59753,205958,229,150
466667,59759,205980,229,150
466717,59763,206007,229,150
466768,59768,206026,229,150
466819,59774,206051,229,150
466869,59781,206072,229,150
466919,59786,206091,229,150
466969,59791,206112,229,150
467021,59797,206123,229,150
467072,59802,206143,229,150
467122,59809,206164,229,150
467173,59815,206185,229,150
467223,59821,206208,229,150
467273,59827,206243,229,150
467323,59834,206257,229,150
467374,59840,206280,229,150
467426,59847,206295,229,150
467476,59852,206319,229,150
467529,59861,206337,229,150
467579,59865,206361,229,150
467629,59871,206378,229,150
467680,59877,206394,229,150
467730,59885,206411,229,150
467782,59891,206432,229,150
467832,59898,206451,229,150
467882,59905,206463,229,150
467934,59911,206482,229,149
467986,59918,206510,229,150
468036,59924,206538,229,150
468086,59933,206556,229,150
468136,59939,206575,229,150
468188,59944,206597,229,150
468241,59950,206610,229,150
468295,59956,206637,229,150
468345,59961,206663,229,150
468396,59967,206683,229,150
468447,59976,206703,229,150
468501,59982,206728,229,150
468551,59991,206758,229,150
468602,59998,206779,229,150
468654,60003,206803,229,150
468711,60013,206822,229,150
468761,60021,206841,229,150
468811,60026,206857,229,150
468861,60030,206887,229,150
468912,60036,206915,229,150
468962,60044,206929,229,150
469012,60051,206962,229,150
469065,60057,206983,229,150
469115,60063,207009,229,150
469168,60071,207018,229,150
469219,60078,207039,229,150
469270,60085,207053,229,150
469323,60092,207078,229,150
469374,60097,207094,229,150
469426,60104,207117,229,150
469476,60111,207146,229,150
469528,60116,207217,229,150
469578,60126,207236,229,150
469632,60131,207262,229,150
469683,60137,207286,229,150
469733,60141,207309,229,150
469786,60150,207325,229,150
469837,60158,207354,229,150
469888,60164,207381,229,150
469938,60169,207404,229,150
469990,60178,207423,229,150
470040,60183,207450,229,150
470093,60188,207468,229,150
470146,60196,207492,229,150
470196,60200,207509,229,150
470249,60206,207527,229,150
470299,60211,207551,229,150
470349,60217,207576,229,150
470399,60226,207590,229,150
470449,60232,207618,229,150
470499,60240,207632,229,150
470549,60245,207649,229,150
470599,60251,207662,229,150
470649,60258,207674,229,150
470699,60262,207693,229,150
470749,60270,207709,229,150
470800,60276,207722,229,150
470853,60282,207750,229,150
470903,60288,207776,229,150
470954,60295,207800,229,150
471005,60301,207818,229,149
471055,60309,207836,229,150
471106,60315,207856,229,150
471162,60324,207883,229,150
471213,60329,207901,229,150
471269,60335,207917,229,150
471319,60341,207937,229,150
471370,60349,207960,229,150
471421,60356,207980,229,150
471472,60364,208007,229,150
471522,60370,208031,229,150
471572,60376,208046,229,150
471624,60383,208069,229,150
471674,60387,208094,229,150
471724,60393,208110,229,150
471774,60400,208131,229,150
471825,60407,208156,229,150
471875,60415,208183,229,150
471929,60420,208207,229,150
471980,60425,208226,229,150
472031,60430,208243,229,150
472081,60436,208265,229,150
472133,60442,208294,229,150
472185,60447,208316,229,150
472239,60453,208339,229,150
472289,60458,208358,229,150
472339,60464,208390,229,150
472390,60470,208455,229,150
472442,60477,208470,229,150
472494,60486,208483,229,150
472544,60494,208501,229,150
472594,60500,208526,229,150
472645,60507,208550,229,150
472695,60511,208569,229,150
472745,60518,208583,229,150
472795,60525,208601,229,150
472847,60531,208614,229,150
472897,60537,208637,229,150
472947,60543,208655,229,150
472998,60549,208688,229,150
473052,60557,208713,229,150
473102,60562,208735,229,150
473155,60567,208755,229,150
473207,60573,208772,229,150
473257,60578,208793,229,150
473310,60584,208819,229,150
473362,60589,208849,229,150
473412,60595,208873,229,150
473462,60600,208889,229,150
473513,60607,208908,229,150
473563,60611,208933,229,150
473613,60616,208954,229,150
473663,60624,208966,229,150
473715,60632,208983,229,150
473767,60640,208999,229,150
473821,60645,209033,229,150
473871,60653,209061,229,150
473921,60663,209080,229,150
473971,60669,209099,229,150
474021,60676,209130,229,150
474071,60681,209149,229,150
474122,60689,209168,229,150
474172,60696,209187,229,150
474222,60706,209203,229,150
474273,60716,209229,229,150
474324,60721,209245,229,150
474374,60728,209262,229,150
474426,60736,209276,229,150
474476,60742,209301,229,150
474526,60748,209315,229,150
474580,60754,209342,229,150
474630,60759,209365,229,150
474680,60766,209389,229,150
474731,60775,209411,229,150
474782,60782,209436,229,150
474832,60788,209455,229,150
474886,60793,209474,229,150
474938,60800,209492,229,150
474989,60805,209513,229,150
475040,60813,209542,229,150
475090,60819,209566,229,150
475142,60825,209596,229,150
475194,60831,209624,229,150
475245,60837,209640,229,150
475296,60849,209656,229,150
475346,60855,209691,229,150
475396,60861,209712,229,150
475450,60867,209727,229,149
475502,60873,209752,229,150
475552,60878,209780,229,150
475603,60885,209802,229,150
475653,60891,209823,229,150
475705,60896,209852,229,150
475757,60906,209865,229,150
475807,60911,209882,229,150
475857,60918,209909,229,150
475912,60924,209922,229,150
475962,60930,209940,229,150
476012,60936,209969,229,150
476062,60942,209992,229,150
476114,60948,210014,229,150
476164,60956,210047,229,150
476217,60962,210075,229,150
476269,60970,210084,229,150
476320,60979,210111,229,150
476371,60984,210135,229,150
476421,60990,210160,229,150
476472,60996,210175,229,150
476525,61002,210250,229,150
476575,61006,210280,229,150
476625,61014,210309,229,150
476675,61019,210325,229,150
476729,61025,210346,229,150
476781,61031,210367,229,150
476831,61037,210390,229,150
476881,61043,210412,229,150
476931,61049,210441,229,150
476981,61057,210459,229,150
477033,61063,210474,229,150
477087,61071,210492,229,150
477140,61077,210509,229,150
477192,61081,210532,229,150
477245,61086,210559,229,149
477296,61094,210579,229,150
477354,61103,210600,229,150
477405,61110,210620,229,150
477456,61114,210645,229,150
477508,61122,210664,229,150
477559,61128,210692,229,150
477609,61134,210707,229,150
477660,61140,210722,229,150
477710,61145,210741,229,150
477760,61151,210760,229,150
477810,61156,210783,229,150
477861,61161,210810,229,150
477911,61169,210833,229,150
477961,61174,210910,229,150
478012,61181,210929,229,150
478062,61188,210945,229,150
478112,61192,210978,229,150
478164,61200,210998,229,150
478214,61207,211016,229,150
478267,61214,211036,229,150
478318,61220,211053,229,150
478368,61228,211070,229,150
478418,61233,211085,229,150
478469,61239,211110,229,150
478521,61244,211143,229,150
478574,61251,211162,229,149
478625,61258,211183,229,150
478675,61262,211211,229,150
478728,61267,211233,229,150
478779,61274,211265,229,150
478831,61282,211289,229,150
478881,61288,211309,229,150
478937,61293,211328,229,150
478987,61298,211351,229,150
479049,61308,211367,229,149
479100,61316,211402,229,150
479150,61323,211417,229,150
479201,61328,211436,229,150
479254,61334,211459,229,150
479305,61343,211475,229,150
479355,61349,211486,229,150
479408,61355,211508,229,150
479458,61361,211530,229,150
479508,61370,211543,229,150
479560,61377,211556,229,150
479610,61385,211581,229,150
479662,61391,211598,229,150
479715,61396,211618,229,150
479767,61402,211640,229,150
479818,61408,211671,229,150
479873,61414,211688,229,150
479923,61420,211711,229,150
479975,61425,211731,229,150
480026,61430,211750,229,150
480080,61438,211772,229,150
480132,61445,211793,229,150
480187,61453,211822,229,150
480240,61460,211839,229,149
480291,61470,211855,229,150
480342,61478,211877,229,150
480394,61484,211904,229,150
480449,61492,211927,229,150
480499,61497,211942,229,150
480557,61504,211964,229,149
480608,61510,211983,229,150
480658,61514,212001,229,150
480709,61521,212030,229,150
480759,61528,212051,229,150
480812,61534,212080,229,150
480862,61540,212111,229,150
480917,61547,212129,229,150
480967,61554,212140,229,150
481019,61562,212161,229,150
481069,61569,212178,229,150
481120,61575,212212,229,150
481173,61581,212240,229,150
481223,61586,212268,229,149
481273,61596,212331,229,150
481323,61601,212359,229,150
481375,61607,212392,229,150
481426,61614,212416,229,150
481476,61619,212449,229,150
481526,61624,212482,229,150
481578,61631,212511,229,150
481628,61635,212535,229,150
481678,61640,212553,229,150
481728,61646,212574,229,150
481778,61651,212595,229,150
481829,61659,212616,229,150
481879,61667,212642,229,150
481933,61675,212664,229,150
481986,61681,212684,229,150
482036,61687,212708,229,148
482086,61694,212727,229,149
482137,61701,212747,229,150
482190,61708,212762,229,150
482241,61713,212790,229,150
482291,61721,212816,229,150
482343,61727,212833,229,150
482393,61733,212856,229,150
482443,61738,212888,229,150
482493,61745,212912,229,149
482545,61755,212922,229,150
482596,61763,212932,229,150
482653,61770,212954,229,149
482704,61777,212972,229,150
482756,61783,212983,229,149
482807,61789,212996,229,150
482857,61796,213015,229,150
482908,61804,213086,229,150
482958,61810,213110,229,150
483008,61817,213138,229,150
483058,61822,213170,229,150
483109,61829,213181,229,150
483159,61834,213196,229,150
483211,61840,213220,229,150
483261,61846,213245,229,150
483311,61851,213274,229,150
483365,61856,213302,229,150
483425,61864,213315,229,150
483476,61872,213343,229,150
483527,61877,213368,229,150
483577,61883,213402,229,150
483628,61887,213424,229,150
483682,61897,213449,229,150
483733,61905,213470,229,150
483786,61910,213510,229,150
483840,61917,213527,229,149
483890,61926,213548,229,150
483940,61931,213563,229,150
483990,61937,213580,229,150
484042,61945,213601,229,150
484094,61952,213626,229,150
484146,61957,213648,229,150
484197,61965,213665,229,150
484250,61973,213690,229,150
484303,61979,213712,229,150
484358,61985,213730,229,150
484412,61994,213740,229,150
484462,62003,213760,229,150
484514,62011,213781,229,150
484565,62017,213811,229,150
484615,62024,213832,229,150
484665,62029,213847,229,150
484719,62036,213870,229,150
484770,62046,213886,229,150
484820,62053,213903,229,150
484870,62059,213928,229,150
484920,62065,213951,229,150
484971,62070,213975,229,150
485023,62076,213996,229,150
485074,62081,214024,229,150
485127,62089,214040,229,149
485178,62095,214065,229,150
485230,62101,214084,229,150
485280,62110,214107,229,150
485331,62116,214139,229,150
485381,62121,214162,229,150
485431,62126,214179,229,150
485482,62134,214202,229,150
485532,62140,214229,229,150
485582,62147,214257,229,150
485634,62154,214286,229,150
485684,62162,214312,229,150
485737,62170,214332,229,149
485790,62179,214356,229,148
485840,62189,214382,229,150
485890,62194,214406,229,150
485942,62201,214430,229,150
485992,62206,214451,229,150
486046,62212,214470,229,150
486100,62217,214484,229,149
486150,62224,214503,229,150
486202,62234,214517,229,150
486253,62243,214528,229,150
486303,62251,214541,229,150
486354,62256,214564,229,150
486404,62264,214586,229,150
486455,62272,214603,229,150
486505,62280,214625,229,150
486555,62285,214642,229,150
486605,62295,214663,229,150
486655,62301,214684,229,150
486705,62308,214711,229,150
486756,62315,214736,229,150
486806,62321,214757,229,150
486856,62327,214784,229,150
486908,62333,214814,229,150
486959,62340,214829,229,150
487009,62347,214852,229,150
487059,62353,214878,229,150
487110,62359,214912,229,150
487160,62365,214934,229,150
487210,62373,214954,229,150
487260,62379,214978,229,150
487310,62384,215002,229,150
487366,62390,215021,229,150
487416,62396,215038,229,150
487468,62404,215057,229,149
487519,62410,215076,229,150
487569,62417,215098,229,150
487625,62424,215122,229,150
487675,62430,215150,229,150
487726,62435,215181,229,150
487778,62442,215208,229,150
487828,62447,215235,229,150
487888,62452,215260,229,150
487939,62460,215284,229,150
487989,62466,215302,229,150
488040,62475,215326,229,150
488091,62482,215342,229,150
488143,62487,215414,229,150
488194,62493,215435,229,150
488244,62503,215461,229,150
488295,62509,215484,229,150
488349,62517,215502,229,150
488400,62523,215522,229,150
488450,62530,215541,229,150
488502,62537,215558,229,150
488552,62544,215581,229,150
488602,62553,215607,229,150
488652,62560,215629,229,150
488704,62566,215652,229,150
488758,62572,215678,229,150
488813,62579,215698,229,150
488865,62587,215725,229,150
488918,62593,215737,229,150
488968,62599,215800,229,150
489024,62605,215812,229,149
489076,62612,215829,229,150
489127,62618,215857,229,150
489178,62624,215869,229,150
489228,62629,215888,229,150
489280,62636,215909,229,150
489332,62642,215934,229,150
489383,62647,215954,229,150
489435,62653,215978,229,150
489486,62660,215996,229,150
489546,62669,216005,229,150
489596,62675,216036,229,150
489646,62681,216064,229,150
489696,62687,216091,229,150
489747,62692,216119,229,150
489797,62696,216145,229,150
489853,62705,216158,229,150
489906,62711,216177,229,150
489956,62717,216201,229,150
490009,62724,216221,229,150
490061,62733,216241,229,150
490113,62740,216258,229,150
490164,62747,216284,229,150
490217,62754,216302,229,150
490267,62764,216320,229,150
490318,62772,216343,229,150
490368,62779,216363,229,150
490422,62785,216387,229,150
490473,62791,216417,229,150
490527,62798,216431,229,150
490577,62804,216456,229,150
490629,62812,216479,229,150
490682,62819,216504,229,150
490732,62827,216520,229,150
490783,62832,216537,229,150
490834,62839,216564,229,150
490884,62844,216581,229,150
490934,62849,216608,229,150
490987,62854,216633,229,150
491041,62860,216671,229,150
491092,62874,216687,229,150
491143,62878,216707,229,150
491197,62886,216725,229,150
491250,62897,216736,229,150
491305,62903,216763,229,149
491355,62915,216787,229,150
491405,62922,216806,229,150
491457,62929,216826,229,150
491507,62934,216850,229,150
491560,62942,216872,229,150
491610,62947,216902,229,150
491660,62955,216921,229,150
491710,62963,216947,229,150
491761,62967,217017,229,150
491811,62974,217043,229,150
491861,62982,217074,229,150
491911,62986,217101,229,150
491961,62993,217120,229,150
492011,63000,217138,229,150
492061,63007,217162,229,150
492118,63016,217179,229,150
492171,63020,217199,229,150
492224,63026,217221,229,150
492276,63034,217240,229,150
492326,63039,217264,229,150
492376,63044,217291,229,150
492426,63051,217311,229,150
492479,63059,217327,229,150
492530,63067,217338,229,148
492581,63076,217354,229,149
492631,63083,217377,229,150
492682,63091,217395,229,150
492735,63099,217410,229,150
492786,63110,217431,229,150
492837,63117,217456,229,150
492887,63122,217475,229,150
492938,63128,217499,229,150
492988,63135,217519,229,150
493038,63140,217530,229,150
493088,63148,217598,229,150
493139,63157,217614,229,150
493189,63164,217634,229,150
493241,63173,217646,229,150
493291,63180,217660,229,150
493341,63188,217676,229,150
493392,63193,217707,229,150
493444,63200,217729,229,150
493497,63207,217754,229,150
493549,63214,217774,229,150
493599,63220,217798,229,150
493650,63227,217824,229,150
493703,63235,217846,229,150
493755,63240,217869,229,148
493806,63250,217881,229,150
493856,63255,217902,229,150
493907,63261,217921,229,150
493958,63266,217937,229,150
494010,63273,217958,229,150
494062,63283,217983,229,150
494118,63289,218005,229,150
494173,63294,218026,229,150
494223,63301,218046,229,150
494274,63308,218067,229,150
494330,63316,218093,229,150
494382,63321,218121,229,150
494434,63327,218137,229,150
494490,63335,218202,229,150
494540,63342,218221,229,150
494592,63349,218241,229,150
494644,63355,218256,229,150
494695,63361,218274,229,150
494745,63366,218327,229,150
494795,63373,218410,229,150
494846,63377,218433,229,150
494899,63384,218459,229,150
494949,63389,218481,229,150
495002,63395,218504,229,150
495052,63401,218521,229,150
495104,63406,218543,229,150
495155,63411,218565,229,150
495205,63416,218582,229,150
495260,63425,218607,229,150
495310,63434,218627,229,150
495361,63440,218696,229,150
495412,63447,218713,229,150
495462,63452,218729,229,150
495513,63460,218759,229,150
495566,63467,218784,229,150
495617,63474,218807,229,150
495669,63480,218841,229,150
495723,63485,218868,229,150
495774,63495,218881,229,150
495826,63500,218904,229,150
495878,63507,218924,229,150
495929,63512,218947,229,150
495982,63519,218971,229,150
496034,63526,218984,229,149
496085,63533,219001,229,150
496136,63538,219025,229,150
496186,63544,219050,229,150
496237,63551,219081,229,150
496288,63557,219096,229,150
496340,63565,219122,229,150
496390,63571,219140,229,150
496440,63579,219161,229,150
496493,63584,219178,229,149
496544,63590,219206,229,150
496597,63595,219235,229,150
496647,63603,219257,229,150
496697,63610,219272,229,150
496747,63619,219295,229,150
496798,63626,219320,229,150
496850,63634,219340,229,150
496905,63639,219359,229,150
496955,63645,219378,229,149
497005,63651,219403,229,149
497056,63658,219421,229,150
497106,63663,219438,229,150
497157,63668,219468,229,150
497209,63676,219480,229,150
497260,63682,219513,229,150
497310,63689,219526,229,150
497361,63696,219557,229,150
497414,63704,219580,229,150
497465,63710,219599,229,150
497515,63715,219620,229,150
497569,63721,219639,229,150
497621,63730,219664,229,150
497672,63738,219682,229,150
497722,63746,219694,229,150
497772,63753,219706,229,150
497823,63760,219725,229,150
497874,63768,219742,229,149
497924,63776,219760,229,150
497974,63784,219772,229,150
498024,63789,219793,229,150
498077,63796,219814,229,150
498130,63802,219834,229,150
498180,63808,219863,229,150
498234,63815,219874,229,150
498286,63825,219885,229,148
498338,63836,219899,229,150
498388,63844,219920,229,150
498439,63850,219960,229,150
498491,63857,219990,229,150
498544,63862,220010,229,150
498595,63868,220031,229,150
498647,63874,220054,229,150
498701,63880,220077,229,150
498753,63887,220101,229,149
498808,63896,220125,229,149
498859,63901,220146,229,150
498911,63907,220167,229,150
498961,63914,220186,229,150
499011,63921,220200,229,150
499063,63930,220227,229,150
499115,63936,220244,229,150
499174,63944,220261,229,150
499227,63953,220281,229,150
499277,63960,220309,229,150
499329,63966,220330,229,150
499380,63972,220349,229,150
499430,63977,220376,229,150
499484,63982,220396,229,150
499534,63988,220422,229,150
499589,63999,220440,229,150
499640,64004,220464,229,150
499690,64010,220480,229,150
499740,64016,220497,229,149
499790,64024,220524,229,150
499840,64031,220542,229,150
499892,64037,220557,229,150
499943,64043,220578,229,150
499993,64051,220595,229,150
500044,64055,220621,229,150
500095,64062,220644,229,150
500148,64071,220667,229,149
500200,64078,220692,229,150
500250,64084,220710,229,150
500304,64091,220742,229,150
500355,64096,220809,229,150
500406,64104,220844,229,150
500457,64109,220875,229,150
500507,64114,220948,229,150
500560,64120,220974,229,150
500610,64125,220992,229,150
500660,64132,221063,229,150
500710,64139,221085,229,150
500761,64146,221104,229,150
500813,64152,221133,229,150
500864,64158,221155,229,150
500915,64163,221176,229,150
500965,64168,221214,229,150
501016,64172,221235,229,150
501066,64179,221261,229,150
501116,64185,221292,229,150
501170,64194,221305,229,150
501225,64203,221325,229,150
501275,64208,221346,229,150
501325,64216,221363,229,150
501375,64228,221378,229,150
501428,64233,221403,229,150
501479,64241,221421,229,150
501529,64250,221445,229,150
501579,64256,221472,229,150
501629,64262,221494,229,150
501679,64268,221508,229,150
501729,64273,221523,229,150
501782,64280,221535,229,150
501837,64286,221552,229,150
501887,64291,221571,229,150
501937,64297,221588,229,150
501987,64303,221607,229,150
502039,64311,221628,229,150
502093,64319,221655,229,150
502143,64326,221716,229,150
502193,64331,221736,229,150
502244,64339,221761,229,150
502294,64346,221823,229,150
502346,64354,221845,229,150
502396,64359,221875,229,150
502448,64365,221899,229,150
502499,64373,221914,229,150
502550,64380,221940,229,150
502601,64385,221967,229,150
502651,64393,221984,229,150
502704,64399,222007,229,150
502754,64405,222027,229,150
502808,64412,222051,229,150
502859,64418,222070,229,150
502912,64424,222090,229,150
502967,64432,222103,229,150
503018,64439,222125,229,150
503076,64445,222145,229,149
503126,64451,222174,229,150
503178,64460,222190,229,150
503231,64467,222227,229,150
503282,64473,222246,229,148
503332,64481,222266,229,150
503382,64487,222277,229,150
503432,64491,222299,229,150
503484,64498,222316,229,150
503536,64509,222333,229,150
503589,64516,222355,229,150
503640,64522,222386,229,150
503691,64529,222400,229,149
503743,64537,222425,229,150
503799,64544,222445,229,149
503850,64551,222473,229,150
503900,64560,222498,229,150
503952,64564,222527,229,150
504003,64571,222554,229,150
504053,64579,222561,229,150
504106,64590,222585,229,150
504158,64599,222613,229,150
504209,64605,222638,229,150
504264,64612,222654,229,150
504315,64618,222679,229,150
504365,64624,222704,229,150
504416,64632,222720,229,150
504467,64637,222745,229,150
504518,64644,222767,229,150
504569,64651,222790,229,150
504621,64658,222805,229,150
504671,64664,222831,229,150
504721,64672,222853,229,150
504771,64680,222872,229,150
504822,64685,222898,229,150
504872,64693,222918,229,150
504923,64702,222932,229,150
504974,64710,222948,229,150
505024,64716,222969,229,150
505079,64724,222994,229,150
505132,64730,223014,229,150
505182,64738,223029,229,150
505232,64743,223050,229,150
505282,64748,223074,229,150
505332,64754,223096,229,150
505385,64762,223115,229,150
505435,64768,223183,229,150
505486,64775,223192,229,150
505537,64783,223206,229,150
505588,64790,223217,229,150
505642,64797,223229,229,149
505692,64803,223259,229,150
505743,64811,223287,229,150
505793,64819,223310,229,150
505843,64826,223336,229,150
505893,64832,223353,229,149
505944,64843,223372,229,150
505994,64850,223395,229,150
506048,64859,223415,229,150
506098,64869,223433,229,150
506150,64875,223464,229,150
506201,64883,223480,229,150
506251,64887,223504,229,150
506302,64897,223531,229,150
506352,64903,223552,229,150
506403,64909,223577,229,150
506454,64916,223605,229,150
506504,64922,223629,229,150
506555,64928,223647,229,150
506607,64933,223675,229,150
506658,64939,223693,229,150
506713,64947,223717,229,148
506764,64954,223735,229,150
506814,64963,223749,229,150
506865,64968,223772,229,150
506915,64973,223789,229,150
506966,64979,223813,229,150
507016,64987,223830,229,150
507067,64992,223846,229,150
507117,64997,223870,229,150
507167,65003,223891,229,150
507217,65011,223919,229,150
507268,65023,223936,229,150
507321,65031,223956,229,150
507371,65035,223981,229,150
507425,65042,224006,229,150
507475,65047,224018,229,150
507526,65058,224040,229,150
507576,65064,224057,229,150
507627,65070,224084,229,150
507677,65076,224101,229,150
507728,65082,224129,229,150
507779,65086,224153,229,150
507829,65092,224174,229,150
507880,65098,224192,229,150
507931,65104,224225,229,150
507982,65108,224252,229,150
508032,65114,224274,229,150
508082,65120,224301,229,150
508136,65129,224324,229,150
508186,65135,224352,229,150
508237,65142,224385,229,150
508288,65147,224406,229,150
508338,65153,224428,229,150
508389,65157,224453,229,150
508439,65163,224478,229,150
508490,65169,224498,229,150
508540,65175,224515,229,150
508593,65182,224538,229,150
508643,65186,224566,229,150
508694,65192,224594,229,150
508745,65198,224615,229,150
508798,65204,224629,229,150
508851,65209,224656,229,150
508902,65215,224676,229,150
508957,65221,224706,229,150
509008,65229,224731,229,150
509060,65235,224756,229,150
509110,65240,224784,229,150
509160,65245,224814,229,150
509210,65251,224835,229,150
509262,65261,224850,229,150
509312,65266,224876,229,150
509364,65278,224896,229,150
509417,65283,224921,229,150
509469,65287,224942,229,150
509523,65295,224968,229,150
509573,65300,224997,229,150
509627,65307,225018,229,150
509677,65316,225039,229,150
509732,65323,225054,229,149
509783,65329,225073,229,150
509833,65334,225100,229,150
509884,65340,225123,229,150
509938,65345,225142,229,149
509989,65353,225167,229,150
510039,65360,225190,229,150
510096,65366,225206,229,150
510147,65375,225226,229,150
510200,65381,225252,229,150
510254,65387,225269,229,150
510305,65396,225287,229,150
510357,65400,225315,229,150
510412,65410,225334,229,150
510464,65416,225356,229,150
510515,65423,225379,229,150
510565,65430,225406,229,150
510616,65436,225429,229,150
510666,65441,225449,229,150
510720,65449,225474,229,150
510770,65455,225493,229,150
510826,65460,225521,229,150
510876,65467,225534,229,150
510926,65472,225562,229,150
510978,65478,225580,229,150
511028,65484,225603,229,150
511082,65491,225617,229,147
511133,65500,225636,229,150
511183,65505,225660,229,150
511238,65513,225673,229,149
511288,65523,225686,229,150
511338,65528,225703,229,150
511388,65537,225723,229,150
511438,65544,225739,229,149
511492,65552,225755,229,150
511544,65559,225775,229,150
511594,65565,225801,229,150
511645,65569,225828,229,150
511695,65574,225849,229,150
511745,65581,225865,229,150
511795,65586,225882,229,150
511846,65592,225911,229,150
511896,65596,225941,229,150
511946,65604,225954,229,150
511996,65610,225962,229,150
512046,65616,225985,229,150
512096,65622,226009,229,150
512147,65629,226024,229,150
512197,65637,226041,229,150
512247,65645,226070,229,150
512297,65654,226092,229,150
512347,65659,226115,229,150
512398,65665,226133,229,150
512448,65672,226149,229,150
512501,65677,226174,229,150
512551,65687,226192,229,150
512601,65692,226205,229,150
512651,65697,226230,229,150
512702,65705,226247,229,150
512757,65711,226260,229,150
512807,65718,226286,229,150
512857,65723,226303,229,150
512907,65730,226326,229,150
512957,65739,226346,229,150
513007,65745,226372,229,150
513057,65750,226397,229,150
513107,65758,226414,229,150
513157,65763,226441,229,150
513207,65768,226460,229,150
513259,65776,226492,229,150
513311,65782,226509,229,150
513363,65786,226534,229,150
513413,65793,226555,229,150
513463,65799,226579,229,150
513513,65803,226610,229,150
513564,65808,226637,229,150
513621,65815,226655,229,150
513673,65826,226669,229,150
513725,65830,226692,229,150
513778,65837,226726,229,150
513828,65843,226758,229,150
513881,65849,226773,229,150
513932,65853,226795,229,150
513984,65860,226817,229,149
514036,65867,226832,229,150
514086,65876,226852,229,150
514138,65882,226877,229,150
514190,65888,226903,229,150
514240,65895,226921,229,150
514290,65901,226941,229,150
514343,65909,226964,229,150
514394,65916,226984,229,150
514446,65920,227014,229,150
514496,65925,227033,229,150
514550,65931,227051,229,150
514603,65936,227075,229,150
514654,65944,227089,229,150
514704,65952,227113,229,150
514755,65957,227133,229,150
514805,65963,227151,229,150
514856,65970,227163,229,148
514908,65977,227182,229,150
514959,65985,227201,229,150
515010,65992,227227,229,150
515060,66000,227250,229,150
515110,66008,227264,229,148
515162,66019,227285,229,149
515213,66028,227306,229,150
515263,66033,227335,229,150
515315,66042,227352,229,150
515367,66050,227372,229,150
515418,66056,227392,229,150
515472,66062,227414,229,150
515522,66070,227442,229,150
515572,66074,227475,229,150
515623,66081,227493,229,150
515676,66090,227514,229,150
515726,66097,227529,229,150
515776,66104,227546,229,150
515828,66113,227564,229,150
515880,66119,227581,229,150
515930,66123,227609,229,150
515987,66131,227627,229,150
516037,66136,227646,229,150
516087,66142,227665,229,149
516137,66149,227687,229,150
516190,66154,227711,229,149
516241,66161,227734,229,150
516292,66169,227755,229,150
516342,66173,227774,229,150
516392,66181,227799,229,150
516448,66188,227819,229,150
516499,66194,227842,229,150
516551,66199,227864,229,150
516601,66206,227880,229,150
516653,66212,227907,229,149
516706,66219,227928,229,150
516760,66224,227943,229,149
516813,66231,227974,229,150
516864,66237,227993,229,150
516914,66244,228015,229,150
516964,66250,228038,229,150
517018,66258,228048,229,150
517069,66265,228084,229,150
517119,66273,228099,229,150
517171,66279,228120,229,150
517221,66288,228139,229,150
517271,66298,228154,229,150
517325,66304,228174,229,150
517375,66311,228199,229,150
517427,66316,228229,229,150
517478,66321,228252,229,150
517529,66329,228271,229,150
517584,66334,228310,229,150
517641,66344,228335,229,149
517691,66350,228360,229,150
517742,66359,228382,229,150
517793,66365,228405,229,150
517843,66371,228426,229,150
517893,66377,228448,229,150
517948,66382,228469,229,149
517998,66388,228490,229,150
518048,66396,228550,229,150
518100,66402,228570,229,150
518161,66408,228590,229,148
518211,66415,228607,229,150
518261,66423,228628,229,150
518311,66431,228640,229,150
518361,66436,228667,229,150
518411,66443,228682,229,150
518461,66447,228710,229,150
518512,66454,228728,229,150
518562,66460,228746,229,150
518614,66466,228772,229,150
518665,66471,228804,229,150
518715,66476,228826,229,150
518765,66483,228851,229,150
518817,66491,228882,229,150
518867,66497,228900,229,150
518917,66506,228915,229,150
518967,66512,228937,229,150
519017,66519,229009,229,150
519068,66526,229029,229,149
519120,66533,229053,229,150
519171,66540,229069,229,150
519222,66548,229089,229,150
519275,66554,229110,229,150
519332,66560,229129,229,150
519383,66566,229140,229,150
519436,66571,229161,229,150
519486,66579,229190,229,150
519536,66586,229206,229,150
519586,66592,229240,229,150
519636,66600,229256,229,150
519686,66606,229282,229,150
519744,66613,229294,229,150
519794,66620,229310,229,150
519845,66627,229324,229,150
519895,66632,229348,229,150
519949,66640,229364,229,150
519999,66646,229386,229,150
520049,66651,229410,229,150
520105,66657,229434,229,150
520155,66664,229461,229,150
520205,66669,229481,229,150
520255,66677,229497,229,150
520307,66684,229522,229,150
520361,66689,229549,229,150
520411,66693,229567,229,149
520462,66699,229588,229,150
520512,66705,229609,229,150
520562,66712,229629,229,150
520613,66719,229652,229,150
520666,66725,229676,229,150
520717,66733,229702,229,150
520768,66739,229727,229,150
520819,66747,229744,229,149
520872,66754,229772,229,150
520922,66762,229787,229,150
520973,66768,229858,229,150
521024,66775,229884,229,150
521076,66781,229910,229,150
521128,66790,229922,229,150
521179,66797,229942,229,150
521229,66802,229965,229,150
521283,66807,229993,229,150
521334,66814,230013,229,150
521387,66820,230040,229,150
521439,66828,230061,229,150
521490,66835,230083,229,150
521542,66841,230103,229,150
521592,66849,230127,229,150
521643,66855,230152,229,150
521695,66864,230170,229,150
521746,66870,230195,229,150
521798,66876,230213,229,150
521848,66882,230237,229,150
521899,66887,230257,229,150
521952,66892,230284,229,150
522002,66898,230309,229,150
522053,66903,230324,229,149
522104,66912,230343,229,150
522161,66920,230364,229,150
522212,66928,230393,229,150
522264,66933,230407,229,150
522314,66939,230430,229,150
522365,66945,230451,229,150
522418,66950,230478,229,150
522469,66955,230491,229,149
522519,66964,230518,229,150
522570,66971,230545,229,150
522621,66977,230563,229,150
522673,66982,230580,229,150
522723,66987,230606,229,150
522774,66994,230627,229,150
522824,67002,230647,229,150
522874,67009,230670,229,150
522924,67015,230692,229,150
522974,67022,230709,229,150
523026,67029,230739,229,150
523078,67034,230756,229,150
523128,67039,230776,229,150
523179,67045,230793,229,150
523230,67051,230811,229,150
523281,67058,230829,229,150
523331,67065,230846,229,150
523383,67070,230872,229,150
523434,67075,230902,229,150
523484,67082,230935,229,150
523535,67089,230963,229,150
523586,67095,230988,229,150
523636,67103,231006,229,150
523689,67110,231036,229,150
523742,67119,231055,229,150
523794,67125,231078,229,150
523844,67131,231102,229,150
523896,67139,231119,229,149
523946,67146,231151,229,150
523996,67153,231166,229,150
524046,67160,231194,229,150
524097,67167,231211,229,150
524147,67172,231228,229,150
524203,67180,231248,229,150
524253,67185,231274,229,150
524303,67190,231294,229,150
524353,67196,231314,229,150
524404,67202,231337,229,150
524455,67207,231355,229,150
524505,67213,231373,229,150
524555,67219,231396,229,150
524605,67227,231420,229,150
524655,67234,231442,229,150
524706,67242,231465,229,150
524756,67249,231486,229,150
524806,67254,231507,229,150
524857,67260,231525,229,150
524907,67270,231560,229,150
524957,67275,231588,229,150
525007,67279,231617,229,150
525059,67285,231635,229,150
525109,67294,231651,229,150
525163,67302,231660,229,149
525215,67309,231684,229,150
525267,67317,231709,229,150
525320,67325,231726,229,150
525370,67331,231759,229,150
525421,67338,231780,229,150
525472,67345,231796,229,150
525522,67352,231810,229,150
525572,67358,231828,229,150
525622,67362,231855,229,150
525672,67370,231872,229,150
525727,67378,231904,229,150
525778,67383,231928,229,150
525828,67389,231944,229,150
525878,67394,231958,229,150
525928,67399,231975,229,150
525981,67407,232005,229,150
526031,67412,232020,229,150
526084,67422,232037,229,150
526135,67427,232059,229,149
526185,67433,232086,229,150
526235,67439,232108,229,150
526291,67446,232130,229,150
526342,67451,232147,229,150
526393,67455,232172,229,150
526447,67461,232198,229,150
526497,67466,232225,229,150
526547,67472,232247,229,150
526597,67477,232319,229,150
526647,67486,232335,229,150
526699,67494,232353,229,150
526749,67500,232380,229,150
526799,67506,232406,229,150
526851,67511,232426,229,150
526902,67519,232459,229,149
526953,67526,232481,229,150
527003,67533,232511,229,150
527055,67542,232530,229,150
527105,67548,232545,229,150
527156,67553,232570,229,150
527206,67558,232598,229,150
527256,67564,232620,229,149
527308,67573,232642,229,150
527359,67578,232659,229,150
527409,67586,232668,229,150
527459,67592,232694,229,150
527509,67598,232713,229,150
527560,67605,232729,229,150
527612,67612,232752,229,150
527662,67619,232768,229,150
527712,67624,232789,229,150
527762,67629,232815,229,150
527816,67635,232847,229,149
527866,67642,232869,229,150
527918,67648,232891,229,150
527968,67654,232921,229,150
528018,67663,232938,229,150
528069,67670,232962,229,150
528123,67679,232988,229,150
528173,67686,233001,229,150
528223,67693,233029,229,150
528273,67699,233049,229,150
528323,67705,233076,229,150
528375,67712,233102,229,150
528425,67719,233119,229,150
528477,67724,233157,229,150
528528,67729,233186,229,150
528578,67735,233201,229,150
528629,67743,233228,229,150
528685,67748,233254,229,150
528736,67754,233278,229,150
528788,67761,233302,229,149
528839,67770,233328,229,150
528890,67774,233350,229,150
528940,67779,233376,229,150
528991,67786,233386,229,150
529042,67792,233400,229,150
529097,67800,233419,229,150
529147,67806,233445,229,150
529197,67814,233487,229,150
529249,67821,233508,229,150
529301,67828,233528,229,150
529352,67835,233555,229,150
529402,67842,233581,229,150
529453,67849,233608,229,150
529504,67856,233639,229,150
529554,67860,233671,229,150
529604,67867,233690,229,150
529654,67873,233713,229,150
529704,67879,233735,229,150
529754,67887,233759,229,150
529805,67893,233793,229,150
529856,67904,233799,229,150
529909,67908,233827,229,150
529961,67916,233855,229,150
530012,67921,233883,229,150
530066,67927,233902,229,150
530117,67934,233917,229,150
530167,67942,233941,229,150
530217,67947,233959,229,150
530268,67954,233984,229,150
530320,67960,234011,229,150
530370,67966,234034,229,150
530420,67973,234055,229,150
530474,67980,234075,229,150
530526,67987,234091,229,149
530577,67995,234119,229,150
530629,68000,234144,229,150
530679,68007,234164,229,150
530730,68013,234194,229,150
530780,68020,234213,229,149
530832,68027,234233,229,150
530883,68033,234258,229,150
530933,68040,234273,229,150
530983,68046,234286,229,150
531033,68051,234309,229,150
531085,68057,234327,229,150
531137,68063,234349,229,150
531188,68069,234376,229,150
531238,68075,234396,229,150
531288,68084,234421,229,150
531339,68089,234447,229,150
531389,68098,234466,229,150
531442,68103,234482,229,150
531492,68108,234504,229,150
531542,68113,234536,229,150
531596,68119,234560,229,150
531646,68124,234586,229,150
531700,68129,234616,229,150
531750,68136,234637,229,150
531803,68140,234667,229,150
531853,68146,234680,229,150
531903,68152,234712,229,150
531953,68158,234729,229,150
532006,68162,234753,229,150
532056,68171,234781,229,150
532108,68178,234804,229,150
532158,68182,234829,229,150
532208,68187,234854,229,150
532258,68194,234879,229,149
532311,68201,234909,229,150
532363,68211,234938,229,150
532413,68219,234960,229,150
532463,68225,234979,229,150
532513,68232,234994,229,150
532563,68237,235058,229,150
532614,68241,235077,229,150
532664,68248,235101,229,150
532718,68253,235118,229,150
532768,68259,235152,229,150
532819,68264,235175,229,150
532871,68268,235192,229,150
532921,68272,235215,229,150
532971,68279,235238,229,150
533021,68286,235263,229,150
533071,68292,235277,229,150
533123,68297,235302,229,150
533176,68304,235329,229,150
533227,68311,235350,229,150
533277,68317,235373,229,150
533331,68324,235388,229,150
533384,68333,235402,229,150
533444,68340,235419,229,148
533502,68348,235443,229,149
533553,68354,235467,229,150
533604,68364,235487,229,150
533655,68368,235513,229,150
533705,68376,235534,229,149
533757,68384,235561,229,150
533809,68391,235583,229,150
533859,68398,235608,229,150
533912,68404,235636,229,150
533965,68411,235666,229,150
534017,68418,235686,229,150
534067,68427,235703,229,150
534120,68431,235718,229,150
534170,68437,235734,229,150
534222,68444,235752,229,150
534273,68451,235778,229,150
534327,68456,235809,229,150
534377,68465,235823,229,150
534431,68471,235842,229,150
534483,68479,235868,229,150
534535,68485,235896,229,150
534588,68493,235918,229,150
534638,68499,235942,229,150
534690,68506,235967,229,150
534741,68513,235994,229,150
534791,68520,236017,229,150
534844,68527,236032,229,150
534894,68534,236047,229,150
534945,68539,236068,229,150
534999,68549,236090,229,150
535052,68554,236109,229,150
535102,68558,236139,229,150
535153,68563,236172,229,150
535203,68571,236193,229,150
535254,68577,236218,229,150
535307,68588,236230,229,149
535357,68594,236249,229,150
535409,68600,236277,229,150
535464,68610,236296,229,150
535514,68618,236308,229,150
535565,68627,236324,229,150
535616,68635,236349,229,150
535668,68641,236367,229,150
535722,68648,236385,229,150
535773,68654,236404,229,150
535827,68661,236423,229,150
535877,68667,236443,229,150
535927,68673,236468,229,150
535978,68680,236485,229,150
536029,68688,236513,229,150
536080,68695,236532,229,150
536136,68702,236556,229,150
536189,68709,236581,229,150
536240,68718,236590,229,150
536290,68722,236619,229,150
536340,68727,236631,229,150
536393,68733,236645,229,150
536444,68739,236676,229,150
536494,68743,236705,229,150
536544,68749,236730,229,150
536602,68756,236754,229,150
536652,68760,236778,229,150
536702,68766,236794,229,150
536752,68771,236821,229,150
536804,68779,236837,229,150
536855,68786,236864,229,150
536905,68791,236883,229,150
536955,68797,236908,229,150
537006,68802,236934,229,150
537061,68809,236957,229,150
537111,68818,236973,229,150
537162,68823,236994,229,150
537213,68829,237023,229,150
537263,68836,237050,229,150
537313,68842,237078,229,150
537364,68849,237097,229,150
537415,68854,237124,229,150
537465,68859,237144,229,150
537516,68870,237164,229,150
537569,68877,237188,229,150
537619,68885,237218,229,150
537669,68890,237251,229,150
537719,68895,237273,229,150
537770,68901,237296,229,150
537822,68907,237313,229,150
537872,68915,237337,229,150
537925,68920,237361,229,150
537975,68927,237387,229,150
538028,68931,237412,229,150
538078,68937,237424,229,150
538134,68943,237450,229,150
538184,68949,237467,229,150
538234,68958,237492,229,150
538288,68964,237515,229,150
538338,68970,237541,229,150
538388,68976,237561,229,150
538438,68982,237580,229,150
538489,68988,237607,229,149
538545,68994,237628,229,150
538595,68998,237649,229,150
538645,69006,237667,229,150
538696,69012,237693,229,149
538746,69018,237712,229,150
538797,69024,237735,229,150
538847,69029,237763,229,150
538897,69039,237781,229,150
538949,69046,237794,229,150
538999,69053,237816,229,150
539050,69058,237855,229,150
539101,69066,237929,229,150
539152,69071,237950,229,150
539203,69075,237974,229,150
539253,69082,237988,229,150
539304,69087,238007,229,150
539354,69095,238021,229,150
539405,69101,238042,229,150
539457,69106,238063,229,150
539513,69113,238078,229,150
539565,69118,238101,229,150
539616,69123,238128,229,150
539666,69130,238146,229,150
539718,69137,238171,229,148
539773,69147,238187,229,150
539824,69154,238217,229,150
539875,69159,238240,229,150
539926,69165,238268,229,150
539976,69170,238298,229,150
540035,69178,238321,229,150
540085,69186,238335,229,150
540136,69193,238358,229,150
540186,69201,238425,229,150
540237,69207,238442,229,150
540288,69213,238458,229,150
540340,69220,238481,229,150
540391,69227,238498,229,150
540442,69234,238528,229,150
540493,69240,238551,229,150
540544,69248,238569,229,150
540594,69254,238599,229,150
540644,69263,238612,229,150
540694,69271,238637,229,150
540745,69277,238662,229,150
540796,69284,238682,229,150
540847,69290,238695,229,150
540899,69296,238714,229,150
540953,69303,238734,229,150
541005,69310,238767,229,150
541055,69315,238792,229,150
541106,69324,238805,229,150
541156,69328,238822,229,150
541208,69333,238848,229,150
541259,69339,238866,229,150
541310,69346,238893,229,150
541361,69351,238913,229,150
541411,69357,238940,229,150
541462,69364,238966,229,150
541512,69368,238989,229,150
541562,69379,239009,229,150
541614,69387,239038,229,150
541670,69394,239056,229,149
541720,69402,239076,229,150
541773,69409,239098,229,150
541824,69415,239121,229,150
541891,69420,239149,229,147
541941,69428,239174,229,150
541992,69433,239205,229,150
542042,69438,239221,229,150
542093,69443,239245,229,150
542145,69451,239262,229,150
542195,69456,239280,229,150
542245,69461,239311,229,150
542295,69466,239335,229,150
542345,69472,239371,229,150
542397,69477,239385,229,150
542448,69483,239409,229,150
542500,69491,239438,229,150
542552,69499,239458,229,150
542603,69507,239478,229,150
542655,69514,239499,229,150
542710,69521,239518,229,150
542761,69526,239542,229,150
542812,69532,239560,229,150
542865,69539,239578,229,150
542915,69544,239599,229,150
542966,69550,239621,229,150
543017,69559,239653,229,150
543069,69564,239679,229,150
543119,69571,239693,229,150
543170,69578,239706,229,150
543220,69584,239742,229,150
543273,69591,239770,229,150
543323,69596,239791,229,150
543376,69604,239813,229,150
543427,69611,239832,229,150
543482,69617,239856,229,150
543532,69625,239872,229,150
543582,69631,239897,229,150
543634,69637,239914,229,150
543685,69646,239938,229,150
543735,69650,239965,229,150
543790,69656,239986,229,150
543840,69662,240009,229,150
543891,69669,240032,229,150
543944,69677,240051,229,150
543994,69682,240087,229,150
544046,69687,240106,229,150
544099,69694,240126,229,150
544150,69699,240153,229,150
544200,69704,240180,229,150
544254,69710,240210,229,150
544307,69715,240234,229,150
544358,69720,240258,229,150
544409,69728,240290,229,150
544460,69733,240306,229,150
544510,69739,240329,229,150
544560,69746,240353,229,150
544611,69751,240370,229,150
544664,69757,240392,229,150
544714,69761,240407,229,150
544767,69768,240430,229,150
544818,69775,240459,229,150
544869,69782,240477,229,150
544920,69786,240499,229,150
544971,69792,240522,229,150
545024,69796,240553,229,150
545074,69801,240572,229,150
545124,69807,240596,229,150
545176,69813,240623,229,150
545230,69820,240649,229,150
545282,69826,240675,229,150
545333,69833,240696,229,150
545383,69839,240727,229,150
545433,69845,240793,229,150
545484,69850,240816,229,150
545538,69858,240835,229,149
545588,69864,240852,229,150
545638,69871,240876,229,150
545688,69880,240893,229,150
545740,69888,240913,229,150
545790,69894,240941,229,150
545840,69903,240961,229,150
545892,69907,240979,229,150
545942,69916,241011,229,150
545993,69921,241028,229,150
546046,69927,241054,229,150
546096,69933,241074,229,149
546147,69940,241097,229,150
546197,69945,241120,229,150
546253,69951,241149,229,150
546305,69957,241172,229,150
546355,69965,241190,229,150
546407,69971,241208,229,150
546458,69979,241233,229,150
546508,69987,241250,229,150
546558,69993,241278,229,150
546610,69998,241308,229,150
546661,70003,241329,229,150
546716,70012,241352,229,150
546767,70019,241368,229,150
546818,70028,241395,229,150
546869,70034,241410,229,150
546920,70040,241433,229,150
546971,70050,241452,229,150
547021,70055,241472,229,150
547071,70062,241496,229,150
547124,70071,241518,229,150
547175,70076,241538,229,150
547225,70084,241570,229,150
547275,70091,241585,229,150
547326,70097,241604,229,150
547380,70104,241628,229,150
547430,70110,241645,229,150
547480,70116,241677,229,150
547533,70125,241697,229,150
547587,70131,241719,229,150
547639,70138,241746,229,150
547690,70143,241783,229,150
547741,70150,241805,229,150
547791,70155,241817,229,150
547843,70161,241844,229,150
547896,70168,241870,229,150
547947,70174,241889,229,150
548002,70183,241912,229,149
548055,70191,241932,229,150
548105,70198,241954,229,150
548155,70204,241980,229,150
548205,70209,242001,229,150
548257,70216,242021,229,149
548309,70224,242043,229,150
548361,70232,242064,229,150
548412,70238,242088,229,150
548462,70245,242109,229,150
548513,70253,242130,229,150
548563,70259,242194,229,150
548613,70265,242220,229,150
548663,70270,242246,229,150
548713,70276,242259,229,150
548764,70284,242274,229,150
548814,70290,242308,229,150
548870,70298,242326,229,150
548920,70304,242353,229,150
548971,70312,242376,229,150
549021,70317,242396,229,150
549071,70325,242419,229,150
549121,70332,242440,229,150
549173,70340,242463,229,150
549223,70345,242486,229,150
549283,70351,242506,229,149
549333,70361,242519,229,150
549383,70366,242540,229,150
549435,70375,242560,229,150
549487,70380,242632,229,150
549538,70386,242649,229,150
549594,70393,242674,229,149
549645,70401,242688,229,150
549696,70406,242708,229,150
549753,70413,242722,229,149
549804,70421,242737,229,150
549854,70427,242764,229,150
549904,70433,242791,229,149
549955,70443,242803,229,150
550005,70449,242824,229,150
550059,70454,242849,229,150
550109,70464,242865,229,150
550166,70471,242889,229,149
550217,70479,242910,229,150
550268,70485,242930,229,150
550318,70492,242949,229,150
550368,70496,242983,229,150
550418,70501,243014,229,150
550475,70509,243035,229,150
550530,70515,243054,229,150
550581,70524,243075,229,150
550632,70529,243097,229,150
550683,70535,243113,229,150
550733,70540,243141,229,150
550783,70545,243168,229,150
550834,70552,243190,229,150
550884,70557,243218,229,150
550939,70566,243236,229,150
550997,70574,243258,229,150
551047,70580,243276,229,150
551098,70586,243304,229,150
551150,70593,243332,229,150
551201,70599,243351,229,150
551251,70607,243361,229,150
551302,70613,243375,229,150
551353,70621,243385,229,150
551404,70628,243407,229,150
551455,70632,243429,229,150
551508,70638,243450,229,150
551566,70645,243477,229,150
551616,70652,243495,229,150
551666,70657,243518,229,150
551716,70664,243533,229,150
551769,70670,243554,229,150
551819,70675,243583,229,150
551870,70682,243604,229,150
551922,70689,243622,229,150
551973,70697,243645,229,150
552023,70702,243673,229,150
552073,70711,243705,229,150
552126,70716,243729,229,150
552176,70721,243751,229,150
552228,70725,243766,229,150
552282,70730,243785,229,150
552333,70735,243816,229,150
552384,70741,243836,229,150
552434,70745,243869,229,150
552484,70753,243886,229,150
552539,70760,243901,229,150
552589,70768,243923,229,150
552640,70774,243945,229,150
552691,70781,243960,229,150
552742,70788,243971,229,150
552792,70795,243998,229,150
552845,70801,244023,229,150
552895,70807,244040,229,150
552947,70814,244056,229,150
552997,70821,244075,229,150
553049,70828,244109,229,150
553099,70833,244126,229,150
553151,70839,244146,229,150
553206,70847,244175,229,150
553257,70852,244195,229,150
553308,70858,244221,229,150
553358,70865,244247,229,150
553408,70873,244266,229,150
553462,70880,244291,229,149
553512,70886,244323,229,150
553565,70891,244349,229,150
553617,70898,244365,229,150
553667,70903,244391,229,150
553718,70907,244416,229,150
553771,70913,244440,229,150
553821,70918,244462,229,150
553877,70925,244477,229,149
553927,70931,244492,229,150
553977,70938,244514,229,150
554027,70945,244534,229,150
554077,70951,244558,229,150
554127,70956,244632,229,150
554180,70963,244657,229,150
554231,70968,244674,229,150
554282,70973,244706,229,150
554332,70981,244728,229,150
554383,70987,244748,229,150
554436,70995,244766,229,150
554486,71003,244777,229,150
554537,71009,244797,229,150
554592,71016,244815,229,150
554642,71021,244837,229,150
554695,71025,244854,229,150
554745,71032,244874,229,150
554796,71037,244899,229,150
554848,71044,244916,229,150
554898,71049,244934,229,150
554948,71054,244959,229,150
554998,71061,244972,229,150
555048,71067,244990,229,150
555100,71074,245013,229,150
555150,71081,245031,229,150
555201,71088,245051,229,150
555251,71094,245070,229,150
555302,71100,245087,229,150
555353,71106,245105,229,150
555403,71114,245123,229,150
555453,71121,245146,229,150
555504,71128,245161,229,150
555555,71134,245185,229,150
555610,71139,245208,229,150
555665,71145,245232,229,150
555718,71150,245252,229,150
555771,71155,245270,229,150
555822,71159,245303,229,150
555875,71164,245335,229,150
555927,71168,245358,229,150
555979,71175,245377,229,150
556029,71183,245402,229,150
556079,71189,245417,229,150
556129,71195,245447,229,150
556181,71201,245466,229,150
556231,71208,245485,229,150
556281,71212,245525,229,150
556331,71218,245545,229,149
556383,71225,245563,229,150
556437,71230,245586,229,150
556488,71236,245603,229,149
556539,71245,245623,229,150
556590,71251,245640,229,150
556643,71258,245656,229,150
556693,71266,245681,229,150
556747,71272,245706,229,150
556799,71282,245729,229,150
556849,71287,245753,229,150
556899,71294,245779,229,150
556949,71304,245801,229,150
556999,71311,245827,229,150
557049,71316,245869,229,150
557106,71323,245886,229,149
557156,71330,245902,229,150
557207,71335,245922,229,150
557259,71342,245943,229,150
557309,71348,245967,229,150
557360,71352,245995,229,150
557410,71359,246016,229,150
557461,71366,246038,229,150
557511,71371,246068,229,150
557561,71378,246082,229,150
557614,71384,246148,229,149
557665,71391,246169,229,150
557716,71397,246186,229,150
557766,71405,246209,229,150
557817,71409,246234,229,150
557867,71416,246256,229,150
557917,71423,246277,229,150
557968,71429,246305,229,150
558020,71434,246328,229,150
558070,71439,246342,229,150
558125,71445,246373,229,149
558175,71452,246394,229,150
558226,71459,246411,229,150
558278,71465,246433,229,150
558328,71470,246453,229,150
558379,71475,246473,229,150
558430,71481,246550,229,150
558482,71485,246580,229,150
558532,71493,246599,229,150
558582,71498,246619,229,150
558632,71503,246646,229,150
558682,71508,246667,229,150
558732,71516,246692,229,150
558784,71523,246706,229,150
558834,71530,246727,229,150
558887,71536,246752,229,150
558938,71542,246779,229,150
558989,71549,246797,229,150
559039,71555,246823,229,150
559089,71561,246853,229,150
559140,71570,246868,229,150
559193,71576,246892,229,150
559243,71583,246912,229,150
559294,71589,246933,229,150
559348,71595,246953,229,150
559398,71600,246978,229,150
559449,71606,246995,229,150
559499,71611,247014,229,150
559549,71616,247045,229,150
559600,71623,247060,229,150
559650,71629,247085,229,150
559700,71635,247106,229,150
559751,71640,247128,229,150
559801,71648,247137,229,150
559851,71655,247164,229,150
559901,71660,247186,229,150
559951,71667,247206,229,150
560002,71673,247228,229,150
560054,71682,247251,229,150
560104,71687,247277,229,150
560154,71692,247298,229,150
560204,71699,247332,229,150
560256,71705,247355,229,150
560311,71712,247377,229,149
560362,71721,247401,229,150
560412,71725,247419,229,150
560462,71731,247439,229,150
560512,71738,247458,229,150
560564,71745,247473,229,150
560614,71753,247493,229,150
560665,71760,247516,229,150
560717,71766,247539,229,150
560767,71773,247552,229,150
560817,71778,247575,229,150
560867,71783,247591,229,150
560922,71790,247613,229,150
560972,71801,247632,229,150
561022,71807,247651,229,150
561072,71812,247675,229,150
561123,71818,247701,229,150
561173,71824,247722,229,150
561226,71830,247742,229,150
561276,71837,247763,229,149
561328,71846,247777,229,150
561378,71853,247796,229,150
561429,71860,247808,229,150
561483,71868,247837,229,150
561533,71874,247864,229,150
561584,71881,247888,229,150
561634,71888,247904,229,150
561684,71894,247918,229,150
561735,71901,247945,229,150
561786,71906,247976,229,150
561839,71913,248002,229,150
561890,71918,248024,229,149
561940,71924,248043,229,150
561992,71932,248056,229,150
562044,71937,248079,229,150
562094,71942,248098,229,150
562144,71946,248126,229,150
562197,71952,248141,229,150
562252,71959,248154,229,149
562303,71966,248174,229,150
562354,71973,248197,229,150
562407,71980,248218,229,150
562463,71986,248243,229,150
562514,71994,248271,229,150
562564,71999,248299,229,150
562616,72005,248329,229,150
562666,72012,248352,229,150
562716,72017,248373,229,150
562767,72024,248398,229,150
562817,72029,248431,229,150
562872,72035,248451,229,149
562922,72041,248477,229,150
562976,72047,248493,229,150
563029,72057,248503,229,150
563079,72067,248516,229,150
563131,72071,248542,229,150
563181,72076,248562,229,150
563233,72083,248577,229,150
563283,72091,248607,229,150
563334,72098,248623,229,150
563387,72103,248657,229,150
563439,72111,248681,229,150
563489,72117,248699,229,150
563539,72122,248723,229,150
563590,72128,248744,229,150
563640,72137,248769,229,150
563690,72141,248796,229,150
563740,72148,248825,229,150
563790,72153,248848,229,150
563846,72160,248869,229,150
563899,72166,248887,229,150
563949,72171,248913,229,150
564000,72177,248928,229,150
564052,72184,248950,229,150
564102,72191,248961,229,150
564152,72201,248986,229,150
564202,72205,249006,229,150
564252,72213,249025,229,150
564303,72218,249048,229,150
564355,72225,249074,229,150
564406,72230,249104,229,150
564456,72235,249125,229,150
564506,72242,249154,229,150
564558,72247,249182,229,150
564608,72252,249196,229,150
564658,72257,249212,229,150
564708,72263,249239,229,150
564758,72269,249259,229,150
564808,72277,249274,229,149
564858,72282,249306,229,150
564908,72290,249328,229,150
564959,72297,249351,229,150
565011,72303,249374,229,150
565062,72309,249393,229,150
565115,72314,249419,229,150
565165,72321,249441,229,150
565215,72325,249465,229,150
565266,72331,249485,229,150
565316,72336,249517,229,150
565366,72343,249537,229,150
565419,72349,249562,229,148
565469,72357,249584,229,150
565521,72364,249606,229,150
565571,72371,249616,229,150
565621,72375,249646,229,150
565671,72381,249658,229,150
565725,72386,249680,229,150
565778,72391,249709,229,150
565830,72396,249729,229,147
565881,72403,249742,229,150
565934,72408,249759,229,150
565991,72419,249782,229,149
566042,72425,249847,229,150
566094,72429,249874,229,150
566144,72435,249899,229,150
566196,72443,249914,229,150
566246,72448,249931,229,150
566298,72456,249954,229,150
566353,72462,249980,229,150
566405,72469,250005,229,150
566456,72476,250031,229,150
566506,72482,250052,229,150
566557,72491,250068,229,150
566607,72497,250131,229,150
566657,72503,250162,229,150
566708,72512,250186,229,150
566758,72520,250209,229,150
566810,72526,250229,229,150
566860,72531,250255,229,150
566910,72537,250282,229,150
566961,72543,250308,229,150
567011,72548,250334,229,150
567064,72554,250358,229,150
567114,72560,250375,229,150
567167,72566,250393,229,150
567218,72571,250412,229,150
567270,72576,250441,229,150
567321,72582,250469,229,150
567371,72587,250493,229,150
567421,72591,250515,229,150
567471,72596,250527,229,150
567521,72602,250549,229,150
567571,72607,250564,229,150
567621,72613,250587,229,150
567674,72619,250608,229,150
567724,72623,250632,229,150
567774,72629,250663,229,150
567827,72636,250683,229,149
567879,72641,250714,229,149
567929,72649,250736,229,150
567981,72654,250757,229,150
568032,72660,250789,229,150
568082,72666,250813,229,150
568132,72672,250830,229,150
568182,72678,250851,229,150
568232,72682,250881,229,150
568282,72689,250911,229,150
568335,72695,250937,229,150
568390,72704,250950,229,150
568442,72710,250976,229,150
568493,72719,250996,229,150
568547,72723,251027,229,150
568597,72730,251052,229,150
568648,72735,251081,229,150
568698,72742,251100,229,150
568754,72749,251124,229,149
568804,72755,251148,229,150
568854,72760,251174,229,150
568904,72764,251191,229,150
568959,72772,251212,229,149
569010,72781,251238,229,150
569060,72788,251257,229,150
569111,72794,251289,229,150
569162,72800,251307,229,150
569213,72807,251323,229,150
569263,72812,251349,229,150
569315,72819,251377,229,150
569367,72827,251398,229,150
569417,72834,251418,229,150
569470,72843,251441,229,150
569524,72851,251466,229,150
569576,72857,251482,229,150
569627,72861,251494,229,150
569683,72866,251509,229,150
569734,72874,251535,229,150
569784,72880,251552,229,150
569837,72887,251574,229,150
569890,72893,251596,229,150
569940,72901,251625,229,150
569995,72907,251656,229,150
570045,72913,251672,229,150
570096,72920,251691,229,150
570147,72927,251713,229,150
570198,72932,251728,229,150
570248,72939,251748,229,150
570298,72944,251767,229,150
570348,72949,251796,229,150
570401,72957,251812,229,150
570453,72962,251843,229,150
570503,72968,251869,229,150
570555,72977,251881,229,150
570606,72984,251896,229,149
570657,72989,251924,229,150
570707,72994,251942,229,150
570758,73001,251964,229,150
570808,73007,251989,229,150
570858,73012,252016,229,150
570908,73018,252032,229,150
570958,73023,252061,229,150
571008,73029,252082,229,150
571058,73034,252106,229,150
571108,73038,252133,229,150
571160,73045,252151,229,150
571211,73050,252171,229,150
571261,73057,252191,229,150
571311,73064,252216,229,150
571367,73073,252233,229,150
571418,73078,252257,229,150
571468,73084,252274,229,150
571521,73090,252291,229,150
571571,73096,252313,229,150
571627,73103,252328,229,150
571681,73114,252351,229,150
571733,73122,252383,229,150
571783,73129,252417,229,150
571835,73134,252440,229,150
571885,73141,252461,229,150
571935,73147,252491,229,150
571985,73153,252515,229,150
572043,73161,252538,229,150
572094,73169,252571,229,150
572147,73174,252594,229,150
572200,73181,252607,229,149
572251,73189,252631,229,150
572302,73196,252648,229,150
572355,73202,252661,229,150
572405,73208,252675,229,150
572460,73214,252708,229,150
572510,73221,252730,229,150
572561,73230,252757,229,150
572611,73235,252780,229,150
572663,73241,252804,229,149
572713,73247,252817,229,150
572764,73251,252840,229,150
572814,73257,252872,229,150
572866,73264,252891,229,150
572918,73271,252911,229,150
572968,73276,252930,229,150
573018,73282,252956,229,150
573070,73291,252970,229,150
573122,73297,252998,229,150
573172,73305,253022,229,150
573222,73311,253037,229,150
573273,73318,253065,229,150
573324,73323,253092,229,150
573374,73330,253112,229,150
573425,73336,253129,229,150
573476,73342,253157,229,150
573526,73349,253173,229,150
573576,73353,253207,229,150
573626,73361,253222,229,150
573676,73367,253248,229,150
573730,73377,253269,229,150
573783,73382,253288,229,150
573833,73389,253301,229,150
573886,73397,253315,229,150
573936,73404,253340,229,150
573986,73408,253365,229,150
574038,73414,253383,229,150
574096,73421,253410,229,150
574151,73428,253429,229,150
574201,73435,253456,229,146
574253,73444,253476,229,150
574308,73453,253495,229,149
574360,73459,253519,229,150
574415,73466,253534,229,149
574465,73472,253558,229,150
574515,73479,253584,229,150
574565,73486,253598,229,150
574615,73490,253613,229,150
574671,73497,253623,229,149
574722,73504,253642,229,150
574775,73511,253661,229,150
574828,73519,253685,229,149
574882,73526,253713,229,150
574934,73532,253731,229,150
574985,73538,253763,229,150
575036,73546,253775,229,150
575090,73553,253795,229,149
575144,73560,253812,229,150
575197,73566,253829,229,150
575249,73575,253849,229,150
575299,73581,253869,229,150
575351,73590,253888,229,149
575402,73597,253911,229,150
575452,73603,253930,229,150
575506,73614,253950,229,150
575560,73621,253969,229,150
575611,73625,253991,229,150
575663,73631,254010,229,150
575716,73640,254026,229,150
575769,73647,254042,229,150
575819,73653,254053,229,150
575871,73657,254076,229,150
575922,73666,254099,229,148
575972,73674,254111,229,150
576022,73679,254129,229,150
576072,73685,254152,229,150
576122,73692,254172,229,150
576174,73699,254196,229,150
576224,73705,254225,229,150
576277,73710,254246,229,150
576327,73715,254269,229,150
576377,73721,254279,229,150
576428,73728,254306,229,150
576478,73735,254318,229,150
576528,73741,254335,229,150
576583,73746,254356,229,150
576634,73753,254375,229,150
576693,73760,254399,229,150
576746,73766,254418,229,149
576799,73773,254446,229,150
576850,73779,254466,229,150
576906,73786,254486,229,149
576956,73793,254507,229,150
577006,73803,254527,229,150
577056,73808,254542,229,150
577108,73816,254566,229,150
577160,73825,254583,229,150
577210,73829,254605,229,150
577261,73834,254626,229,150
577313,73840,254647,229,150
577364,73847,254682,229,150
577415,73854,254710,229,150
577466,73860,254729,229,150
577520,73865,254760,229,150
577577,73876,254774,229,150
577627,73881,254841,229,150
577681,73889,254867,229,150
577732,73896,254884,229,150
577782,73902,254904,229,149
577833,73908,254927,229,150
577885,73913,254954,229,150
577937,73924,254979,229,150
577987,73933,254996,229,150
578037,73938,255020,229,150
578087,73946,255034,229,150
578137,73952,255059,229,150
578189,73958,255082,229,150
578242,73965,255103,229,150
578292,73972,255127,229,150
578345,73978,255143,229,150
578399,73985,255168,229,150
578456,73993,255196,229,150
578514,73999,255231,229,150
578565,74005,255252,229,150
578615,74012,255278,229,150
578667,74019,255291,229,150
578717,74026,255312,229,150
578767,74034,255330,229,150
578817,74041,255347,229,150
578867,74048,255359,229,150
578917,74053,255385,229,150
578969,74062,255411,229,150
579023,74067,255423,229,150
579075,74072,255450,229,150
579128,74079,255477,229,150
579178,74086,255509,229,150
579228,74092,255534,229,150
579280,74098,255561,229,150
579330,74106,255585,229,150
579380,74117,255607,229,150
579430,74122,255625,229,150
579483,74132,255647,229,150
579533,74136,255730,229,150
579583,74142,255755,229,150
579633,74148,255777,229,150
579683,74158,255783,229,150
579734,74165,255802,229,150
579784,74171,255829,229,150
579836,74177,255854,229,150
579886,74190,255869,229,148
579936,74198,255886,229,149
579992,74205,255898,229,150
580042,74210,255920,229,150
580097,74217,255947,229,150
580148,74227,255967,229,150
580200,74233,255987,229,150
580250,74238,256014,229,150
580306,74245,256033,229,150
580356,74251,256055,229,150
580406,74257,256072,229,150
580456,74263,256097,229,150
580506,74271,256123,229,150
580556,74280,256137,229,150
580607,74286,256160,229,150
580657,74290,256179,229,150
580709,74297,256193,229,150
580759,74304,256216,229,150
580809,74310,256234,229,150
580861,74316,256257,229,150
580912,74322,256281,229,150
580962,74327,256300,229,150
581012,74334,256321,229,150
581062,74339,256344,229,150
581112,74346,256362,229,150
581163,74353,256383,229,149
581214,74359,256403,229,150
581266,74365,256427,229,150
581318,74370,256447,229,149
581368,74377,256471,229,150
581420,74382,256490,229,150
581474,74388,256512,229,150
581524,74393,256540,229,150
581574,74400,256568,229,150
581624,74406,256583,229,150
581674,74412,256604,229,150
581725,74418,256626,229,150
581775,74423,256640,229,150
581827,74428,256667,229,150
581877,74434,256700,229,150
581927,74440,256726,229,150
581977,74446,256752,229,150
582030,74450,256776,229,150
582081,74459,256804,229,150
582136,74468,256826,229,150
582187,74474,256841,229,150
582238,74479,256855,229,150
582292,74484,256880,229,150
582343,74490,256904,229,149
582393,74499,256922,229,150
582444,74506,256946,229,150
582495,74512,256965,229,150
582547,74520,256982,229,150
582599,74527,256995,229,149
582649,74537,257013,229,150
582699,74542,257037,229,150
582749,74549,257048,229,150
582799,74553,257086,229,150
582849,74560,257114,229,150
582901,74568,257132,229,150
582952,74579,257156,229,150
583010,74588,257181,229,149
583061,74598,257190,229,150
583111,74603,257226,229,150
583163,74608,257245,229,150
583215,74616,257262,229,150
583266,74623,257279,229,150
583316,74629,257307,229,150
583366,74634,257330,229,150
583416,74639,257348,229,150
583469,74646,257370,229,150
583520,74653,257383,229,150
583571,74657,257412,229,150
583621,74665,257435,229,150
583671,74669,257454,229,150
583722,74674,257478,229,150
583774,74681,257496,229,150
583824,74690,257511,229,150
583875,74697,257542,229,150
583925,74704,257566,229,150
583978,74710,257582,229,150
584028,74715,257610,229,150
584078,74723,257635,229,150
584128,74729,257659,229,150
584178,74736,257678,229,150
584229,74746,257700,229,150
584281,74751,257730,229,150
584332,74758,257760,229,150
584382,74765,257779,229,150
584432,74771,257807,229,150
584483,74776,257820,229,150
584534,74782,257847,229,150
584584,74789,257862,229,150
584635,74796,257880,229,150
584688,74805,257899,229,149
584739,74812,257931,229,150
584789,74819,257946,229,150
584839,74827,257976,229,150
584891,74832,257993,229,150
584942,74842,258006,229,150
584992,74850,258026,229,150
585043,74857,258046,229,150
585093,74863,258074,229,150
585143,74871,258092,229,150
585196,74878,258112,229,150
585246,74883,258137,229,150
585296,74889,258168,229,150
585347,74894,258193,229,150
585397,74904,258208,229,149
585455,74911,258228,229,150
585505,74919,258245,229,150
585555,74925,258264,229,150
585605,74931,258295,229,150
585655,74937,258315,229,150
585708,74947,258332,229,150
585758,74955,258354,229,150
585809,74961,258371,229,150
585859,74966,258384,229,150
585909,74974,258397,229,150
585960,74979,258420,229,150
586010,74985,258455,229,150
586060,74991,258487,229,150
586110,74997,258506,229,150
586160,75004,258528,229,150
586210,75010,258554,229,150
586261,75016,258576,229,150
586314,75022,258599,229,149
586367,75028,258625,229,150
586417,75034,258644,229,150
586470,75043,258668,229,150
586521,75048,258690,229,150
586571,75054,258707,229,150
586621,75061,258732,229,150
586671,75070,258748,229,150
586721,75078,258781,229,150
586772,75083,258808,229,150
586822,75088,258830,229,150
586872,75096,258853,229,150
586922,75103,258871,229,150
586972,75111,258890,229,149
587022,75121,258909,229,150
587072,75128,258924,229,150
587123,75134,258953,229,150
587179,75140,258979,229,150
587234,75146,258997,229,149
587288,75152,259021,229,150
587338,75161,259036,229,150
587388,75167,259067,229,150
587439,75173,259086,229,150
587489,75181,259099,229,150
587542,75188,259123,229,150
587592,75194,259138,229,149
587646,75202,259160,229,150
587697,75209,259188,229,150
587747,75214,259206,229,150
587798,75222,259219,229,150
587849,75229,259246,229,150
587903,75236,259260,229,150
587959,75243,259281,229,149
588012,75250,259299,229,150
588062,75256,259323,229,150
588113,75264,259345,229,150
588163,75270,259370,229,150
588214,75276,259391,229,150
588267,75283,259408,229,150
588318,75292,259425,229,150
588369,75302,259447,229,150
588420,75308,259465,229,150
588470,75313,259483,229,150
588523,75318,259505,229,150
588573,75325,259523,229,150
588623,75330,259545,229,150
588673,75336,259566,229,150
588725,75342,259592,229,150
588775,75347,259618,229,150
588826,75353,259639,229,150
588879,75361,259664,229,150
588929,75367,259688,229,150
588981,75373,259716,229,150
589031,75379,259744,229,150
589084,75385,259768,229,150
589134,75392,259793,229,150
589184,75398,259816,229,150
589234,75403,259851,229,150
589285,75409,259874,229,150
589337,75417,259889,229,150
589388,75422,259916,229,150
589439,75429,259937,229,150
589492,75434,259955,229,150
589542,75441,259979,229,150
589595,75447,260000,229,150
589648,75454,260018,229,150
589701,75461,260050,229,150
589752,75468,260070,229,150
589802,75473,260087,229,150
589852,75480,260113,229,150
589903,75488,260137,229,150
589954,75494,260164,229,150
590004,75500,260183,229,150
590054,75507,260210,229,150
590104,75514,260273,229,150
590155,75521,260295,229,150
590205,75530,260311,229,150
590256,75539,260325,229,150
590306,75545,260339,229,150
590359,75552,260353,229,150
590409,75559,260365,229,150
590465,75568,260389,229,150
590515,75575,260409,229,150
590565,75581,260428,229,150
590615,75588,260456,229,150
590670,75596,260479,229,150
590721,75603,260514,229,150
590773,75610,260533,229,150
590823,75616,260555,229,150
590875,75623,260574,229,150
590931,75629,260594,229,150
590981,75635,260616,229,150
591032,75642,260642,229,150
591083,75648,260658,229,150
591133,75653,260679,229,150
591184,75658,260704,229,150
591234,75664,260727,229,150
591284,75673,260745,229,150
591336,75680,260758,229,150
591387,75685,260789,229,150
591438,75692,260808,229,150
591488,75700,260828,229,150
591538,75704,260859,229,150
591588,75714,260879,229,150
591638,75719,260901,229,150
591688,75726,260922,229,150
591740,75731,260954,229,150
591791,75741,260967,229,150
591841,75745,260992,229,150
591891,75752,261010,229,150
591942,75760,261030,229,150
591993,75766,261046,229,150
592043,75773,261068,229,150
592093,75778,261092,229,150
592143,75784,261129,229,150
592193,75789,261153,229,150
592245,75795,261183,229,150
592295,75804,261195,229,150
592348,75809,261229,229,150
592400,75816,261260,229,150
592450,75821,261280,229,150
592500,75827,261299,229,150
592553,75834,261315,229,150
592604,75841,261339,229,150
592654,75848,261361,229,150
592704,75856,261390,229,150
592757,75861,261417,229,150
592807,75868,261442,229,150
592857,75872,261509,229,150
592909,75880,261526,229,150
592962,75885,261550,229,150
593012,75890,261574,229,150
593064,75895,261590,229,150
593118,75902,261615,229,150
593170,75912,261632,229,150
593220,75917,261660,229,150
593270,75922,261686,229,150
593320,75927,261705,229,150
593370,75933,261724,229,150
593421,75942,261746,229,150
593472,75950,261761,229,150
593522,75957,261788,229,150
593572,75966,261801,229,150
593626,75971,261827,229,150
593676,75978,261839,229,150
593726,75984,261865,229,150
593776,75988,261886,229,150
593827,75997,261906,229,150
593878,76002,261930,229,150
593928,76009,261963,229,150
593978,76018,261985,229,150
594029,76022,262017,229,150
594079,76030,262032,229,149
594130,76038,262050,229,150
594185,76048,262078,229,149
594235,76054,262099,229,150
594285,76063,262121,229,150
594335,76069,262151,229,150
594386,76080,262216,229,150
594436,76087,262236,229,150
594487,76092,262256,229,150
594542,76098,262282,229,150
594593,76105,262302,229,150
594643,76113,262328,229,150
594694,76119,262351,229,150
594745,76124,262373,229,150
594795,76129,262396,229,150
594847,76135,262421,229,150
594905,76144,262438,229,150
594955,76150,262455,229,150
595005,76156,262476,229,150
595059,76162,262497,229,150
595109,76168,262519,229,150
595160,76174,262543,229,150
595211,76179,262568,229,150
595263,76186,262593,229,150
595314,76193,262621,229,150
595365,76201,262646,229,150
595415,76209,262662,229,150
595465,76213,262690,229,150
595515,76222,262713,229,150
595565,76228,262787,229,150
595615,76235,262807,229,150
595665,76242,262826,229,150
595715,76247,262849,229,150
595766,76254,262866,229,150
595818,76260,262879,229,150
595868,76264,262909,229,150
595923,76272,262933,229,150
595974,76279,262950,229,150
596025,76284,262976,229,150
596075,76289,263004,229,150
596128,76295,263020,229,150
596181,76306,263039,229,150
596233,76312,263066,229,150
596285,76319,263087,229,150
596335,76325,263115,229,150
596391,76332,263142,229,150
596445,76338,263169,229,149
596499,76344,263196,229,150
596549,76350,263219,229,150
596601,76358,263244,229,150
596651,76365,263269,229,150
596703,76373,263297,229,150
596760,76381,263314,229,150
596811,76388,263327,229,150
596863,76398,263344,229,150
596913,76404,263356,229,148
596963,76413,263370,229,150
597014,76421,263398,229,150
597065,76427,263424,229,150
597115,76433,263446,229,150
597166,76440,263464,229,150
597216,76445,263488,229,150
597271,76450,263509,229,150
597321,76454,263520,229,150
597371,76459,263540,229,150
597423,76464,263571,229,150
597473,76469,263604,229,150
597523,76475,263675,229,150
597573,76481,263700,229,150
597625,76490,263727,229,150
597675,76494,263752,229,150
597725,76501,263776,229,150
597778,76507,263801,229,150
597828,76514,263824,229,150
597880,76521,263847,229,150
597930,76527,263868,229,150
597983,76533,263890,229,149
598033,76539,263915,229,150
598085,76549,263927,229,150
598135,76554,263949,229,150
598189,76562,263961,229,149
598241,76569,263988,229,150
598291,76575,264009,229,150
598342,76582,264029,229,150
598393,76588,264054,229,150
598446,76593,264087,229,150
598502,76601,264114,229,150
598553,76608,264144,229,150
598603,76617,264165,229,150
598654,76622,264193,229,150
598704,76628,264208,229,150
598756,76637,264221,229,150
598807,76644,264235,229,149
598858,76650,264264,229,150
598911,76659,264284,229,150
598962,76665,264309,229,150
599016,76669,264337,229,149
599067,76677,264358,229,150
599123,76685,264386,229,149
599177,76692,264395,229,150
599229,76702,264418,229,150
599279,76707,264450,229,150
599329,76720,264471,229,150
599379,76726,264493,229,150
599429,76732,264517,229,150
599479,76737,264542,229,150
599530,76742,264557,229,150
599581,76748,264574,229,150
599631,76754,264595,229,150
599682,76762,264624,229,150
599732,76770,264652,229,150
599782,76775,264679,229,150
599833,76782,264705,229,150
599883,76790,264723,229,150
599933,76798,264742,229,150
599984,76802,264764,229,150
600035,76808,264790,229,150
600085,76815,264811,229,150
600138,76825,264827,229,150
600188,76830,264856,229,150
600238,76837,264882,229,150
600288,76844,264909,229,150
600340,76851,264924,229,150
600391,76858,264950,229,150
600443,76867,264982,229,150
600499,76877,265006,229,150
600549,76884,265029,229,150
600599,76889,265048,229,150
600649,76893,265075,229,150
600699,76902,265101,229,150
600749,76907,265120,229,150
600800,76912,265141,229,150
600851,76916,265166,229,150
600902,76923,265184,229,150
600952,76931,265204,229,150
601002,76937,265221,229,150
601052,76943,265239,229,150
601102,76950,265271,229,150
601152,76957,265297,229,149
601203,76965,265320,229,150
601253,76971,265346,229,150
601304,76976,265359,229,150
601354,76980,265385,229,150
601406,76986,265404,229,150
601458,76991,265429,229,150
601508,76998,265447,229,150
601558,77003,265470,229,150
601609,77010,265483,229,150
601660,77016,265492,229,150
601711,77022,265523,229,150
601761,77027,265544,229,150
601811,77031,265566,229,150
601861,77038,265601,229,150
601911,77045,265633,229,150
601962,77052,265657,229,150
602014,77057,265675,229,150
602064,77062,265695,229,150
602115,77068,265722,229,150
602165,77077,265743,229,150
602215,77082,265767,229,150
602265,77088,265797,229,150
602316,77093,265827,229,150
602368,77099,265853,229,149
602422,77108,265875,229,150
602472,77113,265900,229,150
602522,77119,265935,229,150
602573,77126,265975,229,150
602624,77131,265994,229,150
602675,77139,266025,229,150
602725,77144,266044,229,150
602778,77149,266069,229,150
602828,77156,266084,229,150
602878,77164,266107,229,150
602928,77171,266137,229,150
602979,77175,266158,229,150
603029,77181,266182,229,150
603084,77188,266206,229,150
603134,77195,266233,229,150
603186,77198,266267,229,150
603236,77208,266286,229,150
603286,77214,266299,229,150
603337,77221,266316,229,150
603387,77228,266335,229,150
603440,77233,266357,229,150
603494,77240,266374,229,150
603545,77245,266398,229,150
603595,77254,266424,229,150
603647,77260,266440,229,150
603698,77266,266479,229,150
603748,77272,266499,229,150
603799,77279,266514,229,150
603851,77287,266532,229,150
603904,77291,266556,229,150
603954,77299,266574,229,150
604006,77307,266595,229,150
604060,77313,266614,229,150
604110,77318,266643,229,150
604164,77325,266660,229,150
604215,77329,266686,229,150
604267,77338,266706,229,150
604325,77343,266724,229,150
604375,77352,266749,229,150
604426,77359,266759,229,150
604477,77368,266788,229,150
604527,77373,266813,229,150
604579,77380,266836,229,149
604629,77386,266857,229,150
604682,77390,266877,229,150
604732,77396,266895,229,150
604784,77402,266923,229,150
604834,77408,266946,229,150
604890,77414,266965,229,150
604942,77419,266986,229,147
604992,77429,267004,229,150
605043,77434,267030,229,150
605096,77442,267062,229,150
605147,77448,267083,229,150
605198,77455,267105,229,150
605248,77460,267129,229,150
605299,77466,267149,229,150
605349,77472,267172,229,150
605399,77479,267249,229,150
605452,77484,267275,229,150
605504,77495,267291,229,149
605555,77501,267316,229,150
605606,77508,267335,229,149
605657,77518,267351,229,150
605708,77525,267373,229,150
605760,77531,267396,229,150
605814,77540,267411,229,150
605865,77545,267437,229,150
605919,77550,267462,229,150
605969,77555,267489,229,150
606022,77562,267508,229,150
606072,77569,267519,229,149
606124,77576,267541,229,150
606176,77581,267558,229,150
606227,77586,267589,229,150
606280,77593,267606,229,150
606332,77597,267626,229,150
606382,77605,267652,229,150
606432,77611,267673,229,150
606482,77617,267697,229,150
606533,77623,267722,229,150
606583,77632,267743,229,150
606633,77639,267765,229,150
606684,77644,267781,229,150
606734,77649,267811,229,150
606787,77659,267827,229,150
606838,77665,267853,229,150
606888,77671,267877,229,150
606938,77679,267897,229,150
606988,77684,267921,229,148
607038,77692,267940,229,150
607089,77699,267960,229,150
607140,77705,267987,229,150
607190,77713,268012,229,150
607242,77722,268034,229,150
607292,77728,268055,229,150
607344,77732,268078,229,150
607394,77740,268099,229,150
607444,77746,268126,229,150
607496,77751,268146,229,150
607546,77757,268168,229,150
607599,77767,268200,229,150
607651,77775,268230,229,150
607701,77781,268259,229,150
607762,77787,268282,229,149
607813,77796,268298,229,150
607863,77803,268312,229,150
607914,77812,268338,229,150
607967,77818,268364,229,150
608017,77823,268389,229,150
608068,77830,268410,229,150
608119,77836,268438,229,150
608169,77843,268454,229,150
608220,77849,268465,229,150
608270,77854,268485,229,150
608321,77860,268508,229,150
608375,77866,268522,229,150
608428,77874,268546,229,150
608478,77880,268567,229,150
608528,77887,268593,229,150
608578,77892,268617,229,150
608632,77898,268634,229,150
608683,77907,268655,229,150
608734,77914,268683,229,149
608785,77921,268698,229,150
608838,77928,268722,229,150
608892,77936,268737,229,150
608942,77941,268756,229,150
608992,77951,268776,229,150
609049,77956,268805,229,150
609099,77964,268825,229,150
609149,77972,268849,229,150
609202,77979,268865,229,150
609253,77984,268895,229,150
609303,77993,268915,229,150
609353,78001,268941,229,150
609405,78007,268958,229,150
609455,78014,268968,229,150
609507,78020,268991,229,149
609559,78026,269019,229,150
609609,78032,269036,229,150
609659,78038,269061,229,150
609713,78044,269075,229,150
609763,78049,269090,229,150
609813,78055,269118,229,150
609863,78062,269140,229,150
609913,78067,269163,229,150
609964,78073,269186,229,150
610014,78078,269204,229,150
610064,78083,269231,229,150
610118,78089,269264,229,150
610168,78097,269285,229,149
610218,78103,269306,229,150
610268,78111,269332,229,150
610318,78118,269346,229,150
610371,78127,269365,229,149
610423,78134,269392,229,150
610473,78140,269413,229,150
610525,78144,269448,229,150
610576,78149,269474,229,150
610629,78157,269489,229,150
610680,78163,269511,229,150
610733,78171,269526,229,150
610788,78177,269561,229,149
610839,78183,269595,229,150
610889,78189,269614,229,150
610943,78195,269631,229,149
610995,78202,269647,229,150
611045,78212,269670,229,150
611099,78220,269683,229,150
611149,78227,269705,229,150
611199,78232,269730,229,150
611250,78238,269752,229,150
611300,78245,269765,229,150
611353,78253,269790,229,150
611406,78257,269817,229,149
611457,78265,269842,229,150
611510,78272,269859,229,150
611561,78278,269883,229,150
611616,78283,269907,229,150
611667,78291,269925,229,150
611717,78297,269950,229,150
611767,78304,269978,229,150
611819,78312,269996,229,150
611878,78318,270023,229,150
611936,78324,270046,229,150
611988,78329,270070,229,150
612038,78336,270087,229,150
612088,78341,270106,229,150
612138,78347,270124,229,150
612189,78355,270145,229,150
612241,78361,270172,229,150
612292,78368,270185,229,150
612342,78372,270208,229,150
612392,78379,270227,229,150
612442,78387,270247,229,150
612492,78392,270268,229,150
612543,78399,270293,229,148
612597,78408,270307,229,150
612658,78417,270334,229,149
612709,78422,270357,229,150
612760,78428,270371,229,150
612810,78434,270393,229,150
612862,78441,270412,229,150
612916,78447,270434,229,150
612971,78452,270456,229,148
613025,78460,270480,229,150
613076,78466,270494,229,150
613128,78474,270511,229,150
613180,78481,270530,229,150
613238,78489,270546,229,149
613291,78495,270577,229,149
613341,78504,270596,229,150
613391,78513,270620,229,150
613441,78519,270647,229,150
613491,78524,270668,229,150
613541,78529,270686,229,150
613593,78535,270712,229,149
613645,78543,270731,229,150
613695,78549,270760,229,150
613746,78554,270784,229,150
613803,78559,270806,229,149
613858,78568,270829,229,149
613909,78574,270844,229,150
613962,78581,270867,229,150
614013,78587,270894,229,150
614066,78597,270915,229,149
614124,78604,270936,229,150
614175,78612,270954,229,150
614225,78619,270977,229,150
614275,78625,270995,229,150
614326,78630,271018,229,150
614377,78636,271046,229,150
614427,78641,271069,229,150
614478,78648,271098,229,150
614530,78655,271113,229,150
614581,78662,271138,229,150
614639,78669,271160,229,150
614690,78674,271178,229,150
614740,78679,271213,229,150
614790,78687,271228,229,150
614841,78692,271252,229,150
614892,78699,271280,229,150
614942,78705,271299,229,150
614992,78712,271310,229,150
615042,78718,271323,229,150
615092,78724,271338,229,149
615142,78731,271355,229,150
615197,78736,271378,229,149
615247,78743,271405,229,150
615297,78749,271432,229,150
615349,78757,271451,229,150
615402,78765,271468,229,150
615452,78771,271486,229,150
615502,78775,271505,229,150
615552,78782,271530,229,150
615613,78789,271557,229,149
615667,78798,271580,229,150
615719,78804,271597,229,150
615770,78812,271622,229,150
615821,78818,271646,229,150
615871,78823,271672,229,150
615921,78829,271688,229,150
615975,78839,271701,229,150
616030,78844,271728,229,150
616080,78851,271754,229,150
616132,78857,271771,229,150
616185,78862,271802,229,150
616235,78871,271827,229,150
616288,78876,271857,229,150
616339,78884,271873,229,150
616389,78891,271898,229,150
616442,78897,271918,229,150
616492,78905,271940,229,150
616546,78913,271959,229,150
616596,78918,271973,229,150
616648,78923,271995,229,150
616700,78931,272009,229,150
616750,78939,272033,229,150
616800,78945,272060,229,150
616850,78953,272084,229,150
616900,78959,272111,229,150
616950,78965,272130,229,150
617000,78972,272146,229,150
617050,78978,272161,229,150
617102,78984,272182,229,150
617154,78990,272204,229,150
617204,78997,272234,229,150
617257,79005,272245,229,150
617308,79011,272271,229,150
617359,79018,272297,229,150
617409,79025,272314,229,150
617460,79032,272329,229,150
617510,79038,272351,229,150
617560,79045,272366,229,150
617613,79050,272386,229,150
617664,79056,272409,229,150
617717,79065,272424,229,150
617768,79072,272443,229,150
617818,79077,272472,229,150
617870,79082,272503,229,150
617920,79088,272519,229,150
617971,79093,272549,229,150
618025,79104,272569,229,150
618075,79111,272587,229,150
618126,79116,272610,229,150
618178,79121,272637,229,150
618229,79128,272672,229,150
618279,79133,272695,229,150
618329,79142,272702,229,150
618382,79149,272727,229,150
618437,79154,272751,229,150
618487,79161,272762,229,150
618538,79167,272787,229,150
618589,79174,272805,229,150
618639,79179,272829,229,150
618689,79187,272853,229,150
618741,79194,272869,229,150
618797,79205,272892,229,149
618847,79211,272920,229,150
618899,79219,272939,229,150
618950,79227,272965,229,150
619002,79232,272987,229,150
619053,79238,273004,229,150
619110,79243,273028,229,149
619161,79250,273054,229,150
619211,79257,273067,229,150
619261,79263,273082,229,150
619314,79269,273102,229,150
619364,79274,273122,229,150
619416,79279,273142,229,150
619471,79287,273161,229,150
619522,79295,273184,229,150
619573,79301,273209,229,150
619623,79306,273236,229,150
619673,79314,273262,229,150
619723,79319,273281,229,150
619773,79325,273308,229,150
619825,79330,273327,229,150
619876,79336,273351,229,150
619927,79341,273386,229,150
619981,79346,273416,229,150
620033,79352,273431,229,150
620085,79359,273456,229,150
620135,79365,273479,229,150
620185,79370,273495,229,150
620235,79376,273513,229,150
620286,79381,273532,229,150
620336,79387,273555,229,150
620386,79391,273589,229,150
620436,79398,273609,229,150
620486,79404,273638,229,150
620536,79412,273654,229,150
620586,79418,273677,229,150
620640,79424,273710,229,149
620696,79429,273732,229,150
620746,79436,273761,229,150
620796,79442,273782,229,150
620848,79447,273807,229,150
620898,79454,273829,229,150
620948,79460,273844,229,150
620998,79469,273865,229,150
621050,79478,273882,229,150
621101,79485,273897,229,150
621154,79493,273978,229,149
621205,79500,273997,229,150
621255,79506,274018,229,150
621311,79512,274039,229,150
621362,79520,274055,229,150
621412,79526,274077,229,150
621462,79533,274093,229,150
621513,79541,274114,229,150
621564,79548,274128,229,150
621614,79555,274151,229,150
621665,79560,274176,229,150
621722,79566,274193,229,149
621772,79576,274264,229,150
621825,79582,274284,229,150
621875,79588,274352,229,150
621926,79594,274377,229,150
621978,79601,274395,229,150
622028,79609,274429,229,150
622079,79614,274456,229,150
622134,79621,274488,229,148
622184,79631,274517,229,150
622239,79637,274545,229,150
622289,79642,274563,229,150
622340,79647,274591,229,150
622392,79656,274605,229,149
622442,79666,274631,229,150
622493,79673,274653,229,150
622543,79680,274683,229,150
622593,79688,274697,229,150
622647,79695,274719,229,150
622697,79700,274740,229,150
622747,79706,274766,229,150
622798,79715,274779,229,150
622849,79720,274795,229,150
622903,79726,274826,229,150
622953,79731,274850,229,150
623005,79737,274871,229,150
623055,79742,274883,229,150
623105,79750,274900,229,150
623156,79756,274921,229,150
623207,79761,274948,229,150
623257,79768,274972,229,150
623307,79775,274995,229,150
623358,79781,275016,229,150
623408,79786,275048,229,150
623460,79794,275115,229,150
623510,79801,275139,229,150
623560,79810,275152,229,150
623610,79818,275170,229,150
623663,79825,275188,229,150
623715,79833,275214,229,150
623766,79839,275232,229,150
623819,79847,275298,229,150
623871,79854,275315,229,150
623921,79862,275341,229,150
623976,79872,275356,229,150
624026,79879,275380,229,150
624076,79886,275399,229,150
624126,79892,275410,229,150
624176,79899,275438,229,150
624229,79906,275453,229,150
624282,79913,275474,229,150
624334,79918,275496,229,150
624385,79927,275517,229,150
624435,79931,275546,229,150
624491,79937,275568,229,150
624543,79943,275589,229,149
624595,79950,275612,229,150
624648,79958,275638,229,150
624703,79966,275664,229,150
624754,79973,275689,229,150
624805,79981,275702,229,147
624860,79990,275715,229,150
624915,79996,275740,229,150
624965,80003,275771,229,150
625018,80013,275795,229,150
625068,80020,275809,229,150
625119,80026,275841,229,150
625169,80030,275865,229,150
625221,80036,275884,229,150
625272,80042,275900,229,149
625327,80051,275922,229,149
625380,80063,275935,229,150
625431,80068,275964,229,150
625483,80072,275986,229,150
625534,80078,276003,229,150
625584,80088,276017,229,150
625635,80096,276039,229,150
625686,80102,276064,229,149
625737,80109,276086,229,150
625791,80115,276108,229,150
625842,80121,276127,229,150
625892,80127,276153,229,150
625942,80132,276215,229,150
625995,80140,276241,229,150
626045,80144,276272,229,150
626095,80149,276290,229,150
626146,80156,276313,229,150
626197,80164,276341,229,150
626247,80170,276364,229,150
626297,80177,276392,229,150
626348,80183,276413,229,150
626399,80190,276435,229,149
626452,80197,276463,229,150
626503,80206,276483,229,150
626557,80214,276496,229,149
626610,80219,276514,229,150
626661,80227,276541,229,150
626711,80236,276608,229,150
626766,80243,276620,229,149
626818,80248,276644,229,150
626869,80256,276672,229,150
626920,80262,276707,229,150
626971,80269,276730,229,150
627021,80274,276742,229,150
627077,80280,276761,229,148
627127,80289,276785,229,150
627178,80296,276799,229,150
627229,80301,276820,229,150
627279,80308,276841,229,150
627329,80312,276872,229,150
627382,80318,276899,229,150
627434,80324,276931,229,150
627486,80330,276957,229,150
627537,80339,276975,229,150
627588,80345,277001,229,150
627642,80352,277024,229,150
627692,80359,277049,229,150
627743,80364,277070,229,149
627794,80371,277094,229,150
627844,80377,277115,229,150
627900,80382,277128,229,149
627950,80391,277150,229,150
628003,80400,277170,229,150
628054,80409,277186,229,150
628108,80416,277209,229,150
628160,80421,277232,229,150
628217,80427,277245,229,150
628271,80431,277279,229,150
628322,80437,277309,229,150
628372,80442,277339,229,150
628422,80447,277363,229,150
628477,80456,277385,229,150
628528,80463,277401,229,150
628578,80470,277416,229,150
628630,80477,277427,229,150
628681,80482,277453,229,150
628737,80489,277489,229,150
628788,80494,277516,229,150
628838,80504,277538,229,150
628888,80509,277564,229,150
628938,80516,277582,229,150
628990,80523,277601,229,150
629041,80529,277622,229,150
629092,80535,277646,229,150
629145,80543,277670,229,150
629195,80551,277693,229,150
629245,80561,277707,229,150
629295,80569,277738,229,150
629348,80574,277768,229,149
629399,80582,277779,229,150
629450,80590,277803,229,150
629500,80596,277821,229,150
629553,80603,277843,229,150
629605,80610,277871,229,148
629655,80617,277893,229,150
629705,80622,277915,229,150
629755,80628,277932,229,150
629808,80634,277955,229,150
629861,80646,277972,229,150
629914,80652,278001,229,150
629964,80661,278028,229,150
630016,80668,278054,229,150
630066,80672,278076,229,150
630116,80679,278105,229,150
630170,80685,278127,229,150
630221,80691,278150,229,150
630273,80696,278173,229,150
630323,80704,278199,229,150
630373,80711,278222,229,150
630423,80717,278246,229,150
630475,80724,278272,229,150
630525,80727,278300,229,150
630578,80736,278329,229,149
630628,80744,278347,229,150
630681,80750,278374,229,150
630734,80755,278404,229,150
630784,80761,278473,229,150
630836,80769,278490,229,150
630886,80777,278508,229,150
630938,80786,278531,229,150
630992,80795,278549,229,150
631042,80804,278571,229,150
631098,80809,278597,229,150
631150,80815,278614,229,150
631200,80820,278646,229,150
631250,80827,278661,229,150
631300,80834,278686,229,150
631351,80840,278710,229,150
631401,80845,278740,229,150
631454,80850,278757,229,149
631505,80855,278787,229,150
631561,80860,278814,229,150
631614,80866,278847,229,150
631664,80871,278871,229,150
631716,80879,278896,229,150
631766,80883,278920,229,150
631818,80889,278943,229,150
631868,80894,278964,229,150
631918,80900,278987,229,150
631969,80904,279013,229,150
632021,80911,279030,229,150
632080,80919,279054,229,150
632130,80926,279077,229,150
632180,80932,279091,229,150
632230,80940,279116,229,150
632280,80945,279137,229,150
632334,80955,279156,229,150
632384,80960,279177,229,150
632434,80966,279201,229,150
632484,80972,279227,229,150
632534,80978,279248,229,149
632587,80985,279266,229,150
632640,80991,279304,229,149
632691,80996,279333,229,150
632742,81003,279349,229,150
632792,81009,279390,229,150
632842,81014,279412,229,150
632896,81021,279425,229,149
632949,81029,279453,229,150
633000,81039,279468,229,150
633050,81046,279495,229,150
633100,81051,279512,229,150
633151,81057,279543,229,150
633202,81065,279561,229,150
633252,81072,279582,229,150
633304,81079,279600,229,150
633355,81084,279628,229,150
633407,81091,279643,229,150
633458,81099,279663,229,150
633510,81106,279678,229,150
633560,81112,279692,229,150
633612,81118,279711,229,149
633662,81125,279740,229,150
633712,81132,279760,229,150
633762,81139,279780,229,150
633817,81146,279804,229,149
633869,81156,279823,229,150
633919,81162,279837,229,150
633971,81172,279854,229,150
634024,81179,279868,229,150
634074,81186,279892,229,150
634125,81190,279916,229,150
634177,81195,279944,229,150
634227,81199,279965,229,150
634278,81205,279985,229,150
634329,81209,280013,229,150
634380,81213,280035,229,150
634431,81220,280058,229,150
634482,81230,280073,229,150
634532,81234,280109,229,150
634582,81241,280122,229,150
634634,81247,280145,229,150
634687,81254,280164,229,150
634738,81261,280191,229,150
634788,81266,280209,229,150
634843,81272,280227,229,150
634893,81279,280247,229,150
634944,81286,280266,229,150
634996,81297,280280,229,150
635049,81304,280296,229,150
635099,81313,280328,229,150
635159,81319,280349,229,150
635210,81326,280381,229,150
635260,81333,280397,229,150
635310,81339,280431,229,150
635362,81347,280456,229,150
635412,81351,280488,229,150
635462,81361,280504,229,150
635515,81368,280533,229,150
635566,81375,280556,229,150
635617,81381,280574,229,150
635667,81389,280590,229,150
635718,81396,280612,229,150
635768,81402,280633,229,150
635819,81409,280652,229,150
635870,81415,280666,229,150
635922,81421,280689,229,150
635973,81427,280724,229,150
636024,81433,280739,229,150
636075,81440,280755,229,150
636125,81445,280782,229,150
636175,81449,280812,229,150
636225,81455,280837,229,150
636277,81460,280862,229,150
636327,81465,280887,229,150
636378,81471,280908,229,150
636429,81478,280928,229,150
636485,81484,280949,229,150
636535,81491,280964,229,150
636585,81496,280991,229,150
636635,81502,281017,229,150
636685,81509,281039,229,150
636735,81515,281058,229,150
636785,81523,281084,229,150
636836,81529,281103,229,149
636887,81535,281125,229,150
636940,81543,281150,229,150
636990,81548,281174,229,150
637041,81554,281195,229,150
637093,81560,281217,229,150
637144,81567,281242,229,150
637194,81574,281270,229,150
637244,81580,281286,229,150
637294,81586,281312,229,150
637345,81592,281337,229,150
637395,81596,281353,229,150
637449,81601,281383,229,150
637499,81609,281403,229,150
637551,81616,281432,229,150
637601,81621,281451,229,150
637658,81627,281471,229,150
637708,81632,281495,229,150
637758,81638,281513,229,150
637808,81644,281582,229,150
637859,81649,281599,229,150
637912,81656,281619,229,150
637964,81662,281639,229,150
638014,81667,281665,229,150
638064,81672,281692,229,150
638115,81676,281716,229,150
638167,81684,281736,229,150
638218,81689,281765,229,150
638270,81698,281779,229,150
638320,81703,281802,229,150
638370,81708,281823,229,150
638420,81716,281848,229,150
638472,81721,281877,229,150
638522,81731,281886,229,150
638575,81738,281905,229,150
638626,81743,281927,229,150
638676,81748,281961,229,150
638726,81754,281981,229,150
638777,81761,282002,229,150
638827,81766,282025,229,150
638879,81774,282037,229,150
638932,81782,282057,229,150
638985,81786,282080,229,150
639035,81791,282100,229,150
639090,81799,282121,229,150
639148,81805,282141,229,150
639198,81810,282168,229,150
639250,81815,282188,229,150
639303,81821,282214,229,150
639353,81827,282241,229,150
639404,81834,282260,229,150
639455,81840,282288,229,150
639508,81846,282310,229,150
639560,81856,282331,229,150
639610,81862,282360,229,150
639662,81866,282381,229,150
639712,81872,282404,229,150
639763,81878,282429,229,150
639816,81885,282445,229,150
639866,81890,282470,229,150
639917,81895,282492,229,150
639967,81901,282519,229,150
640017,81906,282539,229,150
640069,81914,282560,229,149
640124,81922,282587,229,150
640175,81928,282621,229,150
640227,81934,282641,229,149
640278,81941,282662,229,150
640329,81949,282677,229,150
640382,81955,282700,229,150
640433,81962,282717,229,150
640483,81967,282735,229,150
640533,81971,282762,229,150
640585,81978,282787,229,150
640635,81985,282801,229,150
640685,81990,282832,229,150
640739,81995,282859,229,150
640789,82002,282876,229,150
640844,82010,282901,229,150
640895,82015,282919,229,150
640946,82023,282940,229,149
640996,82030,282967,229,150
641046,82035,282993,229,150
641098,82042,283015,229,148
641148,82052,283034,229,150
641198,82057,283052,229,150
641252,82063,283084,229,149
641305,82069,283102,229,150
641355,82074,283117,229,150
641406,82079,283140,229,150
641456,82088,283156,229,150
641506,82095,283174,229,150
641556,82100,283194,229,150
641606,82106,283214,229,150
641656,82111,283240,229,150
641706,82116,283256,229,150
641758,82121,283270,229,150
641810,82127,283287,229,150
641861,82136,283314,229,150
641913,82143,283332,229,150
641972,82152,283344,229,150
642022,82158,283379,229,150
642073,82166,283398,229,150
642123,82171,283415,229,150
642173,82178,283444,229,150
642225,82184,283461,229,150
642275,82192,283487,229,150
642325,82200,283510,229,150
642379,82206,283530,229,150
642430,82212,283553,229,150
642482,82217,283585,229,150
642532,82224,283602,229,150
642583,82231,283623,229,150
642633,82236,283644,229,150
642683,82245,283667,229,150
642733,82251,283694,229,150
642783,82256,283759,229,150
642833,82262,283786,229,150
642883,82268,283810,229,150
642933,82273,283829,229,150
642984,82281,283846,229,150
643035,82286,283869,229,150
643086,82292,283889,229,150
643137,82299,283909,229,150
643187,82305,283929,229,148
643238,82316,283951,229,150
643290,82320,283967,229,150
643340,82325,283994,229,150
643399,82332,284012,229,150
643449,82336,284035,229,150
643501,82343,284063,229,150
643551,82346,284082,229,150
643601,82354,284102,229,150
643652,82360,284123,229,150
643704,82366,284141,229,149
643754,82373,284155,229,150
643807,82382,284175,229,150
643857,82386,284201,229,150
643907,82391,284231,229,150
643957,82400,284254,229,150
644007,82408,284272,229,150
644072,82415,284296,229,149
644125,82422,284312,229,150
644175,82428,284329,229,150
644230,82435,284357,229,150
644281,82441,284431,229,150
644332,82449,284447,229,150
644382,82457,284461,229,150
644433,82463,284482,229,150
644483,82469,284510,229,150
644534,82478,284524,229,150
644585,82483,284547,229,150
644637,82490,284572,229,150
644687,82495,284595,229,150
644738,82500,284618,229,149
644788,82507,284634,229,150
644842,82513,284656,229,150
644892,82517,284682,229,150
644944,82526,284708,229,150
644994,82530,284733,229,150
645045,82537,284759,229,150
645097,82546,284788,229,150
645148,82553,284803,229,150
645198,82560,284826,229,150
645250,82568,284839,229,150
645301,82573,284867,229,150
645351,82581,284881,229,150
645403,82586,284906,229,150
645453,82594,284923,229,149
645503,82600,284945,229,150
645553,82605,284968,229,150
645603,82611,284981,229,150
645653,82617,285004,229,150
645705,82623,285028,229,150
645755,82630,285057,229,150
645805,82637,285080,229,150
645856,82644,285106,229,150
645906,82648,285128,229,150
645957,82655,285151,229,150
646007,82662,285171,229,150
646059,82667,285207,229,150
646109,82673,285231,229,150
646159,82682,285250,229,150
646209,82687,285269,229,150
646259,82697,285287,229,150
646314,82707,285312,229,150
646366,82711,285337,229,150
646416,82718,285365,229,150
646469,82725,285383,229,149
646520,82731,285407,229,149
646571,82737,285434,229,150
646621,82746,285448,229,150
646673,82752,285479,229,150
646723,82760,285495,229,150
646776,82766,285508,229,150
646826,82772,285527,229,150
646878,82779,285550,229,150
646931,82786,285566,229,149
646983,82792,285587,229,150
647036,82798,285604,229,150
647088,82804,285623,229,150
647139,82812,285645,229,150
647189,82820,285661,229,150
647239,82824,285682,229,150
647290,82831,285699,229,150
647341,82837,285732,229,150
647392,82843,285756,229,150
647446,82851,285775,229,150
647496,82857,285788,229,150
647548,82866,285803,229,150
647598,82870,285821,229,150
647648,82878,285843,229,150
647698,82884,285864,229,150
647752,82889,285887,229,150
647803,82895,285912,229,150
647853,82902,285934,229,150
647906,82911,285943,229,150
647960,82917,285967,229,150
648010,82924,285988,229,150
648062,82931,286005,229,150
648112,82937,286027,229,148
648162,82946,286049,229,150
648213,82951,286068,229,150
648263,82956,286090,229,150
648313,82962,286113,229,150
648365,82967,286137,229,150
648415,82974,286156,229,150
648465,82980,286177,229,150
648515,82989,286189,229,150
648565,82994,286212,229,150
648615,82999,286229,229,150
648666,83004,286255,229,150
648718,83010,286275,229,150
648773,83016,286294,229,150
648824,83020,286312,229,150
648875,83026,286330,229,150
648933,83032,286361,229,150
648984,83038,286376,229,150
649036,83046,286396,229,150
649087,83054,286419,229,150
649137,83061,286442,229,150
649187,83068,286465,229,150
649241,83074,286487,229,150
649291,83078,286515,229,150
649343,83085,286540,229,150
649394,83094,286565,229,150
649451,83101,286596,229,150
649501,83107,286670,229,150
649551,83116,286683,229,150
649601,83120,286707,229,150
649656,83126,286733,229,150
649708,83132,286756,229,150
649758,83139,286779,229,150
649808,83144,286805,229,150
649858,83153,286825,229,150
649908,83159,286847,229,150
649958,83165,286864,229,150
650012,83172,286894,229,150
650064,83177,286924,229,150
650115,83182,286951,229,150
650166,83192,286970,229,150
650220,83197,286999,229,150
650273,83205,287018,229,150
650325,83209,287039,229,150
650376,83215,287054,229,150
650426,83222,287081,229,150
650477,83230,287101,229,150
650527,83238,287119,229,150
650580,83245,287146,229,150
650630,83250,287169,229,150
650680,83256,287190,229,150
650730,83261,287214,229,150
650780,83266,287239,229,149
650830,83273,287275,229,150
650882,83277,287304,229,150
650933,83282,287319,229,150
650984,83289,287337,229,150
651037,83296,287407,229,150
651089,83302,287424,229,150
651149,83308,287445,229,149
651203,83317,287462,229,150
651253,83323,287478,229,150
651303,83330,287497,229,150
651357,83336,287527,229,150
651407,83343,287556,229,150
651458,83349,287579,229,150
651508,83355,287602,229,150
651561,83362,287630,229,150
651611,83367,287646,229,150
651664,83374,287679,229,150
651714,83379,287697,229,150
651766,83384,287721,229,150
651816,83391,287738,229,150
651866,83397,287765,229,150
651916,83403,287778,229,150
651967,83410,287794,229,150
652018,83418,287810,229,150
652068,83424,287819,229,150
652118,83430,287847,229,150
652169,83436,287865,229,150
652224,83444,287885,229,150
652274,83450,287912,229,150
652326,83459,287970,229,150
652376,83466,287995,229,150
652427,83470,288019,229,150
652477,83475,288045,229,150
652528,83480,288072,229,150
652578,83488,288094,229,150
652630,83496,288110,229,149
652684,83503,288129,229,150
652735,83511,288154,229,150
652785,83518,288179,229,150
652835,83523,288210,229,150
652885,83532,288230,229,150
652935,83538,288252,229,150
652985,83545,288271,229,150
653035,83552,288291,229,150
653086,83557,288321,229,150
653136,83562,288351,229,150
653186,83567,288373,229,150
653236,83572,288396,229,150
653289,83578,288420,229,150
653340,83585,288449,229,150
653390,83590,288465,229,150
653440,83597,288486,229,150
653491,83607,288502,229,150
653547,83615,288517,229,148
653599,83623,288534,229,150
653649,83630,288552,229,150
653699,83637,288583,229,150
653749,83642,288603,229,150
653800,83650,288623,229,150
653850,83659,288643,229,150
653902,83664,288671,229,150
653954,83672,288696,229,150
654005,83683,288724,229,150
654058,83689,288743,229,150
654110,83694,288767,229,150
654161,83700,288784,229,150
654214,83706,288803,229,150
654265,83712,288824,229,150
654316,83720,288850,229,150
654367,83725,288868,229,150
654424,83731,288893,229,150
654475,83737,288906,229,150
654526,83745,288934,229,149
654577,83752,288953,229,149
654628,83758,288983,229,150
654683,83764,289002,229,150
654737,83772,289019,229,150
654788,83779,289041,229,150
654840,83786,289063,229,150
654890,83792,289092,229,150
654941,83798,289118,229,150
654993,83804,289141,229,150
655043,83809,289172,229,150
655093,83818,289196,229,150
655145,83825,289221,229,150
655196,83834,289251,229,150
655246,83840,289274,229,150
655296,83846,289302,229,150
655346,83852,289324,229,150
655396,83856,289354,229,150
655447,83862,289375,229,150
655497,83868,289397,229,150
655549,83873,289419,229,150
655600,83880,289438,229,150
655650,83886,289463,229,150
655700,83891,289484,229,150
655751,83897,289509,229,150
655801,83901,289537,229,150
655852,83908,289559,229,150
655906,83916,289575,229,150
655956,83923,289604,229,150
656006,83928,289630,229,150
656056,83932,289661,229,150
656108,83938,289688,229,150
656164,83944,289710,229,149
656215,83951,289735,229,150
656265,83957,289758,229,150
656320,83963,289778,229,150
656371,83970,289799,229,150
656421,83976,289823,229,150
656471,83981,289841,229,150
656521,83985,289869,229,150
656578,83992,289894,229,150
656630,83999,289906,229,150
656680,84005,289929,229,150
656732,84010,289949,229,150
656783,84016,289964,229,150
656833,84023,289982,229,150
656884,84029,290008,229,150
656936,84036,290037,229,150
656986,84040,290064,229,150
657042,84051,290079,229,150
657092,84058,290105,229,150
657143,84065,290124,229,150
657193,84073,290152,229,150
657245,84079,290172,229,150
657296,84086,290194,229,150
657348,84097,290207,229,149
657402,84105,290228,229,150
657456,84113,290250,229,149
657506,84119,290260,229,150
657561,84126,290280,229,150
657612,84135,290302,229,150
657662,84143,290322,229,150
657718,84148,290350,229,150
657778,84156,290370,229,150
657832,84166,290385,229,150
657883,84172,290396,229,150
657933,84179,290418,229,150
657983,84188,290440,229,150
658034,84192,290456,229,150
658085,84200,290487,229,150
658135,84207,290514,229,150
658188,84215,290544,229,150
658239,84221,290564,229,150
658292,84228,290586,229,150
658342,84233,290606,229,150
658392,84239,290630,229,150
658443,84246,290653,229,150
658494,84251,290680,229,150
658546,84257,290696,229,149
658596,84266,290713,229,150
658646,84271,290739,229,150
658696,84279,290757,229,150
658746,84284,290779,229,150
658796,84289,290812,229,150
658847,84298,290830,229,150
658897,84304,290850,229,150
658947,84308,290882,229,150
658997,84315,290917,229,150
659047,84321,290931,229,150
659097,84329,290950,229,150
659149,84336,290966,229,150
659199,84342,290980,229,150
659250,84350,291000,229,150
659302,84355,291026,229,150
659355,84363,291046,229,150
659405,84370,291069,229,150
659456,84377,291093,229,150
659506,84383,291116,229,150
659556,84389,291138,229,150
659607,84396,291154,229,150
659657,84403,291176,229,150
659707,84408,291191,229,150
659758,84415,291208,229,150
659808,84422,291238,229,150
659859,84432,291256,229,150
659909,84437,291278,229,150
659961,84443,291293,229,150
660011,84448,291316,229,150
660062,84453,291342,229,150
660114,84461,291357,229,150
660165,84466,291383,229,150
660215,84472,291407,229,150
660265,84477,291429,229,150
660316,84483,291445,229,150
660366,84490,291478,229,150
660418,84495,291555,229,150
660468,84501,291573,229,150
660524,84506,291590,229,148
660574,84514,291609,229,150
660625,84521,291630,229,150
660675,84529,291659,229,150
660728,84535,291686,229,150
660782,84540,291713,229,150
660836,84547,291731,229,150
660886,84553,291755,229,150
660938,84560,291777,229,150
660988,84565,291804,229,150
661038,84573,291821,229,150
661093,84583,291836,229,150
661143,84590,291864,229,150
661194,84595,291892,229,150
661244,84603,291916,229,150
661299,84611,291937,229,150
661349,84617,291954,229,150
661399,84624,291975,229,150
661455,84632,291996,229,149
661509,84639,292015,229,150
661560,84645,292040,229,150
661618,84652,292057,229,149
661671,84660,292081,229,150
661721,84665,292099,229,150
661772,84671,292135,229,150
661822,84677,292157,229,150
661872,84683,292180,229,150
661922,84689,292209,229,150
661973,84701,292228,229,150
662028,84709,292242,229,150
662079,84713,292268,229,150
662129,84719,292284,229,150
662179,84726,292300,229,150
662230,84732,292320,229,150
662280,84739,292338,229,150
662332,84749,292352,229,150
662385,84757,292364,229,150
662435,84763,292380,229,150
662489,84770,292408,229,150
662540,84776,292433,229,150
662592,84783,292452,229,150
662645,84789,292474,229,150
662698,84797,292498,229,150
662751,84804,292525,229,150
662802,84811,292554,229,150
662852,84818,292580,229,150
662902,84823,292597,229,150
662953,84830,292633,229,150
663004,84835,292645,229,150
663055,84840,292672,229,150
663108,84847,292696,229,150
663158,84855,292718,229,150
663208,84861,292752,229,150
663258,84869,292822,229,150
663309,84876,292856,229,150
663361,84881,292893,229,150
663411,84888,292920,229,150
663462,84893,292943,229,150
663513,84899,292971,229,150
663563,84906,292992,229,150
663613,84911,293008,229,150
663663,84921,293031,229,150
663713,84926,293053,229,150
663763,84934,293075,229,150
663813,84939,293093,229,150
663868,84945,293119,229,150
663918,84950,293137,229,150
663972,84956,293159,229,149
664027,84964,293175,229,150
664077,84970,293203,229,150
664127,84978,293221,229,150
664178,84984,293238,229,150
664230,84992,293254,229,150
664280,84999,293277,229,150
664330,85005,293301,229,150
664380,85013,293322,229,150
664435,85021,293338,229,150
664485,85030,293363,229,150
664535,85039,293398,229,150
664591,85045,293424,229,150
664641,85051,293441,229,150
664691,85056,293460,229,150
664743,85064,293484,229,150
664801,85072,293504,229,149
664852,85079,293518,229,150
664902,85085,293552,229,150
664952,85091,293578,229,150
665004,85099,293607,229,149
665055,85104,293627,229,150
665107,85110,293649,229,150
665157,85114,293668,229,150
665207,85121,293743,229,150
665260,85128,293815,229,150
665312,85133,293846,229,150
665367,85140,293861,229,150
665420,85147,293877,229,150
665471,85153,293893,229,150
665521,85157,293913,229,150
665571,85165,293935,229,150
665623,85172,293968,229,150
665674,85178,293991,229,150
665724,85183,294011,229,150
665774,85187,294032,229,150
665828,85195,294053,229,150
665879,85201,294081,229,150
665933,85207,294104,229,150
665986,85215,294113,229,150
666036,85221,294141,229,150
666086,85227,294174,229,150
666139,85234,294190,229,150
666193,85242,294214,229,150
666243,85247,294240,229,150
666294,85254,294263,229,150
666345,85260,294288,229,150
666395,85264,294313,229,150
666446,85270,294332,229,150
666496,85276,294352,229,150
666546,85281,294379,229,150
666600,85286,294402,229,150
666653,85290,294420,229,150
666706,85301,294446,229,150
666756,85307,294468,229,150
666807,85314,294494,229,150
666857,85319,294515,229,150
666909,85324,294539,229,150
666959,85329,294562,229,150
667009,85334,294577,229,150
667062,85340,294605,229,150
667112,85347,294621,229,150
667162,85353,294649,229,150
667212,85360,294672,229,150
667262,85367,294693,229,150
667322,85373,294716,229,149
667372,85378,294743,229,150
667423,85382,294774,229,150
667477,85391,294791,229,150
667527,85397,294812,229,150
667580,85404,294835,229,150
667630,85412,294862,229,150
667681,85418,294891,229,150
667732,85429,294909,229,150
667783,85436,294928,229,150
667834,85441,294947,229,150
667885,85446,294976,229,150
667936,85454,294990,229,150
667990,85462,295056,229,149
668040,85469,295076,229,150
668090,85473,295104,229,150
668140,85482,295126,229,150
668190,85487,295143,229,150
668241,85495,295157,229,150
668293,85501,295173,229,150
668344,85510,295187,229,150
668394,85515,295216,229,150
668444,85521,295239,229,150
668494,85530,295260,229,150
668544,85536,295290,229,150
668595,85542,295313,229,150
668649,85548,295337,229,150
668700,85555,295357,229,148
668750,85562,295383,229,150
668808,85567,295409,229,150
668862,85572,295433,229,150
668912,85579,295451,229,150
668963,85588,295469,229,150
669016,85593,295492,229,150
669070,85600,295527,229,150
669120,85607,295546,229,149
669170,85613,295558,229,150
669221,85618,295585,229,150
669271,85624,295604,229,150
669322,85628,295640,229,150
669373,85636,295661,229,150
669423,85642,295687,229,150
669477,85647,295716,229,150
669528,85654,295737,229,150
669583,85662,295755,229,150
669635,85669,295785,229,150
669687,85677,295811,229,150
669740,85682,295837,229,150
669792,85686,295857,229,150
669842,85692,295878,229,150
669893,85701,295901,229,150
669946,85705,295924,229,150
669998,85711,295944,229,150
670050,85716,295962,229,150
670101,85724,295975,229,150
670151,85731,296005,229,150
670203,85737,296035,229,150
670253,85742,296056,229,150
670303,85750,296083,229,150
670353,85757,296106,229,150
670403,85764,296121,229,150
670453,85769,296146,229,150
670505,85776,296163,229,150
670561,85783,296185,229,150
670612,85788,296210,229,150
670667,85793,296231,229,146
670718,85805,296255,229,150
670770,85809,296276,229,149
670822,85815,296301,229,150
670872,85821,296320,229,150
670923,85826,296337,229,150
670973,85831,296363,229,150
671025,85835,296393,229,150
671075,85840,296404,229,150
671125,85846,296416,229,150
671176,85851,296441,229,150
671228,85859,296457,229,150
671279,85863,296479,229,150
671330,85868,296502,229,150
671381,85873,296532,229,150
671437,85882,296550,229,150
671489,85888,296571,229,150
671540,85892,296599,229,150
671591,85897,296610,229,150
671641,85907,296710,229,149
671691,85915,296787,229,150
671741,85924,296807,229,150
671792,85928,296834,229,149
671843,85934,296850,229,150
671895,85942,296870,229,150
671945,85947,296889,229,150
671995,85953,296906,229,150
672045,85958,296924,229,150
672096,85965,296950,229,150
672153,85971,296976,229,149
672203,85978,296995,229,150
672254,85985,297019,229,150
672306,85990,297044,229,150
672356,85995,297057,229,150
672408,86001,297085,229,150
672458,86009,297104,229,150
672508,86013,297129,229,150
672558,86019,297153,229,150
672609,86025,297179,229,150
672660,86030,297195,229,150
672711,86036,297219,229,150
672761,86041,297243,229,150
672814,86045,297265,229,150
672865,86053,297289,229,150
672916,86059,297311,229,150
672967,86063,297333,229,150
673017,86069,297356,229,150
673067,86076,297371,229,150
673118,86080,297388,229,150
673169,86086,297422,229,150
673219,86092,297447,229,150
673269,86097,297465,229,150
673320,86102,297488,229,150
673371,86109,297509,229,150
673422,86114,297534,229,150
673472,86120,297559,229,150
673522,86127,297592,229,150
673572,86133,297610,229,150
673622,86140,297641,229,150
673672,86146,297678,229,150
673722,86150,297703,229,150
673777,86160,297777,229,150
673830,86165,297800,229,150
673880,86172,297819,229,150
673934,86177,297845,229,150
673984,86184,297864,229,150
674037,86193,297889,229,149
674089,86200,297918,229,150
674140,86208,297940,229,150
674190,86215,297961,229,150
674241,86221,297985,229,150
674294,86226,298010,229,150
674350,86234,298016,229,149
674404,86241,298033,229,150
674454,86249,298054,229,150
674507,86255,298083,229,150
674557,86261,298107,229,150
674607,86266,298125,229,150
674658,86273,298140,229,148
674708,86283,298158,229,149
674761,86295,298178,229,150
674813,86303,298196,229,150
674863,86312,298213,229,150
674913,86319,298225,229,150
674963,86325,298254,229,150
675013,86330,298288,229,150
675063,86335,298315,229,150
675116,86340,298335,229,150
675166,86344,298350,229,150
675217,86350,298376,229,150
675270,86356,298411,229,150
675320,86362,298435,229,150
675371,86369,298458,229,150
675425,86376,298473,229,150
675475,86382,298498,229,150
675527,86388,298530,229,150
675579,86395,298546,229,150
675636,86403,298569,229,150
675689,86410,298582,229,149
675739,86417,298607,229,150
675789,86422,298630,229,150
675839,86427,298643,229,150
675892,86433,298670,229,150
675942,86439,298695,229,150
675992,86446,298714,229,150
676043,86453,298732,229,150
676095,86460,298745,229,150
676150,86465,298769,229,149
676201,86473,298795,229,149
676253,86479,298813,229,150
676303,86487,298836,229,150
676355,86494,298870,229,150
676406,86501,298894,229,149
676457,86513,298902,229,150
676508,86519,298919,229,150
676558,86524,298940,229,150
676608,86533,298954,229,150
676659,86539,298967,229,150
676709,86546,299017,229,150
676759,86554,299046,229,150
676811,86561,299070,229,150
676861,86570,299100,229,150
676914,86578,299119,229,150
676964,86585,299136,229,150
677016,86590,299159,229,150
677067,86599,299181,229,150
677117,86604,299208,229,150
677167,86610,299234,229,150
677217,86615,299257,229,150
677268,86620,299291,229,150
677319,86628,299310,229,150
677370,86633,299334,229,150
677420,86637,299363,229,150
677472,86643,299381,229,150
677522,86649,299400,229,150
677573,86654,299422,229,150
677623,86662,299439,229,150
677674,86669,299459,229,150
677725,86674,299478,229,150
677777,86681,299498,229,150
677828,86688,299516,229,150
677882,86694,299531,229,150
677932,86699,299555,229,149
677982,86707,299568,229,150
678035,86712,299595,229,150
678085,86720,299621,229,150
678136,86727,299644,229,150
678187,86735,299653,229,148
678241,86746,299670,229,150
678291,86752,299690,229,150
678343,86759,299756,229,150
678393,86765,299781,229,150
678443,86771,299806,229,150
678493,86778,299836,229,150
678544,86784,299862,229,150
678594,86788,299888,229,150
678644,86797,299912,229,150
678697,86804,299925,229,150
678747,86808,299954,229,150
678797,86813,299974,229,150
678852,86819,300008,229,150
678907,86825,300027,229,150
678958,86830,300059,229,150
679013,86834,300082,229,148
679065,86843,300100,229,150
679115,86850,300116,229,150
679165,86856,300151,229,150
679216,86866,300170,229,150
679266,86872,300203,229,150
679318,86877,300222,229,150
679369,86884,300234,229,150
679420,86890,300255,229,150
679470,86899,300271,229,150
679520,86905,300293,229,150
679571,86910,300325,229,150
679622,86917,300350,229,150
679672,86922,300373,229,150
679722,86927,300394,229,150
679774,86935,300418,229,150
679824,86941,300442,229,150
679875,86949,300473,229,150
679938,86955,300503,229,149
679990,86963,300519,229,147
680042,86971,300537,229,150
680094,86977,300554,229,150
680150,86983,300579,229,150
680202,86990,300600,229,150
680253,86996,300622,229,150
680310,87003,300648,229,150
680360,87007,300685,229,150
680410,87014,300707,229,150
680462,87021,300732,229,150
680513,87030,300752,229,150
680563,87039,300767,229,150
680618,87046,300780,229,149
680669,87053,300809,229,150
680719,87062,300840,229,150
680771,87070,300853,229,150
680821,87077,300880,229,150
680871,87084,300910,229,150
680921,87090,300982,229,150
680971,87095,300998,229,150
681022,87103,301018,229,150
681073,87110,301051,229,150
681123,87115,301068,229,150
681174,87123,301092,229,150
681225,87128,301117,229,150
681275,87134,301140,229,150
681325,87139,301165,229,150
681375,87145,301179,229,150
681425,87151,301195,229,150
681475,87157,301213,229,150
681525,87161,301248,229,150
681577,87167,301273,229,150
681629,87172,301305,229,150
681682,87182,301329,229,150
681733,87188,301356,229,150
681784,87197,301382,229,150
681834,87202,301409,229,150
681886,87210,301429,229,150
681936,87215,301456,229,150
681986,87223,301477,229,150
682036,87228,301501,229,150
682086,87236,301521,229,150
682140,87243,301539,229,150
682190,87251,301553,229,150
682240,87257,301579,229,150
682291,87264,301608,229,150
682343,87269,301629,229,150
682393,87274,301651,229,150
682446,87282,301677,229,150
682496,87288,301699,229,150
682546,87295,301723,229,150
682597,87303,301749,229,150
682647,87309,301771,229,150
682697,87316,301801,229,149
682751,87323,301826,229,150
682806,87331,301847,229,149
682857,87336,301865,229,150
682909,87343,301899,229,150
682961,87351,301925,229,150
683011,87358,301943,229,150
683062,87363,301972,229,150
683112,87370,301994,229,150
683168,87375,302011,229,150
683218,87383,302021,229,150
683270,87389,302045,229,150
683321,87394,302066,229,150
683371,87400,302089,229,150
683421,87406,302120,229,150
683471,87415,302142,229,150
683522,87421,302165,229,150
683575,87428,302180,229,150
683627,87433,302211,229,150
683678,87440,302232,229,150
683731,87445,302245,229,150
683782,87451,302256,229,150
683832,87458,302282,229,150
683885,87464,302306,229,150
683936,87470,302326,229,150
683986,87479,302355,229,150
684039,87484,302383,229,150
684090,87491,302395,229,150
684142,87497,302424,229,150
684192,87502,302456,229,150
684247,87508,302471,229,150
684297,87514,302494,229,150
684354,87524,302508,229,150
684404,87529,302533,229,150
684454,87536,302554,229,150
684510,87544,302562,229,149
684560,87551,302591,229,150
684610,87558,302630,229,150
684660,87565,302663,229,150
684712,87572,302683,229,150
684762,87578,302710,229,150
684813,87587,302727,229,150
684865,87593,302752,229,150
684917,87599,302773,229,150
684967,87603,302794,229,150
685018,87610,302816,229,150
685068,87618,302840,229,150
685119,87623,302860,229,150
685169,87630,302885,229,150
685220,87637,302916,229,150
685270,87643,302946,229,150
685322,87651,302960,229,150
685375,87657,302980,229,150
685425,87662,303003,229,150
685478,87668,303021,229,150
685528,87673,303044,229,150
685578,87681,303073,229,150
685629,87688,303084,229,150
685679,87695,303112,229,150
685731,87700,303131,229,150
685788,87708,303157,229,149
685840,87719,303168,229,150
685890,87726,303193,229,150
685944,87734,303211,229,150
685995,87739,303243,229,150
686048,87745,303266,229,150
686099,87750,303289,229,150
686150,87756,303311,229,148
686201,87763,303331,229,150
686254,87770,303346,229,148
686308,87778,303370,229,150
686364,87785,303389,229,150
686414,87790,303416,229,150
686465,87797,303445,229,150
686516,87805,303466,229,150
686566,87809,303488,229,149
686616,87816,303507,229,149
686669,87822,303534,229,150
686719,87828,303563,229,150
686771,87836,303580,229,150
686821,87842,303601,229,150
686872,87848,303625,229,150
686922,87854,303648,229,150
686973,87861,303673,229,150
687024,87866,303709,229,150
687075,87871,303743,229,150
687128,87878,303764,229,150
687178,87885,303779,229,150
687230,87893,303796,229,150
687280,87898,303812,229,150
687330,87904,303838,229,150
687381,87912,303858,229,150
687433,87921,303870,229,149
687484,87929,303886,229,150
687539,87934,303903,229,150
687590,87940,303921,229,150
687640,87947,303948,229,150
687690,87953,303970,229,150
687742,87958,303996,229,150
687793,87963,304025,229,150
687844,87969,304050,229,150
687896,87976,304068,229,150
687947,87982,304086,229,150
688001,87989,304106,229,150
688052,87997,304127,229,150
688102,88006,304142,229,150
688152,88010,304167,229,150
688204,88018,304187,229,150
688255,88027,304208,229,150
688306,88033,304230,229,150
688356,88042,304259,229,150
688410,88047,304284,229,150
688460,88057,304300,229,150
688511,88062,304324,229,150
688561,88069,304351,229,150
688611,88076,304363,229,150
688663,88082,304386,229,149
688713,88087,304416,229,150
688764,88093,304450,229,150
688818,88102,304475,229,150
688869,88108,304492,229,150
688919,88116,304504,229,150
688969,88121,304527,229,150
689021,88128,304543,229,150
689071,88134,304570,229,150
689124,88140,304593,229,150
689174,88147,304617,229,150
689225,88154,304636,229,150
689275,88162,304651,229,150
689327,88168,304670,229,150
689379,88172,304694,229,150
689430,88182,304713,229,150
689485,88187,304746,229,148
689535,88195,304767,229,150
689586,88202,304789,229,150
689636,88210,304801,229,150
689686,88217,304825,229,150
689736,88226,304856,229,150
689787,88233,304880,229,150
689837,88238,304908,229,150
689888,88243,304934,229,150
689938,88252,305000,229,150
689989,88257,305030,229,150
690039,88263,305048,229,150
690091,88269,305070,229,150
690142,88275,305089,229,150
690193,88282,305107,229,150
690245,88289,305126,229,150
690295,88294,305152,229,150
690345,88301,305180,229,150
690396,88307,305207,229,150
690446,88312,305231,229,150
690497,88318,305249,229,150
690547,88326,305273,229,150
690598,88332,305294,229,150
690650,88337,305321,229,150
690700,88343,305338,229,150
690752,88350,305352,229,150
690802,88357,305369,229,150
690852,88363,305390,229,149
690902,88370,305410,229,150
690955,88375,305435,229,150
691005,88381,305454,229,150
691055,88387,305481,229,150
691105,88394,305504,229,150
691156,88400,305529,229,150
691206,88407,305548,229,150
691259,88413,305582,229,150
691311,88422,305594,229,150
691361,88428,305611,229,149
691411,88435,305637,229,150
691462,88443,305664,229,150
691512,88450,305681,229,150
691564,88456,305698,229,150
691615,88463,305723,229,150
691666,88470,305744,229,150
691716,88476,305766,229,150
691768,88484,305789,229,150
691819,88491,305814,229,150
691872,88496,305835,229,150
691925,88505,305847,229,150
691976,88510,305868,229,150
692026,88516,305888,229,150
692076,88525,305899,229,150
692127,88533,305917,229,150
692181,88537,305945,229,150
692232,88544,305969,229,150
692284,88552,305986,229,150
692335,88558,306020,229,150
692385,88567,306033,229,150
692435,88572,306054,229,150
692485,88578,306083,229,150
692535,88583,306103,229,150
692592,88591,306134,229,150
692642,88597,306148,229,150
692692,88604,306161,229,150
692745,88612,306179,229,150
692798,88619,306195,229,149
692848,88627,306211,229,150
692902,88633,306240,229,150
692953,88640,306266,229,150
693004,88646,306283,229,149
693054,88653,306310,229,150
693106,88659,306334,229,150
693157,88666,306354,229,150
693210,88672,306375,229,150
693260,88676,306400,229,150
693312,88681,306416,229,150
693363,88689,306437,229,150
693414,88695,306461,229,150
693468,88702,306476,229,150
693522,88710,306494,229,150
693572,88715,306509,229,150
693622,88720,306523,229,150
693674,88727,306543,229,150
693724,88734,306567,229,150
693784,88740,306591,229,149
693835,88749,306606,229,150
693885,88755,306630,229,150
693937,88762,306655,229,150
693987,88767,306678,229,150
694038,88772,306700,229,150
694088,88782,306718,229,150
694138,88788,306737,229,150
694188,88794,306760,229,150
694239,88801,306787,229,150
694294,88811,306811,229,150
694346,88817,306832,229,150
694396,88824,306856,229,150
694447,88831,306871,229,150
694498,88836,306892,229,150
694555,88844,306917,229,147
694607,88856,306943,229,150
694658,88861,306972,229,150
694708,88865,306999,229,150
694759,88870,307025,229,150
694809,88879,307051,229,150
694860,88884,307074,229,150
694910,88893,307086,229,150
694961,88898,307111,229,150
695011,88904,307130,229,150
695065,88909,307147,229,150
695116,88914,307160,229,150
695167,88922,307181,229,150
695220,88928,307205,229,150
695270,88934,307226,229,149
695323,88941,307240,229,150
695373,88946,307249,229,149
695425,88955,307275,229,150
695476,88965,307286,229,150
695526,88971,307303,229,150
695576,88978,307330,229,150
695626,88987,307351,229,149
695676,88993,307366,229,150
695726,89000,307383,229,150
695776,89007,307410,229,150
695827,89013,307431,229,150
695877,89019,307444,229,150
695929,89025,307469,229,150
695979,89031,307483,229,149
696032,89039,307509,229,150
696082,89044,307535,229,150
696133,89049,307562,229,150
696183,89057,307588,229,150
696233,89061,307609,229,150
696283,89065,307627,229,150
696336,89073,307642,229,150
696388,89082,307657,229,150
696438,89090,307684,229,150
696488,89097,307709,229,150
696538,89100,307739,229,150
696590,89109,307759,229,150
696640,89115,307782,229,150
696693,89121,307802,229,150
696743,89128,307830,229,150
696794,89135,307860,229,149
696848,89142,307882,229,150
696904,89148,307909,229,149
696954,89156,307941,229,150
697006,89161,307964,229,150
697060,89169,307984,229,149
697111,89176,308000,229,150
697161,89182,308023,229,150
697211,89188,308052,229,150
697261,89193,308083,229,150
697315,89198,308103,229,150
697366,89207,308126,229,150
697420,89214,308145,229,150
697474,89221,308167,229,150
697527,89228,308181,229,150
697577,89233,308216,229,150
697627,89237,308244,229,150
697677,89241,308265,229,150
697729,89246,308285,229,150
697779,89251,308314,229,150
697829,89259,308336,229,150
697881,89264,308368,229,150
697932,89268,308383,229,150
697983,89274,308406,229,150
698033,89281,308425,229,150
698089,89287,308455,229,150
698140,89294,308474,229,150
698193,89301,308491,229,150
698243,89306,308512,229,150
698293,89310,308540,229,150
698345,89317,308556,229,149
698400,89325,308572,229,150
698453,89331,308599,229,150
698504,89337,308632,229,150
698556,89344,308662,229,150
698608,89351,308678,229,150
698658,89357,308698,229,150
698713,89363,308716,229,150
698763,89369,308741,229,150
698818,89376,308768,229,150
698869,89382,308796,229,150
698922,89389,308815,229,150
698973,89396,308838,229,149
699028,89402,308863,229,150
699080,89407,308885,229,150
699131,89412,308909,229,150
699183,89416,308930,229,150
699233,89421,308957,229,150
699286,89428,308971,229,150
699337,89434,308996,229,150
699387,89441,309020,229,150
699437,89446,309050,229,150
699491,89452,309070,229,150
699542,89458,309083,229,150
699594,89463,309104,229,149
699644,89470,309127,229,150
699695,89481,309137,229,150
699745,89488,309164,229,150
699797,89493,309185,229,150
699853,89499,309216,229,150
699905,89505,309249,229,150
699956,89512,309265,229,150
700008,89520,309334,229,150
700060,89528,309352,229,150
700111,89534,309378,229,150
700161,89542,309398,229,150
700214,89547,309469,229,150
700265,89553,309486,229,150
700315,89559,309509,229,150
700368,89564,309534,229,150
700420,89569,309563,229,150
700475,89574,309589,229,150
700526,89581,309604,229,150
700581,89588,309622,229,150
700635,89593,309639,229,148
700687,89599,309655,229,150
700750,89609,309686,229,149
700801,89618,309702,229,150
700855,89624,309732,229,150
700908,89631,309744,229,150
700959,89637,309765,229,150
701010,89643,309788,229,150
701060,89651,309801,229,150
701114,89656,309829,229,150
701166,89662,309849,229,150
701218,89670,309862,229,150
701270,89675,309890,229,150
701320,89682,309907,229,150
701370,89686,309929,229,150
701420,89692,309958,229,150
701470,89699,309979,229,150
701520,89706,309991,229,150
701570,89712,310008,229,150
701620,89718,310036,229,150
701670,89724,310063,229,150
701720,89730,310090,229,150
701770,89740,310096,229,150
701823,89744,310125,229,150
701876,89752,310132,229,150
701926,89760,310150,229,150
701976,89766,310176,229,150
702027,89774,310194,229,150
702078,89785,310209,229,150
702131,89790,310235,229,150
702182,89794,310257,229,150
702233,89801,310276,229,150
702289,89808,310298,229,150
702341,89817,310319,229,150
702392,89826,310337,229,150
702446,89832,310352,229,150
702496,89836,310376,229,150
702546,89843,310388,229,150
702603,89848,310410,229,150
702653,89854,310430,229,150
702710,89860,310452,229,150
702760,89865,310467,229,150
702811,89870,310492,229,150
702862,89876,310518,229,150
702912,89881,310541,229,150
702962,89887,310569,229,150
703012,89893,310591,229,150
703062,89899,310628,229,150
703115,89904,310646,229,150
703165,89909,310669,229,150
703219,89915,310695,229,150
703269,89920,310717,229,150
703323,89928,310731,229,150
703373,89934,310762,229,150
703423,89940,310783,229,150
703474,89945,310808,229,150
703525,89950,310821,229,150
703575,89957,310842,229,150
703626,89963,310862,229,150
703676,89968,310884,229,150
703729,89974,310911,229,150
703779,89981,310931,229,150
703829,89988,310956,229,150
703879,89992,310979,229,150
703929,89997,311005,229,150
703980,90003,311037,229,150
704031,90012,311065,229,150
704081,90019,311080,229,150
704134,90028,311105,229,150
704185,90034,311123,229,150
704235,90042,311137,229,150
704285,90046,311160,229,150
704335,90051,311192,229,150
704387,90058,311211,229,150
704439,90062,311237,229,150
704491,90069,311253,229,150
704542,90078,311273,229,149
704592,90085,311294,229,150
704642,90092,311309,229,150
704692,90098,311329,229,150
704745,90105,311388,229,150
704795,90111,311407,229,150
704846,90116,311434,229,150
704896,90123,311452,229,150
704947,90133,311470,229,150
704997,90137,311495,229,147
705047,90147,311505,229,150
705100,90153,311534,229,150
705150,90158,311556,229,150
705201,90166,311584,229,150
705252,90170,311611,229,150
705302,90179,311642,229,150
705352,90187,311659,229,150
705403,90193,311679,229,150
705454,90199,311701,229,150
705506,90206,311729,229,150
705557,90214,311747,229,150
705607,90220,311768,229,150
705658,90226,311782,229,150
705709,90231,311805,229,150
705759,90235,311830,229,150
705810,90242,311847,229,150
705861,90248,311871,229,150
705915,90254,311895,229,150
705968,90260,311924,229,149
706021,90265,311939,229,150
706075,90273,311953,229,150
706128,90277,311982,229,150
706180,90284,312002,229,150
706231,90291,312020,229,150
706282,90298,312039,229,150
706333,90305,312059,229,150
706383,90311,312086,229,150
706433,90316,312116,229,150
706485,90323,312138,229,148
706537,90330,312162,229,150
706589,90337,312177,229,150
706644,90341,312197,229,150
706695,90347,312220,229,150
706745,90353,312240,229,150
706795,90361,312266,229,150
706846,90367,312285,229,150
706896,90372,312310,229,150
706946,90379,312332,229,150
706996,90388,312352,229,150
707050,90396,312376,229,150
707101,90401,312399,229,150
707152,90406,312420,229,150
707204,90411,312441,229,150
707254,90418,312469,229,150
707304,90423,312492,229,150
707354,90429,312517,229,150
707404,90435,312534,229,150
707456,90442,312557,229,150
707508,90450,312593,229,150
707559,90458,312616,229,150
707610,90467,312631,229,150
707660,90471,312662,229,150
707711,90477,312677,229,150
707762,90482,312699,229,150
707814,90489,312723,229,150
707865,90495,312751,229,150
707915,90503,312773,229,150
707967,90510,312798,229,150
708020,90517,312825,229,150
708070,90524,312855,229,150
708120,90530,312881,229,150
708170,90538,312908,229,150
708226,90545,312928,229,150
708278,90551,312957,229,150
708328,90561,312972,229,150
708380,90568,312997,229,150
708432,90576,313013,229,150
708483,90583,313036,229,150
708533,90590,313059,229,150
708583,90599,313071,229,150
708636,90605,313089,229,149
708690,90614,313103,229,149
708744,90625,313124,229,150
708795,90631,313149,229,150
708847,90635,313176,229,150
708899,90641,313191,229,150
708954,90648,313225,229,150
709006,90654,313252,229,149
709057,90660,313270,229,150
709109,90665,313284,229,150
709160,90673,313307,229,150
709215,90682,313331,229,149
709267,90690,313344,229,150
709321,90695,313372,229,150
709371,90700,313395,229,150
709421,90707,313415,229,150
709471,90715,313444,229,150
709523,90718,313464,229,150
709575,90725,313485,229,150
709627,90732,313509,229,149
709677,90737,313529,229,150
709727,90744,313556,229,150
709781,90751,313566,229,150
709831,90759,313586,229,150
709881,90768,313608,229,150
709931,90774,313628,229,150
709981,90780,313649,229,150
710031,90787,313667,229,150
710081,90795,313688,229,150
710133,90803,313699,229,150
710185,90810,313723,229,150
710240,90816,313738,229,149
710291,90823,313762,229,150
710345,90833,313777,229,150
710395,90842,313798,229,150
710448,90849,313833,229,149
710498,90858,313846,229,150
710548,90865,313864,229,149
710598,90871,313881,229,150
710648,90878,313897,229,150
710698,90884,313922,229,150
710749,90890,313943,229,150
710807,90900,313956,229,150
710859,90906,313978,229,150
710912,90912,313995,229,150
710963,90918,314027,229,150
711013,90923,314050,229,150
711063,90930,314068,229,150
711113,90936,314096,229,150
711167,90941,314108,229,150
711217,90948,314124,229,150
711271,90955,314145,229,150
711323,90961,314166,229,150
711373,90968,314190,229,150
711424,90976,314218,229,150
711481,90982,314241,229,149
711531,90988,314258,229,150
711581,90993,314284,229,150
711631,91002,314306,229,150
711683,91007,314325,229,150
711733,91012,314355,229,150
711784,91019,314371,229,150
711835,91027,314393,229,150
711886,91034,314416,229,150
711938,91039,314439,229,150
711989,91044,314468,229,150
712040,91052,314481,229,150
712090,91057,314519,229,150
712140,91064,314541,229,150
712192,91071,314564,229,150
712242,91076,314586,229,150
712293,91082,314603,229,150
712355,91089,314628,229,150
712406,91096,314651,229,150
712457,91104,314677,229,150
712507,91110,314696,229,150
712559,91116,314718,229,150
712610,91123,314740,229,150
712662,91129,314753,229,150
712717,91136,314771,229,150
712773,91141,314799,229,150
712826,91147,314820,229,150
712877,91153,314834,229,150
712927,91158,314854,229,150
712978,91163,314885,229,150
713035,91170,314909,229,150
713085,91179,314934,229,150
713137,91185,314963,229,150
713189,91190,314980,229,150
713240,91198,315011,229,150
713294,91205,315030,229,150
713345,91215,315054,229,150
713395,91222,315068,229,150
713445,91228,315090,229,150
713495,91233,315115,229,150
713549,91241,315140,229,150
713600,91246,315158,229,150
713650,91253,315179,229,150
713700,91260,315195,229,150
713751,91266,315217,229,150
713801,91275,315227,229,149
713851,91283,315246,229,150
713901,91289,315264,229,150
713951,91297,315279,229,150
714003,91305,315305,229,150
714053,91312,315328,229,150
714103,91318,315349,229,150
714153,91323,315371,229,150
714206,91331,315404,229,150
714257,91336,315427,229,150
714308,91343,315451,229,150
714358,91349,315471,229,150
714409,91356,315542,229,150
714461,91364,315572,229,149
714513,91372,315592,229,150
714563,91378,315625,229,150
714615,91385,315639,229,150
714666,91392,315655,229,149
714716,91398,315683,229,150
714770,91405,315705,229,150
714822,91412,315722,229,150
714872,91417,315743,229,150
714922,91426,315760,229,150
714973,91435,315780,229,150
715023,91442,315796,229,150
715073,91449,315869,229,150
715125,91455,315883,229,149
715175,91465,315909,229,150
715225,91472,315930,229,150
715275,91478,315951,229,150
715327,91484,315981,229,150
715381,91489,316007,229,150
715433,91496,316024,229,150
715485,91503,316044,229,150
715535,91509,316059,229,150
715586,91515,316082,229,150
715640,91522,316104,229,150
715690,91526,316127,229,150
715741,91532,316154,229,149
715792,91538,316176,229,150
715844,91544,316194,229,149
715894,91550,316225,229,150
715946,91556,316249,229,150
715997,91563,316273,229,150
716062,91571,316293,229,150
716112,91577,316323,229,150
716162,91583,316340,229,150
716212,91588,316363,229,150
716263,91593,316392,229,150
716320,91599,316420,229,150
716370,91605,316445,229,150
716421,91609,316479,229,150
716473,91616,316504,229,150
716524,91623,316537,229,150
716575,91630,316559,229,149
716628,91638,316578,229,150
716678,91646,316588,229,150
716728,91652,316620,229,150
716779,91658,316635,229,150
716830,91664,316662,229,150
716880,91673,316688,229,150
716930,91680,316715,229,150
716982,91686,316741,229,150
717034,91690,316770,229,150
717087,91698,316793,229,150
717142,91705,316810,229,149
717194,91713,316834,229,150
717245,91721,316856,229,150
717295,91726,316877,229,150
717346,91732,316894,229,150
717396,91740,316917,229,150
717448,91750,316933,229,150
717499,91759,316944,229,150
717550,91766,316963,229,149
717601,91772,316990,229,150
717655,91777,317019,229,150
717705,91784,317041,229,150
717755,91791,317056,229,150
717808,91798,317078,229,150
717858,91805,317099,229,150
717909,91811,317125,229,150
717960,91816,317151,229,150
718013,91824,317166,229,150
718065,91831,317187,229,150
718119,91836,317207,229,149
718170,91842,317231,229,150
718221,91849,317247,229,150
718273,91856,317260,229,150
718323,91862,317288,229,150
718379,91868,317310,229,150
718430,91876,317330,229,150
718482,91881,317359,229,150
718532,91887,317383,229,150
718582,91894,317400,229,150
718633,91900,317424,229,150
718683,91906,317451,229,150
718740,91914,317473,229,150
718791,91919,317499,229,150
718847,91925,317517,229,150
718897,91931,317547,229,150
718948,91937,317569,229,150
718999,91945,317588,229,150
719053,91952,317612,229,150
719104,91956,317633,229,150
719155,91967,317649,229,150
719205,91973,317680,229,150
719257,91981,317698,229,150
719311,91987,317728,229,150
719363,91993,317741,229,150
719413,91997,317778,229,150
719465,92004,317800,229,150
719515,92009,317829,229,150
719569,92017,317856,229,150
719619,92021,317882,229,150
719669,92026,317906,229,150
719719,92034,317931,229,150
719769,92041,317946,229,149
719825,92048,317975,229,149
719875,92055,317991,229,150
719928,92063,318011,229,150
719979,92068,318025,229,150
720029,92078,318039,229,150
720084,92084,318053,229,150
720138,92091,318075,229,150
720188,92097,318092,229,150
720242,92105,318112,229,150
720293,92112,318127,229,150
720344,92117,318149,229,150
720394,92123,318182,229,148
720444,92133,318204,229,150
720494,92139,318225,229,150
720544,92147,318250,229,150
720595,92155,318262,229,150
720645,92163,318269,229,150
720695,92170,318290,229,150
720746,92174,318316,229,150
720799,92179,318331,229,150
720850,92187,318351,229,150
720901,92194,318378,229,150
720951,92199,318406,229,150
721004,92203,318433,229,150
721057,92209,318449,229,150
721107,92217,318467,229,150
721157,92225,318480,229,150
721207,92230,318500,229,149
721259,92237,318526,229,149
721311,92245,318548,229,149
721361,92254,318569,229,150
721411,92262,318600,229,150
721462,92268,318626,229,150
721519,92276,318646,229,150
721570,92282,318666,229,150
721620,92288,318686,229,150
721673,92295,318701,229,150
721723,92306,318729,229,150
721774,92312,318758,229,150
721825,92319,318774,229,150
721881,92326,318795,229,150
721932,92334,318814,229,150
721982,92340,318834,229,150
722034,92348,318851,229,150
722086,92354,318872,229,150
722137,92361,318891,229,150
722190,92367,318913,229,149
722241,92374,318934,229,150
722295,92381,318955,229,150
722348,92387,318980,229,150
722401,92395,318997,229,150
722451,92400,319023,229,150
722504,92408,319036,229,148
722554,92415,319059,229,150
722607,92421,319086,229,150
722657,92427,319116,229,150
722709,92433,319142,229,150
722759,92438,319169,229,150
722810,92442,319186,229,150
722861,92446,319205,229,150
722913,92452,319225,229,150
722964,92460,319254,229,150
723015,92467,319270,229,150
723067,92474,319290,229,150
723117,92478,319326,229,150
723168,92483,319354,229,150
723218,92490,319384,229,150
723269,92496,319402,229,150
723319,92501,319422,229,150
723369,92507,319444,229,150
723419,92515,319468,229,150
723471,92520,319495,229,150
723522,92526,319521,229,150
723573,92534,319535,229,150
723625,92540,319554,229,150
723682,92547,319578,229,150
723732,92554,319607,229,150
723783,92559,319627,229,150
723834,92565,319642,229,150
723884,92570,319672,229,150
723935,92578,319704,229,150
723987,92587,319726,229,150
724038,92595,319758,229,149
724089,92601,319789,229,150
724141,92607,319807,229,150
724192,92614,319830,229,150
724242,92620,319851,229,150
724293,92627,319871,229,150
724346,92634,319888,229,149
724400,92641,319916,229,150
724453,92645,319942,229,150
724503,92652,319964,229,150
724553,92657,319981,229,150
724603,92664,319994,229,150
724653,92670,320020,229,150
724704,92675,320036,229,150
724754,92682,320055,229,150
724804,92686,320083,229,150
724854,92690,320108,229,150
724905,92699,320120,229,150
724958,92705,320142,229,150
725010,92714,320161,229,150
725061,92720,320178,229,150
725111,92726,320200,229,150
725161,92733,320219,229,150
725212,92738,320242,229,150
725263,92745,320260,229,150
725314,92753,320277,229,150
725365,92760,320297,229,150
725416,92767,320327,229,150
725473,92772,320345,229,149
725523,92778,320368,229,150
725573,92784,320390,229,150
725623,92789,320460,229,150
725675,92795,320477,229,150
725727,92799,320504,229,150
725778,92804,320525,229,150
725828,92811,320552,229,150
725879,92816,320572,229,150
725931,92822,320592,229,150
725981,92829,320610,229,150
726032,92836,320621,229,150
726084,92842,320635,229,150
726138,92852,320650,229,150
726188,92857,320680,229,150
726239,92865,320699,229,150
726289,92872,320718,229,150
726340,92881,320734,229,149
726391,92888,320760,229,150
726442,92896,320778,229,150
726493,92903,320798,229,150
726543,92909,320826,229,150
726594,92919,320851,229,150
726648,92927,320872,229,150
726698,92933,320892,229,150
726751,92938,320910,229,150
726808,92945,320928,229,150
726859,92951,320950,229,150
726913,92958,320967,229,150
726964,92965,320980,229,150
727017,92972,321007,229,150
727067,92980,321032,229,150
727118,92985,321057,229,150
727168,92993,321077,229,150
727218,92999,321093,229,150
727269,93006,321112,229,150
727323,93014,321129,229,150
727376,93021,321147,229,150
727427,93027,321155,229,150
727477,93032,321176,229,149
727527,93038,321192,229,150
727577,93043,321216,229,150
727627,93050,321240,229,150
727677,93055,321262,229,150
727730,93062,321291,229,149
727780,93071,321306,229,150
727831,93079,321325,229,150
727883,93086,321338,229,150
727934,93092,321360,229,150
727985,93100,321379,229,150
728037,93107,321402,229,150
728087,93113,321426,229,150
728139,93121,321442,229,150
728189,93126,321477,229,150
728240,93133,321498,229,150
728293,93139,321523,229,150
728347,93146,321550,229,150
728397,93152,321562,229,150
728447,93156,321584,229,150
728499,93161,321606,229,149
728553,93170,321625,229,150
728605,93179,321653,229,150
728655,93188,321679,229,150
728712,93194,321693,229,150
728762,93200,321712,229,150
728814,93205,321730,229,150
728871,93212,321753,229,150
728923,93219,321768,229,150
728974,93227,321801,229,150
729030,93236,321860,229,150
729081,93240,321892,229,150
729131,93250,321905,229,150
729181,93255,321931,229,150
729235,93260,321953,229,149
729285,93267,321973,229,149
729336,93274,321985,229,150
729386,93282,322007,229,150
729436,93287,322033,229,150
729488,93293,322056,229,150
729538,93299,322080,229,150
729593,93306,322094,229,150
729643,93310,322113,229,150
729694,93317,322132,229,150
729746,93327,322155,229,150
729800,93332,322177,229,150
729851,93338,322190,229,150
729903,93343,322216,229,150
729954,93351,322231,229,150
730004,93358,322251,229,150
730056,93367,322273,229,150
730108,93375,322290,229,149
730159,93381,322315,229,150
730209,93386,322341,229,150
730265,93394,322368,229,150
730320,93402,322395,229,150
730370,93407,322419,229,150
730420,93415,322430,229,150
730472,93421,322457,229,150
730522,93428,322475,229,150
730573,93436,322501,229,150
730628,93442,322529,229,150
730679,93450,322547,229,149
730733,93457,322568,229,150
730784,93463,322596,229,150
730837,93467,322621,229,150
730887,93477,322650,229,150
730937,93482,322674,229,150
730987,93490,322692,229,150
731037,93495,322709,229,150
731087,93501,322732,229,150
731137,93509,322752,229,150
731188,93518,322770,229,150
731238,93523,322795,229,150
731290,93530,322823,229,150
731341,93535,322843,229,150
731393,93542,322869,229,150
731444,93548,322887,229,150
731498,93556,322911,229,149
731551,93563,322929,229,150
731602,93570,322957,229,150
731655,93576,322985,229,150
731705,93582,323008,229,150
731755,93591,323031,229,150
731808,93598,323058,229,150
731859,93603,323083,229,148
731909,93610,323114,229,150
731959,93617,323134,229,150
732012,93625,323154,229,150
732062,93630,323182,229,150
732118,93637,323214,229,150
732168,93644,323231,229,150
732220,93651,323301,229,150
732270,93656,323322,229,149
732321,93662,323339,229,150
732372,93667,323353,229,150
732425,93673,323371,229,150
732475,93680,323383,229,150
732525,93688,323407,229,150
732575,93695,323433,229,150
732626,93700,323456,229,150
732679,93707,323469,229,150
732730,93713,323497,229,150
732780,93719,323525,229,150
732832,93727,323538,229,150
732882,93734,323552,229,150
732933,93739,323580,229,150
732983,93748,323594,229,150
733034,93754,323611,229,150
733086,93763,323638,229,150
733138,93772,323652,229,150
733190,93777,323690,229,150
733241,93782,323717,229,150
733293,93794,323739,229,150
733344,93799,323769,229,150
733397,93807,323794,229,150
733447,93812,323815,229,150
733501,93819,323839,229,149
733551,93825,323857,229,150
733601,93831,323881,229,150
733652,93836,323912,229,150
733705,93841,323938,229,150
733758,93847,323964,229,150
733808,93853,323983,229,150
733859,93859,324012,229,150
733910,93866,324032,229,150
733966,93874,324055,229,150
734016,93880,324068,229,150
734067,93886,324085,229,150
734120,93892,324106,229,150
734170,93899,324127,229,150
734224,93907,324154,229,150
734276,93914,324182,229,150
734326,93919,324207,229,150
734378,93925,324227,229,150
734428,93931,324245,229,150
734478,93937,324262,229,150
734528,93945,324291,229,150
734579,93951,324313,229,150
734629,93957,324339,229,150
734679,93964,324367,229,150
734729,93974,324385,229,150
734781,93981,324401,229,150
734832,93988,324417,229,150
734884,93995,324437,229,150
734935,94001,324452,229,149
734988,94008,324472,229,150
735042,94014,324544,229,150
735092,94018,324571,229,150
735144,94024,324600,229,150
735195,94029,324626,229,150
735250,94036,324646,229,150
735301,94042,324665,229,150
735356,94049,324689,229,149
735416,94057,324694,229,150
735468,94064,324709,229,150
735521,94070,324733,229,150
735574,94075,324751,229,150
735632,94082,324773,229,150
735682,94087,324796,229,150
735733,94096,324825,229,150
735783,94101,324847,229,150
735833,94108,324872,229,150
735883,94117,324890,229,150
735934,94123,324908,229,150
735986,94129,324935,229,150
736038,94135,324961,229,150
736090,94142,324974,229,150
736140,94150,324989,229,150
736195,94157,325005,229,150
736246,94167,325027,229,150
736297,94174,325048,229,150
736347,94179,325068,229,150
736398,94184,325093,229,150
736448,94189,325116,229,150
736498,94197,325134,229,150
736549,94203,325165,229,150
736599,94211,325189,229,150
736650,94220,325215,229,150
736701,94226,325248,229,150
736751,94231,325278,229,150
736801,94239,325309,229,150
736851,94248,325328,229,150
736901,94255,325340,229,150
736951,94261,325366,229,150
737001,94267,325391,229,150
737056,94274,325420,229,150
737106,94281,325443,229,150
737156,94287,325476,229,150
737208,94296,325488,229,150
737262,94303,325512,229,150
737316,94310,325534,229,150
737367,94316,325555,229,150
737417,94323,325582,229,150
737468,94331,325601,229,150
737519,94337,325621,229,150
737569,94342,325645,229,150
737619,94347,325662,229,150
737670,94355,325677,229,150
737720,94363,325691,229,150
737778,94371,325712,229,150
737831,94377,325732,229,150
737885,94383,325745,229,150
737939,94390,325771,229,150
737992,94395,325791,229,150
738043,94401,325815,229,150
738094,94411,325884,229,150
738146,94417,325904,229,150
738200,94421,325929,229,150
738252,94431,325947,229,150
738303,94436,325980,229,150
738356,94442,325997,229,150
738406,94450,326018,229,150
738456,94455,326049,229,150
738508,94463,326075,229,150
738558,94468,326095,229,150
738610,94474,326108,229,150
738662,94478,326134,229,150
738712,94483,326148,229,149
738763,94492,326167,229,150
738813,94498,326188,229,150
738864,94503,326216,229,150
738915,94512,326230,229,150
738966,94517,326254,229,150
739019,94525,326278,229,150
739069,94531,326301,229,150
739121,94538,326339,229,150
739174,94545,326354,229,150
739227,94553,326376,229,150
739277,94558,326402,229,150
739327,94565,326424,229,150
739377,94571,326450,229,150
739427,94580,326467,229,150
739479,94586,326495,229,150
739529,94593,326510,229,150
739580,94601,326535,229,150
739632,94609,326559,229,150
739683,94615,326577,229,150
739733,94622,326608,229,150
739783,94627,326627,229,150
739833,94636,326639,229,150
739883,94642,326663,229,150
739934,94648,326688,229,150
739986,94656,326713,229,150
740037,94662,326732,229,150
740087,94669,326755,229,150
740137,94678,326784,229,150
740187,94686,326802,229,150
740237,94692,326823,229,150
740288,94697,326854,229,150
740338,94703,326874,229,150
740388,94708,326890,229,150
740438,94714,326918,229,150
740492,94722,326935,229,150
740542,94728,326965,229,150
740595,94735,326987,229,150
740651,94742,326999,229,149
740705,94750,327015,229,150
740758,94758,327030,229,150
740810,94765,327062,229,150
740862,94770,327085,229,150
740914,94774,327104,229,150
740965,94783,327125,229,150
741015,94788,327144,229,150
741066,94796,327165,229,150
741117,94802,327190,229,150
741168,94808,327208,229,150
741219,94816,327235,229,150
741269,94824,327261,229,150
741320,94831,327293,229,150
741370,94837,327308,229,150
741420,94845,327328,229,150
741470,94853,327354,229,150
741520,94862,327375,229,150
741572,94868,327399,229,150
741625,94874,327418,229,150
741676,94881,327439,229,150
741727,94889,327452,229,150
741777,94897,327470,229,150
741827,94901,327496,229,150
741877,94908,327523,229,150
741930,94917,327544,229,150
741982,94925,327565,229,150
742033,94931,327585,229,150
742085,94935,327612,229,150
742135,94941,327633,229,150
742185,94947,327659,229,150
742235,94953,327727,229,150
742287,94959,327743,229,150
742342,94965,327771,229,149
742392,94971,327794,229,150
742442,94978,327811,229,150
742495,94985,327828,229,150
742545,94990,327846,229,150
742600,94997,327866,229,150
742651,95001,327887,229,150
742701,95007,327910,229,150
742752,95014,327935,229,150
742804,95020,327958,229,150
742855,95028,327975,229,150
742906,95034,328006,229,150
742957,95040,328026,229,150
743007,95046,328051,229,150
743057,95052,328067,229,150
743107,95058,328094,229,150
743159,95063,328120,229,150
743212,95068,328139,229,149
743263,95076,328151,229,150
743314,95084,328175,229,150
743368,95091,328193,229,149
743419,95097,328207,229,150
743472,95102,328225,229,150
743524,95110,328246,229,150
743577,95116,328268,229,150
743631,95123,328278,229,150
743684,95130,328287,229,150
743738,95137,328315,229,150
743791,95146,328371,229,149
743842,95154,328393,229,150
743892,95159,328417,229,150
743942,95164,328445,229,150
743993,95169,328474,229,150
744044,95175,328492,229,150
744094,95181,328516,229,150
744144,95186,328538,229,150
744194,95193,328555,229,150
744247,95198,328574,229,150
744299,95206,328590,229,150
744351,95213,328607,229,150
744402,95219,328628,229,149
744452,95230,328640,229,150
744504,95235,328663,229,150
744554,95241,328684,229,150
744606,95246,328716,229,150
744658,95255,328738,229,150
744709,95263,328756,229,150
744759,95269,328781,229,150
744811,95279,328808,229,150
744861,95284,328835,229,150
744917,95291,328856,229,150
744967,95296,328874,229,150
745017,95303,328894,229,150
745074,95311,328909,229,150
745125,95316,328938,229,150
745176,95323,328966,229,150
745227,95330,328986,229,150
745278,95336,328996,229,150
745329,95342,329016,229,150
745379,95347,329041,229,150
745429,95355,329062,229,150
745480,95362,329078,229,150
745531,95369,329115,229,150
745584,95374,329140,229,150
745634,95380,329166,229,150
745684,95385,329183,229,150
745738,95390,329210,229,149
745788,95397,329238,229,150
745839,95403,329264,229,150
745890,95409,329286,229,150
745940,95413,329299,229,150
745992,95422,329321,229,150
746044,95428,329344,229,150
746094,95434,329368,229,150
746146,95440,329394,229,150
746196,95447,329413,229,150
746246,95452,329438,229,150
746297,95457,329470,229,150
746347,95463,329489,229,150
746397,95469,329504,229,150
746449,95474,329530,229,150
746499,95480,329555,229,150
746549,95488,329571,229,150
746602,95495,329596,229,150
746652,95502,329618,229,150
746702,95509,329650,229,150
746752,95514,329667,229,150
746802,95519,329693,229,150
746854,95523,329719,229,150
746911,95536,329739,229,150
746962,95541,329764,229,150
747012,95548,329791,229,150
747064,95555,329808,229,150
747119,95560,329836,229,150
747169,95565,329863,229,150
747223,95572,329927,229,150
747274,95579,329950,229,150
747327,95586,329974,229,149
747378,95595,329986,229,150
747432,95603,330011,229,149
747482,95611,330024,229,150
747532,95616,330049,229,150
747582,95621,330067,229,150
747635,95628,330088,229,150
747685,95634,330103,229,150
747739,95643,330112,229,149
747790,95652,330125,229,150
747840,95660,330144,229,150
747890,95667,330156,229,150
747942,95672,330186,229,149
747996,95679,330211,229,150
748046,95688,330227,229,150
748096,95696,330240,229,150
748146,95701,330260,229,150
748198,95707,330271,229,150
748248,95715,330294,229,150
748300,95722,330314,229,150
748350,95730,330337,229,150
748402,95736,330364,229,150
748453,95742,330385,229,150
748503,95748,330402,229,150
748553,95753,330421,229,150
748603,95758,330437,229,150
748653,95765,330457,229,150
748703,95771,330478,229,150
748756,95777,330511,229,150
748806,95783,330539,229,150
748860,95789,330563,229,149
748910,95795,330578,229,150
748960,95801,330600,229,150
749013,95809,330625,229,150
749069,95817,330655,229,150
749121,95823,330673,229,150
749174,95828,330688,229,149
749226,95834,330717,229,150
749279,95841,330751,229,150
749329,95848,330779,229,150
749381,95856,330794,229,150
749432,95861,330811,229,150
749482,95867,330875,229,150
749534,95873,330894,229,150
749591,95880,330928,229,150
749644,95886,330952,229,150
749697,95893,330968,229,150
749748,95899,330989,229,150
749800,95903,331008,229,150
749850,95911,331024,229,150
749902,95919,331041,229,150
749953,95927,331062,229,150
750003,95936,331080,229,149
750053,95943,331103,229,150
750108,95951,331124,229,150
750159,95958,331147,229,150
750210,95966,331158,229,150
750264,95973,331182,229,150
750314,95978,331208,229,150
750368,95986,331235,229,150
750420,95994,331255,229,150
750470,96001,331279,229,150
750520,96005,331304,229,150
750571,96010,331318,229,150
750621,96016,331340,229,150
750671,96020,331362,229,150
750729,96027,331380,229,148
750780,96033,331405,229,150
750830,96039,331430,229,150
750884,96046,331444,229,150
750936,96051,331479,229,150
750988,96056,331498,229,150
751038,96062,331521,229,150
751088,96069,331547,229,150
751141,96074,331568,229,150
751194,96082,331587,229,150
751245,96090,331597,229,150
751295,96097,331614,229,150
751347,96104,331640,229,150
751398,96110,331662,229,150
751449,96115,331682,229,150
751499,96123,331702,229,150
751550,96129,331731,229,150
751603,96137,331759,229,150
751655,96143,331778,229,150
751705,96147,331804,229,150
751755,96154,331820,229,150
751813,96160,331843,229,147
751865,96172,331870,229,150
751915,96178,331896,229,150
751966,96185,331904,229,150
752016,96191,331922,229,150
752066,96197,331943,229,150
752116,96207,331964,229,150
752167,96214,331993,229,150
752219,96220,332020,229,150
752269,96225,332039,229,150
752326,96232,332057,229,150
752376,96239,332076,229,150
752427,96245,332141,229,150
752477,96249,332166,229,150
752529,96257,332187,229,150
752579,96263,332216,229,150
752631,96269,332239,229,150
752681,96277,332256,229,150
752731,96283,332279,229,150
752781,96288,332299,229,150
752834,96293,332321,229,150
752886,96298,332338,229,150
752940,96304,332364,229,149
752991,96311,332382,229,150
753042,96317,332398,229,150
753093,96323,332420,229,150
753143,96328,332449,229,150
753194,96333,332467,229,150
753246,96338,332490,229,150
753296,96344,332512,229,150
753346,96350,332524,229,150
753396,96356,332550,229,150
753447,96364,332570,229,150
753499,96370,332596,229,150
753549,96376,332628,229,150
753603,96382,332656,229,150
753654,96389,332684,229,150
753706,96396,332724,229,150
753757,96400,332748,229,150
753807,96406,332766,229,150
753857,96411,332786,229,150
753911,96416,332813,229,150
753962,96420,332838,229,150
754012,96428,332854,229,150
754067,96436,332884,229,150
754118,96440,332913,229,150
754168,96444,332941,229,150
754218,96451,332956,229,150
754271,96457,332986,229,150
754324,96464,333001,229,150
754376,96472,333023,229,150
754426,96478,333054,229,150
754476,96485,333075,229,149
754526,96493,333095,229,150
754577,96500,333118,229,150
754627,96507,333134,229,150
754677,96513,333153,229,150
754727,96519,333172,229,149
754783,96525,333200,229,150
754836,96534,333228,229,149
754888,96541,333244,229,148
754938,96551,333269,229,150
754988,96556,333292,229,150
755042,96562,333322,229,150
755093,96568,333350,229,150
755143,96574,333373,229,150
755193,96579,333401,229,150
755243,96585,333414,229,150
755293,96593,333429,229,150
755343,96600,333449,229,150
755393,96608,333476,229,150
755443,96613,333498,229,150
755494,96619,333525,229,150
755544,96624,333543,229,150
755594,96630,333565,229,150
755646,96636,333595,229,149
755697,96642,333617,229,150
755749,96649,333635,229,150
755799,96654,333655,229,150
755849,96661,333679,229,150
755899,96669,333699,229,150
755949,96675,333717,229,150
755999,96680,333741,229,150
756050,96687,333766,229,150
756100,96692,333798,229,150
756151,96701,333820,229,150
756201,96707,333852,229,150
756251,96713,333881,229,150
756303,96720,333911,229,150
756353,96725,333933,229,150
756405,96731,333953,229,149
756456,96737,333975,229,149
756509,96746,333987,229,150
756559,96755,334005,229,150
756609,96760,334030,229,150
756659,96766,334047,229,150
756713,96771,334076,229,149
756763,96779,334108,229,150
756817,96784,334127,229,150
756867,96790,334150,229,150
756918,96794,334169,229,150
756969,96800,334201,229,150
757019,96806,334213,229,150
757069,96813,334233,229,150
757121,96820,334253,229,149
757173,96828,334275,229,150
757224,96834,334291,229,150
757274,96842,334309,229,150
757324,96848,334324,229,150
757374,96856,334340,229,150
757424,96861,334364,229,149
757477,96866,334390,229,150
757531,96874,334407,229,150
757581,96882,334420,229,150
757631,96887,334438,229,150
757683,96892,334464,229,149
757736,96901,334479,229,150
757786,96910,334490,229,150
757837,96918,334511,229,150
757887,96924,334533,229,150
757937,96931,334548,229,150
757987,96938,334565,229,150
758037,96945,334583,229,150
758089,96952,334605,229,150
758142,96957,334621,229,150
758192,96962,334643,229,150
758242,96970,334657,229,150
758292,96978,334677,229,150
758342,96984,334702,229,150
758392,96990,334717,229,150
758442,96995,334741,229,150
758495,97001,334766,229,150
758549,97009,334792,229,150
758599,97017,334809,229,150
758649,97023,334838,229,150
758699,97030,334855,229,150
758749,97037,334874,229,150
758800,97044,334907,229,150
758851,97050,334930,229,150
758902,97057,334945,229,150
758952,97065,334960,229,150
759002,97072,334984,229,150
759052,97077,335013,229,150
759106,97082,335040,229,150
759160,97091,335056,229,150
759210,97098,335083,229,150
759261,97106,335103,229,150
759311,97112,335121,229,150
759361,97119,335151,229,150
759411,97127,335173,229,149
759465,97133,335190,229,150
759515,97141,335213,229,150
759565,97147,335234,229,150
759616,97152,335260,229,150
759666,97159,335280,229,150
759717,97164,335305,229,150
759767,97169,335325,229,150
759818,97177,335349,229,150
759868,97182,335370,229,150
759920,97189,335389,229,150
759970,97197,335410,229,150
760023,97203,335436,229,150
760074,97208,335459,229,150
760125,97216,335475,229,150
760176,97222,335491,229,150
760229,97230,335514,229,150
760280,97235,335527,229,148
760333,97242,335549,229,150
760383,97249,335574,229,150
760433,97253,335598,229,150
760483,97263,335621,229,150
760535,97274,335635,229,149
760586,97282,335647,229,150
760636,97289,335673,229,150
760687,97297,335736,229,150
760738,97305,335754,229,150
760791,97311,335776,229,149
760843,97318,335798,229,150
760894,97323,335825,229,150
760945,97329,335846,229,150
760995,97336,335869,229,150
761046,97341,335895,229,150
761099,97347,335918,229,149
761149,97353,335931,229,150
761202,97357,335964,229,150
761252,97364,335987,229,150
761302,97369,336012,229,150
761357,97374,336036,229,150
761408,97381,336059,229,150
761458,97388,336075,229,150
761509,97396,336096,229,150
761559,97402,336114,229,150
761612,97408,336132,229,150
761667,97413,336153,229,150
761719,97418,336183,229,150
761769,97423,336206,229,150
761821,97429,336231,229,150
761871,97435,336257,229,150
761921,97441,336285,229,150
761972,97445,336314,229,150
762022,97452,336337,229,150
762074,97459,336357,229,150
762125,97467,336373,229,150
762176,97472,336393,229,150
762226,97477,336422,229,150
762279,97485,336437,229,150
762331,97491,336463,229,150
762381,97496,336488,229,150
762432,97500,336508,229,150
762483,97506,336523,229,150
762533,97512,336541,229,150
762586,97520,336559,229,150
762641,97525,336581,229,149
762691,97533,336601,229,150
762741,97539,336617,229,150
762791,97546,336639,229,150
762841,97552,336649,229,150
762891,97559,336674,229,150
762942,97565,336705,229,150
762996,97569,336721,229,150
763047,97574,336753,229,150
763097,97580,336776,229,150
763147,97586,336808,229,150
763198,97594,336831,229,150
763254,97601,336855,229,150
763304,97607,336884,229,150
763354,97613,336903,229,150
763407,97619,336924,229,150
763457,97625,336954,229,150
763511,97634,336978,229,150
763561,97641,337000,229,150
763612,97651,337020,229,150
763665,97658,337048,229,150
763720,97666,337064,229,150
763770,97675,337080,229,150
763822,97680,337102,229,150
763874,97687,337120,229,150
763926,97693,337142,229,150
763976,97699,337159,229,150
764031,97705,337182,229,150
764083,97715,337208,229,150
764133,97721,337225,229,150
764183,97727,337253,229,150
764240,97733,337276,229,149
764291,97740,337301,229,150
764342,97746,337321,229,150
764393,97755,337345,229,150
764443,97762,337375,229,150
764493,97769,337398,229,150
764546,97776,337414,229,150
764596,97782,337440,229,150
764650,97790,337455,229,149
764702,97799,337476,229,150
764753,97805,337491,229,150
764803,97811,337511,229,150
764855,97818,337529,229,150
764906,97823,337552,229,150
764956,97829,337578,229,150
765015,97836,337594,229,149
765065,97843,337614,229,150
765117,97849,337621,229,149
765167,97856,337642,229,150
765217,97864,337661,229,150
765269,97870,337733,229,149
765319,97878,337754,229,150
765369,97882,337788,229,150
765419,97887,337805,229,150
765470,97895,337830,229,150
765522,97902,337850,229,150
765572,97909,337866,229,150
765625,97915,337883,229,150
765679,97921,337901,229,150
765730,97929,337920,229,149
765780,97934,337945,229,150
765830,97941,337967,229,150
765884,97949,337990,229,150
765935,97956,338009,229,150
765985,97963,338032,229,150
766036,97968,338068,229,150
766088,97975,338086,229,150
766138,97981,338103,229,150
766189,97987,338124,229,150
766240,97994,338146,229,150
766291,98000,338175,229,150
766341,98009,338196,229,150
766391,98015,338220,229,150
766441,98020,338241,229,150
766491,98026,338274,229,150
766545,98031,338288,229,150
766598,98040,338302,229,149
766656,98047,338325,229,150
766706,98053,338350,229,150
766757,98059,338364,229,150
766807,98066,338385,229,150
766868,98074,338410,229,150
766919,98083,338427,229,150
766969,98090,338449,229,150
767019,98096,338475,229,150
767070,98101,338502,229,150
767122,98107,338527,229,150
767174,98115,338548,229,150
767225,98121,338575,229,150
767275,98127,338607,229,150
767327,98136,338631,229,150
767379,98144,338659,229,150
767430,98151,338684,229,150
767480,98157,338703,229,150
767530,98167,338716,229,150
767580,98172,338744,229,150
767630,98180,338772,229,150
767682,98187,338793,229,150
767735,98195,338805,229,150
767789,98200,338826,229,150
767839,98208,338853,229,150
767889,98215,338865,229,150
767939,98219,338889,229,150
767990,98227,338902,229,150
768041,98233,338927,229,150
768091,98239,338941,229,150
768141,98245,338959,229,150
768194,98253,338995,229,150
768247,98259,339025,229,150
768297,98264,339047,229,150
768347,98272,339064,229,150
768397,98279,339077,229,150
768448,98287,339092,229,150
768498,98295,339104,229,150
768548,98300,339130,229,150
768601,98307,339145,229,150
768651,98314,339173,229,150
768701,98319,339205,229,150
768752,98326,339228,229,150
768803,98334,339246,229,150
768855,98339,339273,229,150
768906,98345,339303,229,150
768956,98352,339332,229,150
769006,98359,339357,229,150
769057,98363,339382,229,150
769107,98369,339401,229,150
769158,98375,339417,229,150
769211,98381,339448,229,150
769262,98389,339467,229,149
769314,98396,339492,229,150
769364,98402,339510,229,150
769421,98410,339582,229,149
769472,98416,339605,229,150
769523,98421,339633,229,150
769573,98428,339652,229,150
769624,98434,339675,229,150
769675,98442,339708,229,150
769725,98448,339776,229,150
769777,98457,339796,229,150
769830,98462,339819,229,150
769880,98469,339838,229,150
769930,98474,339858,229,150
769981,98480,339889,229,150
770031,98488,339928,229,150
770081,98496,339938,229,150
770133,98502,339966,229,150
770184,98510,339983,229,150
770235,98516,340006,229,150
770288,98523,340029,229,150
770339,98531,340043,229,150
770389,98535,340065,229,150
770444,98539,340083,229,150
770497,98546,340105,229,149
770551,98554,340127,229,150
770607,98562,340141,229,150
770657,98569,340159,229,150
770710,98574,340179,229,149
770765,98584,340192,229,150
770817,98589,340203,229,150
770868,98597,340227,229,150
770921,98602,340248,229,150
770971,98610,340263,229,150
771021,98617,340280,229,150
771072,98623,340306,229,150
771122,98632,340317,229,150
771172,98636,340341,229,150
771223,98642,340359,229,150
771273,98648,340385,229,150
771328,98656,340405,229,150
771378,98662,340423,229,150
771428,98668,340440,229,150
771480,98676,340457,229,150
771530,98681,340481,229,150
771580,98688,340500,229,150
771630,98698,340518,229,150
771680,98704,340531,229,150
771730,98711,340550,229,150
771781,98718,340564,229,150
771835,98723,340596,229,149
771885,98731,340616,229,150
771937,98740,340639,229,150
771989,98747,340663,229,150
772039,98753,340689,229,150
772089,98759,340755,229,150
772139,98764,340781,229,150
772189,98770,340811,229,150
772240,98775,340840,229,150
772290,98779,340860,229,150
772345,98787,340881,229,150
772399,98792,340900,229,149
772449,98798,340913,229,150
772501,98803,340931,229,150
772555,98810,340955,229,150
772605,98817,340966,229,150
772655,98824,340986,229,150
772706,98830,341011,229,150
772756,98835,341034,229,150
772806,98842,341054,229,150
772856,98847,341070,229,150
772909,98855,341093,229,150
772961,98861,341113,229,150
773014,98867,341138,229,150
773065,98873,341158,229,150
773116,98880,341171,229,150
773169,98887,341195,229,150
773219,98894,341211,229,150
773269,98899,341232,229,150
773320,98907,341252,229,150
773370,98914,341267,229,149
773422,98921,341283,229,150
773472,98928,341312,229,150
773523,98934,341328,229,150
773575,98940,341351,229,150
773626,98946,341371,229,148
773676,98955,341390,229,150
773726,98961,341409,229,150
773776,98969,341420,229,150
773833,98976,341446,229,150
773884,98983,341468,229,150
773934,98988,341481,229,150
773985,98993,341512,229,150
774038,98998,341539,229,150
774089,99003,341561,229,150
774139,99010,341584,229,150
774191,99017,341607,229,150
774242,99024,341625,229,150
774293,99030,341646,229,150
774343,99035,341670,229,150
774394,99042,341691,229,150
774445,99048,341715,229,150
774496,99056,341734,229,150
774546,99061,341761,229,150
774599,99066,341780,229,150
774651,99073,341799,229,150
774704,99081,341818,229,150
774759,99086,341838,229,150
774809,99091,341854,229,150
774863,99098,341875,229,150
774913,99104,341892,229,150
774964,99110,341912,229,150
775015,99115,341932,229,150
775066,99121,341951,229,150
775124,99127,341987,229,150
775174,99134,342009,229,150
775226,99139,342028,229,150
775281,99147,342050,229,150
775332,99152,342116,229,150
775382,99156,342135,229,150
775433,99164,342156,229,150
775485,99169,342189,229,150
775536,99176,342212,229,150
775586,99181,342237,229,150
775636,99186,342256,229,150
775688,99193,342281,229,150
775738,99199,342298,229,149
775788,99205,342321,229,150
775839,99210,342333,229,149
775892,99218,342356,229,150
775942,99224,342373,229,150
775992,99228,342398,229,150
776042,99232,342426,229,150
776092,99238,342443,229,150
776143,99246,342518,229,150
776194,99254,342532,229,150
776244,99260,342555,229,150
776295,99265,342588,229,150
776345,99273,342611,229,150
776395,99282,342629,229,150
776445,99288,342650,229,150
776497,99294,342669,229,150
776547,99300,342702,229,150
776597,99305,342732,229,150
776648,99310,342759,229,150
776698,99316,342781,229,150
776748,99320,342814,229,150
776799,99326,342834,229,150
776849,99332,342862,229,150
776899,99338,342883,229,150
776954,99347,342900,229,150
777007,99353,342924,229,150
777057,99360,342947,229,150
777109,99365,342965,229,150
777160,99372,342981,229,150
777210,99380,343000,229,150
777260,99389,343018,229,150
777312,99395,343040,229,150
777363,99399,343060,229,150
777415,99408,343071,229,150
777465,99414,343088,229,150
777518,99423,343103,229,150
777569,99428,343129,229,150
777619,99433,343147,229,150
777669,99440,343165,229,150
777720,99445,343187,229,150
777772,99449,343203,229,150
777822,99456,343220,229,150
777872,99462,343244,229,150
777925,99470,343312,229,150
777975,99475,343339,229,150
778025,99480,343363,229,150
778075,99485,343389,229,150
778126,99490,343400,229,150
778176,99495,343421,229,150
778228,99501,343441,229,150
778280,99511,343461,229,150
778332,99517,343481,229,150
778386,99524,343506,229,150
778438,99530,343527,229,150
778490,99535,343543,229,150
778541,99541,343573,229,150
778592,99546,343592,229,150
778646,99554,343612,229,150
778698,99561,343636,229,150
778748,99569,343647,229,150
778799,99576,343663,229,150
778851,99585,343681,229,148
778901,99594,343694,229,150
778951,99601,343719,229,150
779003,99607,343746,229,150
779054,99612,343771,229,150
779105,99619,343790,229,150
779156,99626,343808,229,150
779207,99633,343830,229,150
779258,99638,343853,229,150
779308,99645,343871,229,149
779359,99650,343896,229,150
779409,99655,343921,229,150
779459,99661,343940,229,150
779510,99667,343965,229,150
779563,99671,343985,229,149
779615,99677,344006,229,150
779665,99684,344029,229,150
779715,99689,344063,229,150
779765,99695,344078,229,150
779816,99704,344095,229,150
779868,99709,344117,229,150
779919,99713,344148,229,150
779969,99718,344169,229,150
780021,99723,344183,229,150
780071,99729,344205,229,149
780122,99734,344272,229,150
780174,99740,344290,229,150
780224,99746,344311,229,150
780277,99751,344331,229,150
780328,99759,344349,229,150
780378,99767,344373,229,150
780433,99773,344400,229,150
780483,99781,344424,229,149
780536,99789,344455,229,150
780586,99794,344477,229,150
780641,99801,344489,229,150
780692,99808,344505,229,150
780742,99815,344536,229,150
780793,99820,344566,229,150
780845,99827,344587,229,150
780895,99833,344608,229,150
780945,99841,344628,229,148
780996,99849,344638,229,150
781046,99857,344674,229,150
781098,99862,344698,229,150
781148,99868,344719,229,150
781200,99877,344733,229,150
781251,99883,344762,229,150
781302,99890,344783,229,150
781352,99895,344814,229,150
781402,99903,344840,229,150
781453,99911,344851,229,150
781503,99917,344878,229,150
781555,99923,344899,229,150
781609,99927,344924,229,150
781659,99933,344939,229,150
781710,99940,344965,229,150
781761,99946,344993,229,150
781812,99953,345018,229,150
781862,99961,345042,229,150
781918,99966,345069,229,150
781972,99973,345089,229,150
782022,99978,345120,229,150
782074,99985,345139,229,150
782124,99991,345172,229,150
782175,99997,345194,229,150
782225,100005,345213,229,150
782275,100012,345232,229,150
782329,100019,345255,229,150
782381,100025,345277,229,150
782431,100031,345306,229,150
782483,100040,345338,229,150
782533,100045,345359,229,150
782584,100051,345428,229,150
782634,100060,345446,229,150
782685,100066,345467,229,150
782735,100072,345491,229,150
782785,100081,345512,229,150
782840,100087,345534,229,150
782890,100093,345568,229,150
782940,100103,345585,229,150
782990,100110,345605,229,150
783047,100116,345631,229,149
783097,100126,345650,229,150
783147,100131,345668,229,150
783197,100141,345691,229,150
783250,100148,345710,229,149
783303,100156,345738,229,150
783353,100166,345753,229,150
783403,100173,345776,229,150
783453,100178,345809,229,150
783504,100184,345835,229,150
783554,100190,345869,229,150
783604,100195,345891,229,149
783655,100202,345911,229,150
783707,100208,345938,229,150
783757,100214,345963,229,150
783817,100224,345979,229,150
783868,100229,346004,229,150
783919,100237,346021,229,150
783969,100243,346038,229,150
784020,100248,346071,229,150
784070,100256,346080,229,150
784121,100264,346098,229,149
784172,100271,346114,229,149
784227,100277,346131,229,150
784278,100282,346164,229,150
784330,100287,346195,229,150
784380,100293,346218,229,150
784431,100300,346253,229,150
784482,100305,346265,229,150
784533,100312,346294,229,150
784584,100318,346323,229,150
784637,100324,346341,229,150
784690,100328,346363,229,150
784740,100333,346381,229,150
784792,100341,346400,229,149
784851,100348,346435,229,150
784902,100353,346456,229,150
784954,100359,346475,229,150
785004,100367,346494,229,150
785055,100374,346510,229,150
785105,100380,346535,229,150
785156,100388,346558,229,150
785210,100394,346576,229,149
785260,100399,346599,229,150
785319,100409,346623,229,150
785369,100413,346645,229,150
785422,100418,346666,229,150
785472,100424,346735,229,150
785523,100430,346753,229,150
785574,100437,346778,229,150
785624,100445,346802,229,150
785675,100452,346815,229,150
785725,100458,346839,229,150
785775,100464,346857,229,150
785825,100476,346873,229,150
785875,100483,346894,229,150
785926,100489,346924,229,150
785977,100495,346952,229,150
786027,100501,346980,229,150
786077,100507,346998,229,150
786128,100513,347019,229,150
786182,100518,347039,229,149
786234,100524,347067,229,150
786284,100530,347082,229,150
786336,100535,347110,229,150
786386,100541,347135,229,150
786438,100549,347152,229,150
786491,100556,347179,229,150
786541,100562,347198,229,150
786591,100569,347219,229,150
786641,100574,347239,229,150
786694,100579,347264,229,149
786747,100589,347286,229,150
786798,100597,347302,229,150
786848,100605,347312,229,150
786899,100609,347338,229,150
786952,100615,347362,229,150
787005,100622,347387,229,150
787055,100627,347406,229,150
787105,100634,347424,229,150
787157,100642,347441,229,150
787208,100648,347469,229,150
787258,100653,347499,229,150
787309,100658,347520,229,150
787360,100665,347541,229,148
787410,100673,347562,229,150
787461,100678,347587,229,150
787512,100684,347612,229,150
787563,100691,347633,229,149
787613,100698,347652,229,150
787672,100706,347683,229,149
787723,100716,347692,229,150
787774,100722,347727,229,150
787824,100730,347752,229,150
787875,100737,347774,229,150
787927,100741,347788,229,148
787978,100751,347800,229,150
788028,100757,347817,229,150
788081,100763,347845,229,150
788131,100769,347862,229,150
788182,100775,347883,229,150
788234,100781,347905,229,150
788285,100786,347915,229,150
788335,100790,347941,229,150
788386,100795,347961,229,150
788436,100801,347975,229,150
788489,100811,347991,229,150
788542,100821,348004,229,150
788592,100825,348030,229,150
788643,100832,348053,229,150
788693,100839,348082,229,150
788743,100847,348106,229,150
788793,100856,348125,229,149
788849,100865,348136,229,150
788900,100870,348157,229,149
788955,100878,348170,229,150
789005,100886,348185,229,150
789059,100894,348214,229,150
789113,100899,348226,229,149
789164,100905,348246,229,150
789214,100915,348265,229,150
789264,100921,348286,229,150
789315,100925,348311,229,150
789366,100930,348337,229,150
789419,100938,348361,229,150
789469,100943,348385,229,150
789519,100948,348406,229,150
789578,100954,348434,229,150
789628,100960,348458,229,150
789681,100968,348479,229,150
789732,100974,348502,229,150
789782,100980,348524,229,150
789832,100988,348546,229,150
789883,100998,348569,229,150
789933,101004,348595,229,150
789983,101010,348617,229,150
790033,101016,348656,229,150
790084,101022,348728,229,150
790137,101029,348750,229,149
790189,101036,348771,229,150
790243,101042,348792,229,149
790294,101051,348818,229,150
790346,101057,348840,229,150
790396,101064,348860,229,150
790447,101070,348883,229,150
790497,101077,348906,229,150
790547,101083,348921,229,150
790598,101089,348951,229,150
790654,101097,348966,229,150
790706,101105,348990,229,150
790756,101110,349010,229,150
790809,101116,349028,229,150
790859,101125,349049,229,150
790909,101132,349074,229,150
790960,101137,349150,229,149
791010,101144,349177,229,150
791060,101149,349191,229,150
791111,101159,349212,229,150
791164,101164,349245,229,150
791215,101168,349262,229,150
791267,101174,349291,229,150
791320,101181,349319,229,150
791371,101186,349349,229,150
791421,101194,349368,229,150
791472,101202,349388,229,150
791523,101207,349417,229,150
791576,101213,349452,229,150
791626,101219,349461,229,150
791677,101225,349484,229,150
791727,101233,349499,229,149
791782,101241,349520,229,150
791834,101248,349543,229,150
791885,101253,349576,229,150
791941,101259,349597,229,150
791993,101266,349622,229,150
792043,101270,349650,229,150
792095,101276,349680,229,150
792147,101283,349699,229,150
792198,101291,349720,229,150
792248,101302,349734,229,150
792301,101309,349751,229,150
792352,101315,349783,229,150
792405,101320,349795,229,150
792456,101325,349812,229,150
792506,101334,349821,229,150
792559,101340,349844,229,150
792609,101345,349864,229,150
792659,101352,349885,229,150
792710,101359,349912,229,150
792760,101365,349943,229,150
792810,101370,349960,229,150
792860,101377,349985,229,150
792913,101382,350008,229,150
792966,101389,350033,229,149
793018,101396,350041,229,150
793073,101405,350064,229,150
793124,101411,350085,229,150
793174,101417,350116,229,150
793226,101422,350137,229,150
793277,101432,350152,229,150
793327,101438,350176,229,150
793377,101446,350189,229,150
793427,101453,350212,229,150
793478,101462,350238,229,150
793535,101472,350256,229,150
793585,101477,350275,229,150
793635,101482,350294,229,150
793685,101488,350313,229,150
793738,101497,350339,229,150
793788,101500,350359,229,150
793838,101505,350373,229,150
793888,101511,350392,229,149
793938,101519,350425,229,150
793990,101525,350446,229,150
794042,101532,350473,229,150
794092,101537,350489,229,150
794142,101545,350510,229,150
794192,101552,350531,229,150
794243,101557,350547,229,150
794294,101562,350568,229,150
794346,101569,350587,229,150
794396,101575,350611,229,150
794455,101583,350629,229,149
794505,101590,350649,229,150
794556,101597,350668,229,150
794607,101604,350692,229,150
794659,101610,350708,229,150
794710,101616,350738,229,150
794760,101621,350763,229,150
794810,101627,350774,229,150
794863,101635,350799,229,150
794913,101640,350828,229,150
794967,101645,350850,229,150
795019,101650,350872,229,150
795069,101656,350897,229,150
795119,101663,350916,229,150
795170,101668,350932,229,150
795221,101674,350952,229,150
795271,101681,350980,229,150
795321,101687,350998,229,150
795380,101694,351018,229,149
795432,101700,351036,229,150
795484,101707,351052,229,150
795534,101712,351082,229,150
795584,101719,351104,229,150
795635,101725,351127,229,150
795688,101732,351153,229,150
795738,101740,351172,229,149
795789,101747,351195,229,150
795839,101753,351217,229,150
795890,101760,351237,229,148
795943,101769,351264,229,150
795997,101776,351287,229,150
796050,101783,351319,229,150
796100,101790,351337,229,149
796153,101797,351357,229,150
796204,101804,351371,229,150
796257,101809,351394,229,150
796308,101815,351414,229,150
796359,101824,351431,229,149
796409,101830,351452,229,150
796463,101839,351475,229,150
796518,101849,351490,229,148
796571,101856,351509,229,150
796621,101867,351529,229,150
796674,101874,351557,229,150
796724,101881,351578,229,150
796775,101887,351606,229,150
796825,101894,351629,229,150
796875,101900,351645,229,150
796928,101906,351680,229,150
796983,101915,351695,229,150
797033,101923,351716,229,150
797084,101931,351734,229,149
797134,101937,351758,229,150
797185,101942,351779,229,150
797235,101950,351805,229,150
797289,101957,351830,229,150
797339,101963,351856,229,150
797391,101967,351880,229,150
797442,101973,351890,229,150
797495,101984,351913,229,150
797545,101992,351938,229,150
797595,102000,351958,229,150
797646,102005,351983,229,150
797701,102016,352003,229,150
797751,102021,352023,229,150
797805,102027,352046,229,150
797857,102037,352067,229,150
797907,102046,352083,229,150
797958,102053,352111,229,150
798010,102058,352142,229,150
798062,102062,352175,229,150
798112,102067,352204,229,150
798163,102074,352228,229,150
798213,102079,352249,229,150
798264,102087,352263,229,149
798317,102094,352282,229,150
798369,102101,352297,229,150
798422,102106,352322,229,148
798476,102113,352340,229,150
798527,102119,352371,229,150
798577,102124,352398,229,150
798629,102131,352414,229,150
798681,102136,352440,229,150
798733,102142,352453,229,150
798790,102150,352471,229,149
798840,102158,352487,229,150
798890,102164,352509,229,150
798944,102172,352534,229,150
798994,102178,352558,229,150
799045,102187,352574,229,150
799097,102193,352592,229,150
799147,102200,352611,229,150
799197,102205,352633,229,150
799247,102210,352658,229,150
799297,102217,352674,229,150
799353,102221,352685,229,149
799406,102229,352708,229,150
799457,102235,352728,229,150
799507,102242,352746,229,150
799557,102254,352761,229,150
799611,102261,352785,229,150
799661,102266,352801,229,150
799711,102273,352817,229,150
799761,102280,352830,229,149
799811,102288,352855,229,150
799862,102296,352878,229,150
799912,102301,352902,229,150
799963,102306,352924,229,150
800015,102311,352944,229,150
800065,102318,352962,229,150
800115,102323,352980,229,150
800166,102329,353013,229,149
800217,102336,353032,229,150
800268,102344,353056,229,150
800319,102348,353076,229,150
800371,102354,353094,229,150
800421,102362,353159,229,150
800471,102368,353181,229,150
800521,102374,353206,229,150
800571,102377,353232,229,150
800621,102382,353245,229,150
800673,102388,353274,229,150
800724,102396,353295,229,150
800777,102404,353309,229,150
800827,102411,353328,229,150
800880,102416,353356,229,150
800931,102422,353377,229,150
800984,102429,353402,229,150
801034,102433,353481,229,150
801086,102439,353501,229,150
801136,102446,353522,229,150
801187,102453,353544,229,150
801238,102459,353562,229,150
801289,102470,353577,229,150
801339,102477,353603,229,150
801391,102483,353636,229,150
801441,102489,353672,229,150
801491,102494,353689,229,150
801541,102499,353714,229,150
801591,102507,353742,229,150
801643,102513,353768,229,150
801693,102519,353789,229,150
801743,102527,353813,229,150
801797,102534,353830,229,149
801848,102541,353845,229,150
801898,102546,353861,229,150
801948,102552,353889,229,150
801999,102559,353921,229,150
802049,102566,353931,229,150
802104,102576,353955,229,150
802154,102583,353979,229,150
802204,102589,354003,229,150
802254,102595,354018,229,150
802305,102600,354041,229,150
802355,102606,354068,229,150
802405,102613,354085,229,150
802456,102618,354100,229,150
802507,102625,354118,229,150
802558,102631,354141,229,150
802611,102640,354164,229,150
802661,102647,354188,229,150
802711,102654,354214,229,150
802770,102659,354228,229,150
802824,102665,354247,229,150
802874,102673,354272,229,150
802924,102677,354293,229,150
802975,102686,354311,229,150
803025,102692,354331,229,150
803075,102699,354350,229,150
803126,102703,354368,229,150
803176,102712,354386,229,150
803229,102716,354409,229,150
803279,102724,354426,229,150
803330,102731,354448,229,150
803383,102739,354468,229,149
803436,102745,354490,229,150
803487,102752,354510,229,150
803548,102760,354530,229,148
803600,102766,354568,229,150
803650,102775,354586,229,150
803701,102780,354605,229,150
803753,102784,354634,229,150
803803,102790,354647,229,150
803854,102796,354675,229,150
803904,102801,354707,229,150
803956,102808,354737,229,150
804007,102813,354762,229,150
804057,102818,354790,229,150
804112,102824,354814,229,149
804162,102830,354844,229,150
804213,102837,354861,229,150
804265,102844,354881,229,150
804315,102850,354905,229,150
804366,102857,354926,229,150
804416,102865,354947,229,150
804466,102874,354960,229,150
804517,102881,354989,229,150
804568,102888,355009,229,150
804618,102894,355035,229,150
804670,102900,355062,229,150
804721,102907,355084,229,150
804773,102913,355114,229,150
804826,102921,355134,229,150
804876,102926,355156,229,150
804930,102933,355176,229,150
804980,102938,355194,229,150
805033,102945,355219,229,150
805084,102951,355246,229,150
805134,102959,355268,229,150
805187,102965,355284,229,150
805238,102972,355310,229,150
805292,102977,355337,229,150
805344,102982,355362,229,150
805394,102991,355385,229,150
805444,102998,355408,229,150
805498,103005,355420,229,150
805550,103011,355447,229,150
805600,103017,355462,229,150
805651,103025,355484,229,150
805704,103030,355505,229,150
805754,103037,355523,229,150
805804,103042,355538,229,150
805854,103047,355565,229,150
805904,103054,355582,229,150
805955,103059,355614,229,150
806011,103066,355688,229,150
806063,103072,355708,229,150
806113,103076,355735,229,150
806167,103084,355750,229,150
806217,103090,355772,229,150
806267,103098,355784,229,150
806318,103103,355804,229,150
806369,103109,355821,229,150
806419,103114,355846,229,150
806471,103121,355870,229,150
806521,103130,355887,229,150
806571,103135,355914,229,150
806621,103142,355930,229,150
806671,103149,355939,229,150
806721,103155,355958,229,150
806772,103162,355984,229,150
806824,103168,356005,229,150
806875,103177,356024,229,150
806930,103185,356045,229,148
806982,103192,356061,229,150
807035,103201,356076,229,150
807087,103207,356146,229,150
807139,103212,356174,229,150
807189,103217,356200,229,150
807239,103224,356277,229,150
807290,103233,356297,229,150
807341,103240,356310,229,150
807393,103247,356327,229,150
807445,103252,356345,229,150
807499,103257,356374,229,150
807549,103262,356400,229,150
807599,103269,356419,229,150
807651,103277,356441,229,150
807703,103282,356473,229,150
807756,103288,356492,229,149
807806,103294,356512,229,150
807856,103300,356533,229,150
807906,103307,356547,229,150
807958,103315,356568,229,149
808013,103322,356599,229,150
808065,103328,356617,229,150
808119,103336,356635,229,150
808170,103343,356651,229,150
808221,103348,356665,229,150
808272,103355,356686,229,150
808322,103360,356717,229,150
808372,103365,356739,229,150
808422,103369,356826,229,149
808475,103377,356849,229,150
808527,103382,356871,229,150
808580,103388,356895,229,150
808630,103394,356917,229,150
808680,103399,356938,229,150
808730,103405,356969,229,150
808780,103414,356995,229,150
808830,103419,357020,229,150
808882,103426,357044,229,150
808933,103433,357057,229,150
808984,103440,357073,229,150
809036,103445,357100,229,150
809088,103451,357121,229,150
809142,103460,357139,229,150
809193,103468,357157,229,150
809243,103473,357175,229,150
809293,103481,357186,229,150
809349,103488,357213,229,150
809399,103493,357245,229,150
809449,103503,357266,229,150
809499,103508,357297,229,150
809549,103517,357318,229,150
809600,103523,357344,229,150
809650,103530,357366,229,150
809700,103537,357386,229,150
809750,103545,357406,229,150
809801,103550,357430,229,150
809852,103555,357452,229,150
809902,103559,357475,229,150
809952,103564,357501,229,150
810002,103571,357518,229,150
810054,103580,357534,229,150
810104,103584,357553,229,150
810158,103590,357579,229,150
810208,103595,357597,229,150
810258,103603,357624,229,150
810308,103611,357643,229,150
810361,103618,357670,229,149
810413,103625,357680,229,150
810463,103630,357704,229,150
810513,103635,357720,229,150
810563,103641,357743,229,150
810614,103649,357763,229,150
810664,103655,357791,229,150
810714,103661,357821,229,150
810765,103670,357842,229,150
810817,103675,357860,229,150
810867,103684,357878,229,150
810918,103689,357895,229,150
810968,103693,357923,229,149
811020,103699,357941,229,150
811070,103703,357964,229,150
811124,103709,357981,229,150
811174,103717,357999,229,150
811225,103723,358010,229,148
811275,103729,358040,229,150
811325,103735,358073,229,150
811375,103741,358101,229,150
811426,103750,358122,229,150
811476,103756,358202,229,150
811526,103763,358222,229,150
811576,103770,358240,229,150
811628,103779,358260,229,150
811679,103785,358279,229,150
811733,103792,358298,229,150
811783,103800,358314,229,150
811833,103806,358336,229,150
811883,103813,358356,229,150
811933,103819,358383,229,150
811993,103826,358407,229,149
812043,103834,358430,229,150
812096,103839,358465,229,150
812148,103846,358488,229,150
812198,103851,358510,229,150
812248,103856,358525,229,150
812298,103862,358546,229,150
812348,103869,358564,229,150
812398,103878,358585,229,150
812453,103883,358607,229,150
812510,103888,358633,229,150
812562,103894,358652,229,150
812614,103899,358676,229,150
812664,103906,358691,229,150
812716,103913,358715,229,150
812767,103918,358738,229,150
812817,103924,358753,229,150
812868,103931,358773,229,150
812918,103938,358800,229,150
812970,103946,358815,229,149
813021,103954,358827,229,150
813071,103960,358853,229,150
813126,103967,358886,229,149
813178,103975,358908,229,150
813230,103981,358935,229,150
813282,103988,358955,229,150
813332,103995,358971,229,150
813384,104001,358991,229,150
813436,104009,359008,229,150
813486,104014,359040,229,150
813536,104021,359056,229,150
813588,104026,359082,229,150
813640,104033,359093,229,150
813690,104041,359110,229,150
813740,104046,359190,229,150
813794,104052,359217,229,150
813845,104057,359239,229,150
813897,104064,359261,229,150
813947,104073,359278,229,150
814001,104080,359300,229,150
814052,104087,359319,229,150
814107,104094,359345,229,150
814157,104099,359370,229,150
814207,104105,359389,229,150
814257,104113,359415,229,150
814308,104123,359438,229,150
814366,104130,359456,229,150
814417,104135,359483,229,150
814469,104140,359507,229,150
814519,104147,359522,229,150
814569,104155,359545,229,150
814621,104160,359572,229,150
814671,104167,359598,229,150
814721,104173,359616,229,149
814771,104179,359641,229,150
814821,104185,359671,229,150
814873,104194,359689,229,150
814923,104199,359713,229,150
814973,104206,359733,229,150
815024,104213,359748,229,150
815076,104218,359770,229,150
815127,104223,359799,229,150
815181,104231,359823,229,150
815231,104236,359847,229,150
815281,104242,359871,229,150
815335,104247,359893,229,150
815386,104253,359912,229,150
815436,104259,359931,229,150
815486,104264,359943,229,150
815537,104271,359959,229,150
815589,104279,359981,229,150
815640,104285,360010,229,150
815690,104292,360034,229,150
815740,104299,360056,229,150
815795,104303,360078,229,148
815845,104310,360093,229,150
815895,104317,360111,229,150
815948,104324,360132,229,150
815998,104329,360159,229,150
816051,104337,360184,229,148
816104,104346,360192,229,150
816155,104350,360222,229,150
816205,104357,360243,229,149
816258,104366,360276,229,150
816308,104373,360306,229,150
816360,104379,360334,229,150
816413,104385,360361,229,150
816466,104390,360388,229,150
816518,104397,360406,229,150
816570,104403,360426,229,150
816620,104409,360460,229,150
816671,104417,360474,229,150
816721,104425,360497,229,150
816776,104433,360515,229,150
816830,104442,360531,229,150
816880,104450,360555,229,150
816931,104457,360574,229,150
816981,104464,360595,229,150
817031,104471,360618,229,150
817082,104478,360649,229,150
817133,104484,360667,229,150
817190,104491,360681,229,150
817243,104500,360711,229,150
817295,104505,360737,229,150
817346,104512,360761,229,150
817398,104519,360785,229,150
817449,104524,360809,229,150
817499,104531,360830,229,150
817550,104537,360841,229,150
817601,104542,360871,229,150
817651,104547,360888,229,150
817701,104553,360901,229,150
817751,104558,360921,229,150
817801,104564,360949,229,150
817851,104569,360977,229,150
817901,104576,361008,229,150
817951,104583,361038,229,150
818003,104589,361055,229,150
818053,104597,361073,229,150
818105,104603,361092,229,150
818155,104610,361118,229,150
818207,104616,361141,229,150
818257,104621,361163,229,150
818307,104626,361195,229,150
818357,104631,361219,229,150
818408,104637,361240,229,150
818460,104643,361256,229,150
818511,104651,361330,229,150
818561,104657,361356,229,150
818613,104663,361383,229,150
818663,104668,361408,229,150
818713,104673,361433,229,150
818763,104680,361457,229,150
818815,104685,361480,229,150
818865,104690,361512,229,150
818918,104699,361536,229,150
818971,104704,361561,229,150
819022,104708,361589,229,150
819073,104715,361600,229,150
819126,104722,361623,229,150
819179,104729,361639,229,150
819229,104735,361659,229,150
819279,104742,361682,229,150
819330,104748,361713,229,150
819380,104757,361735,229,150
819434,104764,361763,229,150
819485,104770,361791,229,150
819536,104777,361810,229,150
819586,104782,361835,229,150
819637,104789,361855,229,150
819687,104794,361884,229,150
819737,104798,361903,229,150
819787,104808,361922,229,150
819837,104813,361940,229,150
819888,104818,361971,229,150
819950,104824,361983,229,149
820003,104831,362006,229,150
820054,104838,362020,229,150
820104,104845,362032,229,150
820155,104850,362046,229,150
820207,104857,362062,229,150
820257,104864,362094,229,150
820308,104874,362117,229,150
820363,104882,362128,229,148
820413,104891,362141,229,150
820463,104896,362156,229,150
820518,104902,362178,229,150
820568,104908,362193,229,150
820618,104915,362219,229,150
820668,104921,362245,229,150
820719,104927,362276,229,150
820771,104934,362295,229,150
820825,104940,362324,229,150
820877,104946,362347,229,150
820928,104952,362370,229,150
820980,104959,362435,229,150
821030,104966,362454,229,150
821082,104970,362483,229,150
821134,104977,362504,229,150
821186,104984,362527,229,150
821236,104991,362540,229,150
821286,104996,362573,229,150
821336,105001,362601,229,150
821387,105008,362635,229,150
821438,105013,362662,229,150
821488,105020,362680,229,150
821538,105027,362692,229,150
821588,105035,362705,229,150
821642,105041,362723,229,150
821693,105048,362740,229,149
821743,105056,362752,229,150
821794,105063,362776,229,150
821846,105072,362800,229,150
821896,105078,362825,229,150
821946,105087,362850,229,150
822001,105096,362864,229,150
822051,105105,362887,229,150
822113,105113,362908,229,148
822163,105120,362927,229,150
822216,105125,362949,229,149
822273,105131,362967,229,150
822323,105138,362985,229,150
822373,105145,363009,229,150
822424,105152,363030,229,150
822474,105161,363050,229,150
822526,105168,363063,229,150
822577,105173,363093,229,150
822628,105179,363134,229,150
822679,105186,363159,229,150
822729,105192,363178,229,150
822781,105200,363192,229,150
822831,105208,363212,229,150
822883,105216,363239,229,150
822933,105223,363267,229,150
822983,105228,363293,229,150
823033,105233,363374,229,150
823088,105239,363395,229,149
823140,105249,363414,229,150
823190,105256,363435,229,150
823240,105260,363458,229,150
823290,105265,363471,229,150
823340,105271,363498,229,150
823391,105277,363522,229,150
823442,105283,363549,229,150
823495,105290,363575,229,150
823545,105297,363592,229,150
823595,105302,363609,229,150
823647,105307,363629,229,150
823698,105316,363651,229,150
823749,105323,363667,229,150
823800,105330,363687,229,150
823850,105337,363713,229,150
823903,105347,363738,229,150
823954,105353,363749,229,150
824008,105360,363763,229,150
824059,105366,363781,229,150
824109,105372,363804,229,150
824160,105378,363824,229,150
824211,105386,363851,229,150
824263,105393,363871,229,150
824313,105400,363895,229,150
824363,105406,363924,229,150
824413,105412,363946,229,150
824466,105419,363961,229,150
824516,105423,363983,229,150
824568,105431,363997,229,150
824619,105436,364020,229,150
824672,105442,364051,229,150
824722,105451,364063,229,150
824781,105458,364076,229,149
824831,105465,364093,229,150
824881,105470,364115,229,150
824931,105477,364134,229,150
824984,105483,364165,229,150
825035,105488,364185,229,150
825086,105494,364207,229,150
825136,105498,364229,229,150
825186,105502,364252,229,150
825236,105509,364279,229,150
825287,105516,364305,229,150
825340,105525,364331,229,150
825390,105532,364348,229,150
825445,105539,364377,229,150
825499,105550,364397,229,150
825553,105557,364424,229,149
825604,105567,364438,229,150
825657,105573,364465,229,150
825707,105578,364488,229,150
825759,105586,364508,229,150
825809,105593,364519,229,150
825859,105598,364540,229,150
825909,105604,364562,229,150
825959,105611,364584,229,150
826010,105619,364592,229,150
826060,105626,364606,229,150
826113,105634,364626,229,150
826165,105640,364644,229,149
826217,105645,364672,229,150
826268,105651,364698,229,150
826322,105657,364723,229,149
826374,105664,364752,229,150
826431,105669,364774,229,150
826481,105676,364797,229,150
826533,105681,364827,229,150
826586,105689,364848,229,150
826638,105694,364870,229,150
826689,105699,364896,229,150
826740,105706,364911,229,150
826791,105711,364936,229,150
826843,105718,364960,229,150
826893,105723,364987,229,150
826943,105730,365014,229,150
826993,105737,365028,229,150
827044,105744,365052,229,150
827101,105751,365081,229,150
827152,105759,365104,229,150
827202,105767,365127,229,150
827252,105773,365150,229,150
827302,105779,365169,229,150
827359,105788,365185,229,150
827410,105796,365206,229,150
827461,105801,365238,229,150
827511,105808,365254,229,150
827563,105814,365280,229,150
827613,105822,365294,229,150
827665,105830,365312,229,150
827719,105834,365330,229,150
827770,105840,365354,229,150
827825,105848,365376,229,150
827875,105852,365403,229,150
827930,105857,365430,229,150
827980,105863,365511,229,150
828031,105869,365533,229,149
828084,105875,365551,229,150
828134,105879,365580,229,150
828184,105887,365613,229,150
828234,105893,365637,229,150
828285,105899,365656,229,150
828336,105905,365678,229,150
828388,105912,365708,229,150
828441,105920,365727,229,150
828492,105925,365748,229,150
828543,105931,365774,229,150
828593,105940,365799,229,150
828643,105944,365808,229,150
828694,105948,365839,229,150
828745,105953,365866,229,150
828798,105957,365886,229,150
828849,105965,365913,229,150
828899,105971,365937,229,150
828949,105977,365952,229,149
829000,105986,365972,229,150
829050,105993,365992,229,150
829100,106002,366014,229,150
829150,106007,366042,229,150
829200,106012,366065,229,150
829250,106017,366084,229,150
829300,106023,366108,229,150
829357,106028,366137,229,150
829407,106033,366159,229,150
829457,106040,366180,229,150
829508,106045,366205,229,150
829561,106053,366216,229,150
829612,106060,366247,229,150
829663,106066,366265,229,150
829714,106071,366296,229,150
829764,106077,366309,229,150
829815,106083,366342,229,150
829868,106091,366373,229,150
829919,106098,366386,229,150
829969,106102,366413,229,150
830020,106109,366423,229,149
830070,106116,366452,229,150
830124,106124,366473,229,150
830175,106129,366496,229,150
830229,106135,366513,229,150
830279,106140,366540,229,150
830331,106147,366567,229,150
830381,106153,366576,229,150
830433,106159,366603,229,150
830483,106164,366628,229,150
830533,106169,366653,229,150
830583,106175,366673,229,150
830633,106181,366696,229,150
830683,106188,366715,229,150
830735,106195,366737,229,150
830785,106199,366762,229,150
830835,106207,366790,229,150
830886,106212,366809,229,150
830936,106218,366835,229,150
830991,106227,366848,229,150
831041,106232,366874,229,150
831093,106238,366895,229,150
831145,106243,366921,229,150
831204,106251,366944,229,149
831255,106259,366966,229,150
831309,106266,366982,229,150
831362,106272,366999,229,150
831412,106277,367029,229,150
831465,106282,367052,229,150
831515,106288,367073,229,150
831565,106293,367102,229,150
831618,106299,367132,229,150
831670,106305,367149,229,150
831720,106313,367156,229,150
831771,106319,367179,229,150
831822,106324,367198,229,150
831872,106332,367212,229,150
831922,106337,367236,229,150
831975,106342,367264,229,150
832025,106347,367285,229,150
832075,106352,367308,229,150
832125,106359,367331,229,149
832175,106369,367357,229,150
832232,106374,367385,229,150
832282,106379,367414,229,150
832332,106384,367438,229,150
832383,106396,367467,229,150
832433,106403,367487,229,150
832483,106409,367506,229,150
832533,106416,367528,229,150
832583,106421,367548,229,150
832634,106430,367570,229,150
832684,106434,367599,229,150
832735,106441,367613,229,150
832785,106446,367637,229,150
832838,106455,367658,229,150
832889,106460,367693,229,150
832939,106467,367711,229,150
832989,106476,367732,229,150
833039,106483,367756,229,150
833092,106491,367772,229,150
833142,106496,367796,229,150
833192,106501,367817,229,150
833242,106508,367840,229,149
833292,106516,367896,229,150
833344,106524,367905,229,150
833396,106529,367920,229,150
833449,106535,367937,229,149
833501,106543,367952,229,150
833551,106549,367974,229,150
833605,106555,367988,229,150
833656,106561,368009,229,150
833706,106566,368042,229,150
833762,106571,368060,229,150
833821,106579,368070,229,150
833874,106585,368103,229,148
833924,106592,368133,229,150
833974,106597,368157,229,150
834027,106603,368177,229,150
834078,106608,368199,229,150
834130,106612,368222,229,150
834181,106618,368244,229,150
834231,106625,368254,229,150
834281,106630,368282,229,150
834331,106636,368310,229,150
834381,106642,368329,229,150
834436,106649,368354,229,150
834488,106659,368367,229,150
834541,106665,368388,229,150
834595,106672,368417,229,150
834645,106681,368437,229,150
834699,106689,368457,229,150
834749,106697,368479,229,150
834800,106703,368506,229,150
834851,106708,368526,229,150
834902,106716,368545,229,149
834952,106723,368571,229,150
835005,106731,368583,229,150
835057,106738,368649,229,150
835115,106745,368674,229,150
835165,106750,368691,229,150
835215,106755,368713,229,150
835266,106760,368741,229,150
835316,106765,368758,229,150
835366,106771,368778,229,150
835417,106778,368801,229,150
835467,106784,368819,229,150
835517,106791,368845,229,150
835571,106796,368870,229,150
835621,106802,368895,229,150
835672,106808,368918,229,150
835722,106814,368944,229,150
835772,106820,368967,229,150
835824,106827,368991,229,150
835874,106831,369014,229,150
835927,106838,369045,229,150
835977,106844,369086,229,150
836028,106853,369102,229,150
836078,106858,369119,229,150
836128,106866,369144,229,150
836180,106871,369163,229,150
836230,106877,369185,229,150
836281,106884,369211,229,150
836331,106891,369225,229,150
836381,106898,369248,229,150
836435,106904,369269,229,150
836486,106910,369294,229,150
836539,106916,369317,229,150
836590,106926,369330,229,150
836643,106933,369354,229,150
836693,106939,369365,229,150
836743,106945,369384,229,150
836795,106951,369399,229,150
836846,106956,369428,229,150
836897,106964,369446,229,150
836947,106968,369468,229,150
836997,106974,369494,229,150
837052,106980,369515,229,150
837106,106984,369537,229,150
837158,106989,369560,229,150
837212,106995,369579,229,150
837262,107001,369613,229,150
837312,107008,369643,229,150
837363,107016,369659,229,150
837415,107022,369687,229,150
837468,107029,369703,229,150
837521,107036,369721,229,150
837575,107041,369750,229,150
837625,107049,369770,229,150
837676,107055,369790,229,150
837729,107060,369815,229,150
837781,107065,369836,229,150
837832,107070,369860,229,150
837882,107074,369882,229,150
837932,107079,369907,229,150
837982,107087,369928,229,149
838033,107095,369942,229,150
838085,107100,369958,229,149
838135,107109,369976,229,150
838185,107119,369990,229,150
838236,107126,370022,229,150
838286,107131,370043,229,150
838336,107137,370065,229,150
838386,107144,370090,229,150
838437,107153,370108,229,150
838487,107158,370133,229,150
838537,107166,370147,229,150
838588,107171,370181,229,149
838639,107179,370204,229,150
838691,107185,370238,229,150
838743,107192,370264,229,150
838794,107197,370289,229,150
838854,107207,370307,229,149
838906,107213,370320,229,150
838958,107218,370348,229,150
839008,107223,370366,229,150
839059,107231,370387,229,150
839109,107239,370400,229,150
839161,107246,370412,229,150
839215,107252,370435,229,150
839265,107259,370460,229,150
839316,107264,370487,229,150
839367,107272,370517,229,150
839420,107281,370544,229,149
839473,107288,370564,229,150
839525,107296,370583,229,150
839575,107302,370607,229,150
839625,107311,370635,229,150
839675,107318,370655,229,150
839725,107323,370683,229,150
839775,107329,370717,229,150
839826,107336,370738,229,150
839878,107344,370759,229,150
839930,107352,370784,229,150
839980,107357,370800,229,150
840032,107365,370824,229,149
840082,107373,370845,229,150
840132,107379,370871,229,150
840183,107387,370897,229,150
840235,107393,370922,229,150
840285,107400,370937,229,150
840343,107405,370962,229,150
840396,107411,370976,229,150
840446,107420,370991,229,150
840497,107425,371011,229,150
840547,107430,371026,229,149
840597,107438,371045,229,150
840647,107447,371070,229,150
840697,107455,371094,229,150
840748,107465,371104,229,150
840798,107469,371129,229,150
840858,107475,371160,229,149
840908,107486,371186,229,150
840958,107493,371203,229,150
841009,107499,371220,229,150
841063,107505,371237,229,150
841115,107512,371254,229,150
841165,107519,371275,229,150
841216,107523,371297,229,150
841267,107530,371310,229,150
841317,107538,371325,229,150
841369,107543,371344,229,150
841419,107550,371367,229,150
841469,107556,371395,229,150
841520,107561,371422,229,150
841571,107568,371448,229,149
841622,107574,371461,229,150
841675,107581,371481,229,150
841725,107589,371496,229,150
841775,107596,371523,229,150
841828,107602,371541,229,150
841878,107608,371615,229,150
841928,107616,371642,229,150
841983,107626,371656,229,150
842035,107634,371670,229,150
842089,107640,371689,229,150
842139,107648,371703,229,150
842190,107654,371726,229,150
842241,107662,371741,229,150
842291,107670,371767,229,150
842342,107674,371784,229,150
842393,107683,371799,229,150
842449,107690,371825,229,150
842500,107700,371843,229,150
842550,107706,371866,229,150
842601,107710,371886,229,150
842651,107714,371901,229,150
842703,107721,371914,229,150
842755,107726,371936,229,150
842806,107732,371961,229,149
842856,107738,371982,229,150
842908,107744,372009,229,150
842959,107749,372026,229,150
843009,107759,372056,229,150
843060,107763,372086,229,150
843114,107770,372104,229,149
843165,107779,372119,229,150
843215,107786,372136,229,150
843265,107791,372156,229,149
843317,107797,372180,229,150
843367,107804,372194,229,150
843417,107810,372217,229,150
843469,107815,372234,229,150
843520,107821,372255,229,150
843572,107828,372275,229,150
843624,107834,372306,229,150
843674,107843,372318,229,150
843724,107848,372347,229,150
843775,107856,372358,229,150
843827,107860,372384,229,150
843882,107868,372397,229,149
843934,107875,372410,229,150
843984,107881,372430,229,150
844037,107886,372451,229,150
844089,107891,372482,229,150
844141,107898,372511,229,150
844191,107902,372537,229,150
844246,107907,372558,229,149
844297,107917,372578,229,150
844347,107922,372595,229,150
844399,107929,372610,229,150
844451,107934,372633,229,150
844501,107942,372656,229,150
844552,107950,372676,229,150
844602,107956,372693,229,150
844657,107961,372717,229,150
844709,107968,372737,229,150
844760,107974,372764,229,150
844810,107980,372786,229,150
844861,107985,372809,229,150
844913,107989,372838,229,150
844964,107993,372863,229,150
845014,107999,372888,229,149
845066,108008,372907,229,150
845118,108014,372934,229,150
845171,108026,372965,229,150
845221,108030,373051,229,150
845271,108036,373067,229,150
845321,108044,373089,229,150
845373,108051,373110,229,150
845424,108058,373127,229,150
845474,108066,373195,229,150
845524,108072,373221,229,150
845574,108077,373254,229,150
845624,108082,373280,229,150
845679,108089,373301,229,149
845729,108097,373313,229,149
845781,108104,373336,229,150
845833,108111,373351,229,150
845883,108118,373382,229,150
845933,108123,373398,229,150
845984,108127,373424,229,150
846036,108133,373450,229,150
846088,108139,373472,229,150
846142,108146,373506,229,149
846192,108154,373522,229,150
846245,108161,373542,229,150
846299,108169,373564,229,150
846349,108175,373586,229,150
846402,108185,373607,229,149
846452,108191,373621,229,150
846502,108199,373646,229,150
846554,108204,373678,229,150
846606,108210,373702,229,150
846659,108217,373727,229,150
846710,108223,373746,229,150
846764,108230,373766,229,149
846815,108239,373795,229,150
846865,108244,373834,229,150
846919,108253,373849,229,150
846974,108261,373864,229,149
847024,108269,373886,229,150
847074,108276,373912,229,150
847129,108283,373933,229,150
847180,108289,373948,229,150
847232,108295,373969,229,150
847283,108303,373982,229,150
847333,108310,374003,229,150
847385,108316,374025,229,150
847435,108321,374040,229,150
847485,108326,374060,229,150
847540,108332,374074,229,150
847590,108339,374097,229,150
847640,108347,374121,229,150
847691,108351,374148,229,150
847744,108358,374175,229,149
847796,108365,374199,229,150
847846,108372,374223,229,150
847898,108380,374240,229,150
847948,108388,374266,229,150
848000,108395,374283,229,150
848055,108402,374305,229,150
848108,108408,374338,229,150
848160,108413,374361,229,149
848210,108420,374386,229,150
848260,108429,374413,229,150
848311,108433,374434,229,150
848361,108439,374461,229,150
848414,108444,374492,229,150
848466,108449,374502,229,150
848517,108455,374522,229,150
848569,108462,374543,229,150
848622,108470,374569,229,150
848677,108477,374585,229,150
848727,108482,374613,229,150
848778,108489,374639,229,150
848828,108495,374670,229,150
848882,108505,374693,229,150
848932,108510,374772,229,150
848982,108517,374793,229,150
849033,108522,374810,229,150
849083,108529,374828,229,150
849133,108533,374847,229,150
849183,108541,374868,229,150
849235,108550,374887,229,149
849287,108556,374909,229,150
849340,108565,374929,229,150
849392,108572,374946,229,150
849443,108580,374965,229,150
849500,108587,374984,229,150
849552,108596,375007,229,150
849606,108604,375023,229,150
849657,108609,375043,229,150
849708,108615,375064,229,150
849761,108621,375082,229,150
849814,108629,375106,229,150
849867,108636,375129,229,150
849917,108642,375144,229,150
849967,108648,375164,229,150
850017,108655,375180,229,150
850068,108663,375204,229,150
850121,108668,375231,229,150
850172,108676,375259,229,150
850222,108681,375277,229,150
850273,108687,375298,229,149
850325,108695,375313,229,150
850376,108702,375348,229,150
850426,108709,375367,229,150
850477,108714,375388,229,150
850532,108722,375409,229,150
850582,108727,375436,229,150
850632,108733,375454,229,150
850683,108739,375476,229,150
850733,108746,375502,229,150
850785,108751,375528,229,150
850835,108756,375551,229,150
850888,108762,375582,229,150
850939,108769,375600,229,150
850989,108775,375620,229,150
851039,108779,375649,229,150
851090,108786,375665,229,150
851140,108793,375691,229,150
851192,108800,375704,229,150
851244,108805,375749,229,150
851295,108810,375777,229,150
851350,108821,375791,229,150
851400,108826,375862,229,150
851451,108833,375879,229,150
851502,108839,375906,229,150
851552,108844,375926,229,150
851602,108849,375948,229,150
851653,108855,375969,229,150
851703,108860,375991,229,150
851753,108867,376017,229,150
851806,108874,376039,229,150
851857,108882,376052,229,150
851909,108889,376066,229,150
851961,108897,376081,229,149
852011,108906,376098,229,150
852064,108912,376117,229,150
852115,108917,376140,229,150
852166,108923,376166,229,150
852216,108927,376194,229,150
852267,108934,376218,229,150
852317,108942,376237,229,150
852368,108949,376259,229,150
852421,108954,376285,229,150
852471,108961,376314,229,150
852521,108967,376334,229,150
852572,108971,376356,229,150
852622,108980,376377,229,150
852672,108987,376390,229,150
852723,108992,376414,229,150
852774,108998,376418,229,150
852824,109002,376439,229,150
852874,109010,376464,229,150
852924,109017,376484,229,150
852974,109022,376507,229,150
853024,109028,376532,229,150
853074,109035,376553,229,150
853128,109041,376570,229,150
853180,109047,376594,229,150
853230,109054,376622,229,150
853280,109059,376655,229,150
853335,109065,376677,229,150
853385,109072,376699,229,150
853435,109078,376720,229,150
853486,109084,376738,229,150
853538,109089,376768,229,150
853588,109095,376792,229,150
853640,109103,376810,229,150
853690,109109,376839,229,150
853740,109117,376864,229,150
853790,109122,376889,229,150
853841,109126,376910,229,150
853892,109133,376927,229,150
853943,109140,376952,229,150
853993,109146,376980,229,150
854043,109153,377011,229,149
854095,109161,377030,229,150
854146,109170,377047,229,150
854196,109176,377070,229,150
854247,109182,377081,229,150
854299,109187,377105,229,150
854350,109193,377125,229,150
854400,109200,377160,229,150
854452,109206,377184,229,150
854502,109213,377200,229,150
854556,109218,377222,229,150
854606,109224,377245,229,150
854656,109229,377267,229,150
854709,109236,377290,229,150
854759,109243,377314,229,150
854810,109249,377336,229,150
854860,109254,377356,229,150
854911,109260,377380,229,150
854963,109265,377398,229,150
855013,109269,377420,229,150
855063,109278,377430,229,150
855115,109283,377460,229,150
855167,109292,377478,229,150
855218,109299,377501,229,150
855268,109306,377522,229,150
855328,109314,377539,229,150
855381,109320,377560,229,150
855431,109328,377584,229,150
855484,109336,377589,229,150
855534,109342,377607,229,150
855585,109348,377635,229,150
855637,109357,377646,229,150
855687,109362,377674,229,150
855737,109367,377690,229,150
855790,109374,377710,229,150
855845,109380,377738,229,149
855898,109389,377748,229,150
855950,109395,377770,229,150
856005,109403,377783,229,150
856056,109409,377805,229,150
856109,109418,377829,229,149
856163,109425,377855,229,150
856213,109430,377873,229,150
856263,109441,377894,229,150
856313,109446,377924,229,150
856363,109455,377947,229,150
856413,109461,377971,229,150
856463,109467,378044,229,150
856515,109472,378059,229,150
856565,109479,378084,229,150
856616,109484,378105,229,150
856668,109491,378127,229,150
856722,109501,378147,229,150
856773,109509,378175,229,150
856823,109516,378198,229,150
856873,109523,378224,229,150
856923,109531,378242,229,149
856973,109541,378259,229,150
857023,109546,378284,229,150
857074,109552,378298,229,150
857124,109558,378319,229,150
857176,109565,378341,229,150
857227,109573,378353,229,150
857280,109581,378364,229,150
857330,109589,378390,229,150
857382,109595,378420,229,150
857434,109601,378449,229,150
857485,109609,378476,229,150
857536,109614,378507,229,150
857589,109621,378533,229,149
857646,109630,378543,229,149
857697,109637,378563,229,150
857748,109644,378582,229,150
857799,109648,378600,229,150
857852,109652,378617,229,150
857905,109658,378644,229,150
857955,109664,378658,229,150
858007,109670,378681,229,150
858058,109675,378704,229,150
858108,109682,378726,229,150
858163,109690,378753,229,150
858213,109697,378769,229,150
858263,109705,378784,229,150
858317,109710,378808,229,150
858368,109717,378833,229,150
858420,109722,378862,229,150
858475,109730,378884,229,150
858527,109738,378903,229,150
858577,109743,378931,229,150
858630,109749,378957,229,150
858689,109756,378971,229,149
858740,109763,378991,229,150
858790,109773,379005,229,150
858841,109778,379019,229,150
858893,109784,379056,229,150
858943,109792,379070,229,149
858993,109799,379085,229,150
859043,109804,379104,229,149
859093,109811,379124,229,150
859146,109819,379134,229,150
859196,109825,379156,229,150
859253,109834,379175,229,150
859303,109840,379244,229,150
859354,109845,379265,229,150
859404,109856,379282,229,150
859454,109862,379300,229,150
859505,109871,379322,229,150
859555,109878,379344,229,150
859606,109884,379362,229,150
859657,109889,379384,229,150
859707,109895,379422,229,150
859757,109903,379435,229,150
859808,109909,379453,229,150
859858,109917,379479,229,150
859910,109923,379508,229,150
859960,109930,379526,229,150
860011,109937,379550,229,150
860061,109945,379565,229,150
860111,109954,379583,229,150
860161,109960,379599,229,150
860212,109970,379624,229,150
860263,109978,379644,229,150
860313,109984,379674,229,150
860365,109989,379696,229,150
860416,109996,379717,229,150
860471,110005,379736,229,150
860521,110014,379761,229,150
860576,110020,379785,229,150
860626,110027,379812,229,150
860677,110032,379833,229,150
860727,110039,379864,229,150
860777,110044,379884,229,150
860827,110050,379908,229,150
860878,110056,379923,229,150
860935,110062,379946,229,150
860985,110069,379961,229,150
861038,110076,379973,229,149
861089,110083,379993,229,150
861140,110089,380017,229,150
861193,110093,380042,229,150
861243,110099,380064,229,150
861293,110104,380081,229,150
861343,110110,380097,229,150
861393,110117,380127,229,149
861443,110123,380159,229,150
861495,110130,380171,229,150
861545,110138,380189,229,150
861596,110145,380206,229,150
861649,110151,380235,229,150
861702,110158,380254,229,150
861755,110166,380269,229,150
861805,110172,380290,229,150
861855,110177,380313,229,150
861907,110182,380339,229,150
861958,110190,380357,229,150
862008,110199,380375,229,150
862063,110206,380399,229,149
862113,110213,380423,229,150
862167,110219,380437,229,150
862217,110226,380464,229,150
862267,110232,380496,229,150
862317,110238,380514,229,150
862367,110243,380538,229,150
862419,110249,380558,229,150
862469,110255,380582,229,150
862520,110262,380604,229,150
862578,110272,380624,229,149
862630,110279,380644,229,150
862680,110285,380660,229,150
862732,110290,380683,229,150
862782,110298,380701,229,150
862832,110303,380726,229,150
862883,110308,380755,229,150
862943,110315,380779,229,148
862995,110324,380798,229,149
863045,110330,380817,229,150
863097,110337,380840,229,150
863147,110344,380866,229,150
863197,110348,380880,229,150
863247,110356,380905,229,150
863299,110363,380926,229,149
863351,110368,380950,229,150
863401,110373,380969,229,150
863455,110380,380993,229,149
863506,110388,381015,229,150
863558,110395,381045,229,150
863608,110403,381069,229,150
863658,110410,381092,229,150
863708,110417,381116,229,150
863759,110422,381141,229,150
863809,110428,381169,229,150
863861,110432,381198,229,150
863911,110438,381226,229,150
863962,110446,381240,229,150
864014,110450,381270,229,150
864065,110455,381296,229,150
864119,110461,381312,229,150
864169,110466,381336,229,150
864224,110475,381356,229,150
864275,110482,381366,229,150
864326,110489,381394,229,150
864376,110496,381425,229,150
864434,110502,381443,229,149
864485,110508,381469,229,150
864539,110514,381491,229,150
864593,110523,381519,229,150
864644,110529,381549,229,150
864694,110537,381565,229,150
864744,110546,381585,229,150
864795,110554,381610,229,150
864845,110560,381642,229,150
864898,110567,381663,229,150
864948,110575,381675,229,150
864998,110582,381691,229,150
865048,110588,381766,229,150
865098,110594,381788,229,150
865148,110600,381866,229,150
865198,110605,381887,229,150
865248,110611,381913,229,150
865303,110620,381938,229,150
865353,110624,381958,229,150
865404,110635,381978,229,150
865454,110640,382001,229,150
865505,110650,382026,229,150
865556,110657,382050,229,150
865606,110662,382075,229,150
865659,110668,382093,229,150
865709,110674,382114,229,150
865762,110680,382137,229,150
865813,110686,382168,229,150
865863,110690,382187,229,150
865916,110696,382197,229,150
865967,110702,382218,229,150
866022,110707,382240,229,150
866072,110716,382258,229,150
866125,110723,382284,229,150
866180,110729,382313,229,149
866232,110737,382337,229,150
866283,110744,382354,229,150
866338,110750,382372,229,150
866389,110755,382397,229,150
866440,110761,382420,229,149
866490,110770,382438,229,150
866545,110777,382461,229,150
866596,110783,382482,229,150
866647,110792,382506,229,150
866697,110798,382571,229,150
866749,110804,382601,229,150
866807,110813,382621,229,150
866860,110819,382638,229,150
866910,110824,382662,229,150
866960,110830,382691,229,150
867010,110836,382704,229,150
867062,110844,382728,229,150
867112,110848,382740,229,150
867162,110855,382757,229,150
867212,110860,382791,229,150
867263,110866,382815,229,150
867313,110872,382833,229,150
867366,110881,382849,229,150
867417,110887,382873,229,150
867468,110891,382902,229,150
867520,110897,382927,229,150
867570,110904,382948,229,150
867620,110912,382963,229,150
867673,110917,382983,229,149
867724,110922,383006,229,150
867775,110926,383026,229,150
867826,110936,383045,229,150
867878,110943,383075,229,149
867929,110952,383098,229,150
867980,110957,383126,229,150
868030,110963,383144,229,150
868081,110970,383174,229,150
868132,110974,383203,229,150
868188,110982,383215,229,149
868239,110990,383239,229,150
868289,110997,383257,229,150
868341,111002,383277,229,150
868393,111009,383301,229,150
868445,111016,383317,229,150
868495,111023,383340,229,150
868547,111032,383355,229,150
868597,111038,383375,229,150
868649,111046,383394,229,150
868702,111052,383408,229,150
868754,111058,383434,229,150
868805,111065,383454,229,150
868855,111071,383474,229,150
868905,111078,383489,229,150
868955,111085,383513,229,150
869005,111093,383537,229,150
869057,111101,383554,229,150
869107,111108,383578,229,150
869158,111114,383599,229,150
869209,111120,383618,229,150
869259,111127,383626,229,150
869309,111133,383645,229,150
869359,111140,383665,229,150
869410,111145,383691,229,150
869462,111151,383715,229,149
869512,111156,383738,229,150
869564,111163,383762,229,150
869617,111172,383774,229,148
869672,111181,383795,229,150
869722,111187,383822,229,150
869772,111192,383846,229,150
869826,111200,383868,229,150
869877,111208,383891,229,150
869930,111214,383910,229,149
869980,111220,383929,229,150
870030,111227,383950,229,150
870084,111235,383974,229,150
870134,111240,383993,229,150
870186,111246,384010,229,149
870241,111252,384036,229,149
870292,111259,384058,229,150
870342,111265,384090,229,150
870394,111272,384110,229,150
870444,111279,384131,229,150
870494,111288,384153,229,150
870544,111293,384182,229,150
870595,111300,384205,229,150
870649,111305,384226,229,150
870699,111309,384252,229,150
870751,111315,384281,229,150
870804,111321,384299,229,150
870856,111326,384323,229,150
870906,111333,384344,229,150
870957,111340,384365,229,149
871009,111347,384383,229,149
871061,111354,384405,229,150
871112,111363,384428,229,150
871162,111372,384447,229,150
871213,111379,384472,229,150
871263,111386,384499,229,150
871313,111391,384534,229,150
871365,111396,384558,229,150
871416,111402,384580,229,150
871467,111408,384607,229,150
871518,111416,384631,229,150
871568,111422,384659,229,150
871620,111426,384686,229,150
871670,111432,384706,229,150
871720,111439,384732,229,150
871771,111445,384749,229,150
871821,111452,384766,229,150
871871,111459,384792,229,150
871921,111464,384815,229,150
871971,111470,384830,229,148
872027,111478,384853,229,150
872079,111484,384872,229,150
872132,111493,384900,229,150
872184,111498,384926,229,150
872237,111505,384954,229,150
872287,111511,384976,229,150
872338,111518,384997,229,150
872388,111524,385022,229,150
872438,111529,385049,229,150
872488,111534,385085,229,150
872540,111540,385106,229,150
872590,111544,385129,229,150
872640,111551,385149,229,150
872696,111559,385169,229,150
872749,111565,385193,229,150
872803,111570,385221,229,150
872854,111577,385247,229,150
872904,111582,385271,229,150
872954,111588,385294,229,150
873005,111595,385312,229,150
873056,111601,385335,229,150
873106,111607,385355,229,150
873158,111612,385380,229,150
873208,111619,385407,229,150
873260,111625,385425,229,150
873310,111632,385437,229,150
873364,111640,385451,229,150
873414,111646,385470,229,150
873464,111653,385489,229,150
873516,111660,385509,229,150
873567,111666,385541,229,150
873617,111671,385560,229,150
873670,111678,385577,229,150
873720,111682,385596,229,150
873773,111692,385609,229,150
873824,111699,385627,229,149
873875,111705,385656,229,150
873926,111711,385686,229,150
873979,111718,385711,229,150
874029,111722,385741,229,150
874079,111730,385770,229,150
874133,111738,385790,229,150
874183,111744,385801,229,150
874234,111750,385826,229,150
874284,111755,385848,229,150
874334,111765,385871,229,150
874388,111770,385885,229,150
874442,111775,385919,229,150
874493,111784,385931,229,150
874543,111792,385950,229,150
874594,111797,385983,229,150
874644,111804,386005,229,150
874695,111810,386032,229,150
874747,111819,386041,229,150
874798,111828,386059,229,150
874849,111835,386067,229,150
874900,111841,386077,229,150
874952,111846,386098,229,150
875012,111851,386115,229,149
875063,111860,386131,229,150
875113,111872,386147,229,150
875163,111876,386163,229,150
875213,111881,386181,229,150
875267,111887,386198,229,150
875317,111892,386217,229,150
875371,111899,386232,229,150
875423,111906,386252,229,150
875477,111914,386270,229,149
875530,111921,386298,229,150
875580,111927,386321,229,150
875630,111934,386349,229,150
875684,111940,386371,229,150
875734,111945,386396,229,150
875784,111952,386420,229,150
875836,111956,386440,229,150
875886,111964,386464,229,150
875938,111969,386493,229,150
875991,111975,386511,229,150
876042,111982,386526,229,150
876092,111989,386550,229,150
876157,111999,386569,229,148
876213,112007,386591,229,147
876266,112014,386615,229,149
876316,112023,386631,229,150
876366,112028,386659,229,150
876416,112034,386686,229,150
876466,112043,386700,229,149
876517,112051,386715,229,150
876568,112058,386744,229,150
876620,112063,386776,229,150
876670,112070,386801,229,150
876720,112080,386821,229,150
876770,112089,386846,229,150
876823,112096,386865,229,150
876874,112102,386884,229,150
876925,112109,386909,229,150
876975,112114,386943,229,150
877025,112122,386972,229,150
877075,112129,386990,229,150
877129,112134,387012,229,150
877185,112140,387042,229,149
877241,112148,387058,229,150
877297,112157,387082,229,148
877349,112167,387101,229,150
877399,112172,387121,229,150
877449,112180,387137,229,150
877503,112186,387161,229,150
877554,112194,387177,229,150
877607,112203,387205,229,150
877662,112208,387228,229,150
877713,112215,387255,229,150
877763,112221,387279,229,150
877815,112228,387293,229,149
877866,112236,387323,229,150
877917,112243,387336,229,150
877971,112250,387358,229,150
878022,112255,387380,229,150
878073,112261,387402,229,150
878125,112265,387432,229,150
878175,112272,387449,229,150
878225,112278,387466,229,150
878276,112284,387485,229,148
878328,112292,387500,229,150
878378,112300,387517,229,150
878428,112305,387538,229,150
878483,112310,387564,229,150
878533,112318,387587,229,150
878583,112324,387609,229,150
878633,112331,387635,229,150
878684,112338,387656,229,150
878734,112343,387682,229,150
878784,112351,387701,229,150
878839,112357,387725,229,150
878889,112362,387751,229,150
878939,112369,387775,229,150
878989,112376,387790,229,150
879040,112383,387814,229,150
879093,112389,387832,229,150
879143,112395,387848,229,150
879194,112400,387878,229,150
879245,112405,387910,229,150
879297,112411,387931,229,150
879347,112416,387956,229,150
879401,112425,387975,229,150
879451,112432,387993,229,150
879501,112441,388009,229,149
879551,112448,388080,229,150
879602,112455,388097,229,150
879654,112466,388113,229,150
879704,112476,388127,229,150
879754,112480,388148,229,150
879805,112486,388178,229,150
879857,112491,388197,229,149
879910,112501,388213,229,150
879961,112506,388241,229,150
880014,112513,388258,229,149
880064,112522,388272,229,150
880117,112528,388297,229,150
880169,112536,388311,229,149
880220,112543,388334,229,149
880270,112549,388361,229,150
880320,112557,388383,229,150
880373,112564,388399,229,150
880424,112570,388420,229,150
880475,112577,388437,229,150
880525,112586,388458,229,150
880577,112592,388479,229,150
880627,112600,388495,229,150
880682,112608,388521,229,149
880732,112616,388540,229,150
880783,112622,388561,229,150
880834,112628,388583,229,150
880885,112637,388604,229,150
880935,112642,388630,229,150
880987,112650,388650,229,150
881037,112659,388663,229,147
881091,112667,388689,229,150
881141,112676,388711,229,150
881192,112684,388729,229,150
881247,112691,388742,229,150
881297,112698,388761,229,150
881348,112702,388782,229,150
881402,112709,388800,229,150
881453,112716,388820,229,150
881506,112722,388849,229,150
881556,112729,388873,229,150
881606,112735,388891,229,150
881668,112741,388908,229,148
881719,112749,388929,229,150
881769,112755,388947,229,150
881819,112760,388976,229,150
881872,112770,388994,229,150
881923,112776,389011,229,150
881973,112784,389028,229,150
882023,112790,389053,229,150
882073,112794,389111,229,150
882124,112798,389153,229,150
882179,112805,389176,229,150
882233,112810,389201,229,150
882283,112815,389231,229,150
882337,112821,389248,229,150
882388,112826,389270,229,150
882440,112833,389286,229,150
882493,112841,389301,229,149
882546,112848,389314,229,150
882596,112854,389331,229,150
882649,112862,389355,229,150
882699,112866,389377,229,150
882750,112872,389408,229,150
882800,112881,389426,229,150
882850,112885,389447,229,150
882902,112892,389475,229,149
882953,112900,389496,229,150
883003,112906,389516,229,150
883053,112912,389531,229,150
883105,112920,389558,229,150
883155,112925,389590,229,150
883206,112930,389612,229,150
883259,112938,389631,229,150
883312,112944,389665,229,150
883362,112950,389682,229,150
883413,112957,389709,229,150
883464,112964,389745,229,150
883515,112970,389772,229,150
883567,112976,389791,229,150
883617,112979,389806,229,150
883667,112985,389826,229,150
883717,112990,389889,229,150
883767,112998,389922,229,150
883819,113004,389936,229,150
883873,113011,389961,229,150
883924,113017,389987,229,150
883974,113022,390019,229,150
884027,113028,390034,229,149
884082,113036,390054,229,149
884133,113043,390076,229,150
884185,113049,390096,229,150
884235,113056,390122,229,150
884285,113064,390141,229,150
884336,113067,390173,229,150
884387,113073,390189,229,150
884438,113080,390214,229,150
884491,113085,390245,229,150
884545,113091,390267,229,150
884595,113100,390284,229,150
884645,113107,390305,229,150
884695,113113,390327,229,150
884747,113119,390351,229,150
884798,113124,390379,229,150
884851,113130,390441,229,150
884901,113137,390456,229,150
884954,113144,390481,229,150
885004,113149,390502,229,150
885055,113156,390524,229,150
885106,113162,390551,229,150
885158,113167,390576,229,150
885208,113173,390603,229,150
885258,113177,390634,229,150
885308,113183,390662,229,149
885359,113189,390689,229,150
885410,113193,390708,229,150
885463,113200,390729,229,150
885513,113208,390740,229,150
885565,113213,390766,229,150
885615,113218,390784,229,150
885670,113226,390809,229,150
885720,113231,390829,229,150
885770,113237,390855,229,150
885821,113246,390874,229,150
885871,113252,390901,229,150
885921,113258,390921,229,150
885971,113264,390954,229,150
886021,113269,390979,229,150
886072,113275,390998,229,150
886122,113280,391031,229,150
886174,113286,391057,229,150
886225,113292,391087,229,150
886276,113299,391108,229,150
886329,113304,391127,229,150
886379,113310,391152,229,150
886429,113317,391182,229,150
886480,113323,391207,229,150
886530,113330,391229,229,150
886582,113335,391258,229,149
886634,113342,391282,229,150
886685,113349,391302,229,150
886735,113353,391319,229,150
886787,113360,391334,229,150
886838,113367,391362,229,150
886893,113371,391386,229,150
886947,113380,391456,229,150
886999,113386,391483,229,150
887049,113392,391507,229,150
887099,113398,391538,229,150
887149,113403,391558,229,150
887200,113410,391576,229,150
887251,113417,391592,229,150
887303,113423,391614,229,150
887356,113428,391643,229,150
887407,113434,391674,229,150
887458,113439,391698,229,150
887509,113444,391717,229,150
887561,113451,391738,229,150
887611,113457,391759,229,150
887661,113465,391785,229,150
887714,113472,391806,229,150
887766,113480,391818,229,150
887816,113486,391839,229,149
887867,113494,391859,229,150
887919,113501,391881,229,150
887970,113505,391910,229,150
888025,113511,391931,229,149
888076,113518,391959,229,150
888127,113524,391993,229,150
888194,113530,392015,229,148
888245,113538,392032,229,150
888297,113543,392064,229,150
888348,113549,392084,229,150
888401,113557,392106,229,150
888453,113561,392123,229,150
888503,113566,392136,229,150
888553,113573,392156,229,150
888603,113582,392176,229,150
888656,113588,392191,229,150
888707,113593,392218,229,150
888757,113600,392244,229,150
888810,113607,392264,229,150
888861,113614,392280,229,150
888911,113622,392300,229,150
888961,113627,392314,229,150
889012,113634,392339,229,150
889063,113641,392361,229,150
889115,113647,392389,229,150
889168,113654,392412,229,150
889218,113662,392445,229,149
889268,113669,392467,229,150
889324,113675,392488,229,150
889375,113683,392503,229,150
889426,113691,392525,229,150
889481,113697,392546,229,149
889537,113703,392566,229,150
889592,113710,392581,229,150
889642,113718,392610,229,150
889694,113722,392636,229,150
889745,113730,392665,229,150
889796,113735,392695,229,150
889847,113744,392707,229,150
889897,113752,392733,229,150
889951,113757,392758,229,149
890001,113763,392828,229,150
890053,113768,392852,229,150
890103,113774,392879,229,150
890153,113781,392905,229,150
890204,113787,392936,229,150
890256,113793,392965,229,150
890306,113798,392990,229,150
890356,113804,393012,229,150
890409,113809,393034,229,150
890461,113815,393048,229,150
890512,113824,393073,229,150
890562,113828,393103,229,150
890613,113835,393128,229,150
890664,113842,393143,229,150
890714,113847,393161,229,150
890769,113852,393186,229,150
890820,113859,393209,229,150
890870,113865,393237,229,150
890920,113871,393268,229,150
890972,113876,393293,229,150
891022,113884,393317,229,150
891076,113891,393334,229,150
891135,113901,393355,229,150
891187,113908,393372,229,150
891238,113914,393403,229,150
891290,113920,393430,229,150
891340,113927,393502,229,150
891391,113937,393522,229,150
891443,113943,393532,229,150
891496,113950,393546,229,149
891547,113957,393571,229,150
891598,113962,393595,229,150
891652,113967,393617,229,150
891702,113976,393637,229,150
891757,113980,393663,229,150
891808,113990,393692,229,150
891858,113996,393721,229,150
891908,114003,393743,229,150
891958,114010,393762,229,150
892012,114017,393782,229,150
892062,114024,393814,229,150
892116,114031,393841,229,149
892167,114038,393858,229,150
892219,114047,393877,229,150
892269,114052,393903,229,150
892321,114059,393928,229,150
892372,114064,393948,229,150
892422,114072,393968,229,150
892475,114082,393982,229,150
892526,114086,394003,229,150
892576,114092,394034,229,150
892627,114099,394061,229,150
892677,114103,394098,229,150
892727,114110,394113,229,150
892778,114116,394132,229,150
892828,114120,394154,229,150
892878,114128,394172,229,150
892930,114135,394195,229,150
892982,114139,394227,229,150
893032,114144,394248,229,150
893083,114150,394272,229,147
893133,114161,394285,229,150
893185,114167,394307,229,149
893235,114174,394327,229,150
893287,114180,394344,229,150
893337,114185,394364,229,150
893388,114192,394386,229,150
893439,114197,394406,229,150
893492,114204,394419,229,150
893545,114209,394439,229,150
893597,114217,394467,229,150
893651,114224,394482,229,150
893703,114231,394509,229,150
893753,114237,394533,229,150
893803,114242,394554,229,150
893853,114248,394570,229,150
893904,114254,394595,229,150
893954,114261,394624,229,149
894004,114270,394640,229,150
894055,114276,394665,229,150
894106,114284,394682,229,150
894157,114288,394712,229,150
894208,114293,394743,229,150
894260,114300,394770,229,150
894310,114305,394799,229,150
894360,114313,394824,229,150
894410,114321,394848,229,150
894467,114327,394865,229,150
894517,114332,394890,229,150
894569,114338,394920,229,150
894620,114345,394942,229,150
894670,114352,394957,229,150
894721,114360,394977,229,149
894771,114366,395002,229,150
894821,114372,395023,229,150
894871,114379,395039,229,150
894923,114385,395065,229,150
894973,114393,395080,229,150
895024,114400,395102,229,150
895075,114407,395125,229,150
895125,114414,395142,229,150
895176,114425,395157,229,150
895228,114431,395236,229,150
895279,114438,395252,229,150
895330,114445,395280,229,150
895380,114451,395299,229,150
895431,114459,395317,229,150
895481,114466,395343,229,150
895532,114471,395355,229,150
895582,114476,395381,229,149
895632,114483,395408,229,150
895682,114489,395437,229,150
895732,114496,395455,229,150
895784,114502,395474,229,150
895834,114506,395496,229,150
895884,114512,395522,229,150
895935,114518,395547,229,150
895985,114522,395576,229,150
896037,114529,395598,229,150
896087,114534,395620,229,150
896137,114539,395644,229,150
896188,114544,395670,229,150
896238,114550,395692,229,150
896289,114556,395713,229,150
896346,114563,395739,229,150
896396,114570,395759,229,150
896448,114577,395789,229,149
896499,114582,395821,229,150
896549,114587,395850,229,150
896599,114592,395870,229,150
896649,114598,395885,229,150
896701,114605,395911,229,150
896751,114610,395930,229,150
896801,114618,395958,229,150
896851,114624,395979,229,150
896902,114631,395989,229,150
896952,114637,396021,229,150
897002,114641,396058,229,150
897052,114646,396079,229,150
897103,114652,396098,229,150
897154,114658,396116,229,150
897206,114664,396138,229,150
897258,114671,396151,229,150
897310,114677,396177,229,150
897366,114683,396211,229,150
897420,114689,396234,229,150
897471,114697,396256,229,150
897521,114702,396270,229,150
897582,114709,396296,229,150
897635,114716,396322,229,150
897685,114722,396343,229,150
897736,114727,396366,229,150
897787,114735,396391,229,150
897837,114741,396410,229,150
897890,114750,396425,229,150
897941,114759,396440,229,150
897993,114763,396471,229,150
898043,114770,396493,229,150
898093,114776,396518,229,150
898148,114782,396543,229,150
898202,114789,396565,229,150
898256,114795,396586,229,150
898307,114800,396606,229,150
898361,114808,396624,229,150
898414,114815,396643,229,150
898464,114820,396665,229,150
898516,114829,396684,229,150
898566,114834,396705,229,150
898616,114843,396727,229,149
898666,114850,396738,229,150
898718,114855,396756,229,149
898770,114863,396780,229,150
898821,114868,396806,229,150
898871,114874,396828,229,150
898924,114882,396848,229,150
898974,114887,396882,229,150
899031,114895,396903,229,150
899081,114902,396932,229,150
899133,114909,396953,229,149
899183,114916,396981,229,150
899234,114922,397002,229,150
899284,114927,397022,229,150
899334,114933,397040,229,150
899385,114941,397064,229,150
899437,114948,397085,229,150
899489,114955,397105,229,150
899540,114962,397125,229,150
899597,114968,397154,229,150
899647,114974,397179,229,150
899701,114981,397239,229,150
899751,114987,397253,229,150
899801,114991,397285,229,150
899855,115000,397304,229,150
899905,115006,397325,229,150
899955,115013,397354,229,150
900007,115017,397375,229,150
900060,115025,397396,229,150
900110,115032,397419,229,150
900161,115036,397452,229,150
900214,115042,397465,229,150
900265,115048,397482,229,150
900315,115055,397506,229,150
900373,115061,397519,229,150
900424,115066,397538,229,150
900474,115073,397561,229,150
900524,115079,397591,229,150
900574,115086,397613,229,150
900629,115092,397627,229,150
900682,115097,397657,229,150
900733,115104,397679,229,150
900788,115110,397700,229,150
900838,115117,397716,229,150
900889,115123,397734,229,150
900939,115128,397759,229,150
900989,115134,397780,229,150
901039,115141,397797,229,150
901089,115149,397823,229,150
901140,115156,397840,229,150
901190,115164,397861,229,150
901240,115174,397880,229,150
901292,115179,397899,229,150
901345,115185,397923,229,150
901395,115190,397952,229,150
901445,115195,397978,229,150
901500,115202,397998,229,150
901550,115206,398012,229,150
901601,115212,398024,229,150
901652,115221,398049,229,150
901702,115230,398069,229,150
901752,115238,398092,229,150
901802,115245,398107,229,150
901857,115252,398126,229,149
901908,115259,398143,229,150
901959,115266,398162,229,150
902011,115273,398180,229,150
902063,115279,398203,229,150
902117,115284,398215,229,150
902170,115292,398229,229,150
902221,115299,398246,229,149
902274,115306,398275,229,149
902326,115314,398296,229,150
902381,115319,398315,229,150
902433,115325,398346,229,150
902484,115330,398366,229,150
902534,115336,398387,229,150
902586,115342,398411,229,150
902637,115348,398434,229,149
902689,115354,398449,229,150
902739,115361,398472,229,150
902792,115369,398495,229,150
902843,115377,398505,229,150
902894,115381,398535,229,150
902946,115388,398552,229,150
902996,115394,398576,229,150
903046,115400,398599,229,150
903096,115410,398625,229,150
903151,115416,398643,229,150
903201,115423,398665,229,150
903251,115430,398681,229,150
903301,115439,398698,229,150
903352,115445,398724,229,149
903402,115451,398797,229,150
903457,115458,398815,229,149
903508,115465,398831,229,150
903559,115471,398844,229,150
903611,115477,398867,229,150
903662,115483,398888,229,150
903712,115490,398912,229,150
903762,115494,398932,229,150
903820,115502,398952,229,149
903870,115509,398973,229,150
903921,115517,398991,229,150
903971,115527,399012,229,150
904021,115536,399027,229,150
904074,115541,399053,229,150
904124,115547,399073,229,150
904176,115553,399100,229,150
904234,115560,399128,229,150
904284,115565,399151,229,150
904334,115569,399179,229,150
904384,115575,399210,229,150
904434,115580,399230,229,150
904485,115584,399248,229,150
904543,115591,399275,229,150
904595,115599,399295,229,150
904645,115604,399325,229,150
904701,115612,399350,229,150
904753,115618,399374,229,150
904803,115626,399394,229,150
904856,115631,399419,229,150
904906,115636,399445,229,150
904960,115645,399467,229,150
905013,115651,399483,229,150
905063,115658,399514,229,150
905114,115663,399528,229,150
905165,115669,399548,229,150
905216,115675,399566,229,150
905267,115681,399589,229,150
905317,115687,399608,229,150
905371,115693,399633,229,149
905421,115700,399658,229,150
905471,115707,399680,229,150
905523,115715,399704,229,150
905573,115724,399766,229,150
905623,115729,399789,229,150
905674,115736,399821,229,150
905724,115741,399843,229,150
905775,115751,399866,229,150
905825,115755,399890,229,150
905876,115765,399911,229,150
905926,115772,399939,229,150
905976,115779,399966,229,150
906026,115784,399986,229,150
906081,115793,400003,229,150
906131,115798,400023,229,150
906181,115803,400051,229,150
906232,115809,400065,229,150
906282,115815,400086,229,150
906334,115821,400115,229,150
906384,115826,400148,229,150
906437,115832,400167,229,150
906487,115839,400181,229,150
906537,115848,400200,229,150
906591,115853,400225,229,150
906642,115859,400294,229,150
906692,115863,400323,229,150
906742,115871,400348,229,150
906792,115876,400367,229,150
906842,115883,400393,229,150
906893,115888,400407,229,150
906944,115895,400435,229,150
906998,115901,400452,229,149
907050,115909,400469,229,150
907101,115914,400494,229,150
907154,115922,400514,229,150
907206,115929,400541,229,150
907263,115938,400556,229,150
907314,115943,400576,229,150
907365,115949,400592,229,150
907415,115955,400627,229,150
907467,115963,400656,229,150
907522,115969,400678,229,149
907574,115979,400701,229,149
907624,115986,400731,229,150
907676,115992,400751,229,150
907726,115997,400781,229,150
907776,116001,400801,229,150
907827,116006,400824,229,150
907879,116012,400849,229,150
907931,116017,400870,229,150
907982,116023,400894,229,150
908032,116034,400922,229,150
908082,116040,400933,229,150
908134,116046,400942,229,150
908186,116054,400963,229,150
908238,116060,400977,229,150
908293,116068,400987,229,150
908346,116073,401012,229,150
908396,116078,401030,229,150
908447,116083,401054,229,150
908497,116088,401076,229,150
908548,116096,401098,229,150
908598,116101,401118,229,150
908649,116107,401145,229,150
908699,116112,401165,229,150
908750,116120,401184,229,150
908800,116130,401208,229,150
908850,116137,401233,229,150
908901,116141,401254,229,150
908951,116147,401275,229,150
909001,116153,401306,229,150
909051,116161,401333,229,150
909101,116167,401352,229,150
909151,116175,401381,229,150
909201,116180,401397,229,150
909251,116186,401409,229,150
909302,116191,401433,229,149
909354,116199,401446,229,150
909405,116204,401469,229,150
909456,116210,401495,229,150
909508,116214,401517,229,150
909562,116220,401536,229,150
909612,116227,401557,229,150
909662,116233,401583,229,150
909713,116239,401610,229,150
909766,116247,401634,229,150
909818,116252,401661,229,150
909870,116258,401686,229,150
909922,116266,401700,229,150
909976,116276,401709,229,150
910026,116282,401740,229,150
910078,116291,401759,229,150
910132,116297,401778,229,150
910184,116301,401795,229,149
910234,116307,401823,229,150
910284,116313,401852,229,150
910336,116320,401881,229,150
910387,116326,401907,229,150
910439,116333,401930,229,150
910491,116337,401957,229,150
910541,116344,401971,229,150
910591,116351,401989,229,150
910641,116357,402010,229,150
910692,116364,402028,229,150
910742,116369,402054,229,150
910792,116377,402078,229,150
910847,116384,402091,229,150
910897,116389,402158,229,150
910951,116397,402172,229,150
911002,116404,402193,229,150
911059,116412,402223,229,150
911111,116419,402240,229,150
911162,116426,402261,229,150
911213,116431,402289,229,150
911267,116436,402314,229,148
911317,116443,402334,229,150
911367,116450,402360,229,150
911418,116457,402382,229,150
911469,116464,402408,229,150
911521,116469,402424,229,150
911571,116475,402448,229,150
911623,116481,402484,229,150
911676,116488,402492,229,150
911727,116492,402506,229,150
911777,116500,402526,229,150
911828,116505,402545,229,150
911878,116514,402568,229,150
911932,116521,402583,229,149
911982,116528,402600,229,150
912034,116534,402634,229,150
912088,116541,402651,229,150
912139,116548,402680,229,150
912189,116552,402706,229,150
912239,116557,402732,229,150
912290,116566,402760,229,150
912340,116570,402776,229,150
912390,116577,402802,229,150
912441,116583,402821,229,150
912491,116588,402857,229,150
912541,116594,402873,229,150
912593,116600,402899,229,150
912643,116607,402918,229,150
912693,116614,402944,229,150
912744,116618,402971,229,150
912797,116624,402985,229,150
912847,116634,403013,229,150
912897,116642,403032,229,150
912949,116648,403052,229,150
913000,116654,403076,229,150
913050,116661,403101,229,150
913100,116667,403127,229,150
913155,116673,403152,229,150
913205,116678,403179,229,150
913255,116683,403204,229,150
913305,116689,403228,229,150
913355,116695,403256,229,150
913409,116701,403285,229,150
913460,116708,403301,229,150
913515,116714,403321,229,150
913565,116721,403341,229,150
913616,116725,403357,229,150
913668,116732,403375,229,150
913719,116738,403395,229,150
913771,116746,403412,229,150
913823,116754,403438,229,150
913873,116759,403468,229,150
913923,116765,403495,229,150
913973,116775,403510,229,150
914025,116781,403530,229,150
914075,116786,403554,229,150
914126,116793,403577,229,150
914177,116799,403608,229,150
914227,116807,403628,229,150
914279,116812,403651,229,150
914330,116818,403668,229,150
914380,116825,403686,229,150
914432,116831,403715,229,150
914482,116838,403740,229,150
914535,116843,403756,229,150
914585,116849,403784,229,150
914639,116855,403820,229,150
914692,116860,403845,229,150
914743,116868,403860,229,150
914793,116873,403893,229,150
914843,116882,403910,229,150
914897,116889,403928,229,150
914948,116896,403943,229,150
914999,116900,403972,229,150
915051,116907,404000,229,150
915101,116915,404025,229,150
915154,116920,404049,229,150
915205,116927,404072,229,150
915255,116931,404096,229,150
915305,116940,404118,229,150
915356,116945,404147,229,150
915409,116951,404173,229,149
915460,116960,404184,229,150
915510,116966,404204,229,150
915560,116973,404221,229,150
915610,116978,404248,229,150
915660,116986,404272,229,150
915711,116996,404287,229,150
915761,117004,404307,229,150
915814,117009,404330,229,150
915864,117016,404343,229,150
915919,117024,404362,229,150
915971,117032,404390,229,150
916021,117040,404412,229,150
916071,117047,404428,229,150
916123,117053,404457,229,150
916175,117061,404477,229,150
916225,117067,404501,229,150
916276,117073,404519,229,150
916333,117080,404540,229,150
916384,117085,404562,229,150
916435,117090,404585,229,150
916485,117097,404604,229,149
916535,117104,404622,229,150
916588,117108,404645,229,150
916638,117114,404671,229,150
916688,117121,404696,229,150
916740,117129,404718,229,149
916790,117137,404736,229,150
916842,117146,404759,229,150
916892,117151,404785,229,150
916942,117156,404806,229,150
916994,117162,404830,229,150
917044,117168,404855,229,150
917094,117174,404873,229,150
917144,117179,404888,229,150
917196,117184,404897,229,150
917246,117189,404916,229,150
917296,117195,404943,229,150
917346,117200,404966,229,150
917398,117207,404976,229,150
917450,117217,404995,229,150
917501,117222,405011,229,150
917552,117230,405036,229,150
917602,117237,405058,229,150
917652,117247,405077,229,150
917703,117254,405137,229,150
917755,117260,405166,229,150
917806,117268,405185,229,149
917858,117274,405202,229,150
917909,117279,405227,229,150
917960,117284,405254,229,150
918010,117291,405280,229,150
918060,117299,405301,229,150
918118,117308,405322,229,149
918169,117312,405350,229,150
918219,117319,405372,229,150
918270,117325,405400,229,150
918321,117333,405428,229,150
918376,117339,405452,229,150
918426,117344,405484,229,150
918477,117349,405503,229,150
918529,117358,405522,229,150
918586,117368,405550,229,149
918636,117375,405575,229,150
918687,117383,405600,229,150
918737,117391,405614,229,150
918792,117398,405645,229,150
918842,117403,405666,229,150
918892,117411,405688,229,150
918942,117417,405716,229,150
918994,117423,405739,229,150
919050,117430,405762,229,150
919100,117436,405794,229,150
919150,117443,405814,229,149
919202,117449,405833,229,150
919257,117455,405855,229,150
919310,117460,405877,229,150
919360,117468,405904,229,150
919411,117476,405928,229,150
919467,117483,405945,229,150
919518,117489,405974,229,150
919570,117496,405992,229,150
919620,117502,406018,229,150
919672,117507,406054,229,150
919723,117518,406073,229,150
919773,117523,406150,229,150
919823,117528,406175,229,150
919873,117532,406203,229,150
919923,117541,406231,229,150
919973,117549,406251,229,150
920024,117554,406280,229,150
920076,117559,406306,229,150
920130,117566,406330,229,149
920180,117572,406365,229,150
920232,117579,406387,229,150
920283,117586,406410,229,150
920336,117592,406433,229,150
920387,117597,406452,229,148
920437,117604,406469,229,150
920489,117612,406489,229,150
920540,117618,406517,229,150
920590,117623,406537,229,150
920640,117631,406562,229,150
920691,117639,406594,229,150
920744,117645,406620,229,148
920794,117652,406644,229,148
920846,117658,406665,229,150
920900,117667,406689,229,150
920952,117675,406713,229,149
921003,117682,406738,229,150
921054,117688,406766,229,150
921105,117692,406793,229,150
921156,117698,406815,229,150
921206,117703,406840,229,150
921257,117710,406856,229,150
921307,117716,406875,229,150
921360,117722,406900,229,150
921411,117727,406929,229,149
921465,117736,406953,229,150
921519,117744,406980,229,150
921569,117751,407015,229,150
921619,117755,407036,229,150
921669,117761,407064,229,150
921729,117767,407088,229,149
921779,117774,407117,229,150
921840,117783,407139,229,150
921890,117789,407165,229,150
921940,117794,407180,229,149
921990,117801,407189,229,150
922040,117809,407215,229,150
922093,117815,407240,229,150
922143,117819,407260,229,150
922198,117824,407277,229,150
922249,117829,407297,229,150
922302,117837,407363,229,150
922352,117841,407392,229,150
922403,117848,407407,229,150
922455,117853,407428,229,149
922507,117859,407447,229,148
922557,117867,407472,229,150
922607,117871,407489,229,150
922657,117876,407523,229,150
922711,117883,407551,229,150
922761,117890,407574,229,150
922811,117894,407602,229,150
922861,117902,407617,229,150
922913,117910,407641,229,150
922964,117916,407668,229,150
923015,117923,407693,229,150
923065,117928,407718,229,150
923119,117933,407740,229,149
923169,117940,407757,229,150
923219,117947,407778,229,150
923270,117954,407797,229,150
923320,117961,407821,229,150
923372,117969,407827,229,150
923422,117975,407851,229,150
923472,117982,407873,229,150
923525,117989,407888,229,150
923577,117998,407899,229,150
923627,118004,407936,229,150
923678,118012,407958,229,150
923728,118019,407971,229,150
923778,118027,408036,229,150
923828,118034,408061,229,150
923879,118038,408084,229,150
923931,118044,408108,229,150
923981,118051,408125,229,150
924032,118057,408146,229,150
924083,118066,408160,229,150
924137,118073,408179,229,150
924188,118077,408202,229,150
924238,118082,408231,229,150
924290,118086,408254,229,150
924342,118091,408284,229,150
924395,118098,408299,229,149
924446,118105,408318,229,150
924497,118114,408338,229,150
924547,118120,408359,229,149
924599,118128,408384,229,150
924650,118133,408447,229,150
924701,118141,408465,229,150
924753,118146,408492,229,150
924804,118152,408509,229,150
924854,118158,408538,229,150
924904,118165,408602,229,150
924955,118175,408628,229,150
925007,118182,408648,229,150
925060,118189,408674,229,150
925116,118197,408743,229,150
925168,118202,408766,229,150
925218,118210,408779,229,150
925269,118215,408796,229,150
925319,118221,408815,229,150
925377,118230,408824,229,150
925428,118235,408842,229,150
925478,118242,408856,229,150
925530,118250,408877,229,150
925582,118258,408897,229,150
925632,118265,408913,229,150
925682,118271,408940,229,150
925735,118276,408968,229,149
925785,118284,408987,229,150
925838,118291,409003,229,150
925891,118298,409032,229,150
925942,118304,409057,229,150
925992,118310,409077,229,150
926043,118319,409093,229,150
926096,118325,409115,229,150
926148,118331,409139,229,150
926198,118338,409157,229,150
926250,118343,409178,229,150
926306,118352,409200,229,149
926358,118358,409212,229,150
926409,118368,409230,229,150
926460,118377,409243,229,150
926510,118382,409269,229,150
926561,118388,409302,229,150
926615,118394,409325,229,150
926665,118399,409356,229,150
926715,118405,409383,229,150
926765,118412,409429,229,150
926816,118418,409472,229,150
926866,118426,409495,229,150
926918,118432,409515,229,150
926968,118440,409544,229,150
927018,118446,409568,229,150
927068,118453,409593,229,150
927120,118458,409617,229,150
927170,118466,409631,229,150
927221,118472,409645,229,150
927271,118479,409672,229,150
927321,118489,409687,229,150
927372,118494,409717,229,150
927424,118499,409751,229,150
927476,118504,409775,229,150
927527,118510,409797,229,150
927577,118516,409819,229,150
927629,118522,409838,229,150
927679,118528,409856,229,150
927730,118534,409884,229,150
927780,118538,409914,229,150
927835,118548,409928,229,149
927885,118555,409993,229,150
927935,118559,410019,229,150
927992,118566,410043,229,150
928042,118571,410081,229,150
928093,118578,410107,229,150
928144,118584,410127,229,150
928194,118591,410148,229,150
928245,118597,410166,229,148
928295,118605,410189,229,150
928345,118611,410216,229,150
928395,118619,410235,229,150
928447,118623,410257,229,149
928500,118632,410273,229,150
928551,118637,410296,229,150
928603,118645,410311,229,150
928654,118650,410347,229,150
928704,118656,410377,229,150
928754,118664,410402,229,150
928807,118669,410433,229,150
928858,118675,410457,229,150
928909,118682,410478,229,150
928959,118689,410494,229,150
929011,118696,410521,229,150
929061,118701,410542,229,150
929111,118706,410566,229,150
929162,118713,410581,229,150
929213,118721,410598,229,150
929263,118729,410623,229,150
929313,118733,410647,229,150
929364,118741,410676,229,150
929415,118747,410697,229,150
929465,118751,410721,229,150
929516,118759,410746,229,150
929566,118764,410767,229,150
929617,118773,410789,229,150
929668,118779,410825,229,150
929722,118785,410861,229,150
929772,118792,410878,229,150
929827,118798,410898,229,150
929878,118804,410926,229,150
929928,118809,410954,229,150
929980,118815,410980,229,150
930031,118820,411009,229,150
930084,118826,411034,229,150
930138,118834,411053,229,150
930188,118841,411082,229,150
930238,118847,411103,229,150
930289,118853,411129,229,150
930341,118863,411145,229,150
930391,118869,411166,229,150
930441,118877,411191,229,150
930492,118884,411207,229,150
930542,118890,411227,229,150
930596,118896,411253,229,150
930646,118902,411277,229,150
930701,118907,411296,229,149
930753,118913,411320,229,150
930804,118919,411343,229,150
930858,118926,411360,229,150
930910,118932,411376,229,150
930962,118938,411402,229,150
931013,118946,411423,229,150
931064,118953,411444,229,150
931114,118959,411469,229,150
931165,118964,411496,229,150
931215,118969,411528,229,150
931265,118972,411544,229,150
931315,118981,411559,229,150
931366,118987,411579,229,150
931417,118993,411598,229,150
931467,119002,411622,229,150
931518,119007,411640,229,150
931569,119012,411664,229,150
931619,119019,411685,229,150
931671,119028,411702,229,150
931721,119034,411726,229,150
931771,119039,411751,229,150
931821,119048,411778,229,150
931878,119055,411804,229,150
931929,119062,411834,229,150
931979,119067,411858,229,150
932029,119073,411878,229,150
932082,119079,411904,229,150
932134,119085,411931,229,150
932184,119090,411948,229,150
932234,119096,411975,229,150
932284,119101,411996,229,150
932335,119107,412020,229,150
932388,119114,412048,229,150
932442,119120,412066,229,150
932496,119125,412088,229,150
932547,119131,412112,229,150
932597,119138,412132,229,149
932648,119146,412156,229,150
932699,119151,412185,229,150
932749,119157,412208,229,150
932799,119163,412231,229,150
932849,119169,412249,229,150
932899,119176,412271,229,150
932950,119182,412297,229,150
933003,119189,412329,229,150
933057,119195,412348,229,150
933107,119200,412372,229,150
933159,119204,412397,229,150
933209,119209,412424,229,150
933259,119213,412434,229,150
933310,119219,412458,229,150
933363,119224,412486,229,150
933413,119231,412510,229,150
933463,119239,412575,229,150
933514,119245,412598,229,150
933568,119252,412626,229,149
933621,119262,412649,229,150
933673,119267,412670,229,150
933726,119272,412692,229,150
933777,119277,412711,229,150
933827,119285,412732,229,150
933880,119290,412770,229,150
933931,119296,412798,229,150
933983,119303,412815,229,150
934034,119312,412837,229,150
934084,119318,412854,229,150
934134,119323,412872,229,150
934188,119329,412893,229,149
934238,119336,412914,229,150
934288,119343,412930,229,150
934340,119349,412953,229,150
934391,119357,412978,229,150
934442,119363,412988,229,150
934492,119371,413013,229,150
934543,119378,413028,229,150
934594,119385,413046,229,150
934644,119391,413071,229,150
934699,119398,413088,229,150
934756,119405,413108,229,150
934809,119412,413124,229,150
934859,119417,413153,229,150
934909,119423,413170,229,150
934959,119430,413199,229,150
935012,119436,413223,229,150
935064,119442,413245,229,150
935114,119449,413265,229,150
935165,119456,413284,229,150
935215,119462,413315,229,150
935265,119469,413336,229,150
935315,119477,413349,229,150
935365,119482,413360,229,150
935415,119489,413385,229,150
935467,119496,413405,229,150
935518,119505,413424,229,150
935569,119510,413440,229,150
935621,119516,413456,229,150
935672,119522,413477,229,150
935728,119530,413499,229,148
935778,119538,413519,229,150
935829,119545,413546,229,150
935879,119553,413567,229,150
935929,119559,413583,229,149
935979,119566,413603,229,150
936030,119571,413635,229,150
936080,119579,413653,229,150
936130,119585,413669,229,150
936180,119595,413689,229,150
936230,119603,413717,229,150
936280,119610,413741,229,150
936332,119617,413769,229,150
936386,119624,413796,229,150
936437,119631,413826,229,150
936488,119636,413854,229,150
936539,119642,413880,229,150
936589,119647,413913,229,149
936640,119654,413928,229,150
936690,119662,413949,229,150
936743,119672,413960,229,150
936796,119678,413991,229,150
936848,119685,414001,229,150
936903,119691,414014,229,150
936953,119697,414038,229,150
937003,119704,414063,229,150
937055,119711,414086,229,150
937105,119716,414113,229,150
937159,119722,414134,229,150
937213,119729,414200,229,149
937264,119735,414217,229,150
937314,119742,414242,229,150
937364,119749,414261,229,150
937414,119753,414283,229,150
937471,119758,414307,229,150
937521,119766,414327,229,150
937579,119771,414351,229,150
937629,119777,414375,229,150
937682,119783,414401,229,150
937732,119789,414435,229,150
937782,119795,414460,229,150
937832,119803,414483,229,150
937883,119808,414509,229,150
937934,119815,414533,229,150
937987,119820,414563,229,150
938037,119826,414584,229,150
938088,119831,414607,229,150
938138,119836,414634,229,150
938188,119843,414651,229,150
938238,119850,414672,229,150
938288,119856,414694,229,150
938338,119860,414721,229,150
938391,119865,414749,229,150
938442,119873,414769,229,150
938493,119878,414793,229,150
938545,119887,414811,229,150
938597,119892,414838,229,150
938648,119898,414853,229,150
938698,119902,414891,229,150
938748,119912,414908,229,150
938801,119919,414928,229,149
938852,119927,414953,229,150
938903,119934,414981,229,150
938958,119940,415010,229,150
939009,119948,415027,229,150
939062,119953,415052,229,150
939112,119959,415075,229,149
939162,119965,415103,229,150
939212,119972,415116,229,150
939263,119979,415147,229,150
939313,119988,415156,229,150
939365,119995,415178,229,149
939415,120002,415189,229,150
939465,120007,415207,229,150
939516,120013,415231,229,150
939568,120018,415255,229,150
939619,120023,415272,229,150
939669,120028,415298,229,150
939720,120034,415322,229,150
939771,120038,415348,229,150
939821,120045,415368,229,150
939871,120052,415437,229,150
939921,120059,415453,229,150
939973,120066,415474,229,150
940024,120071,415493,229,150
940076,120076,415518,229,150
940126,120084,415545,229,150
940176,120091,415574,229,150
940226,120097,415594,229,150
940277,120105,415612,229,150
940328,120110,415635,229,150
940379,120115,415655,229,150
940430,120120,415677,229,150
940485,120128,415703,229,149
940536,120134,415730,229,150
940587,120143,415753,229,150
940640,120151,415777,229,150
940694,120158,415794,229,150
940744,120167,415817,229,149
940795,120175,415843,229,150
940845,120180,415876,229,150
940896,120187,415894,229,150
940952,120195,415910,229,149
941003,120202,415936,229,150
941055,120208,415949,229,150
941110,120215,415967,229,149
941161,120221,415984,229,150
941211,120227,416004,229,150
941263,120234,416027,229,150
941313,120240,416057,229,150
941363,120246,416089,229,150
941415,120253,416113,229,150
941468,120259,416135,229,150
941519,120265,416156,229,150
941569,120271,416173,229,150
941619,120275,416199,229,150
941669,120282,416217,229,150
941720,120287,416236,229,150
941770,120293,416261,229,150
941822,120299,416289,229,149
941872,120305,416306,229,150
941923,120309,416327,229,150
941973,120316,416344,229,150
942023,120322,416371,229,150
942074,120328,416382,229,150
942124,120335,416408,229,150
942175,120342,416427,229,150
942225,120346,416455,229,150
942277,120353,416480,229,150
942328,120361,416504,229,150
942378,120370,416530,229,150
942428,120377,416549,229,150
942479,120382,416570,229,150
942530,120391,416587,229,150
942580,120398,416606,229,150
942630,120403,416627,229,150
942686,120410,416649,229,150
942736,120416,416672,229,150
942786,120423,416689,229,150
942838,120428,416731,229,150
942888,120433,416760,229,150
942940,120439,416783,229,150
942990,120446,416794,229,150
943041,120453,416819,229,150
943093,120458,416838,229,150
943143,120464,416857,229,150
943193,120468,416878,229,150
943243,120475,416901,229,150
943293,120483,416918,229,150
943354,120490,416938,229,149
943404,120499,416957,229,150
943456,120505,416983,229,149
943510,120513,417008,229,150
943560,120518,417032,229,150
943612,120524,417050,229,150
943662,120530,417082,229,150
943712,120536,417106,229,150
943762,120544,417129,229,150
943812,120550,417150,229,150
943864,120558,417163,229,150
943914,120564,417196,229,150
943964,120570,417212,229,150
944014,120578,417228,229,150
944066,120583,417247,229,150
944118,120589,417272,229,150
944174,120595,417293,229,148
944226,120603,417314,229,149
944276,120610,417334,229,150
944327,120615,417356,229,150
944377,120621,417377,229,150
944427,120625,417401,229,150
944478,120631,417418,229,150
944528,120639,417440,229,150
944580,120646,417458,229,150
944630,120653,417492,229,150
944680,120661,417516,229,149
944734,120669,417529,229,150
944788,120677,417549,229,148
944844,120686,417571,229,150
944897,120694,417586,229,150
944947,120699,417609,229,150
944998,120705,417632,229,150
945048,120710,417653,229,150
945101,120717,417679,229,150
945152,120722,417704,229,150
945203,120727,417717,229,150
945253,120734,417744,229,150
945303,120739,417769,229,150
945354,120744,417794,229,150
945405,120751,417817,229,150
945455,120757,417847,229,150
945509,120762,417867,229,150
945559,120768,417938,229,150
945609,120773,417959,229,150
945659,120778,417986,229,150
945711,120784,418008,229,150
945764,120793,418025,229,150
945814,120798,418051,229,150
945864,120803,418070,229,150
945914,120812,418083,229,150
945964,120816,418113,229,150
946014,120821,418143,229,150
946064,120830,418158,229,150
946114,120837,418185,229,150
946164,120842,418219,229,150
946214,120850,418244,229,150
946264,120857,418270,229,150
946315,120864,418289,229,150
946366,120873,418301,229,150
946416,120879,418329,229,150
946466,120884,418356,229,150
946517,120888,418385,229,150
946567,120894,418402,229,150
946618,120899,418418,229,150
946668,120904,418449,229,150
946719,120913,418476,229,150
946772,120920,418497,229,150
946822,120927,418519,229,150
946878,120933,418536,229,150
946934,120939,418549,229,150
946988,120948,418574,229,149
947038,120955,418582,229,150
947088,120961,418597,229,150
947138,120966,418621,229,150
947193,120973,418644,229,150
947243,120980,418663,229,150
947296,120987,418688,229,150
947346,120993,418701,229,150
947404,120998,418713,229,149
947454,121005,418740,229,150
947507,121011,418754,229,150
947560,121017,418777,229,150
947610,121023,418800,229,150
947664,121030,418819,229,150
947714,121036,418844,229,150
947766,121047,418862,229,150
947816,121052,418885,229,150
947866,121058,418900,229,150
947918,121062,418927,229,150
947969,121068,418948,229,150
948021,121076,418969,229,150
948071,121081,418988,229,150
948121,121090,419019,229,150
948180,121096,419038,229,150
948230,121103,419060,229,150
948280,121110,419068,229,150
948331,121117,419091,229,150
948386,121125,419110,229,150
948438,121132,419138,229,150
948492,121137,419166,229,150
948543,121142,419183,229,150
948600,121149,419204,229,150
948652,121158,419224,229,149
948704,121165,419244,229,150
948754,121171,419270,229,150
948807,121177,419288,229,150
948857,121182,419308,229,150
948907,121187,419329,229,150
948957,121197,419354,229,150
949007,121203,419378,229,150
949057,121210,419395,229,149
949119,121218,419418,229,150
949171,121225,419441,229,149
949221,121232,419464,229,150
949272,121236,419495,229,150
949323,121241,419517,229,150
949373,121246,419553,229,150
949423,121250,419575,229,150
949473,121257,419595,229,150
949526,121264,419622,229,150
949586,121270,419640,229,150
949636,121276,419660,229,150
949686,121282,419676,229,150
949738,121286,419701,229,150
949792,121291,419725,229,150
949842,121296,419749,229,150
949895,121303,419769,229,150
949945,121310,419785,229,150
949995,121321,419805,229,150
950045,121327,419830,229,150
950097,121336,419845,229,150
950148,121341,419876,229,150
950200,121350,419892,229,150
950250,121359,419919,229,150
950300,121366,419947,229,150
950350,121373,419974,229,150
950401,121378,420004,229,150
950452,121385,420037,229,150
950504,121394,420059,229,150
950556,121399,420078,229,150
950614,121405,420098,229,149
950665,121414,420124,229,150
950717,121421,420149,229,150
950768,121429,420170,229,149
950819,121437,420194,229,150
950870,121442,420206,229,150
950922,121449,420223,229,150
950973,121455,420240,229,150
951024,121460,420264,229,150
951076,121469,420286,229,150
951127,121475,420306,229,150
951177,121482,420322,229,150
951228,121486,420352,229,150
951278,121494,420364,229,150
951328,121503,420382,229,150
951378,121511,420403,229,150
951438,121519,420422,229,150
951489,121525,420441,229,149
951539,121532,420467,229,150
951589,121537,420493,229,150
951639,121541,420518,229,149
951689,121546,420548,229,150
951739,121553,420570,229,150
951789,121558,420601,229,150
951839,121565,420619,229,150
951889,121572,420639,229,150
951941,121578,420662,229,150
951991,121583,420683,229,150
952041,121589,420711,229,150
952091,121597,420738,229,150
952143,121603,420763,229,150
952194,121607,420790,229,150
952248,121614,420818,229,149
952301,121619,420847,229,150
952351,121625,420871,229,150
952403,121630,420897,229,150
952454,121639,420916,229,150
952508,121646,420948,229,150
952558,121651,420975,229,150
952609,121657,420999,229,150
952659,121663,421025,229,149
952709,121672,421040,229,150
952760,121677,421081,229,150
952810,121682,421096,229,150
952862,121689,421112,229,149
952913,121696,421138,229,150
952969,121701,421155,229,150
953022,121708,421181,229,150
953075,121716,421203,229,150
953125,121722,421229,229,150
953175,121731,421254,229,150
953227,121739,421272,229,150
953279,121746,421298,229,150
953331,121751,421318,229,150
953386,121759,421337,229,150
953436,121766,421356,229,150
953488,121772,421428,229,150
953542,121778,421456,229,149
953592,121786,421476,229,150
953643,121791,421503,229,150
953693,121798,421526,229,150
953743,121805,421548,229,150
953794,121810,421572,229,150
953844,121817,421587,229,150
953894,121824,421620,229,150
953945,121831,421638,229,150
953997,121836,421673,229,150
954048,121841,421698,229,150
954099,121848,421722,229,150
954149,121857,421739,229,150
954199,121862,421760,229,150
954250,121867,421781,229,150
954304,121874,421802,229,150
954357,121880,421822,229,150
954407,121885,421841,229,150
954457,121891,421866,229,150
954508,121901,421880,229,150
954559,121905,421903,229,150
954613,121911,421921,229,150
954663,121917,421939,229,150
954715,121923,421957,229,150
954765,121928,421983,229,150
954815,121933,422014,229,150
954867,121937,422042,229,150
954917,121944,422057,229,150
954969,121951,422079,229,148
955020,121957,422111,229,150
955071,121964,422180,229,150
955121,121973,422199,229,150
955173,121980,422217,229,150
955224,121985,422250,229,150
955274,121989,422275,229,150
955324,121994,422291,229,150
955376,122003,422305,229,150
955426,122009,422329,229,150
955477,122018,422343,229,150
955527,122026,422366,229,150
955579,122034,422386,229,149
955634,122040,422405,229,150
955686,122045,422422,229,150
955737,122052,422444,229,150
955794,122058,422462,229,148
955845,122068,422479,229,150
955897,122074,422501,229,150
955947,122080,422524,229,150
955997,122086,422548,229,150
956049,122091,422572,229,150
956099,122098,422590,229,150
956152,122107,422602,229,150
956204,122113,422629,229,150
956257,122119,422649,229,150
956307,122126,422672,229,150
956358,122132,422700,229,149
956408,122138,422722,229,150
956463,122145,422744,229,150
956516,122151,422761,229,150
956567,122159,422777,229,150
956618,122164,422804,229,150
956668,122169,422823,229,150
956724,122176,422847,229,149
956776,122187,422862,229,150
956831,122194,422879,229,149
956881,122200,422899,229,150
956932,122206,422923,229,150
956986,122213,422943,229,150
957043,122222,422961,229,150
957100,122229,422984,229,150
957150,122237,422994,229,150
957203,122245,423010,229,150
957254,122250,423035,229,150
957309,122257,423060,229,150
957360,122266,423079,229,150
957411,122273,423093,229,150
957462,122278,423113,229,150
957512,122284,423143,229,150
957563,122290,423167,229,150
957613,122298,423187,229,150
957669,122307,423206,229,150
957722,122315,423222,229,150
957773,122320,423242,229,149
957823,122330,423265,229,150
957873,122336,423288,229,149
957925,122346,423304,229,150
957980,122353,423322,229,149
958034,122358,423345,229,150
958089,122363,423369,229,149
958139,122370,423378,229,150
958191,122376,423404,229,150
958241,122383,423423,229,150
958291,122389,423455,229,150
958344,122397,423473,229,150
958396,122405,423504,229,150
958446,122410,423534,229,150
958498,122416,423557,229,150
958548,122424,423574,229,150
958599,122431,423589,229,150
958650,122435,423617,229,150
958700,122441,423636,229,150
958752,122447,423662,229,150
958804,122452,423685,229,150
958855,122459,423703,229,150
958906,122464,423725,229,150
958957,122470,423751,229,150
959008,122475,423766,229,150
959058,122484,423782,229,149
959110,122491,423797,229,150
959163,122496,423819,229,150
959215,122506,423836,229,150
959265,122511,423861,229,150
959315,122518,423885,229,150
959368,122523,423910,229,150
959419,122530,423931,229,150
959470,122534,423954,229,150
959520,122542,423974,229,150
959570,122547,424000,229,150
959621,122555,424011,229,150
959671,122561,424035,229,150
959721,122565,424051,229,150
959771,122572,424071,229,150
959821,122578,424095,229,150
959872,122585,424119,229,150
959922,122590,424146,229,150
959972,122598,424170,229,150
960024,122606,424195,229,150
960074,122611,424210,229,150
960124,122620,424224,229,150
960174,122629,424247,229,150
960224,122636,424264,229,150
960275,122643,424283,229,150
960328,122652,424306,229,150
960379,122658,424333,229,150
960429,122664,424356,229,150
960482,122670,424385,229,149
960533,122678,424402,229,149
960583,122685,424421,229,150
960633,122694,424440,229,150
960683,122699,424464,229,150
960739,122705,424484,229,150
960789,122712,424501,229,150
960839,122718,424520,229,150
960896,122724,424541,229,149
960946,122730,424557,229,150
961002,122736,424571,229,150
961055,122742,424601,229,150
961108,122750,424627,229,150
961158,122759,424644,229,150
961212,122765,424669,229,150
961262,122770,424686,229,150
961312,122776,424707,229,150
961362,122783,424733,229,150
961412,122788,424757,229,150
961462,122797,424769,229,150
961513,122802,424800,229,150
961568,122812,424821,229,150
961618,122818,424852,229,150
961668,122824,424920,229,150
961718,122830,424942,229,150
961771,122839,424955,229,150
961822,122844,424972,229,150
961872,122852,424990,229,150
961924,122857,425013,229,150
961975,122866,425033,229,150
962027,122870,425054,229,150
962078,122879,425074,229,150
962131,122886,425100,229,150
962182,122892,425174,229,150
962232,122902,425191,229,150
962282,122908,425214,229,150
962332,122913,425236,229,150
962382,122920,425253,229,150
962432,122926,425282,229,150
962483,122930,425313,229,150
962542,122939,425336,229,150
962592,122944,425366,229,150
962642,122953,425394,229,150
962692,122960,425409,229,150
962747,122966,425433,229,149
962797,122975,425458,229,150
962848,122983,425476,229,150
962898,122989,425488,229,150
962948,122995,425511,229,150
962998,123000,425533,229,150
963048,123006,425551,229,150
963098,123013,425582,229,150
963148,123020,425610,229,150
963198,123028,425640,229,150
963248,123035,425656,229,150
963299,123041,425676,229,149
963349,123048,425702,229,150
963401,123056,425724,229,150
963451,123062,425741,229,150
963501,123073,425755,229,150
963552,123080,425786,229,150
963605,123084,425816,229,150
963655,123091,425838,229,150
963705,123096,425861,229,150
963755,123101,425888,229,150
963805,123107,425910,229,150
963855,123111,425934,229,150
963909,123118,425949,229,148
963959,123127,425972,229,150
964015,123135,425979,229,150
964065,123140,426001,229,150
964123,123147,426021,229,149
964174,123154,426039,229,150
964229,123160,426060,229,150
964280,123166,426078,229,150
964331,123172,426104,229,150
964382,123179,426128,229,150
964434,123186,426150,229,150
964485,123192,426168,229,150
964536,123198,426187,229,150
964588,123206,426216,229,150
964638,123210,426240,229,150
964689,123218,426261,229,150
964739,123226,426279,229,150
964789,123230,426300,229,150
964839,123240,426325,229,150
964889,123247,426345,229,150
964939,123253,426372,229,150
964989,123259,426389,229,150
965039,123265,426416,229,150
965094,123270,426439,229,149
965146,123277,426464,229,150
965197,123284,426482,229,150
965247,123289,426507,229,150
965300,123296,426522,229,150
965351,123302,426540,229,150
965404,123309,426560,229,150
965454,123314,426582,229,150
965505,123322,426610,229,150
965559,123331,426632,229,150
965610,123337,426657,229,149
965662,123344,426679,229,150
965712,123349,426700,229,150
965762,123355,426718,229,150
965812,123361,426741,229,150
965863,123369,426762,229,150
965914,123376,426776,229,150
965964,123382,426799,229,150
966015,123390,426821,229,150
966065,123397,426839,229,150
966115,123405,426861,229,150
966165,123410,426892,229,150
966215,123417,426907,229,150
966265,123422,426921,229,150
966317,123429,426945,229,150
966370,123436,426967,229,150
966420,123441,426984,229,150
966470,123448,427011,229,150
966520,123453,427028,229,150
966572,123458,427046,229,150
966623,123464,427068,229,150
966675,123472,427089,229,150
966726,123478,427118,229,150
966776,123486,427134,229,150
966826,123493,427155,229,150
966885,123499,427176,229,150
966939,123507,427205,229,150
966989,123513,427228,229,150
967039,123521,427256,229,150
967092,123526,427272,229,149
967143,123533,427287,229,150
967196,123539,427316,229,150
967246,123546,427337,229,150
967296,123552,427359,229,150
967346,123559,427385,229,150
967396,123564,427408,229,150
967446,123571,427434,229,150
967498,123577,427458,229,150
967551,123586,427483,229,150
967604,123591,427507,229,150
967654,123596,427525,229,150
967707,123601,427542,229,150
967758,123610,427564,229,150
967810,123616,427588,229,150
967861,123621,427610,229,150
967911,123627,427633,229,150
967965,123634,427656,229,149
968016,123640,427681,229,150
968066,123645,427709,229,150
968118,123654,427784,229,150
968171,123660,427809,229,150
968221,123666,427836,229,150
968275,123674,427854,229,150
968325,123680,427867,229,150
968376,123686,427890,229,150
968427,123693,427914,229,150
968478,123700,427929,229,150
968530,123705,427956,229,150
968583,123711,427969,229,149
968633,123719,427981,229,150
968684,123725,428008,229,150
968735,123729,428032,229,150
968786,123736,428047,229,150
968839,123741,428071,229,150
968893,123748,428090,229,150
968943,123754,428112,229,150
968993,123759,428137,229,150
969043,123765,428161,229,150
969093,123771,428190,229,150
969145,123775,428213,229,150
969196,123785,428235,229,150
969247,123791,428257,229,150
969301,123798,428282,229,150
969355,123804,428317,229,150
969405,123812,428341,229,150
969455,123816,428368,229,150
969507,123823,428388,229,150
969557,123830,428422,229,150
969610,123838,428445,229,150
969662,123845,428451,229,150
969713,123851,428464,229,150
969765,123860,428481,229,150
969815,123865,428505,229,150
969865,123872,428521,229,150
969916,123877,428551,229,150
969969,123883,428573,229,150
970019,123889,428585,229,150
970071,123896,428615,229,150
970123,123904,428630,229,150
970173,123912,428641,229,150
970224,123918,428656,229,150
970274,123925,428683,229,149
970324,123936,428693,229,149
970376,123944,428714,229,150
970427,123952,428734,229,150
970483,123957,428755,229,150
970533,123966,428776,229,150
970584,123971,428803,229,150
970636,123978,428818,229,150
970686,123986,428834,229,150
970736,123993,428859,229,150
970786,123998,428891,229,150
970837,124004,428908,229,150
970889,124012,428923,229,150
970942,124018,428946,229,150
970993,124025,428975,229,150
971043,124032,429005,229,150
971096,124041,429023,229,147
971146,124050,429037,229,150
971197,124056,429067,229,150
971248,124064,429088,229,150
971299,124070,429106,229,150
971349,124077,429134,229,150
971400,124083,429150,229,150
971455,124089,429172,229,150
971507,124098,429195,229,150
971559,124104,429223,229,150
971611,124109,429255,229,150
971663,124116,429278,229,150
971713,124121,429304,229,150
971763,124128,429326,229,150
971817,124135,429346,229,150
971868,124142,429362,229,150
971918,124148,429394,229,150
971970,124157,429407,229,150
972023,124164,429437,229,150
972073,124169,429461,229,150
972124,124176,429481,229,150
972183,124184,429507,229,150
972236,124188,429538,229,150
972287,124193,429565,229,150
972341,124200,429586,229,150
972394,124208,429608,229,150
972445,124214,429626,229,150
972497,124222,429648,229,150
972551,124229,429678,229,149
972601,124234,429697,229,150
972654,124241,429718,229,150
972706,124248,429742,229,150
972757,124257,429757,229,150
972809,124262,429785,229,150
972860,124269,429815,229,150
972910,124276,429848,229,150
972960,124282,429874,229,150
973011,124288,429887,229,150
973064,124294,429958,229,150
973117,124300,429983,229,150
973168,124306,430002,229,150
973219,124312,430025,229,149
973271,124317,430054,229,150
973321,124322,430086,229,150
973373,124329,430107,229,150
973425,124337,430141,229,150
973475,124345,430160,229,150
973526,124350,430191,229,150
973576,124357,430207,229,149
973626,124363,430237,229,150
973676,124368,430263,229,150
973726,124374,430284,229,150
973777,124380,430355,229,150
973829,124388,430370,229,149
973881,124395,430385,229,150
973932,124404,430406,229,149
973983,124410,430426,229,150
974036,124415,430451,229,150
974086,124421,430472,229,150
974143,124427,430484,229,149
974193,124436,430502,229,150
974243,124440,430529,229,150
974294,124449,430555,229,149
974344,124454,430576,229,150
974398,124462,430598,229,150
974450,124468,430612,229,150
974500,124475,430627,229,150
974552,124481,430646,229,150
974602,124487,430668,229,150
974652,124492,430696,229,150
974703,124499,430720,229,150
974753,124507,430747,229,150
974803,124511,430772,229,150
974854,124520,430787,229,150
974906,124525,430804,229,150
974956,124530,430823,229,150
975006,124535,430853,229,150
975062,124542,430920,229,150
975113,124549,430941,229,150
975164,124555,430971,229,150
975217,124563,430985,229,150
975267,124571,431003,229,150
975317,124575,431026,229,150
975368,124584,431052,229,150
975423,124591,431071,229,150
975476,124599,431098,229,150
975526,124606,431126,229,150
975577,124612,431151,229,150
975628,124619,431175,229,150
975680,124627,431194,229,150
975734,124632,431212,229,150
975784,124638,431243,229,150
975835,124645,431270,229,150
975885,124649,431296,229,150
975935,124655,431318,229,150
975986,124661,431351,229,150
976036,124667,431376,229,150
976086,124673,431389,229,150
976137,124680,431406,229,150
976189,124687,431428,229,150
976241,124696,431451,229,150
976293,124701,431472,229,150
976343,124707,431502,229,150
976394,124715,431527,229,150
976449,124721,431558,229,149
976501,124728,431626,229,150
976551,124737,431647,229,150
976602,124745,431667,229,150
976652,124750,431686,229,150
976702,124756,431703,229,150
976752,124764,431719,229,150
976803,124770,431746,229,150
976855,124777,431768,229,150
976905,124784,431785,229,150
976955,124789,431799,229,150
977005,124794,431817,229,149
977055,124800,431841,229,150
977105,124806,431865,229,150
977155,124811,431890,229,150
977206,124818,431910,229,150
977256,124822,431933,229,150
977306,124830,431960,229,150
977360,124837,431977,229,150
977410,124842,432004,229,150
977460,124851,432042,229,150
977511,124860,432059,229,150
977561,124867,432076,229,150
977614,124873,432098,229,150
977664,124880,432115,229,150
977715,124886,432132,229,150
977766,124893,432152,229,150
977819,124899,432174,229,150
977870,124908,432190,229,150
977921,124913,432221,229,150
977972,124919,432238,229,150
978022,124926,432256,229,150
978073,124934,432273,229,150
978128,124940,432292,229,150
978179,124946,432310,229,150
978234,124950,432331,229,150
978285,124955,432356,229,150
978337,124961,432373,229,150
978387,124967,432396,229,150
978437,124971,432412,229,150
978487,124977,432442,229,149
978537,124985,432464,229,150
978588,124991,432484,229,150
978638,124998,432506,229,150
978689,125007,432529,229,150
978740,125013,432558,229,150
978791,125021,432585,229,150
978843,125027,432601,229,150
978893,125033,432620,229,150
978943,125042,432651,229,150
979001,125047,432675,229,150
979052,125052,432697,229,150
979102,125059,432718,229,149
979153,125065,432749,229,149
979203,125072,432769,229,150
979254,125079,432795,229,150
979305,125086,432818,229,150
979355,125092,432839,229,150
979406,125098,432872,229,150
979456,125106,432883,229,150
979507,125112,432905,229,150
979557,125117,432931,229,150
979607,125124,432954,229,150
979657,125132,432978,229,150
979708,125140,432996,229,150
979759,125146,433022,229,150
979810,125152,433047,229,150
979861,125159,433064,229,150
979911,125166,433093,229,150
979961,125173,433109,229,150
980013,125178,433138,229,150
980069,125187,433159,229,150
980121,125192,433178,229,150
980171,125198,433205,229,150
980221,125204,433223,229,150
980275,125212,433243,229,150
980326,125217,433255,229,150
980376,125224,433280,229,150
980428,125231,433289,229,150
980478,125237,433307,229,150
980528,125243,433316,229,150
980579,125251,433337,229,150
980630,125257,433367,229,150
980681,125265,433438,229,150
980731,125273,433455,229,150
980784,125279,433478,229,150
980835,125286,433500,229,149
980888,125293,433533,229,150
980939,125300,433564,229,150
980990,125306,433588,229,150
981040,125311,433609,229,150
981093,125318,433634,229,150
981147,125325,433652,229,150
981197,125334,433679,229,150
981249,125339,433696,229,150
981309,125345,433713,229,150
981361,125349,433741,229,150
981411,125354,433762,229,150
981461,125361,433786,229,150
981511,125367,433804,229,150
981562,125375,433822,229,150
981612,125380,433849,229,150
981662,125388,433868,229,150
981713,125394,433891,229,150
981763,125399,433920,229,150
981821,125407,433941,229,150
981876,125415,433965,229,149
981927,125421,433986,229,150
981978,125427,434007,229,150
982028,125434,434035,229,150
982078,125441,434061,229,150
982130,125446,434096,229,150
982181,125453,434116,229,150
982231,125460,434135,229,150
982281,125467,434148,229,150
982332,125473,434171,229,150
982382,125479,434192,229,150
982438,125487,434218,229,150
982490,125492,434242,229,150
982540,125498,434266,229,150
982591,125504,434282,229,150
982646,125511,434298,229,149
982698,125519,434315,229,150
982748,125524,434339,229,150
982798,125530,434355,229,150
982856,125539,434421,229,150
982907,125546,434437,229,150
982957,125557,434463,229,150
983008,125563,434484,229,150
983058,125570,434508,229,150
983108,125578,434529,229,150
983159,125583,434544,229,150
983210,125590,434568,229,150
983260,125598,434631,229,150
983310,125605,434652,229,150
983360,125612,434670,229,150
983410,125621,434687,229,150
983465,125628,434708,229,150
983516,125633,434735,229,150
983567,125638,434757,229,150
983618,125644,434782,229,150
983669,125652,434806,229,150
983721,125656,434833,229,150
983771,125661,434852,229,150
983823,125666,434870,229,150
983873,125673,434889,229,150
983924,125684,434922,229,150
983978,125691,434938,229,150
984030,125697,434960,229,149
984082,125703,434997,229,150
984135,125711,435012,229,150
984189,125719,435035,229,150
984240,125724,435065,229,150
984291,125729,435087,229,150
984341,125736,435108,229,150
984391,125744,435127,229,150
984442,125757,435150,229,149
984499,125765,435175,229,149
984549,125771,435197,229,150
984601,125777,435213,229,150
984653,125783,435235,229,150
984708,125791,435259,229,148
984759,125801,435280,229,149
984809,125807,435295,229,150
984861,125813,435327,229,150
984916,125820,435351,229,149
984967,125831,435368,229,150
985017,125836,435389,229,150
985068,125842,435413,229,150
985118,125848,435438,229,150
985168,125854,435458,229,150
985218,125860,435482,229,150
985269,125867,435502,229,150
985321,125873,435519,229,149
985371,125881,435543,229,150
985421,125886,435564,229,150
985471,125890,435589,229,150
985522,125896,435615,229,150
985573,125903,435652,229,150
985626,125910,435670,229,150
985676,125916,435691,229,150
985726,125923,435714,229,150
985777,125930,435745,229,150
985832,125936,435764,229,150
985882,125942,435783,229,150
985932,125949,435804,229,150
985982,125955,435825,229,150
986032,125961,435839,229,150
986084,125968,435854,229,149
986134,125975,435874,229,150
986184,125980,435906,229,150
986235,125989,435929,229,150
986289,125996,435942,229,150
986339,126000,435962,229,150
986389,126007,435987,229,150
986440,126012,436012,229,150
986493,126020,436034,229,150
986543,126024,436059,229,150
986594,126030,436085,229,150
986645,126036,436108,229,150
986698,126043,436131,229,150
986749,126048,436159,229,150
986801,126056,436182,229,150
986853,126062,436198,229,150
986903,126067,436227,229,150
986953,126071,436247,229,150
987003,126078,436270,229,150
987053,126086,436294,229,150
987107,126095,436306,229,150
987157,126103,436329,229,150
987207,126110,436341,229,150
987258,126118,436354,229,150
987308,126122,436380,229,150
987358,126128,436402,229,150
987409,126135,436433,229,150
987459,126141,436449,229,150
987511,126148,436469,229,150
987562,126154,436496,229,150
987613,126163,436518,229,150
987666,126170,436545,229,150
987717,126174,436574,229,150
987767,126178,436596,229,150
987818,126186,436621,229,150
987868,126192,436645,229,150
987918,126197,436670,229,150
987971,126204,436695,229,150
988022,126212,436717,229,150
988072,126219,436736,229,150
988124,126225,436752,229,150
988176,126230,436773,229,150
988228,126236,436801,229,150
988279,126244,436821,229,150
988331,126253,436850,229,150
988381,126260,436871,229,150
988432,126267,436897,229,150
988482,126271,436915,229,150
988532,126278,436936,229,150
988583,126284,436953,229,150
988634,126290,436978,229,150
988684,126296,436996,229,150
988736,126303,437026,229,150
988786,126308,437042,229,150
988836,126319,437067,229,150
988888,126326,437087,229,149
988938,126334,437107,229,150
988990,126339,437128,229,150
989040,126346,437157,229,150
989090,126353,437182,229,150
989140,126360,437207,229,150
989190,126367,437233,229,150
989240,126372,437258,229,150
989290,126377,437274,229,150
989342,126382,437291,229,150
989392,126387,437327,229,150
989442,126394,437351,229,150
989493,126400,437369,229,150
989544,126407,437383,229,150
989596,126413,437405,229,149
989647,126420,437433,229,150
989698,126428,437452,229,150
989753,126434,437472,229,150
989803,126440,437488,229,150
989854,126448,437509,229,150
989905,126457,437530,229,149
989955,126465,437555,229,150
990006,126470,437592,229,150
990056,126480,437606,229,150
990108,126485,437623,229,150
990161,126493,437650,229,150
990211,126499,437676,229,150
990266,126507,437700,229,149
990317,126514,437716,229,150
990367,126519,437741,229,150
990419,126526,437756,229,150
990469,126532,437781,229,150
990525,126540,437801,229,149
990575,126546,437825,229,150
990627,126552,437846,229,150
990678,126564,437869,229,150
990732,126571,437884,229,150
990782,126576,437908,229,150
990833,126581,437937,229,150
990884,126586,437964,229,150
990935,126593,437983,229,150
990985,126598,438004,229,150
991035,126603,438024,229,150
991087,126608,438053,229,150
991143,126615,438073,229,149
991194,126621,438093,229,150
991245,126627,438115,229,150
991296,126632,438140,229,150
991346,126641,438159,229,150
991396,126648,438181,229,150
991448,126653,438206,229,150
991498,126660,438224,229,150
991548,126666,438243,229,147
991598,126674,438258,229,150
991652,126681,438288,229,149
991702,126689,438306,229,150
991754,126694,438328,229,150
991806,126699,438346,229,150
991859,126705,438360,229,150
991909,126711,438387,229,150
991959,126718,438417,229,150
992009,126722,438436,229,150
992060,126728,438455,229,150
992112,126735,438475,229,150
992164,126741,438503,229,150
992214,126750,438530,229,150
992267,126762,438552,229,150
992318,126768,438570,229,150
992371,126774,438584,229,150
992421,126780,438610,229,150
992471,126784,438626,229,150
992521,126790,438652,229,150
992572,126796,438676,229,150
992623,126801,438708,229,150
992675,126807,438733,229,150
992725,126813,438753,229,150
992776,126820,438774,229,150
992826,126825,438791,229,150
992877,126834,438810,229,150
992927,126839,438832,229,150
992978,126844,438861,229,150
993031,126849,438887,229,150
993083,126855,438902,229,150
993134,126862,438921,229,150
993187,126867,438955,229,150
993241,126873,438971,229,150
993294,126879,438997,229,150
993346,126888,439014,229,150
993403,126894,439030,229,149
993455,126902,439053,229,150
993505,126907,439073,229,150
993556,126914,439095,229,150
993607,126920,439109,229,150
993658,126924,439136,229,150
993710,126931,439159,229,150
993761,126939,439185,229,150
993811,126946,439202,229,150
993861,126953,439232,229,150
993914,126959,439252,229,150
993964,126964,439276,229,150
994017,126969,439300,229,150
994068,126976,439324,229,150
994120,126983,439395,229,150
994170,126989,439417,229,150
994221,126994,439447,229,150
994271,127003,439466,229,150
994326,127011,439478,229,150
994376,127017,439515,229,150
994430,127025,439536,229,150
994480,127029,439553,229,150
994531,127034,439574,229,150
994583,127042,439588,229,150
994637,127051,439607,229,150
994687,127056,439632,229,150
994739,127062,439655,229,150
994790,127068,439686,229,150
994843,127077,439708,229,150
994895,127081,439727,229,149
994945,127088,439745,229,150
994996,127094,439778,229,150
995048,127099,439822,229,150
995098,127105,439850,229,150
995149,127111,439871,229,150
995200,127118,439887,229,150
995250,127126,439899,229,150
995305,127134,439918,229,150
995358,127141,439936,229,150
995409,127147,439969,229,150
995459,127153,439995,229,150
995511,127157,440016,229,150
995561,127163,440033,229,150
995611,127167,440053,229,150
995663,127175,440083,229,150
995715,127181,440095,229,150
995765,127186,440122,229,150
995816,127192,440146,229,150
995868,127198,440159,229,150
995921,127205,440172,229,150
995971,127211,440197,229,150
996023,127217,440217,229,150
996073,127224,440243,229,150
996124,127232,440259,229,150
996180,127239,440284,229,150
996232,127245,440302,229,150
996282,127252,440316,229,150
996336,127258,440337,229,150
996386,127263,440363,229,150
996436,127270,440390,229,150
996486,127275,440411,229,150
996537,127283,440432,229,150
996591,127290,440447,229,150
996642,127296,440467,229,150
996692,127302,440496,229,150
996743,127313,440526,229,150
996793,127320,440550,229,150
996843,127325,440575,229,150
996893,127330,440593,229,150
996943,127336,440620,229,150
996993,127341,440642,229,150
997046,127348,440664,229,150
997097,127355,440686,229,150
997149,127361,440706,229,150
997199,127367,440725,229,150
997249,127373,440746,229,150
997299,127380,440768,229,150
997350,127386,440793,229,150
997400,127394,440808,229,150
997450,127400,440825,229,150
997500,127406,440851,229,150
997550,127412,440874,229,150
997600,127418,440889,229,150
997650,127423,440910,229,150
997700,127428,440934,229,150
997751,127434,440951,229,150
997802,127441,440968,229,150
997852,127449,440994,229,150
997904,127455,441018,229,150
997956,127462,441035,229,150
998006,127469,441052,229,150
998057,127474,441069,229,150
998107,127483,441087,229,150
998157,127489,441105,229,150
998208,127496,441126,229,150
998258,127503,441154,229,150
998311,127508,441182,229,150
998363,127516,441208,229,150
998413,127523,441221,229,150
998463,127529,441245,229,150
998513,127535,441270,229,150
998565,127543,441286,229,150
998619,127549,441310,229,150
998671,127556,441328,229,150
998726,127562,441357,229,150
998776,127569,441382,229,150
998828,127574,441397,229,150
998878,127581,441426,229,150
998929,127586,441438,229,150
998979,127595,441451,229,150
999029,127602,441470,229,149
999079,127610,441500,229,150
999131,127619,441522,229,150
999182,127624,441542,229,150
999239,127630,441568,229,150
999291,127637,441585,229,150
999343,127643,441611,229,150
999393,127649,441628,229,150
999444,127655,441648,229,150
999498,127662,441717,229,150
999548,127667,441746,229,150
999600,127673,441774,229,150
999650,127677,441791,229,150
999700,127684,441812,229,150
999750,127689,441829,229,150
999806,127697,441849,229,150
999856,127704,441871,229,150
999908,127709,441894,229,149
999976,127716,441915,229,149
1000028,127723,441937,229,150
1000083,127734,441963,229,150
1000135,127740,441985,229,150
1000186,127747,441999,229,150
1000240,127753,442025,229,150
1000290,127758,442048,229,150
1000340,127767,442070,229,150
1000391,127774,442094,229,150
1000441,127779,442123,229,150
1000492,127788,442136,229,150
1000543,127794,442151,229,150
1000596,127800,442169,229,150
1000646,127808,442191,229,150
1000697,127814,442220,229,150
1000749,127820,442234,229,149
1000800,127827,442259,229,150
1000850,127833,442280,229,150
1000904,127840,442304,229,150
1000954,127850,442322,229,150
1001005,127856,442342,229,150
1001055,127862,442371,229,150
1001106,127867,442397,229,150
1001159,127872,442419,229,150
1001211,127877,442442,229,150
1001263,127884,442464,229,150
1001313,127890,442478,229,150
1001364,127897,442496,229,150
1001415,127903,442523,229,150
1001474,127910,442547,229,149
1001526,127919,442561,229,150
1001577,127926,442579,229,150
1001628,127930,442608,229,150
1001678,127938,442626,229,150
1001730,127943,442647,229,150
1001781,127951,442674,229,150
1001832,127960,442684,229,150
1001882,127965,442708,229,150
1001932,127971,442726,229,150
1001986,127977,442749,229,150
1002037,127982,442772,229,150
1002087,127987,442798,229,150
1002138,127993,442819,229,150
1002191,127998,442844,229,149
1002241,128007,442871,229,150
1002292,128014,442892,229,150
1002343,128017,442917,229,150
1002395,128027,442949,229,149
1002445,128036,442968,229,150
1002496,128043,442992,229,150
1002546,128049,443014,229,150
1002596,128054,443056,229,150
1002646,128061,443073,229,150
1002696,128069,443100,229,150
1002746,128076,443121,229,150
1002797,128082,443151,229,150
1002849,128087,443174,229,150
1002899,128093,443199,229,150
1002949,128101,443220,229,150
1002999,128107,443247,229,150
1003050,128114,443263,229,150
1003103,128119,443286,229,150
1003155,128128,443307,229,150
1003205,128135,443338,229,150
1003255,128141,443369,229,150
1003308,128146,443400,229,150
1003359,128153,443425,229,150
1003410,128160,443446,229,150
1003461,128167,443476,229,150
1003512,128174,443500,229,150
1003562,128181,443531,229,150
1003616,128187,443554,229,150
1003666,128194,443572,229,150
1003716,128202,443593,229,150
1003768,128209,443618,229,150
1003818,128214,443639,229,150
1003868,128222,443654,229,150
1003920,128227,443673,229,150
1003970,128234,443690,229,150
1004021,128242,443716,229,150
1004073,128251,443733,229,150
1004124,128256,443764,229,150
1004175,128262,443785,229,150
1004228,128267,443806,229,150
1004278,128274,443833,229,150
1004329,128281,443866,229,150
1004382,128287,443884,229,150
1004437,128293,443907,229,150
1004487,128300,443919,229,150
1004538,128307,443942,229,150
1004588,128314,443967,229,150
1004638,128321,443987,229,150
1004690,128328,444006,229,149
1004741,128335,444026,229,149
1004791,128342,444046,229,150
1004841,128348,444066,229,150
1004892,128356,444083,229,150
1004942,128363,444104,229,150
1004994,128369,444132,229,150
1005044,128377,444152,229,150
1005096,128382,444173,229,150
1005146,128389,444242,229,150
1005199,128397,444255,229,150
1005249,128403,444275,229,150
1005299,128409,444294,229,150
1005351,128419,444320,229,150
1005406,128424,444339,229,150
1005456,128429,444370,229,150
1005506,128435,444394,229,150
1005561,128442,444404,229,150
1005612,128447,444432,229,150
1005662,128452,444457,229,150
1005712,128461,444470,229,150
1005762,128467,444496,229,150
1005812,128474,444516,229,150
1005862,128482,444530,229,150
1005912,128490,444546,229,150
1005962,128495,444573,229,150
1006012,128502,444585,229,150
1006062,128507,444605,229,150
1006112,128513,444622,229,150
1006162,128520,444645,229,150
1006213,128527,444665,229,150
1006263,128531,444679,229,150
1006316,128537,444705,229,150
1006369,128545,444724,229,150
1006419,128555,444740,229,148
1006469,128563,444763,229,150
1006520,128568,444782,229,150
1006571,128573,444811,229,150
1006622,128580,444829,229,150
1006672,128587,444847,229,150
1006722,128592,444867,229,150
1006773,128600,444886,229,150
1006823,128606,444909,229,150
1006873,128613,444931,229,150
1006924,128619,444961,229,150
1006974,128627,444976,229,150
1007025,128632,445009,229,150
1007078,128639,445027,229,150
1007129,128645,445043,229,149
1007182,128651,445068,229,150
1007234,128660,445079,229,150
1007286,128666,445097,229,150
1007344,128673,445123,229,150
1007395,128680,445151,229,150
1007447,128685,445176,229,150
1007500,128692,445200,229,150
1007550,128699,445228,229,150
1007600,128705,445260,229,150
1007650,128713,445276,229,150
1007701,128718,445296,229,150
1007751,128728,445322,229,150
1007802,128734,445351,229,150
1007852,128739,445375,229,150
1007902,128745,445394,229,150
1007952,128749,445424,229,150
1008005,128754,445443,229,150
1008055,128761,445459,229,150
1008110,128768,445494,229,150
1008160,128774,445523,229,150
1008210,128780,445546,229,150
1008260,128786,445566,229,149
1008317,128793,445585,229,149
1008367,128800,445603,229,150
1008417,128808,445624,229,150
1008470,128813,445644,229,150
1008520,128819,445674,229,150
1008571,128826,445690,229,150
1008623,128833,445708,229,149
1008673,128840,445731,229,150
1008724,128848,445756,229,150
1008775,128852,445781,229,150
1008826,128861,445794,229,150
1008876,128866,445814,229,150
1008926,128871,445838,229,150
1008979,128879,445862,229,150
1009029,128886,445884,229,150
1009079,128891,445909,229,150
1009130,128897,445928,229,150
1009180,128903,445953,229,150
1009239,128909,445971,229,150
1009289,128914,445996,229,150
1009342,128920,446026,229,150
1009392,128926,446045,229,150
1009442,128933,446069,229,150
1009497,128941,446088,229,149
1009547,128948,446101,229,150
1009597,128952,446141,229,150
1009647,128959,446164,229,150
1009698,128964,446196,229,150
1009750,128970,446215,229,150
1009803,128976,446240,229,150
1009853,128984,446258,229,149
1009905,128990,446287,229,150
1009956,128998,446317,229,150
1010006,129005,446342,229,150
1010057,129013,446363,229,150
1010107,129022,446383,229,150
1010161,129029,446455,229,150
1010211,129035,446480,229,150
1010262,129042,446498,229,150
1010313,129049,446522,229,150
1010363,129057,446542,229,150
1010413,129063,446570,229,150
1010467,129070,446592,229,150
1010518,129077,446608,229,150
1010568,129082,446637,229,150
1010621,129090,446645,229,150
1010680,129098,446704,229,148
1010730,129105,446733,229,150
1010781,129113,446751,229,150
1010832,129122,446779,229,150
1010883,129128,446816,229,150
1010933,129134,446834,229,150
1010986,129141,446856,229,150
1011037,129148,446885,229,150
1011090,129158,446901,229,150
1011140,129167,446914,229,150
1011192,129172,446930,229,150
1011242,129176,446960,229,150
1011293,129184,446986,229,150
1011343,129190,447011,229,150
1011395,129196,447039,229,150
1011446,129202,447068,229,150
1011498,129211,447088,229,150
1011550,129217,447112,229,150
1011601,129222,447137,229,150
1011652,129227,447161,229,150
1011703,129234,447179,229,150
1011757,129240,447212,229,150
1011809,129247,447229,229,150
1011859,129253,447248,229,150
1011909,129258,447273,229,150
1011959,129263,447301,229,150
1012017,129269,447332,229,149
1012070,129276,447358,229,150
1012121,129282,447379,229,150
1012171,129287,447402,229,150
1012221,129294,447424,229,150
1012271,129298,447444,229,150
1012325,129303,447467,229,150
1012376,129308,447487,229,150
1012426,129315,447509,229,150
1012477,129320,447540,229,150
1012530,129327,447564,229,149
1012580,129333,447588,229,150
1012633,129340,447601,229,149
1012684,129348,447635,229,150
1012737,129354,447665,229,150
1012787,129362,447684,229,150
1012837,129370,447703,229,150
1012889,129375,447741,229,150
1012941,129380,447759,229,150
1012991,129387,447777,229,150
1013041,129395,447809,229,150
1013094,129403,447831,229,150
1013144,129409,447864,229,150
1013194,129419,447877,229,150
1013245,129424,447895,229,150
1013298,129432,447912,229,150
1013349,129439,447922,229,150
1013399,129444,447946,229,150
1013450,129450,447979,229,150
1013503,129456,448006,229,150
1013553,129463,448026,229,150
1013603,129468,448051,229,150
1013653,129472,448074,229,150
1013705,129479,448092,229,150
1013755,129488,448099,229,150
1013813,129495,448117,229,149
1013865,129504,448137,229,150
1013916,129510,448159,229,150
1013967,129516,448193,229,150
1014020,129522,448217,229,150
1014073,129531,448237,229,150
1014124,129539,448251,229,150
1014175,129546,448269,229,148
1014225,129552,448282,229,150
1014276,129559,448303,229,150
1014326,129564,448327,229,150
1014376,129571,448346,229,150
1014426,129578,448368,229,150
1014476,129584,448390,229,150
1014527,129590,448413,229,150
1014579,129597,448431,229,150
1014629,129604,448449,229,150
1014683,129610,448471,229,150
1014735,129621,448495,229,150
1014787,129626,448517,229,150
1014837,129633,448526,229,150
1014887,129639,448547,229,150
1014937,129644,448565,229,150
1014987,129652,448586,229,149
1015039,129659,448619,229,150
1015090,129665,448692,229,150
1015140,129669,448728,229,150
1015192,129674,448761,229,150
1015242,129679,448790,229,150
1015295,129685,448819,229,150
1015345,129690,448843,229,150
1015395,129695,448869,229,150
1015445,129699,448895,229,150
1015495,129704,448922,229,150
1015545,129711,448936,229,150
1015595,129719,448948,229,150
1015646,129725,448967,229,150
1015696,129732,448990,229,150
1015748,129740,449009,229,150
1015798,129746,449023,229,150
1015849,129752,449054,229,150
1015905,129759,449073,229,150
1015956,129766,449089,229,150
1016009,129775,449117,229,150
1016059,129782,449127,229,150
1016111,129788,449161,229,150
1016161,129796,449180,229,150
1016211,129802,449201,229,150
1016261,129809,449224,229,150
1016311,129814,449246,229,150
1016361,129819,449269,229,150
1016411,129825,449289,229,150
1016466,129833,449305,229,149
1016517,129839,449319,229,150
1016568,129845,449337,229,150
1016621,129852,449353,229,150
1016677,129860,449370,229,150
1016730,129867,449387,229,150
1016780,129873,449424,229,150
1016833,129880,449437,229,149
1016885,129888,449461,229,150
1016935,129894,449484,229,150
1016985,129899,449517,229,150
1017041,129906,449548,229,149
1017093,129914,449575,229,150
1017144,129921,449590,229,150
1017194,129928,449607,229,150
1017245,129936,449625,229,150
1017297,129943,449652,229,150
1017348,129953,449668,229,150
1017398,129960,449680,229,149
1017453,129967,449698,229,150
1017503,129973,449717,229,150
1017553,129980,449736,229,150
1017603,129985,449754,229,150
1017653,129992,449783,229,150
1017703,129997,449809,229,150
1017753,130002,449841,229,150
1017808,130008,449861,229,150
1017858,130014,449878,229,149
1017910,130020,449906,229,150
1017960,130026,449927,229,150
1018010,130033,449954,229,150
1018062,130041,449974,229,150
1018114,130047,449988,229,150
1018164,130054,450009,229,150
1018216,130062,450032,229,149
1018268,130070,450056,229,150
1018321,130079,450079,229,150
1018371,130085,450110,229,150
1018421,130092,450133,229,150
1018471,130098,450146,229,150
1018522,130105,450161,229,150
1018573,130110,450188,229,150
1018623,130115,450207,229,150
1018673,130122,450226,229,150
1018724,130130,450248,229,150
1018778,130138,450261,229,150
1018831,130145,450283,229,150
1018885,130149,450310,229,150
1018937,130155,450328,229,150
1018987,130161,450349,229,150
1019040,130167,450371,229,150
1019090,130174,450392,229,150
1019140,130180,450416,229,150
1019190,130188,450437,229,150
1019241,130195,450454,229,150
1019293,130201,450482,229,150
1019343,130206,450507,229,150
1019393,130211,450529,229,150
1019443,130215,450551,229,150
1019494,130222,450565,229,150
1019546,130229,450585,229,150
1019596,130237,450602,229,150
1019650,130242,450626,229,150
1019700,130248,450647,229,150
1019752,130254,450669,229,150
1019804,130261,450696,229,149
1019854,130268,450725,229,150
1019904,130276,450747,229,150
1019954,130282,450771,229,150
1020006,130287,450788,229,150
1020057,130294,450812,229,150
1020107,130300,450841,229,150
1020157,130305,450861,229,150
1020210,130310,450884,229,150
1020263,130315,450902,229,150
1020315,130323,450925,229,150
1020366,130329,450946,229,150
1020416,130333,450963,229,150
1020466,130340,450987,229,150
1020517,130346,451007,229,150
1020567,130352,451028,229,150
1020618,130362,451042,229,150
1020670,130368,451068,229,150
1020724,130373,451086,229,149
1020778,130380,451109,229,150
1020836,130390,451131,229,147
1020890,130399,451151,229,150
1020947,130405,451181,229,150
1021000,130413,451205,229,150
1021054,130421,451230,229,150
1021106,130428,451246,229,150
1021156,130433,451270,229,150
1021206,130440,451294,229,150
1021256,130445,451313,229,150
1021309,130452,451334,229,150
1021359,130459,451354,229,150
1021411,130464,451368,229,150
1021461,130473,451388,229,150
1021516,130482,451412,229,150
1021566,130490,451428,229,150
1021617,130499,451442,229,150
1021667,130504,451455,229,150
1021718,130512,451484,229,150
1021769,130519,451508,229,150
1021826,130526,451529,229,150
1021876,130532,451556,229,150
1021926,130536,451574,229,150
1021976,130542,451605,229,150
1022035,130549,451624,229,148
1022087,130558,451651,229,150
1022142,130565,451677,229,150
1022196,130571,451694,229,150
1022249,130575,451715,229,150
1022299,130584,451737,229,150
1022349,130588,451763,229,150
1022401,130594,451781,229,150
1022453,130600,451793,229,150
1022503,130608,451816,229,150
1022555,130615,451839,229,150
1022610,130622,451858,229,150
1022661,130629,451883,229,150
1022713,130635,451908,229,149
1022763,130641,451941,229,150
1022813,130650,451959,229,150
1022865,130658,451985,229,150
1022915,130664,452010,229,150
1022966,130672,452020,229,149
1023017,130679,452045,229,150
1023068,130685,452078,229,150
1023118,130690,452100,229,150
1023168,130697,452123,229,150
1023218,130701,452154,229,150
1023268,130708,452172,229,150
1023318,130712,452195,229,150
1023368,130720,452219,229,150
1023421,130725,452232,229,150
1023475,130732,452249,229,150
1023527,130739,452279,229,150
1023577,130743,452305,229,150
1023629,130748,452329,229,150
1023679,130754,452349,229,150
1023730,130763,452372,229,150
1023781,130769,452394,229,148
1023832,130778,452407,229,150
1023885,130785,452420,229,150
1023935,130791,452445,229,150
1023986,130799,452471,229,150
1024038,130808,452497,229,150
1024092,130814,452515,229,150
1024144,130819,452546,229,150
1024195,130823,452569,229,150
1024247,130830,452582,229,150
1024297,130836,452604,229,150
1024347,130843,452633,229,150
1024402,130848,452648,229,150
1024453,130854,452668,229,150
1024504,130859,452693,229,150
1024554,130864,452719,229,150
1024606,130872,452739,229,150
1024662,130881,452763,229,150
1024714,130886,452788,229,150
1024767,130893,452814,229,150
1024818,130897,452838,229,150
1024869,130902,452863,229,150
1024919,130910,452881,229,149
1024971,130919,452901,229,150
1025023,130926,452919,229,150
1025074,130932,452948,229,150
1025124,130940,452968,229,150
1025174,130947,453036,229,150
1025224,130955,453052,229,150
1025275,130963,453076,229,150
1025326,130969,453092,229,150
1025377,130974,453103,229,150
1025432,130982,453129,229,150
1025484,130987,453154,229,150
1025534,130993,453181,229,150
1025585,130998,453214,229,150
1025639,131004,453229,229,150
1025689,131011,453255,229,150
1025741,131017,453272,229,150
1025791,131024,453299,229,150
1025844,131030,453324,229,150
1025896,131034,453347,229,150
1025949,131040,453373,229,150
1025999,131050,453391,229,150
1026050,131056,453413,229,150
1026100,131063,453435,229,150
1026154,131070,453458,229,150
1026205,131077,453483,229,150
1026258,131083,453503,229,150
1026313,131088,453529,229,150
1026364,131093,453547,229,150
1026414,131098,453562,229,150
1026465,131103,453576,229,150
1026520,131108,453592,229,150
1026571,131115,453611,229,149
1026621,131122,453635,229,150
1026672,131128,453654,229,150
1026722,131134,453676,229,150
1026772,131140,453700,229,150
1026823,131148,453721,229,150
1026874,131153,453736,229,150
1026924,131159,453764,229,150
1026975,131163,453788,229,150
1027025,131168,453814,229,150
1027086,131175,453838,229,149
1027137,131182,453860,229,150
1027190,131190,453886,229,150
1027241,131197,453909,229,150
1027291,131203,453937,229,150
1027342,131209,453967,229,150
1027393,131219,453992,229,150
1027445,131225,454018,229,150
1027496,131234,454033,229,150
1027546,131239,454055,229,150
1027596,131247,454076,229,150
1027646,131253,454102,229,150
1027698,131259,454124,229,150
1027749,131265,454149,229,149
1027801,131270,454182,229,150
1027853,131281,454202,229,150
1027903,131288,454222,229,150
1027953,131292,454250,229,150
1028007,131297,454279,229,150
1028057,131301,454305,229,150
1028107,131309,454325,229,150
1028160,131317,454345,229,150
1028210,131321,454375,229,150
1028261,131326,454398,229,150
1028317,131334,454420,229,150
1028367,131339,454441,229,150
1028417,131347,454458,229,150
1028470,131353,454491,229,150
1028520,131363,454500,229,150
1028571,131370,454518,229,150
1028621,131377,454542,229,150
1028674,131383,454563,229,150
1028724,131390,454585,229,150
1028777,131398,454598,229,150
1028830,131405,454615,229,149
1028881,131412,454642,229,150
1028931,131419,454669,229,150
1028984,131427,454689,229,150
1029034,131432,454715,229,150
1029084,131440,454727,229,150
1029135,131447,454757,229,150
1029190,131455,454795,229,150
1029244,131462,454823,229,150
1029294,131468,454841,229,150
1029347,131476,454865,229,150
1029399,131483,454886,229,150
1029450,131489,454912,229,150
1029501,131496,454941,229,150
1029552,131501,454959,229,150
1029603,131507,454974,229,150
1029653,131513,454996,229,150
1029707,131519,455014,229,150
1029758,131529,455033,229,150
1029809,131536,455047,229,150
1029859,131541,455061,229,149
1029911,131549,455081,229,149
1029965,131555,455102,229,150
1030018,131563,455119,229,150
1030068,131568,455151,229,150
1030118,131574,455168,229,150
1030169,131581,455195,229,150
1030219,131590,455216,229,150
1030269,131596,455240,229,150
1030319,131603,455259,229,150
1030369,131609,455270,229,149
1030421,131616,455285,229,150
1030472,131622,455301,229,150
1030531,131629,455312,229,147
1030582,131639,455337,229,150
1030636,131647,455357,229,150
1030687,131654,455379,229,150
1030742,131661,455405,229,150
1030792,131669,455428,229,150
1030842,131676,455446,229,150
1030895,131683,455470,229,150
1030945,131688,455488,229,150
1030995,131695,455509,229,150
1031047,131702,455531,229,150
1031098,131711,455547,229,150
1031148,131716,455562,229,150
1031200,131725,455586,229,150
1031250,131731,455602,229,150
1031300,131737,455622,229,150
1031357,131747,455642,229,150
1031407,131754,455655,229,150
1031459,131760,455671,229,150
1031511,131766,455688,229,150
1031561,131775,455712,229,149
1031611,131781,455728,229,149
1031662,131788,455744,229,150
1031713,131795,455765,229,150
1031765,131804,455782,229,150
1031816,131810,455806,229,150
1031867,131816,455829,229,150
1031917,131824,455839,229,150
1031969,131832,455852,229,150
1032019,131836,455872,229,150
1032069,131843,455897,229,150
1032120,131850,455913,229,150
1032179,131859,455932,229,149
1032229,131866,455957,229,150
1032284,131873,455973,229,150
1032335,131881,455990,229,150
1032385,131887,456008,229,150
1032435,131893,456024,229,150
1032485,131900,456036,229,150
1032535,131908,456052,229,150
1032585,131913,456084,229,150
1032636,131918,456113,229,150
1032686,131925,456143,229,150
1032741,131930,456164,229,150
1032791,131936,456187,229,150
1032843,131944,456209,229,150
1032893,131950,456245,229,150
1032943,131956,456264,229,150
1032994,131963,456279,229,150
1033049,131971,456299,229,150
1033099,131978,456322,229,150
1033149,131987,456346,229,150
1033200,131994,456364,229,150
1033254,131999,456390,229,150
1033307,132005,456410,229,150
1033359,132012,456433,229,150
1033410,132017,456452,229,150
1033460,132023,456478,229,150
1033511,132029,456505,229,150
1033561,132036,456528,229,150
1033614,132042,456556,229,150
1033664,132048,456576,229,150
1033714,132054,456589,229,150
1033766,132061,456610,229,150
1033816,132066,456637,229,150
1033867,132072,456654,229,150
1033918,132079,456671,229,150
1033968,132089,456687,229,150
1034018,132095,456704,229,150
1034068,132099,456731,229,150
1034118,132104,456761,229,150
1034173,132112,456777,229,148
1034223,132118,456804,229,150
1034273,132124,456825,229,150
1034326,132131,456838,229,150
1034376,132136,456859,229,150
1034427,132144,456876,229,149
1034477,132152,456890,229,150
1034527,132157,456920,229,150
1034577,132166,456944,229,150
1034627,132172,456964,229,150
1034678,132178,456986,229,150
1034728,132187,456999,229,150
1034780,132195,457029,229,150
1034830,132204,457054,229,150
1034883,132209,457083,229,150
1034933,132214,457097,229,147
1034983,132222,457118,229,150
1035034,132226,457144,229,150
1035084,132231,457159,229,150
1035135,132235,457185,229,150
1035186,132242,457201,229,150
1035240,132249,457229,229,150
1035290,132254,457252,229,150
1035341,132259,457276,229,150
1035391,132268,457289,229,150
1035441,132273,457316,229,150
1035491,132279,457335,229,150
1035544,132284,457359,229,150
1035594,132289,457387,229,150
1035645,132295,457409,229,150
1035695,132300,457428,229,150
1035748,132307,457457,229,150
1035802,132312,457476,229,150
1035852,132317,457502,229,150
1035902,132323,457514,229,149
1035953,132330,457532,229,150
1036005,132335,457546,229,150
1036057,132342,457568,229,150
1036111,132349,457591,229,149
1036161,132357,457656,229,150
1036211,132362,457686,229,150
1036261,132367,457712,229,150
1036311,132373,457733,229,150
1036361,132379,457749,229,150
1036412,132386,457766,229,149
1036462,132393,457791,229,150
1036512,132398,457817,229,149
1036568,132405,457834,229,150
1036618,132410,457852,229,150
1036672,132415,457872,229,150
1036722,132422,457893,229,150
1036774,132426,457921,229,150
1036824,132432,457948,229,150
1036878,132438,457964,229,150
1036933,132448,457970,229,149
1036983,132455,457990,229,150
1037035,132461,458016,229,150
1037085,132469,458036,229,150
1037135,132475,458062,229,150
1037189,132481,458081,229,150
1037243,132490,458100,229,150
1037294,132496,458125,229,150
1037344,132503,458143,229,150
1037394,132508,458165,229,150
1037444,132515,458188,229,150
1037497,132521,458208,229,150
1037548,132527,458236,229,150
1037598,132535,458259,229,150
1037651,132542,458268,229,150
1037702,132549,458289,229,150
1037754,132558,458307,229,150
1037804,132565,458340,229,150
1037858,132572,458366,229,150
1037908,132583,458385,229,150
1037958,132590,458405,229,150
1038010,132599,458422,229,150
1038061,132604,458443,229,150
1038111,132613,458460,229,150
1038162,132623,458479,229,150
1038212,132627,458510,229,150
1038262,132635,458537,229,150
1038313,132642,458560,229,150
1038364,132649,458581,229,150
1038414,132656,458594,229,150
1038465,132664,458617,229,150
1038516,132669,458639,229,150
1038570,132675,458663,229,150
1038622,132683,458681,229,150
1038675,132693,458698,229,150
1038733,132699,458725,229,149
1038783,132707,458744,229,150
1038837,132715,458769,229,150
1038889,132723,458791,229,150
1038939,132728,458823,229,150
1038990,132733,458846,229,150
1039040,132738,458875,229,150
1039092,132744,458895,229,150
1039145,132748,458917,229,150
1039196,132755,458937,229,150
1039246,132762,458956,229,150
1039296,132767,458979,229,150
1039347,132773,459009,229,150
1039401,132780,459035,229,150
1039451,132784,459052,229,150
1039501,132791,459075,229,150
1039551,132797,459097,229,150
1039605,132804,459118,229,150
1039658,132813,459130,229,150
1039708,132820,459155,229,150
1039758,132827,459178,229,150
1039810,132832,459202,229,150
1039862,132839,459226,229,149
1039913,132846,459248,229,150
1039963,132853,459285,229,150
1040019,132862,459299,229,150
1040069,132868,459323,229,150
1040119,132876,459344,229,150
1040171,132882,459369,229,150
1040222,132889,459387,229,150
1040274,132895,459404,229,150
1040324,132900,459424,229,150
1040374,132908,459454,229,150
1040426,132914,459476,229,150
1040478,132921,459501,229,150
1040529,132928,459524,229,150
1040579,132933,459540,229,150
1040629,132938,459559,229,150
1040679,132945,459575,229,150
1040730,132949,459603,229,150
1040780,132955,459615,229,150
1040833,132962,459642,229,150
1040885,132967,459660,229,150
1040935,132972,459678,229,150
1040986,132981,459694,229,150
1041038,132987,459716,229,150
1041088,132993,459737,229,150
1041142,133001,459755,229,150
1041194,133008,459779,229,150
1041248,133020,459796,229,150
1041298,133026,459817,229,149
1041348,133031,459838,229,150
1041403,133037,459860,229,150
1041455,133043,459893,229,150
1041507,133050,459907,229,150
1041558,133054,459941,229,150
1041610,133062,459961,229,150
1041662,133067,459984,229,150
1041715,133075,460011,229,150
1041766,133081,460033,229,150
1041816,133088,460064,229,150
1041867,133094,460091,229,149
1041918,133100,460112,229,150
1041968,133105,460126,229,150
1042018,133111,460155,229,150
1042068,133120,460168,229,149
1042118,133128,460190,229,150
1042169,133135,460207,229,150
1042222,133144,460224,229,150
1042274,133150,460261,229,150
1042325,133157,460285,229,150
1042375,133165,460301,229,150
1042432,133172,460320,229,150
1042483,133176,460333,229,149
1042533,133182,460352,229,150
1042584,133189,460370,229,150
1042636,133194,460398,229,150
1042690,133200,460411,229,150
1042743,133208,460440,229,150
1042793,133214,460464,229,150
1042844,133220,460481,229,150
1042895,133229,460503,229,150
1042945,133234,460529,229,150
1042998,133243,460550,229,150
1043049,133250,460571,229,150
1043105,133255,460600,229,150
1043155,133261,460621,229,150
1043211,133268,460634,229,149
1043261,133273,460654,229,150
1043312,133278,460682,229,150
1043362,133283,460707,229,150
1043412,133287,460743,229,150
1043463,133292,460767,229,150
1043513,133298,460788,229,150
1043565,133304,460808,229,150
1043615,133308,460836,229,150
1043665,133313,460865,229,150
1043715,133320,460894,229,150
1043769,133326,460914,229,150
1043819,133332,460941,229,150
1043870,133337,460964,229,150
1043923,133342,460992,229,150
1043974,133347,461007,229,150
1044026,133354,461028,229,150
1044077,133359,461053,229,150
1044129,133367,461068,229,150
1044179,133371,461096,229,150
1044229,133375,461163,229,150
1044280,133382,461185,229,150
1044330,133389,461226,229,150
1044380,133395,461254,229,150
1044430,133399,461275,229,150
1044480,133405,461301,229,150
1044530,133412,461320,229,150
1044581,133419,461342,229,150
1044631,133425,461369,229,150
1044681,133432,461391,229,150
1044731,133436,461411,229,150
1044787,133443,461440,229,150
1044838,133449,461457,229,150
1044890,133457,461471,229,150
1044947,133463,461495,229,150
1044997,133469,461504,229,150
1045047,133475,461519,229,150
1045097,133481,461537,229,150
1045151,133489,461573,229,150
1045201,133494,461595,229,150
1045251,133500,461616,229,150
1045302,133506,461640,229,150
1045356,133513,461659,229,150
1045406,133519,461679,229,150
1045457,133524,461704,229,150
1045515,133529,461729,229,150
1045566,133536,461754,229,150
1045616,133542,461774,229,150
1045668,133551,461796,229,150
1045718,133559,461823,229,150
1045781,133565,461845,229,149
1045832,133576,461870,229,150
1045882,133581,461937,229,150
1045932,133587,461953,229,150
1045982,133597,461972,229,150
1046034,133601,462008,229,150
1046086,133609,462035,229,150
1046137,133614,462053,229,150
1046188,133620,462081,229,150
1046238,133630,462092,229,150
1046290,133637,462112,229,150
1046340,133644,462134,229,150
1046391,133653,462155,229,150
1046441,133659,462183,229,150
1046491,133666,462203,229,150
1046543,133671,462235,229,150
1046594,133677,462252,229,150
1046648,133685,462269,229,150
1046701,133692,462288,229,149
1046751,133699,462312,229,150
1046802,133705,462332,229,150
1046853,133713,462361,229,150
1046903,133720,462385,229,150
1046954,133727,462409,229,150
1047007,133733,462436,229,150
1047058,133744,462449,229,150
1047110,133753,462469,229,150
1047161,133758,462500,229,150
1047213,133765,462521,229,150
1047263,133770,462550,229,150
1047314,133778,462567,229,150
1047365,133787,462582,229,150
1047416,133792,462602,229,150
1047467,133798,462623,229,150
1047518,133805,462645,229,150
1047570,133811,462663,229,150
1047620,133817,462687,229,150
1047670,133826,462701,229,150
1047720,133833,462727,229,150
1047770,133839,462749,229,149
1047820,133846,462769,229,150
1047871,133853,462832,229,150
1047924,133859,462856,229,148
1047978,133868,462877,229,149
1048028,133875,462891,229,150
1048078,133881,462913,229,150
1048128,133885,462943,229,150
1048178,133890,462964,229,150
1048234,133896,462978,229,150
1048285,133903,462993,229,150
1048335,133910,463014,229,150
1048386,133916,463036,229,150
1048436,133922,463059,229,150
1048491,133930,463078,229,150
1048541,133937,463104,229,150
1048592,133943,463136,229,150
1048643,133948,463164,229,150
1048693,133954,463196,229,150
1048743,133960,463218,229,150
1048795,133966,463244,229,150
1048845,133970,463274,229,150
1048902,133978,463294,229,150
1048955,133984,463321,229,150
1049005,133989,463344,229,150
1049063,133995,463365,229,150
1049113,134000,463401,229,150
1049167,134008,463422,229,150
1049217,134013,463448,229,150
1049267,134019,463467,229,150
1049317,134026,463481,229,150
1049367,134031,463503,229,150
1049419,134040,463530,229,150
1049477,134047,463549,229,150
1049527,134054,463567,229,150
1049578,134060,463593,229,150
1049630,134067,463608,229,150
1049681,134074,463633,229,150
1049731,134079,463660,229,150
1049784,134087,463683,229,150
1049834,134094,463709,229,150
1049886,134102,463744,229,150
1049939,134107,463774,229,150
1049989,134114,463799,229,150
1050042,134123,463821,229,150
1050093,134127,463840,229,150
1050147,134133,463860,229,150
1050199,134139,463897,229,150
1050249,134145,463913,229,150
1050301,134152,463934,229,150
1050351,134160,463956,229,150
1050401,134166,463980,229,150
1050455,134173,463999,229,150
1050507,134177,464024,229,150
1050557,134187,464035,229,149
1050610,134193,464054,229,149
1050660,134202,464068,229,150
1050712,134209,464083,229,150
1050764,134213,464105,229,150
1050814,134221,464126,229,150
1050875,134231,464150,229,150
1050928,134236,464161,229,149
1050985,134243,464180,229,149
1051038,134250,464197,229,150
1051088,134254,464226,229,150
1051139,134259,464250,229,150
1051190,134266,464275,229,150
1051241,134273,464308,229,150
1051294,134279,464333,229,150
1051344,134286,464353,229,150
1051394,134296,464366,229,150
1051448,134304,464394,229,150
1051501,134310,464410,229,150
1051552,134318,464431,229,150
1051602,134322,464473,229,150
1051654,134328,464485,229,150
1051704,134335,464509,229,150
1051754,134341,464533,229,150
1051804,134349,464544,229,150
1051854,134356,464567,229,150
1051904,134363,464582,229,150
1051956,134369,464606,229,149
1052008,134377,464627,229,150
1052059,134382,464649,229,150
1052109,134389,464672,229,150
1052161,134395,464705,229,150
1052212,134404,464720,229,148
1052263,134412,464745,229,150
1052315,134418,464761,229,150
1052367,134423,464781,229,150
1052422,134428,464802,229,150
1052474,134433,464835,229,150
1052526,134441,464859,229,150
1052576,134446,464878,229,150
1052627,134454,464902,229,150
1052679,134460,464923,229,150
1052730,134466,464939,229,150
1052781,134472,464969,229,150
1052831,134477,464995,229,150
1052885,134486,465019,229,150
1052935,134492,465035,229,150
1052985,134499,465057,229,150
1053036,134506,465075,229,150
1053090,134515,465105,229,150
1053144,134520,465129,229,150
1053196,134527,465153,229,150
1053246,134532,465173,229,150
1053297,134538,465204,229,150
1053348,134545,465233,229,150
1053399,134552,465247,229,150
1053449,134557,465268,229,150
1053499,134563,465296,229,150
1053550,134570,465324,229,150
1053600,134577,465340,229,150
1053650,134581,465370,229,150
1053702,134586,465395,229,150
1053752,134593,465415,229,150
1053802,134600,465438,229,150
1053853,134609,465452,229,150
1053903,134612,465483,229,150
1053955,134617,465513,229,150
1054005,134622,465536,229,150
1054055,134628,465563,229,150
1054106,134638,465577,229,149
1054156,134644,465595,229,150
1054207,134649,465625,229,150
1054258,134658,465654,229,150
1054308,134663,465672,229,149
1054359,134668,465694,229,150
1054411,134673,465717,229,150
1054461,134677,465743,229,150
1054515,134685,465759,229,150
1054566,134694,465782,229,150
1054619,134700,465804,229,150
1054669,134707,465818,229,150
1054722,134715,465839,229,150
1054772,134724,465866,229,150
1054822,134730,465882,229,150
1054874,134735,465906,229,150
1054924,134740,465925,229,149
1054976,134746,465949,229,149
1055026,134753,465966,229,150
1055077,134760,465986,229,150
1055127,134767,466007,229,149
1055180,134776,466026,229,150
1055232,134781,466047,229,150
1055282,134790,466063,229,150
1055332,134796,466095,229,150
1055382,134801,466121,229,150
1055437,134808,466142,229,150
1055487,134813,466168,229,150
1055537,134820,466185,229,150
1055588,134827,466205,229,150
1055638,134833,466227,229,150
1055689,134841,466245,229,150
1055739,134848,466262,229,150
1055789,134855,466287,229,150
1055839,134864,466312,229,150
1055889,134871,466331,229,150
1055940,134878,466354,229,148
1055993,134888,466372,229,150
1056045,134895,466399,229,150
1056095,134901,466422,229,150
1056147,134908,466442,229,150
1056197,134912,466476,229,150
1056249,134920,466494,229,150
1056305,134926,466511,229,150
1056356,134932,466538,229,150
1056407,134938,466567,229,150
1056458,134944,466640,229,150
1056517,134951,466660,229,149
1056568,134958,466683,229,150
1056619,134964,466708,229,150
1056669,134969,466738,229,150
1056721,134974,466766,229,150
1056771,134981,466786,229,150
1056821,134988,466812,229,150
1056872,134993,466838,229,150
1056922,135002,466859,229,150
1056973,135009,466876,229,149
1057023,135016,466904,229,150
1057073,135021,466923,229,150
1057124,135031,466947,229,149
1057176,135038,466975,229,150
1057227,135044,466991,229,150
1057277,135050,467009,229,150
1057328,135056,467031,229,150
1057379,135065,467048,229,150
1057429,135072,467067,229,150
1057482,135077,467099,229,150
1057534,135083,467121,229,150
1057585,135088,467150,229,150
1057636,135093,467172,229,150
1057688,135098,467185,229,150
1057739,135104,467215,229,150
1057790,135109,467235,229,150
1057840,135115,467254,229,150
1057890,135121,467279,229,150
1057940,135127,467305,229,150
1057992,135134,467331,229,150
1058042,135141,467344,229,150
1058093,135146,467372,229,150
1058143,135153,467391,229,150
1058193,135162,467406,229,150
1058245,135170,467430,229,149
1058296,135179,467457,229,150
1058346,135186,467484,229,150
1058396,135191,467501,229,150
1058447,135198,467522,229,150
1058498,135205,467545,229,150
1058554,135213,467559,229,149
1058607,135220,467588,229,150
1058657,135227,467611,229,150
1058708,135233,467638,229,150
1058758,135240,467662,229,150
1058808,135248,467682,229,150
1058858,135252,467708,229,150
1058910,135259,467733,229,150
1058960,135264,467756,229,150
1059010,135271,467771,229,150
1059060,135276,467796,229,150
1059113,135282,467813,229,150
1059163,135288,467840,229,150
1059217,135296,467853,229,150
1059270,135302,467876,229,150
1059320,135309,467903,229,150
1059372,135315,467934,229,150
1059423,135321,467952,229,150
1059480,135328,467979,229,150
1059530,135334,467997,229,150
1059583,135341,468025,229,149
1059633,135349,468050,229,150
1059684,135356,468069,229,150
1059734,135362,468081,229,150
1059784,135369,468106,229,150
1059836,135375,468126,229,150
1059886,135381,468145,229,149
1059940,135388,468172,229,148
1059990,135397,468187,229,150
1060041,135402,468212,229,150
1060092,135410,468233,229,150
1060142,135416,468251,229,150
1060193,135423,468275,229,150
1060244,135430,468301,229,150
1060300,135435,468329,229,150
1060351,135440,468343,229,150
1060401,135444,468361,229,150
1060456,135451,468391,229,150
1060506,135459,468416,229,150
1060557,135463,468441,229,149
1060608,135469,468458,229,150
1060662,135476,468484,229,150
1060715,135481,468507,229,150
1060769,135490,468516,229,150
1060819,135496,468532,229,149
1060870,135505,468557,229,150
1060920,135513,468577,229,150
1060974,135520,468607,229,150
1061024,135525,468636,229,150
1061077,135531,468656,229,150
1061127,135539,468683,229,150
1061178,135547,468702,229,150
1061229,135553,468723,229,150
1061279,135561,468736,229,150
1061329,135566,468757,229,150
1061382,135572,468781,229,150
1061440,135580,468801,229,150
1061491,135588,468824,229,150
1061541,135592,468852,229,150
1061592,135600,468865,229,150
1061644,135606,468889,229,149
1061696,135613,468907,229,150
1061748,135619,468937,229,150
1061802,135625,468964,229,150
1061853,135633,468986,229,150
1061904,135640,469003,229,150
1061954,135648,469027,229,150
1062009,135654,469047,229,150
1062060,135660,469075,229,150
1062111,135667,469097,229,150
1062161,135674,469117,229,150
1062212,135680,469140,229,150
1062263,135686,469170,229,150
1062313,135695,469202,229,150
1062366,135702,469215,229,149
1062420,135711,469236,229,150
1062470,135717,469254,229,150
1062520,135725,469275,229,150
1062571,135729,469300,229,150
1062622,135735,469311,229,150
1062673,135742,469327,229,150
1062723,135746,469351,229,150
1062774,135756,469376,229,150
1062824,135761,469402,229,150
1062874,135766,469425,229,150
1062924,135774,469445,229,150
1062974,135783,469469,229,150
1063024,135790,469491,229,150
1063077,135797,469504,229,150
1063127,135805,469525,229,150
1063177,135813,469556,229,149
1063232,135821,469573,229,150
1063285,135829,469591,229,150
1063337,135835,469629,229,150
1063389,135840,469647,229,150
1063440,135847,469669,229,150
1063490,135855,469693,229,150
1063541,135861,469722,229,150
1063592,135866,469741,229,150
1063643,135874,469772,229,150
1063693,135881,469792,229,150
1063745,135887,469817,229,150
1063796,135891,469841,229,150
1063846,135901,469859,229,150
1063898,135906,469881,229,150
1063948,135912,469905,229,150
1063998,135917,469924,229,150
1064048,135921,469949,229,150
1064098,135929,469971,229,150
1064148,135934,469996,229,150
1064198,135942,470018,229,150
1064250,135949,470038,229,150
1064300,135955,470055,229,150
1064352,135962,470127,229,150
1064402,135969,470154,229,150
1064452,135975,470190,229,150
1064503,135983,470211,229,150
1064554,135991,470231,229,150
1064608,135998,470251,229,150
1064658,136008,470268,229,150
1064708,136013,470294,229,150
1064760,136019,470315,229,150
1064811,136026,470327,229,150
1064861,136030,470348,229,150
1064914,136039,470371,229,150
1064966,136046,470402,229,150
1065023,136052,470420,229,150
1065073,136059,470446,229,150
1065124,136063,470475,229,150
1065175,136069,470494,229,150
1065225,136076,470514,229,149
1065275,136082,470549,229,150
1065325,136088,470574,229,150
1065376,136094,470607,229,150
1065428,136099,470633,229,150
1065478,136109,470650,229,150
1065530,136116,470667,229,150
1065586,136123,470688,229,150
1065641,136130,470706,229,150
1065691,136138,470728,229,150
1065743,136145,470746,229,150
1065795,136152,470766,229,150
1065845,136159,470788,229,150
1065895,136165,470810,229,150
1065946,136173,470827,229,150
1065999,136181,470840,229,150
1066050,136188,470857,229,150
1066100,136196,470870,229,150
1066153,136201,470888,229,150
1066205,136210,470913,229,150
1066256,136217,470937,229,150
1066307,136222,470956,229,150
1066359,136230,470977,229,150
1066410,136236,471001,229,150
1066461,136242,471026,229,150
1066514,136246,471052,229,150
1066564,136256,471072,229,150
1066614,136261,471093,229,150
1066665,136267,471162,229,150
1066715,136276,471186,229,149
1066768,136284,471214,229,150
1066818,136291,471233,229,150
1066868,136295,471265,229,150
1066918,136301,471285,229,150
1066969,136310,471308,229,150
1067019,136315,471333,229,150
1067069,136322,471358,229,150
1067119,136329,471377,229,150
1067169,136334,471409,229,150
1067219,136340,471432,229,150
1067271,136345,471451,229,150
1067321,136352,471467,229,148
1067372,136362,471488,229,150
1067422,136370,471509,229,150
1067472,136379,471532,229,150
1067523,136385,471555,229,150
1067574,136391,471587,229,150
1067626,136399,471609,229,150
1067681,136404,471626,229,150
1067731,136408,471650,229,150
1067781,136416,471672,229,150
1067833,136421,471692,229,150
1067886,136427,471713,229,150
1067936,136433,471740,229,150
1067986,136439,471758,229,150
1068037,136444,471773,229,150
1068094,136451,471843,229,149
1068145,136460,471860,229,150
1068198,136466,471873,229,150
1068248,136471,471893,229,150
1068298,136475,471918,229,150
1068349,136481,471934,229,150
1068400,136487,471952,229,150
1068452,136493,471963,229,150
1068502,136502,471995,229,150
1068553,136508,472013,229,150
1068603,136515,472023,229,150
1068654,136524,472042,229,150
1068704,136529,472060,229,149
1068754,136535,472078,229,150
1068805,136541,472102,229,150
1068855,136546,472124,229,150
1068909,136552,472146,229,149
1068961,136558,472178,229,150
1069011,136564,472245,229,150
1069062,136571,472266,229,150
1069112,136578,472287,229,150
1069163,136585,472304,229,150
1069216,136594,472321,229,150
1069266,136600,472340,229,150
1069317,136606,472365,229,150
1069367,136612,472383,229,150
1069417,136618,472404,229,150
1069467,136627,472424,229,150
1069517,136632,472440,229,150
1069568,136638,472465,229,149
1069621,136646,472490,229,150
1069671,136654,472519,229,150
1069722,136660,472536,229,150
1069772,136666,472555,229,150
1069825,136670,472583,229,150
1069878,136680,472597,229,150
1069928,136685,472616,229,150
1069978,136690,472643,229,150
1070031,136699,472671,229,150
1070083,136706,472697,229,150
1070135,136712,472717,229,150
1070187,136720,472742,229,150
1070237,136725,472758,229,150
1070288,136731,472782,229,150
1070339,136737,472796,229,150
1070389,136742,472821,229,150
1070441,136748,472833,229,150
1070493,136757,472853,229,150
1070544,136764,472867,229,150
1070594,136773,472881,229,150
1070647,136780,472905,229,150
1070697,136788,472918,229,150
1070749,136795,472943,229,150
1070799,136802,472973,229,150
1070850,136807,472993,229,150
1070907,136815,473010,229,150
1070957,136824,473023,229,150
1071007,136830,473048,229,150
1071057,136834,473074,229,150
1071107,136840,473100,229,150
1071159,136847,473122,229,150
1071210,136854,473141,229,150
1071260,136860,473157,229,150
1071310,136865,473180,229,150
1071360,136871,473200,229,150
1071411,136877,473222,229,150
1071462,136883,473241,229,149
1071514,136889,473266,229,150
1071565,136895,473296,229,150
1071621,136902,473323,229,150
1071671,136911,473342,229,150
1071723,136918,473359,229,149
1071774,136924,473376,229,150
1071824,136932,473398,229,150
1071876,136938,473415,229,150
1071929,136944,473442,229,150
1071980,136951,473466,229,150
1072033,136957,473488,229,149
1072084,136964,473501,229,150
1072135,136969,473525,229,150
1072186,136976,473553,229,150
1072236,136984,473572,229,150
1072286,136988,473589,229,150
1072342,136993,473618,229,150
1072394,136999,473631,229,150
1072447,137004,473648,229,150
1072497,137009,473677,229,150
1072548,137015,473693,229,149
1072599,137024,473715,229,150
1072660,137031,473737,229,149
1072711,137037,473751,229,150
1072761,137043,473772,229,150
1072820,137048,473793,229,150
1072870,137053,473818,229,150
1072923,137060,473833,229,150
1072978,137066,473860,229,149
1073028,137073,473881,229,150
1073078,137080,473895,229,150
1073128,137085,473913,229,150
1073179,137091,473926,229,150
1073229,137097,473949,229,150
1073280,137103,473973,229,150
1073331,137110,473991,229,150
1073385,137116,474012,229,150
1073435,137123,474036,229,150
1073488,137129,474068,229,150
1073538,137135,474099,229,150
1073589,137146,474112,229,150
1073639,137152,474137,229,150
1073691,137162,474159,229,150
1073745,137168,474182,229,150
1073795,137173,474211,229,150
1073846,137178,474242,229,150
1073896,137186,474270,229,150
1073947,137192,474306,229,149
1073997,137199,474332,229,150
1074047,137207,474361,229,150
1074099,137212,474378,229,150
1074151,137220,474394,229,150
1074201,137226,474413,229,150
1074253,137233,474442,229,150
1074304,137243,474476,229,150
1074355,137248,474509,229,150
1074406,137255,474541,229,150
1074456,137260,474560,229,150
1074506,137266,474589,229,150
1074556,137275,474611,229,150
1074606,137282,474633,229,150
1074663,137286,474657,229,150
1074714,137293,474680,229,150
1074765,137299,474711,229,150
1074818,137306,474733,229,150
1074869,137311,474758,229,149
1074921,137317,474788,229,150
1074971,137321,474813,229,150
1075021,137330,474840,229,150
1075072,137336,474870,229,150
1075129,137343,474880,229,150
1075185,137349,474912,229,150
1075235,137354,474930,229,150
1075285,137360,474952,229,149
1075336,137369,474979,229,150
1075386,137376,475003,229,150
1075436,137383,475018,229,150
1075488,137389,475040,229,150
1075539,137395,475061,229,150
1075591,137401,475077,229,150
1075644,137408,475103,229,150
1075694,137414,475127,229,150
1075745,137422,475143,229,150
1075796,137427,475184,229,150
1075847,137431,475208,229,150
1075902,137440,475220,229,150
1075953,137446,475244,229,150
1076004,137453,475266,229,150
1076054,137458,475288,229,150
1076105,137466,475305,229,150
1076157,137471,475324,229,150
1076207,137477,475354,229,150
1076257,137484,475373,229,150
1076308,137492,475400,229,149
1076362,137499,475411,229,150
1076414,137505,475434,229,150
1076467,137510,475460,229,150
1076519,137515,475491,229,150
1076573,137522,475511,229,150
1076625,137529,475543,229,150
1076676,137536,475571,229,150
1076728,137542,475594,229,150
1076779,137547,475618,229,150
1076836,137552,475647,229,150
1076887,137558,475675,229,150
1076937,137566,475696,229,150
1076987,137574,475713,229,150
1077037,137579,475743,229,150
1077088,137585,475761,229,150
1077140,137590,475783,229,150
1077190,137600,475810,229,150
1077240,137607,475835,229,150
1077291,137615,475847,229,149
1077341,137621,475869,229,150
1077391,137628,475884,229,150
1077441,137632,475908,229,150
1077491,137638,475934,229,150
1077541,137644,475957,229,150
1077591,137650,475994,229,150
1077643,137656,476061,229,150
1077695,137662,476076,229,150
1077746,137669,476099,229,150
1077796,137676,476127,229,150
1077846,137683,476160,229,150
1077897,137690,476184,229,150
1077949,137694,476202,229,150
1078000,137701,476231,229,150
1078050,137708,476248,229,150
1078103,137717,476269,229,150
1078154,137725,476287,229,150
1078205,137733,476353,229,150
1078263,137739,476378,229,148
1078313,137747,476396,229,150
1078363,137756,476409,229,150
1078414,137764,476430,229,150
1078467,137773,476450,229,150
1078518,137782,476467,229,150
1078569,137789,476489,229,150
1078619,137796,476511,229,150
1078672,137802,476534,229,150
1078723,137811,476549,229,150
1078774,137818,476569,229,150
1078825,137826,476583,229,150
1078876,137832,476612,229,149
1078927,137839,476630,229,150
1078977,137845,476678,229,150
1079029,137851,476726,229,150
1079079,137857,476753,229,150
1079129,137862,476789,229,150
1079179,137869,476810,229,150
1079229,137875,476878,229,150
1079281,137883,476897,229,149
1079332,137892,476919,229,150
1079382,137897,476938,229,150
1079434,137904,476957,229,149
1079486,137912,476980,229,149
1079537,137918,477000,229,150
1079589,137923,477017,229,150
1079640,137929,477044,229,150
1079690,137936,477071,229,150
1079748,137943,477101,229,149
1079798,137949,477117,229,150
1079851,137956,477135,229,150
1079904,137962,477161,229,150
1079958,137969,477188,229,150
1080008,137976,477203,229,150
1080059,137982,477226,229,150
1080119,137990,477242,229,150
1080169,137996,477262,229,150
1080219,138001,477280,229,150
1080270,138007,477304,229,150
1080320,138017,477323,229,150
1080372,138024,477338,229,150
1080425,138030,477351,229,150
1080477,138037,477367,229,150
1080527,138043,477385,229,149
1080582,138050,477408,229,149
1080634,138056,477430,229,150
1080684,138067,477449,229,150
1080736,138071,477473,229,150
1080788,138075,477502,229,150
1080840,138081,477529,229,150
1080891,138090,477546,229,150
1080943,138098,477569,229,150
1080994,138102,477598,229,150
1081044,138108,477621,229,150
1081096,138115,477642,229,150
1081146,138122,477663,229,150
1081197,138129,477684,229,150
1081250,138138,477708,229,150
1081302,138148,477723,229,150
1081352,138153,477749,229,150
1081403,138160,477770,229,150
1081454,138170,477794,229,150
1081507,138176,477814,229,150
1081557,138184,477832,229,150
1081607,138194,477854,229,150
1081657,138198,477889,229,150
1081711,138206,477909,229,150
1081761,138211,477925,229,150
1081811,138218,477947,229,150
1081861,138227,477974,229,150
1081911,138233,477996,229,150
1081961,138239,478023,229,150
1082011,138246,478043,229,150
1082064,138251,478070,229,150
1082114,138257,478102,229,150
1082168,138266,478129,229,149
1082221,138275,478152,229,150
1082273,138280,478175,229,150
1082325,138287,478209,229,150
1082375,138294,478227,229,150
1082426,138302,478244,229,150
1082477,138308,478262,229,150
1082528,138318,478290,229,150
1082578,138326,478310,229,150
1082628,138333,478327,229,150
1082679,138340,478353,229,150
1082730,138349,478372,229,150
1082782,138355,478395,229,150
1082832,138363,478405,229,150
1082882,138369,478423,229,150
1082935,138374,478447,229,150
1082985,138380,478476,229,150
1083035,138387,478498,229,150
1083085,138394,478509,229,150
1083135,138401,478533,229,150
1083187,138408,478555,229,150
1083238,138413,478579,229,150
1083290,138420,478597,229,150
1083340,138426,478624,229,150
1083391,138431,478650,229,150
1083444,138437,478670,229,150
1083494,138445,478692,229,150
1083552,138452,478718,229,150
1083602,138460,478744,229,150
1083652,138468,478760,229,150
1083702,138474,478784,229,150
1083753,138481,478798,229,150
1083806,138487,478822,229,150
1083857,138493,478846,229,150
1083909,138499,478869,229,150
1083963,138505,478884,229,149
1084013,138511,478911,229,150
1084063,138517,478935,229,150
1084123,138525,478958,229,150
1084180,138531,478975,229,149
1084232,138538,478991,229,150
1084282,138544,479024,229,150
1084332,138549,479046,229,150
1084383,138555,479072,229,150
1084434,138562,479097,229,150
1084484,138566,479120,229,150
1084536,138571,479143,229,150
1084586,138575,479160,229,150
1084637,138583,479180,229,150
1084689,138587,479201,229,150
1084742,138595,479225,229,150
1084792,138602,479251,229,150
1084842,138607,479273,229,150
1084895,138612,479293,229,150
1084948,138619,479313,229,150
1084998,138625,479334,229,150
1085052,138633,479356,229,150
1085103,138640,479381,229,150
1085154,138644,479412,229,150
1085205,138649,479439,229,150
1085255,138655,479463,229,150
1085307,138663,479483,229,150
1085359,138667,479506,229,150
1085410,138671,479529,229,150
1085462,138678,479552,229,150
1085514,138682,479571,229,150
1085565,138688,479598,229,150
1085619,138693,479621,229,150
1085669,138701,479646,229,150
1085719,138708,479669,229,150
1085769,138713,479689,229,150
1085819,138719,479715,229,150
1085872,138725,479736,229,150
1085922,138732,479751,229,150
1085973,138736,479772,229,150
1086023,138741,479790,229,150
1086080,138748,479809,229,150
1086130,138756,479827,229,150
1086180,138762,479855,229,150
1086230,138767,479884,229,150
1086281,138772,479916,229,150
1086331,138777,479935,229,150
1086381,138784,480008,229,150
1086432,138790,480021,229,150
1086487,138797,480045,229,150
1086540,138805,480064,229,150
1086592,138812,480085,229,150
1086649,138820,480103,229,148
1086700,138827,480134,229,150
1086751,138834,480149,229,150
1086801,138840,480170,229,150
1086851,138846,480183,229,150
1086901,138851,480204,229,150
1086952,138858,480230,229,150
1087004,138865,480253,229,150
1087059,138872,480274,229,150
1087110,138878,480300,229,150
1087161,138885,480317,229,150
1087211,138891,480343,229,150
1087261,138897,480359,229,150
1087313,138903,480376,229,150
1087364,138909,480402,229,150
1087417,138915,480434,229,150
1087469,138922,480452,229,150
1087519,138931,480472,229,150
1087572,138937,480493,229,150
1087622,138943,480515,229,150
1087685,138950,480546,229,149
1087736,138960,480578,229,150
1087786,138966,480588,229,150
1087836,138973,480609,229,150
1087888,138980,480636,229,149
1087938,138986,480663,229,150
1087989,138993,480688,229,150
1088042,138999,480711,229,150
1088097,139005,480739,229,149
1088150,139013,480765,229,150
1088201,139021,480781,229,150
1088254,139028,480795,229,150
1088305,139034,480811,229,150
1088355,139039,480832,229,150
1088407,139045,480862,229,149
1088457,139051,480880,229,150
1088507,139057,480904,229,150
1088557,139063,480928,229,150
1088609,139069,480950,229,150
1088659,139076,480971,229,150
1088709,139080,480999,229,150
1088759,139088,481016,229,149
1088809,139094,481038,229,150
1088863,139103,481058,229,149
1088915,139111,481079,229,150
1088966,139117,481114,229,150
1089016,139124,481140,229,150
1089072,139131,481167,229,148
1089124,139140,481185,229,150
1089175,139145,481209,229,150
1089227,139151,481236,229,150
1089279,139158,481260,229,150
1089332,139164,481286,229,150
1089382,139170,481313,229,150
1089434,139178,481335,229,150
1089485,139186,481347,229,150
1089538,139193,481364,229,150
1089588,139202,481381,229,150
1089639,139209,481411,229,150
1089689,139217,481425,229,149
1089743,139226,481446,229,150
1089794,139234,481462,229,150
1089844,139243,481484,229,150
1089894,139249,481502,229,150
1089944,139257,481521,229,150
1089996,139264,481534,229,150
1090046,139270,481555,229,150
1090096,139277,481573,229,150
1090146,139284,481592,229,150
1090196,139290,481617,229,150
1090246,139297,481647,229,150
1090296,139305,481680,229,150
1090346,139311,481698,229,150
1090397,139316,481718,229,150
1090447,139321,481745,229,150
1090498,139327,481807,229,150
1090548,139333,481820,229,150
1090598,139339,481837,229,150
1090652,139345,481858,229,150
1090704,139353,481882,229,150
1090754,139360,481900,229,150
1090805,139368,481925,229,150
1090858,139374,481944,229,150
1090909,139381,481968,229,150
1090959,139389,481988,229,150
1091009,139397,482003,229,149
1091059,139405,482028,229,150
1091112,139411,482046,229,150
1091162,139420,482073,229,150
1091216,139429,482099,229,150
1091268,139435,482121,229,150
1091318,139441,482141,229,150
1091371,139446,482160,229,150
1091424,139455,482177,229,148
1091474,139463,482193,229,150
1091525,139468,482215,229,150
1091575,139475,482224,229,150
1091625,139480,482252,229,150
1091677,139489,482270,229,150
1091727,139494,482298,229,150
1091777,139500,482323,229,150
1091827,139506,482341,229,150
1091878,139512,482357,229,150
1091928,139521,482370,229,150
1091979,139526,482392,229,150
1092033,139533,482422,229,149
1092084,139542,482444,229,150
1092134,139549,482468,229,150
1092184,139555,482483,229,150
1092236,139561,482505,229,150
1092288,139567,482515,229,150
1092341,139574,482545,229,150
1092391,139581,482580,229,150
1092443,139590,482602,229,150
1092495,139596,482630,229,150
1092546,139601,482649,229,150
1092598,139607,482673,229,150
1092655,139615,482696,229,150
1092707,139620,482720,229,149
1092760,139627,482744,229,150
1092811,139635,482761,229,149
1092862,139641,482785,229,150
1092915,139648,482805,229,149
1092965,139657,482824,229,150
1093017,139666,482842,229,150
1093067,139672,482864,229,150
1093119,139677,482884,229,150
1093171,139683,482905,229,150
1093221,139691,482924,229,150
1093276,139696,482946,229,150
1093326,139703,482965,229,150
1093376,139709,482998,229,150
1093426,139717,483020,229,150
1093480,139724,483039,229,149
1093535,139731,483059,229,150
1093585,139738,483080,229,150
1093635,139743,483101,229,150
1093685,139751,483119,229,150
1093735,139755,483152,229,150
1093786,139761,483169,229,150
1093836,139768,483194,229,150
1093886,139775,483225,229,150
1093936,139780,483255,229,150
1093986,139787,483291,229,150
1094038,139793,483309,229,149
1094088,139800,483332,229,149
1094138,139808,483353,229,150
1094190,139816,483370,229,150
1094240,139822,483392,229,150
1094291,139827,483418,229,150
1094342,139832,483448,229,150
1094392,139838,483467,229,150
1094443,139844,483480,229,149
1094498,139850,483549,229,150
1094549,139857,483570,229,150
1094601,139862,483590,229,150
1094651,139869,483609,229,150
1094701,139875,483641,229,150
1094752,139880,483658,229,150
1094803,139887,483679,229,150
1094855,139896,483693,229,150
1094905,139904,483712,229,150
1094956,139911,483734,229,150
1095006,139917,483766,229,150
1095056,139921,483798,229,150
1095106,139928,483811,229,150
1095159,139934,483835,229,150
1095210,139939,483858,229,150
1095262,139945,483874,229,150
1095315,139952,483897,229,150
1095366,139960,483919,229,150
1095420,139968,483939,229,150
1095470,139974,483966,229,150
1095521,139981,483995,229,150
1095573,139988,484015,229,150
1095623,139995,484042,229,150
1095678,140003,484058,229,150
1095731,140009,484080,229,150
1095787,140015,484095,229,149
1095837,140023,484110,229,150
1095887,140028,484134,229,150
1095937,140033,484160,229,150
1095992,140038,484184,229,147
1096042,140046,484205,229,150
1096093,140051,484229,229,150
1096144,140058,484254,229,150
1096195,140064,484278,229,150
1096245,140068,484302,229,150
1096298,140076,484320,229,150
1096354,140085,484338,229,148
1096404,140093,484362,229,150
1096455,140101,484380,229,150
1096506,140109,484401,229,150
1096556,140115,484429,229,150
1096606,140120,484438,229,148
1096656,140131,484464,229,150
1096706,140136,484535,229,150
1096757,140144,484558,229,150
1096808,140151,484577,229,149
1096860,140159,484595,229,150
1096910,140165,484630,229,150
1096961,140172,484648,229,150
1097011,140179,484662,229,147
1097063,140188,484688,229,150
1097114,140193,484716,229,150
1097166,140201,484741,229,150
1097221,140209,484762,229,150
1097271,140216,484794,229,150
1097321,140221,484813,229,150
1097375,140227,484833,229,149
1097426,140235,484857,229,150
1097478,140241,484893,229,150
1097529,140248,484966,229,150
1097579,140254,484981,229,150
1097629,140261,484994,229,150
1097679,140268,485013,229,150
1097732,140275,485032,229,150
1097784,140281,485061,229,150
1097834,140290,485080,229,150
1097884,140297,485101,229,150
1097938,140305,485123,229,150
1097991,140312,485144,229,150
1098041,140318,485170,229,150
1098091,140324,485194,229,150
1098146,140331,485212,229,150
1098197,140338,485234,229,150
1098247,140345,485256,229,150
1098302,140351,485286,229,150
1098353,140356,485302,229,150
1098405,140362,485326,229,150
1098455,140366,485345,229,150
1098509,140374,485364,229,149
1098561,140381,485384,229,150
1098611,140386,485413,229,150
1098661,140392,485429,229,150
1098717,140398,485455,229,150
1098767,140403,485472,229,150
1098817,140409,485493,229,150
1098867,140417,485509,229,150
1098919,140424,485522,229,150
1098970,140431,485545,229,150
1099021,140440,485570,229,150
1099072,140447,485594,229,150
1099122,140453,485620,229,150
1099172,140459,485647,229,150
1099225,140464,485662,229,150
1099276,140472,485689,229,150
1099330,140477,485715,229,150
1099384,140484,485738,229,150
1099440,140489,485765,229,150
1099491,140493,485785,229,150
1099543,140499,485807,229,150
1099593,140506,485825,229,150
1099644,140512,485847,229,150
1099696,140518,485864,229,150
1099747,140526,485885,229,150
1099797,140532,485911,229,150
1099848,140536,485940,229,150
1099900,140542,485974,229,150
1099951,140547,486000,229,150
1100002,140554,486020,229,150
1100053,140559,486047,229,150
1100103,140567,486058,229,150
1100155,140575,486123,229,150
1100205,140580,486140,229,148
1100258,140587,486172,229,150
1100309,140593,486188,229,150
1100362,140600,486203,229,149
1100412,140608,486220,229,150
1100463,140614,486247,229,150
1100514,140620,486324,229,150
1100564,140628,486345,229,150
1100614,140632,486370,229,150
1100667,140639,486388,229,150
1100718,140646,486413,229,150
1100768,140655,486443,229,150
1100819,140660,486467,229,150
1100869,140667,486486,229,150
1100923,140673,486502,229,150
1100973,140679,486518,229,150
1101023,140685,486540,229,150
1101073,140693,486561,229,150
1101124,140701,486579,229,150
1101180,140706,486601,229,150
1101232,140712,486627,229,149
1101283,140720,486645,229,150
1101335,140726,486675,229,150
1101385,140735,486695,229,149
1101437,140740,486723,229,150
1101487,140745,486745,229,150
1101545,140750,486769,229,149
1101596,140756,486799,229,150
1101646,140761,486827,229,149
1101696,140769,486836,229,150
1101747,140776,486860,229,150
1101797,140779,486881,229,150
1101847,140785,486921,229,150
1101898,140791,486947,229,150
1101951,140800,486964,229,150
1102005,140807,487031,229,150
1102055,140813,487049,229,150
1102106,140819,487079,229,150
1102156,140827,487094,229,150
1102206,140835,487162,229,150
1102257,140841,487191,229,150
1102311,140846,487219,229,150
1102361,140852,487233,229,150
1102411,140858,487249,229,150
1102461,140864,487282,229,150
1102514,140872,487295,229,150
1102564,140880,487321,229,150
1102617,140886,487337,229,150
1102667,140892,487357,229,150
1102724,140898,487380,229,150
1102774,140904,487401,229,150
1102826,140908,487434,229,150
1102879,140915,487458,229,150
1102929,140922,487485,229,150
1102979,140928,487502,229,150
1103029,140934,487525,229,149
1103080,140944,487542,229,150
1103130,140951,487556,229,150
1103184,140959,487573,229,150
1103235,140965,487602,229,150
1103285,140972,487629,229,150
1103338,140980,487650,229,150
1103392,140987,487671,229,150
1103442,140996,487735,229,150
1103493,141003,487761,229,150
1103543,141010,487780,229,150
1103593,141017,487799,229,150
1103645,141024,487817,229,150
1103695,141030,487843,229,150
1103745,141035,487865,229,150
1103796,141042,487885,229,150
1103846,141050,487913,229,150
1103896,141053,487942,229,150
1103946,141059,487961,229,150
1103997,141064,487986,229,150
1104047,141069,488011,229,150
1104097,141075,488030,229,150
1104150,141083,488054,229,150
1104204,141089,488068,229,150
1104255,141096,488095,229,150
1104305,141104,488117,229,150
1104356,141111,488146,229,150
1104407,141120,488167,229,150
1104458,141126,488201,229,150
1104508,141131,488224,229,150
1104561,141136,488249,229,150
1104611,141142,488272,229,150
1104665,141147,488286,229,150
1104715,141153,488301,229,150
1104767,141157,488334,229,150
1104821,141165,488355,229,150
1104874,141172,488376,229,150
1104924,141176,488408,229,150
1104974,141183,488435,229,150
1105026,141188,488449,229,150
1105077,141195,488462,229,150
1105127,141200,488483,229,150
1105178,141209,488511,229,149
1105229,141215,488538,229,150
1105280,141221,488556,229,150
1105330,141230,488568,229,150
1105380,141237,488602,229,150
1105430,141242,488624,229,150
1105480,141249,488641,229,150
1105532,141256,488665,229,149
1105582,141261,488686,229,150
1105634,141267,488715,229,150
1105685,141275,488730,229,150
1105736,141283,488758,229,150
1105786,141290,488776,229,150
1105837,141295,488795,229,150
1105888,141300,488820,229,150
1105941,141306,488846,229,150
1105995,141313,488865,229,150
1106046,141319,488896,229,150
1106100,141324,488917,229,150
1106153,141330,488944,229,150
1106207,141341,488963,229,150
1106258,141347,488980,229,150
1106308,141353,488992,229,150
1106358,141358,489019,229,150
1106408,141365,489085,229,150
1106462,141376,489105,229,150
1106512,141383,489122,229,150
1106562,141388,489149,229,150
1106613,141393,489170,229,150
1106664,141398,489197,229,150
1106714,141406,489215,229,150
1106764,141413,489232,229,150
1106814,141420,489256,229,150
1106864,141427,489285,229,150
1106916,141433,489297,229,150
1106966,141440,489309,229,149
1107019,141448,489330,229,150
1107069,141453,489361,229,150
1107120,141463,489383,229,150
1107171,141469,489403,229,150
1107221,141476,489426,229,150
1107272,141481,489442,229,150
1107322,141487,489465,229,150
1107372,141494,489480,229,150
1107422,141499,489506,229,150
1107472,141504,489523,229,150
1107523,141510,489550,229,150
1107574,141515,489575,229,150
1107626,141521,489601,229,150
1107679,141528,489620,229,150
1107731,141535,489643,229,150
1107782,141540,489661,229,150
1107834,141547,489688,229,150
1107885,141554,489704,229,150
1107935,141563,489720,229,150
1107985,141570,489759,229,150
1108037,141578,489777,229,150
1108090,141583,489797,229,150
1108141,141591,489813,229,150
1108191,141598,489827,229,150
1108241,141606,489848,229,150
1108291,141613,489881,229,150
1108341,141619,489909,229,150
1108391,141623,489928,229,150
1108441,141629,489960,229,150
1108491,141633,489988,229,150
1108541,141640,490006,229,150
1108595,141648,490030,229,150
1108645,141655,490050,229,150
1108695,141661,490077,229,150
1108745,141667,490096,229,150
1108795,141674,490115,229,150
1108846,141679,490137,229,149
1108899,141687,490157,229,150
1108952,141693,490178,229,150
1109002,141700,490203,229,150
1109052,141707,490220,229,150
1109103,141713,490245,229,150
1109154,141720,490267,229,150
1109204,141727,490285,229,150
1109254,141733,490301,229,150
1109306,141741,490310,229,150
1109357,141746,490335,229,150
1109407,141752,490352,229,150
1109457,141757,490389,229,150
1109507,141765,490408,229,150
1109557,141772,490431,229,150
1109607,141779,490450,229,150
1109659,141784,490474,229,150
1109709,141792,490490,229,150
1109760,141800,490518,229,150
1109811,141807,490538,229,150
1109861,141814,490558,229,150
1109912,141821,490577,229,150
1109962,141830,490598,229,150
1110013,141836,490618,229,150
1110063,141842,490642,229,150
1110118,141848,490666,229,150
1110169,141856,490687,229,150
1110219,141862,490705,229,150
1110269,141869,490719,229,150
1110320,141875,490738,229,150
1110371,141884,490761,229,150
1110421,141891,490782,229,150
1110472,141898,490803,229,150
1110522,141904,490816,229,150
1110574,141913,490833,229,149
1110626,141921,490854,229,150
1110680,141925,490879,229,150
1110730,141933,490900,229,150
1110780,141938,490927,229,150
1110831,141943,490963,229,150
1110881,141950,490985,229,150
1110933,141955,491012,229,149
1110983,141962,491027,229,150
1111034,141969,491042,229,149
1111086,141975,491065,229,150
1111136,141981,491085,229,150
1111191,141986,491105,229,150
1111241,141992,491131,229,150
1111296,141998,491147,229,149
1111346,142005,491175,229,150
1111396,142011,491193,229,150
1111446,142016,491221,229,150
1111496,142023,491236,229,150
1111546,142029,491257,229,150
1111597,142034,491292,229,150
1111650,142039,491315,229,150
1111700,142044,491335,229,150
1111750,142049,491359,229,150
1111801,142057,491378,229,150
1111852,142064,491396,229,150
1111902,142070,491423,229,150
1111952,142077,491447,229,150
1112003,142082,491473,229,150
1112054,142087,491495,229,150
1112105,142095,491525,229,150
1112155,142102,491542,229,150
1112205,142109,491556,229,150
1112255,142116,491577,229,150
1112307,142122,491599,229,150
1112358,142131,491622,229,150
1112408,142139,491641,229,150
1112459,142145,491665,229,150
1112512,142149,491690,229,149
1112563,142157,491708,229,150
1112613,142162,491728,229,150
1112663,142169,491752,229,150
1112714,142174,491780,229,150
1112764,142183,491795,229,150
1112814,142188,491815,229,150
1112864,142196,491835,229,150
1112916,142203,491857,229,149
1112966,142209,491875,229,150
1113016,142214,491897,229,150
1113075,142221,491910,229,150
1113125,142229,491920,229,150
1113176,142236,491944,229,150
1113226,142242,491963,229,150
1113277,142248,491986,229,150
1113328,142255,492009,229,150
1113380,142263,492037,229,150
1113430,142267,492062,229,150
1113483,142276,492073,229,150
1113533,142283,492093,229,150
1113586,142290,492106,229,150
1113638,142295,492131,229,150
1113688,142302,492151,229,150
1113739,142307,492186,229,150
1113789,142315,492200,229,150
1113839,142322,492228,229,150
1113889,142326,492251,229,150
1113940,142331,492272,229,150
1113990,142341,492283,229,150
1114041,142349,492302,229,149
1114091,142355,492320,229,150
1114141,142361,492337,229,150
1114192,142366,492371,229,150
1114242,142373,492393,229,150
1114297,142379,492411,229,150
1114347,142386,492431,229,150
1114398,142395,492450,229,150
1114449,142400,492469,229,150
1114501,142406,492478,229,150
1114551,142415,492492,229,150
1114604,142422,492508,229,150
1114657,142427,492538,229,150
1114707,142433,492564,229,150
1114758,142439,492592,229,149
1114808,142445,492623,229,150
1114860,142451,492640,229,150
1114910,142458,492653,229,150
1114963,142464,492669,229,150
1115014,142470,492701,229,150
1115064,142475,492728,229,150
1115114,142480,492755,229,150
1115164,142485,492778,229,150
1115214,142491,492794,229,150
1115265,142499,492812,229,150
1115315,142504,492843,229,150
1115368,142510,492867,229,150
1115418,142516,492890,229,150
1115469,142524,492905,229,149
1115520,142531,492926,229,150
1115570,142536,492944,229,149
1115620,142542,492967,229,150
1115671,142547,493001,229,150
1115721,142554,493020,229,150
1115771,142560,493041,229,150
1115821,142567,493047,229,150
1115875,142573,493063,229,150
1115926,142578,493083,229,150
1115980,142585,493109,229,150
1116030,142591,493138,229,150
1116082,142596,493158,229,150
1116134,142603,493177,229,150
1116184,142609,493193,229,150
1116235,142615,493208,229,148
1116288,142622,493225,229,150
1116339,142628,493245,229,150
1116389,142636,493275,229,150
1116441,142645,493286,229,150
1116493,142651,493310,229,150
1116544,142656,493336,229,150
1116595,142661,493351,229,150
1116648,142670,493366,229,150
1116698,142676,493382,229,150
1116750,142683,493407,229,150
1116800,142689,493428,229,150
1116851,142694,493449,229,150
1116903,142703,493469,229,150
1116959,142712,493485,229,149
1117010,142720,493504,229,150
1117064,142725,493526,229,150
1117127,142731,493555,229,149
1117177,142737,493581,229,150
1117228,142742,493600,229,150
1117279,142749,493621,229,150
1117333,142757,493634,229,150
1117384,142762,493656,229,150
1117434,142768,493676,229,150
1117484,142772,493711,229,150
1117536,142778,493735,229,150
1117587,142784,493764,229,150
1117637,142788,493793,229,150
1117688,142797,493814,229,150
1117738,142803,493838,229,150
1117789,142811,493857,229,149
1117839,142816,493871,229,150
1117890,142821,493899,229,148
1117941,142831,493915,229,150
1117993,142837,493940,229,150
1118045,142845,493957,229,150
1118097,142852,493984,229,150
1118147,142859,494011,229,150
1118198,142867,494033,229,150
1118249,142872,494069,229,150
1118300,142878,494099,229,150
1118350,142883,494125,229,150
1118400,142886,494148,229,150
1118452,142893,494170,229,150
1118502,142900,494188,229,150
1118552,142908,494224,229,150
1118602,142913,494253,229,150
1118654,142918,494273,229,148
1118704,142925,494306,229,150
1118754,142931,494341,229,150
1118804,142937,494372,229,150
1118855,142944,494397,229,150
1118909,142952,494417,229,150
1118959,142960,494444,229,150
1119009,142966,494470,229,150
1119060,142971,494544,229,150
1119110,142976,494570,229,150
1119160,142984,494591,229,150
1119210,142993,494610,229,150
1119261,142998,494634,229,150
1119311,143004,494661,229,150
1119367,143013,494678,229,150
1119417,143018,494704,229,150
1119470,143024,494735,229,150
1119521,143028,494766,229,150
1119572,143033,494797,229,150
1119624,143039,494818,229,150
1119674,143046,494843,229,150
1119727,143054,494864,229,150
1119779,143061,494891,229,150
1119829,143069,494910,229,150
1119880,143075,494935,229,149
1119931,143081,494954,229,150
1119982,143088,494977,229,150
1120032,143094,495003,229,150
1120085,143102,495030,229,150
1120137,143108,495052,229,149
1120189,143115,495073,229,150
1120242,143123,495103,229,150
1120292,143127,495122,229,150
1120344,143132,495155,229,150
1120394,143137,495185,229,150
1120446,143143,495201,229,150
1120496,143150,495224,229,150
1120552,143156,495255,229,150
1120602,143163,495281,229,150
1120653,143168,495299,229,150
1120707,143174,495316,229,150
1120757,143180,495335,229,150
1120807,143186,495358,229,150
1120858,143191,495373,229,149
1120908,143199,495393,229,150
1120958,143204,495427,229,150
1121009,143213,495452,229,150
1121059,143218,495469,229,150
1121112,143226,495488,229,150
1121162,143231,495516,229,150
1121218,143237,495538,229,150
1121268,143243,495559,229,150
1121319,143249,495583,229,150
1121369,143257,495602,229,150
1121419,143263,495625,229,150
1121470,143270,495645,229,150
1121522,143277,495657,229,150
1121576,143281,495682,229,150
1121627,143289,495702,229,150
1121685,143296,495718,229,149
1121737,143303,495747,229,149
1121788,143310,495766,229,150
1121839,143316,495787,229,150
1121889,143322,495817,229,150
1121940,143328,495841,229,150
1121990,143333,495873,229,150
1122043,143341,495901,229,150
1122094,143348,495926,229,150
1122144,143355,495953,229,150
1122195,143361,495966,229,150
1122247,143368,495986,229,150
1122302,143375,496007,229,150
1122352,143380,496023,229,150
1122409,143387,496047,229,150
1122460,143395,496116,229,150
1122516,143405,496180,229,150
1122566,143412,496197,229,149
1122616,143418,496217,229,150
1122667,143423,496237,229,149
1122718,143431,496259,229,150
1122768,143441,496274,229,150
1122818,143446,496289,229,150
1122870,143451,496310,229,150
1122924,143458,496327,229,150
1122974,143465,496354,229,150
1123024,143471,496380,229,150
1123076,143479,496410,229,150
1123126,143485,496433,229,149
1123176,143492,496446,229,150
1123226,143498,496468,229,150
1123276,143505,496479,229,150
1123326,143512,496503,229,150
1123379,143517,496522,229,150
1123429,143522,496547,229,150
1123479,143530,496569,229,150
1123530,143536,496589,229,150
1123580,143542,496607,229,150
1123630,143548,496632,229,150
1123681,143554,496651,229,150
1123732,143562,496669,229,150
1123782,143567,496691,229,150
1123835,143574,496714,229,150
1123886,143584,496731,229,150
1123936,143589,496757,229,150
1123986,143597,496785,229,150
1124039,143603,496810,229,150
1124089,143608,496830,229,150
1124140,143614,496855,229,150
1124191,143620,496873,229,150
1124241,143626,496897,229,150
1124291,143634,496909,229,150
1124341,143640,496930,229,150
1124392,143649,496950,229,150
1124442,143654,496967,229,149
1124493,143660,496990,229,150
1124546,143669,497015,229,150
1124598,143676,497038,229,150
1124651,143684,497059,229,149
1124701,143694,497080,229,150
1124752,143701,497105,229,150
1124803,143708,497124,229,150
1124853,143713,497145,229,150
1124904,143720,497169,229,150
1124956,143727,497195,229,150
1125006,143733,497224,229,150
1125057,143740,497252,229,150
1125107,143744,497279,229,150
1125158,143750,497301,229,149
1125213,143758,497320,229,149
1125263,143764,497354,229,150
1125313,143769,497371,229,150
1125366,143774,497390,229,150
1125417,143781,497414,229,150
1125467,143787,497435,229,150
1125518,143797,497460,229,150
1125569,143801,497486,229,150
1125623,143808,497504,229,150
1125674,143813,497530,229,150
1125724,143817,497544,229,150
1125774,143825,497561,229,150
1125825,143832,497586,229,150
1125878,143839,497600,229,150
1125928,143844,497616,229,150
1125980,143852,497642,229,150
1126033,143861,497658,229,150
1126083,143866,497681,229,150
1126133,143871,497712,229,150
1126186,143876,497736,229,149
1126236,143885,497751,229,150
1126290,143890,497770,229,150
1126341,143897,497788,229,150
1126391,143903,497815,229,150
1126445,143910,497836,229,150
1126495,143916,497858,229,150
1126545,143925,497877,229,150
1126595,143934,497903,229,150
1126646,143939,497934,229,150
1126698,143946,497956,229,150
1126749,143952,497968,229,150
1126799,143960,497991,229,150
1126849,143970,498009,229,150
1126900,143978,498035,229,150
1126950,143987,498057,229,150
1127000,143995,498084,229,150
1127050,144002,498111,229,150
1127101,144008,498134,229,150
1127151,144012,498164,229,150
1127204,144019,498180,229,150
1127255,144025,498199,229,150
1127308,144031,498219,229,150
1127358,144039,498243,229,150
1127408,144044,498269,229,150
1127459,144049,498294,229,150
1127511,144056,498313,229,150
1127563,144065,498330,229,150
1127613,144073,498353,229,150
1127663,144078,498377,229,150
1127713,144084,498398,229,150
1127763,144088,498422,229,150
1127820,144095,498443,229,150
1127871,144103,498472,229,150
1127921,144108,498495,229,150
1127971,144112,498522,229,150
1128022,144117,498540,229,148
1128073,144125,498565,229,150
1128123,144132,498584,229,150
1128175,144138,498615,229,149
1128225,144145,498637,229,150
1128277,144151,498667,229,150
1128327,144154,498691,229,150
1128381,144161,498713,229,150
1128432,144166,498730,229,150
1128485,144171,498756,229,150
1128535,144177,498775,229,150
1128587,144184,498799,229,150
1128640,144192,498824,229,150
1128690,144196,498855,229,150
1128740,144204,498876,229,150
1128790,144209,498904,229,150
1128840,144217,498927,229,149
1128890,144228,498938,229,150
1128941,144233,498955,229,150
1128992,144238,498966,229,150
1129042,144244,498977,229,150
1129092,144252,499002,229,150
1129143,144260,499023,229,150
1129193,144264,499043,229,150
1129243,144270,499072,229,150
1129296,144276,499093,229,150
1129348,144281,499111,229,150
1129399,144286,499138,229,150
1129449,144292,499169,229,150
1129501,144299,499186,229,150
1129555,144308,499204,229,150
1129605,144315,499218,229,150
1129662,144321,499236,229,150
1129712,144330,499273,229,150
1129762,144336,499303,229,150
1129813,144342,499323,229,150
1129864,144350,499351,229,150
1129914,144358,499376,229,150
1129969,144365,499397,229,149
1130021,144374,499414,229,150
1130071,144380,499435,229,150
1130122,144387,499444,229,149
1130175,144394,499463,229,150
1130227,144401,499475,229,150
1130278,144409,499494,229,150
1130331,144415,499517,229,149
1130381,144420,499536,229,150
1130432,144426,499607,229,150
1130482,144433,499623,229,150
1130533,144440,499642,229,150
1130583,144445,499661,229,150
1130635,144454,499681,229,150
1130685,144460,499710,229,150
1130735,144468,499737,229,150
1130788,144475,499761,229,149
1130838,144482,499774,229,150
1130888,144489,499796,229,150
1130941,144497,499824,229,149
1130991,144503,499844,229,150
1131041,144512,499863,229,150
1131093,144519,499885,229,150
1131143,144524,499920,229,150
1131193,144530,499938,229,150
1131243,144540,499954,229,150
1131293,144547,499978,229,150
1131344,144553,499990,229,150
1131394,144561,500005,229,150
1131444,144567,500027,229,150
1131495,144572,500048,229,150
1131547,144578,500067,229,150
1131597,144584,500083,229,150
1131653,144589,500101,229,150
1131704,144594,500126,229,150
1131754,144600,500145,229,150
1131804,144609,500165,229,150
1131855,144613,500183,229,150
1131912,144619,500203,229,150
1131962,144624,500224,229,150
1132012,144630,500251,229,150
1132063,144636,500275,229,150
1132113,144646,500301,229,150
1132164,144652,500325,229,150
1132214,144660,500346,229,149
1132264,144666,500368,229,150
1132315,144672,500402,229,150
1132368,144676,500426,229,150
1132418,144684,500447,229,150
1132469,144690,500471,229,150
1132520,144698,500488,229,150
1132570,144705,500510,229,150
1132621,144714,500523,229,150
1132671,144722,500549,229,150
1132721,144728,500574,229,150
1132771,144734,500600,229,150
1132821,144741,500618,229,150
1132873,144748,500630,229,150
1132923,144753,500648,229,150
1132973,144760,500670,229,150
1133024,144765,500696,229,150
1133074,144769,500718,229,150
1133126,144780,500738,229,150
1133177,144785,500761,229,150
1133227,144790,500779,229,150
1133278,144797,500801,229,150
1133329,144803,500819,229,150
1133383,144809,500840,229,150
1133433,144818,500873,229,150
1133484,144828,500879,229,150
1133539,144836,500900,229,150
1133589,144840,500925,229,150
1133640,144847,500951,229,150
1133692,144855,500975,229,150
1133742,144863,501001,229,150
1133794,144869,501023,229,150
1133845,144876,501049,229,150
1133895,144882,501061,229,150
1133947,144889,501086,229,150
1133997,144895,501111,229,150
1134049,144900,501139,229,150
1134101,144908,501159,229,150
1134151,144915,501179,229,150
1134201,144922,501208,229,150
1134256,144928,501227,229,150
1134306,144934,501260,229,150
1134357,144942,501288,229,150
1134407,144951,501308,229,150
1134459,144958,501337,229,150
1134509,144965,501359,229,150
1134559,144973,501379,229,150
1134617,144982,501401,229,150
1134667,144988,501421,229,150
1134718,144994,501447,229,150
1134768,145002,501465,229,150
1134818,145011,501477,229,150
1134870,145017,501540,229,150
1134920,145025,501560,229,150
1134971,145031,501576,229,150
1135023,145037,501601,229,150
1135073,145043,501616,229,150
1135123,145048,501638,229,150
1135173,145054,501667,229,150
1135231,145060,501690,229,150
1135281,145066,501716,229,150
1135331,145073,501735,229,150
1135381,145079,501749,229,150
1135431,145089,501762,229,149
1135481,145097,501790,229,150
1135531,145105,501822,229,150
1135585,145112,501841,229,150
1135635,145119,501863,229,150
1135686,145126,501881,229,150
1135736,145132,501901,229,150
1135786,145139,501924,229,150
1135837,145144,501947,229,150
1135888,145151,501966,229,150
1135938,145157,501994,229,150
1135988,145163,502023,229,150
1136038,145169,502040,229,150
1136088,145176,502068,229,150
1136138,145183,502086,229,150
1136189,145190,502102,229,150
1136239,145196,502121,229,150
1136289,145200,502150,229,150
1136340,145207,502171,229,150
1136391,145212,502196,229,150
1136441,145218,502217,229,150
1136493,145224,502234,229,150
1136543,145228,502254,229,150
1136593,145235,502277,229,150
1136645,145243,502294,229,150
1136695,145249,502321,229,150
1136745,145256,502338,229,150
1136795,145262,502405,229,150
1136846,145268,502423,229,150
1136904,145274,502457,229,150
1136954,145280,502484,229,150
1137004,145284,502507,229,150
1137054,145290,502530,229,150
1137107,145297,502547,229,150
1137157,145302,502569,229,150
1137208,145308,502593,229,150
1137258,145314,502616,229,150
1137310,145324,502638,229,150
1137363,145330,502662,229,150
1137415,145338,502672,229,150
1137465,145344,502697,229,150
1137517,145348,502724,229,150
1137567,145354,502754,229,150
1137617,145359,502775,229,149
1137668,145367,502793,229,150
1137721,145372,502813,229,150
1137778,145378,502836,229,150
1137828,145384,502858,229,150
1137883,145393,502877,229,149
1137933,145400,502893,229,150
1137985,145405,502910,229,150
1138035,145411,502938,229,150
1138086,145418,502969,229,150
1138137,145424,502989,229,150
1138188,145429,503017,229,150
1138238,145438,503036,229,150
1138288,145443,503065,229,150
1138339,145451,503088,229,150
1138389,145460,503116,229,150
1138439,145465,503134,229,150
1138489,145470,503160,229,150
1138541,145480,503179,229,150
1138591,145486,503200,229,150
1138641,145494,503226,229,150
1138691,145500,503247,229,150
1138741,145505,503278,229,150
1138792,145510,503296,229,150
1138844,145517,503322,229,149
1138896,145524,503393,229,150
1138946,145530,503414,229,150
1138997,145537,503442,229,150
1139047,145542,503460,229,150
1139097,145547,503492,229,150
1139149,145554,503516,229,150
1139201,145564,503541,229,150
1139254,145570,503567,229,150
1139305,145575,503589,229,150
1139355,145582,503618,229,150
1139405,145588,503638,229,150
1139459,145595,503650,229,150
1139517,145601,503673,229,150
1139567,145609,503692,229,150
1139617,145615,503720,229,150
1139671,145624,503749,229,150
1139721,145630,503764,229,150
1139773,145635,503786,229,150
1139825,145642,503814,229,149
1139875,145649,503831,229,150
1139926,145655,503854,229,150
1139977,145663,503869,229,150
1140028,145671,503886,229,150
1140081,145676,503920,229,150
1140132,145683,503942,229,150
1140184,145686,503974,229,150
1140234,145693,503989,229,148
1140286,145700,504001,229,150
1140337,145704,504071,229,150
1140388,145711,504094,229,150
1140442,145718,504115,229,150
1140494,145724,504133,229,149
1140544,145731,504154,229,150
1140594,145739,504171,229,150
1140644,145746,504206,229,150
1140696,145754,504218,229,150
1140746,145761,504238,229,150
1140797,145766,504262,229,150
1140849,145773,504287,229,148
1140899,145783,504305,229,150
1140950,145790,504319,229,150
1141001,145796,504346,229,150
1141051,145802,504361,229,150
1141103,145806,504388,229,150
1141153,145812,504422,229,150
1141204,145818,504442,229,150
1141255,145824,504460,229,150
1141305,145830,504495,229,150
1141355,145838,504519,229,150
1141410,145844,504535,229,150
1141462,145851,504563,229,150
1141516,145860,504575,229,149
1141567,145866,504596,229,150
1141624,145872,504618,229,150
1141674,145877,504650,229,150
1141727,145883,504678,229,150
1141777,145890,504699,229,150
1141828,145895,504722,229,150
1141879,145902,504741,229,150
1141929,145909,504756,229,150
1141981,145916,504775,229,148
1142032,145926,504791,229,150
1142082,145932,504822,229,150
1142132,145938,504840,229,150
1142183,145945,504855,229,150
1142235,145951,504884,229,150
1142289,145958,504896,229,150
1142339,145965,504914,229,150
1142390,145969,504944,229,150
1142442,145975,504977,229,150
1142493,145980,504987,229,150
1142550,145988,505004,229,150
1142601,145996,505018,229,150
1142651,146003,505047,229,150
1142701,146008,505072,229,150
1142752,146014,505096,229,150
1142802,146019,505120,229,150
1142865,146026,505137,229,149
1142915,146031,505159,229,150
1142969,146037,505188,229,150
1143020,146043,505210,229,150
1143072,146048,505235,229,150
1143122,146054,505261,229,150
1143175,146062,505277,229,150
1143225,146069,505294,229,150
1143275,146073,505319,229,150
1143326,146080,505342,229,150
1143377,146090,505354,229,150
1143428,146096,505382,229,150
1143479,146100,505403,229,150
1143529,146108,505420,229,150
1143581,146117,505430,229,149
1143631,146125,505443,229,150
1143681,146131,505464,229,150
1143736,146136,505487,229,150
1143786,146143,505504,229,150
1143838,146147,505520,229,150
1143888,146153,505539,229,150
1143938,146160,505559,229,150
1143988,146167,505581,229,150
1144038,146172,505612,229,150
1144088,146180,505619,229,150
1144141,146187,505637,229,150
1144192,146196,505655,229,150
1144244,146201,505671,229,150
1144296,146209,505696,229,150
1144347,146218,505723,229,150
1144398,146224,505743,229,150
1144449,146232,505754,229,150
1144499,146237,505781,229,150
1144549,146245,505806,229,150
1144600,146250,505831,229,150
1144653,146255,505848,229,150
1144704,146261,505875,229,150
1144756,146267,505899,229,150
1144809,146275,505920,229,150
1144859,146282,505933,229,150
1144910,146287,505958,229,150
1144961,146292,505991,229,150
1145012,146298,506006,229,150
1145062,146305,506037,229,150
1145112,146312,506062,229,150
1145162,146317,506085,229,150
1145213,146323,506105,229,150
1145263,146329,506134,229,150
1145313,146338,506151,229,150
1145363,146346,506164,229,150
1145413,146353,506187,229,150
1145465,146358,506214,229,150
1145515,146365,506236,229,150
1145569,146370,506251,229,150
1145620,146377,506271,229,150
1145670,146385,506290,229,150
1145720,146391,506313,229,150
1145772,146397,506343,229,150
1145823,146403,506364,229,150
1145873,146408,506387,229,150
1145923,146414,506416,229,149
1145976,146423,506433,229,150
1146030,146429,506458,229,150
1146080,146435,506477,229,150
1146130,146441,506496,229,150
1146183,146447,506516,229,150
1146233,146452,506545,229,150
1146284,146459,506570,229,150
1146338,146463,506594,229,150
1146388,146469,506622,229,150
1146438,146475,506658,229,150
1146489,146483,506684,229,150
1146539,146491,506713,229,150
1146589,146499,506725,229,150
1146642,146505,506742,229,150
1146693,146512,506755,229,150
1146745,146519,506772,229,150
1146795,146525,506797,229,150
1146845,146531,506821,229,150
1146896,146538,506851,229,150
1146948,146544,506864,229,150
1146998,146551,506880,229,150
1147048,146557,506912,229,150
1147098,146562,506943,229,150
1147150,146569,506957,229,150
1147200,146573,507033,229,150
1147250,146580,507054,229,150
1147301,146587,507069,229,150
1147352,146591,507087,229,150
1147402,146601,507104,229,150
1147452,146608,507123,229,150
1147505,146615,507145,229,148
1147557,146621,507165,229,150
1147609,146631,507180,229,150
1147668,146637,507207,229,150
1147718,146642,507232,229,150
1147768,146649,507248,229,150
1147819,146657,507271,229,150
1147872,146662,507297,229,150
1147923,146667,507314,229,150
1147977,146675,507340,229,150
1148027,146683,507369,229,150
1148079,146689,507392,229,150
1148129,146695,507415,229,150
1148180,146701,507432,229,150
1148235,146706,507455,229,150
1148290,146713,507478,229,150
1148342,146720,507498,229,150
1148392,146725,507516,229,150
1148443,146731,507539,229,150
1148496,146736,507568,229,150
1148546,146741,507600,229,150
1148598,146748,507630,229,150
1148650,146755,507650,229,150
1148700,146760,507670,229,150
1148750,146768,507692,229,150
1148800,146776,507715,229,150
1148850,146783,507727,229,150
1148900,146788,507746,229,150
1148951,146794,507763,229,150
1149001,146801,507784,229,150
1149051,146809,507821,229,150
1149101,146815,507842,229,150
1149156,146823,507863,229,150
1149207,146827,507885,229,150
1149258,146833,507899,229,150
1149309,146842,507918,229,150
1149360,146848,507942,229,150
1149411,146855,507968,229,150
1149461,146861,507994,229,150
1149511,146868,508011,229,150
1149562,146874,508038,229,150
1149614,146883,508064,229,150
1149668,146892,508079,229,150
1149718,146897,508098,229,150
1149772,146902,508121,229,150
1149822,146910,508150,229,150
1149878,146917,508163,229,150
1149931,146926,508189,229,150
1149981,146933,508214,229,150
1150033,146942,508229,229,150
1150083,146951,508235,229,150
1150135,146957,508252,229,150
1150185,146962,508275,229,150
1150235,146969,508294,229,150
1150287,146974,508308,229,150
1150340,146980,508321,229,150
1150390,146987,508345,229,150
1150442,146994,508378,229,150
1150493,147000,508405,229,150
1150544,147005,508427,229,150
1150597,147012,508458,229,150
1150648,147019,508484,229,150
1150698,147023,508501,229,150
1150748,147029,508525,229,150
1150802,147038,508546,229,150
1150852,147041,508569,229,150
1150903,147046,508592,229,150
1150955,147053,508607,229,150
1151010,147059,508636,229,149
1151060,147066,508672,229,150
1151111,147072,508695,229,150
1151161,147076,508717,229,150
1151213,147083,508736,229,150
1151263,147091,508757,229,150
1151316,147097,508783,229,150
1151369,147105,508804,229,150
1151419,147110,508822,229,150
1151472,147117,508845,229,150
1151524,147121,508867,229,150
1151579,147129,508875,229,150
1151630,147135,508897,229,150
1151682,147143,508923,229,149
1151732,147152,508939,229,150
1151786,147160,508955,229,149
1151836,147166,508977,229,150
1151889,147175,508998,229,150
1151943,147182,509013,229,150
1151993,147188,509029,229,149
1152047,147200,509051,229,149
1152097,147207,509076,229,150
1152147,147216,509102,229,150
1152198,147222,509120,229,150
1152248,147229,509133,229,150
1152299,147234,509145,229,150
1152349,147242,509168,229,150
1152402,147250,509192,229,149
1152452,147259,509219,229,150
1152502,147264,509247,229,150
1152553,147273,509272,229,150
1152603,147279,509286,229,150
1152666,147286,509310,229,148
1152717,147292,509327,229,150
1152767,147299,509347,229,150
1152817,147306,509375,229,150
1152867,147311,509392,229,150
1152917,147319,509413,229,150
1152967,147326,509428,229,150
1153022,147333,509450,229,150
1153073,147339,509466,229,150
1153123,147346,509486,229,150
1153173,147351,509506,229,150
1153223,147357,509524,229,150
1153273,147364,509553,229,150
1153323,147371,509571,229,150
1153373,147377,509593,229,150
1153423,147384,509619,229,150
1153474,147391,509647,229,150
1153525,147397,509678,229,150
1153575,147406,509699,229,150
1153628,147411,509727,229,150
1153679,147422,509748,229,150
1153729,147431,509766,229,150
1153779,147436,509795,229,150
1153831,147442,509809,229,150
1153881,147449,509831,229,150
1153932,147454,509852,229,150
1153983,147460,509876,229,149
1154033,147467,509893,229,150
1154083,147472,509913,229,150
1154133,147478,509939,229,150
1154184,147484,509961,229,150
1154234,147489,509983,229,150
1154286,147494,510005,229,150
1154339,147499,510026,229,149
1154389,147507,510046,229,150
1154439,147518,510062,229,150
1154489,147523,510086,229,150
1154539,147530,510100,229,149
1154589,147540,510112,229,150
1154640,147545,510140,229,150
1154692,147551,510153,229,150
1154743,147557,510172,229,150
1154795,147563,510199,229,150
1154846,147571,510212,229,150
1154896,147579,510227,229,150
1154946,147586,510251,229,150
1154998,147593,510272,229,150
1155048,147598,510299,229,150
1155098,147603,510327,229,150
1155148,147609,510336,229,150
1155199,147615,510362,229,150
1155249,147620,510392,229,150
1155299,147627,510408,229,150
1155350,147634,510434,229,150
1155400,147639,510458,229,150
1155457,147646,510487,229,149
1155507,147655,510504,229,150
1155560,147661,510536,229,150
1155611,147665,510560,229,150
1155661,147672,510580,229,150
1155712,147676,510599,229,150
1155762,147683,510624,229,150
1155815,147689,510651,229,150
1155867,147693,510677,229,150
1155922,147700,510707,229,150
1155972,147706,510723,229,150
1156022,147713,510747,229,150
1156074,147718,510774,229,150
1156129,147724,510791,229,150
1156183,147730,510819,229,150
1156234,147738,510840,229,150
1156285,147746,510862,229,150
1156335,147752,510893,229,149
1156387,147760,510948,229,150
1156437,147765,510964,229,150
1156487,147770,510990,229,150
1156537,147779,511010,229,150
1156587,147784,511031,229,150
1156642,147790,511050,229,150
1156698,147796,511072,229,150
1156749,147801,511089,229,150
1156800,147809,511117,229,150
1156852,147814,511145,229,150
1156903,147820,511171,229,150
1156957,147827,511194,229,150
1157010,147834,511216,229,150
1157060,147841,511232,229,150
1157110,147846,511255,229,150
1157165,147853,511287,229,150
1157216,147858,511310,229,150
1157266,147864,511336,229,149
1157316,147872,511349,229,150
1157367,147879,511368,229,150
1157417,147884,511388,229,149
1157467,147893,511401,229,150
1157518,147900,511422,229,150
1157569,147905,511450,229,150
1157619,147913,511471,229,150
1157670,147921,511484,229,150
1157720,147926,511501,229,150
1157771,147932,511533,229,150
1157824,147938,511548,229,150
1157875,147948,511571,229,150
1157926,147953,511586,229,150
1157976,147960,511611,229,150
1158026,147968,511630,229,150
1158079,147975,511651,229,150
1158130,147984,511671,229,150
1158184,147989,511702,229,150
1158235,147997,511728,229,150
1158287,148003,511762,229,150
1158337,148011,511780,229,150
1158387,148017,511806,229,150
1158441,148022,511831,229,150
1158491,148026,511851,229,150
1158541,148032,511920,229,150
1158591,148037,511965,229,150
1158641,148041,511989,229,150
1158694,148046,512018,229,150
1158744,148054,512037,229,150
1158797,148061,512059,229,150
1158848,148065,512074,229,150
1158902,148071,512099,229,150
1158952,148078,512110,229,150
1159007,148084,512137,229,149
1159061,148091,512161,229,150
1159111,148098,512177,229,150
1159168,148106,512197,229,150
1159218,148112,512220,229,150
1159268,148117,512251,229,150
1159326,148124,512278,229,150
1159379,148131,512294,229,150
1159431,148138,512307,229,150
1159482,148148,512326,229,150
1159532,148155,512343,229,150
1159583,148161,512369,229,150
1159634,148169,512392,229,150
1159686,148175,512413,229,150
1159739,148180,512423,229,150
1159791,148186,512445,229,150
1159842,148194,512463,229,150
1159892,148201,512483,229,150
1159942,148207,512508,229,150
1159994,148214,512520,229,150
1160044,148223,512546,229,150
1160094,148230,512559,229,150
1160148,148237,512583,229,150
1160199,148246,512593,229,150
1160252,148253,512619,229,150
1160307,148262,512640,229,150
1160363,148268,512656,229,150
1160415,148276,512675,229,150
1160465,148280,512701,229,150
1160518,148287,512729,229,150
1160568,148293,512749,229,150
1160621,148301,512768,229,150
1160671,148306,512798,229,150
1160721,148313,512818,229,150
1160774,148321,512843,229,149
1160824,148326,512870,229,150
1160878,148332,512887,229,149
1160930,148339,512900,229,150
1160980,148348,512919,229,150
1161030,148354,512942,229,150
1161081,148362,512961,229,150
1161136,148370,512979,229,149
1161187,148376,513002,229,150
1161238,148383,513011,229,150
1161292,148391,513034,229,150
1161346,148395,513051,229,150
1161396,148400,513067,229,150
1161448,148407,513082,229,150
1161498,148411,513111,229,150
1161549,148419,513133,229,150
1161600,148427,513151,229,150
1161651,148433,513169,229,150
1161706,148440,513183,229,150
1161756,148444,513211,229,150
1161808,148454,513226,229,150
1161859,148459,513256,229,150
1161909,148467,513276,229,150
1161960,148475,513297,229,150
1162010,148481,513322,229,150
1162060,148487,513341,229,149
1162112,148493,513360,229,150
1162162,148499,513386,229,150
1162212,148506,513403,229,150
1162262,148511,513437,229,150
1162313,148517,513462,229,150
1162365,148522,513485,229,150
1162415,148527,513516,229,150
1162466,148534,513534,229,150
1162517,148538,513563,229,150
1162568,148544,513590,229,150
1162618,148547,513610,229,150
1162672,148554,513635,229,149
1162722,148560,513652,229,150
1162772,148566,513677,229,150
1162824,148571,513696,229,150
1162874,148577,513711,229,150
1162925,148584,513732,229,150
1162980,148590,513759,229,150
1163032,148596,513786,229,150
1163082,148603,513800,229,150
1163133,148609,513817,229,150
1163183,148613,513835,229,150
1163233,148618,513865,229,150
1163283,148622,513885,229,150
1163333,148630,513902,229,150
1163388,148636,513920,229,150
1163438,148644,513944,229,150
1163491,148650,513956,229,150
1163541,148661,513974,229,150
1163593,148668,514002,229,150
1163643,148675,514017,229,150
1163693,148682,514034,229,150
1163743,148690,514048,229,150
1163797,148696,514076,229,150
1163850,148704,514102,229,150
1163900,148708,514127,229,150
1163950,148712,514150,229,150
1164000,148719,514168,229,150
1164052,148726,514194,229,150
1164105,148733,514209,229,150
1164163,148741,514225,229,147
1164215,148751,514242,229,150
1164265,148760,514256,229,150
1164315,148766,514270,229,150
1164365,148772,514283,229,150
1164417,148777,514307,229,150
1164468,148785,514344,229,150
1164518,148791,514361,229,150
1164570,148798,514387,229,150
1164620,148807,514407,229,150
1164671,148814,514438,229,150
1164722,148821,514466,229,150
1164772,148827,514487,229,150
1164830,148833,514510,229,150
1164880,148841,514531,229,150
1164932,148850,514601,229,150
1164985,148859,514623,229,150
1165037,148866,514641,229,150
1165088,148872,514664,229,150
1165141,148879,514682,229,150
1165191,148886,514701,229,150
1165241,148892,514723,229,150
1165291,148896,514744,229,150
1165350,148902,514766,229,149
1165402,148908,514785,229,150
1165453,148912,514810,229,150
1165504,148920,514830,229,150
1165555,148930,514849,229,150
1165605,148938,514874,229,150
1165655,148943,514897,229,150
1165712,148951,514921,229,150
1165762,148956,514994,229,150
1165813,148962,515010,229,150
1165864,148967,515035,229,150
1165916,148972,515058,229,150
1165966,148977,515081,229,150
1166017,148985,515096,229,150
1166068,148991,515122,229,150
1166121,148997,515143,229,150
1166172,149003,515173,229,150
1166223,149010,515196,229,150
1166273,149016,515217,229,150
1166324,149022,515238,229,150
1166376,149029,515256,229,150
1166426,149035,515286,229,150
1166479,149043,515299,229,150
1166529,149050,515319,229,150
1166579,149056,515338,229,150
1166629,149062,515361,229,150
1166680,149070,515376,229,150
1166733,149076,515409,229,150
1166783,149082,515426,229,150
1166835,149089,515452,229,150
1166885,149097,515468,229,150
1166938,149102,515508,229,150
1166988,149107,515535,229,150
1167041,149113,515550,229,150
1167091,149117,515570,229,150
1167143,149123,515592,229,150
1167193,149129,515612,229,150
1167246,149136,515634,229,150
1167297,149141,515649,229,150
1167350,149149,515670,229,150
1167401,149158,515687,229,150
1167454,149164,515708,229,150
1167506,149169,515724,229,148
1167557,149177,515744,229,150
1167608,149184,515763,229,150
1167659,149192,515792,229,150
1167710,149199,515807,229,150
1167762,149206,515824,229,150
1167812,149213,515843,229,150
1167865,149219,515874,229,150
1167915,149224,515907,229,150
1167965,149230,515929,229,150
1168019,149239,515956,229,149
1168074,149245,515972,229,150
1168124,149252,515999,229,150
1168174,149257,516026,229,150
1168224,149263,516053,229,150
1168278,149269,516073,229,150
1168332,149277,516085,229,149
1168382,149282,516108,229,150
1168433,149289,516121,229,150
1168484,149296,516138,229,150
1168534,149301,516160,229,150
1168585,149307,516183,229,150
1168635,149312,516204,229,150
1168686,149318,516242,229,150
1168736,149325,516259,229,150
1168788,149332,516280,229,150
1168838,149336,516309,229,150
1168891,149343,516333,229,150
1168943,149351,516346,229,150
1168993,149359,516366,229,150
1169043,149363,516390,229,150
1169093,149369,516417,229,150
1169143,149377,516435,229,150
1169194,149382,516460,229,150
1169246,149388,516481,229,150
1169296,149393,516504,229,150
1169348,149398,516534,229,150
1169398,149404,516560,229,150
1169448,149410,516593,229,150
1169500,149415,516622,229,150
1169553,149420,516643,229,150
1169605,149427,516666,229,150
1169656,149432,516684,229,150
1169706,149438,516700,229,150
1169756,149443,516720,229,150
1169807,149449,516747,229,150
1169858,149457,516771,229,150
1169910,149464,516792,229,150
1169961,149473,516802,229,150
1170015,149480,516825,229,150
1170066,149486,516850,229,150
1170116,149491,516867,229,150
1170166,149497,516888,229,150
1170216,149505,516912,229,150
1170266,149510,516943,229,150
1170316,149522,517012,229,150
1170370,149528,517036,229,150
1170423,149535,517057,229,150
1170473,149541,517080,229,150
1170525,149549,517102,229,150
1170575,149554,517125,229,150
1170626,149560,517144,229,150
1170677,149565,517166,229,149
1170727,149570,517187,229,150
1170782,149577,517205,229,150
1170832,149584,517227,229,150
1170882,149588,517254,229,150
1170932,149596,517271,229,150
1170982,149603,517302,229,150
1171032,149608,517324,229,150
1171083,149614,517355,229,150
1171133,149622,517377,229,150
1171186,149627,517405,229,150
1171236,149633,517432,229,150
1171287,149640,517456,229,150
1171337,149645,517490,229,150
1171387,149652,517523,229,150
1171438,149658,517540,229,150
1171488,149663,517568,229,150
1171540,149670,517590,229,150
1171590,149674,517614,229,150
1171642,149682,517643,229,149
1171693,149687,517658,229,150
1171745,149692,517679,229,150
1171796,149697,517706,229,150
1171847,149701,517731,229,150
1171897,149707,517758,229,150
1171950,149713,517791,229,150
1172000,149719,517814,229,150
1172050,149729,517830,229,150
1172101,149735,517851,229,150
1172152,149741,517867,229,150
1172203,149749,517893,229,150
1172254,149755,517916,229,150
1172304,149762,517933,229,150
1172355,149769,517951,229,150
1172406,149774,517967,229,149
1172457,149782,518042,229,150
1172507,149787,518066,229,150
1172557,149793,518092,229,149
1172607,149800,518120,229,150
1172657,149807,518135,229,150
1172709,149812,518163,229,150
1172759,149818,518185,229,150
1172809,149824,518209,229,150
1172859,149829,518235,229,150
1172910,149834,518257,229,150
1172960,149840,518281,229,150
1173010,149847,518300,229,150
1173066,149858,518312,229,150
1173118,149864,518339,229,150
1173168,149872,518357,229,150
1173222,149877,518369,229,150
1173274,149882,518386,229,150
1173327,149889,518409,229,150
1173378,149896,518428,229,150
1173428,149904,518446,229,150
1173484,149909,518463,229,150
1173537,149917,518486,229,150
1173591,149924,518501,229,150
1173642,149932,518521,229,150
1173693,149942,518541,229,149
1173744,149951,518564,229,150
1173797,149957,518583,229,150
1173847,149963,518606,229,150
1173898,149969,518630,229,150
1173948,149976,518648,229,150
1173998,149983,518664,229,150
1174051,149988,518684,229,150
1174101,149994,518708,229,150
1174153,150001,518740,229,150
1174203,150007,518764,229,150
1174253,150015,518779,229,150
1174305,150022,518790,229,150
1174357,150029,518805,229,150
1174407,150037,518829,229,150
1174457,150045,518847,229,150
1174509,150053,518874,229,150
1174559,150062,518903,229,150
1174614,150069,518925,229,150
1174666,150076,518938,229,150
1174721,150087,518950,229,150
1174771,150093,518967,229,150
1174821,150099,518994,229,150
1174872,150105,519015,229,150
1174923,150112,519042,229,150
1174973,150117,519067,229,150
1175024,150124,519089,229,150
1175076,150130,519106,229,150
1175126,150135,519131,229,150
1175177,150143,519158,229,150
1175232,150150,519235,229,150
1175284,150159,519248,229,150
1175334,150164,519261,229,150
1175384,150169,519281,229,150
1175434,150175,519298,229,150
1175486,150180,519324,229,150
1175536,150188,519347,229,150
1175587,150194,519363,229,150
1175639,150199,519384,229,150
1175690,150204,519408,229,150
1175740,150210,519430,229,150
1175791,150219,519447,229,150
1175841,150227,519467,229,150
1175891,150234,519484,229,150
1175941,150240,519508,229,150
1175992,150246,519539,229,150
1176042,150251,519556,229,150
1176096,150257,519579,229,150
1176147,150263,519601,229,150
1176197,150268,519615,229,150
1176250,150277,519636,229,150
1176301,150284,519651,229,150
1176351,150292,519667,229,150
1176401,150299,519692,229,150
1176451,150305,519716,229,150
1176501,150310,519737,229,150
1176553,150314,519761,229,150
1176606,150322,519782,229,149
1176656,150328,519811,229,150
1176708,150336,519837,229,150
1176758,150344,519865,229,150
1176809,150349,519886,229,150
1176860,150355,519908,229,150
1176910,150361,519928,229,150
1176960,150367,519947,229,150
1177011,150372,519983,229,150
1177062,150381,520010,229,150
1177113,150385,520030,229,150
1177163,150392,520051,229,150
1177213,150398,520072,229,150
1177263,150407,520097,229,150
1177313,150414,520125,229,150
1177369,150424,520147,229,150
1177424,150432,520170,229,150
1177474,150441,520184,229,150
1177524,150449,520200,229,150
1177575,150457,520219,229,149
1177631,150463,520239,229,150
1177681,150470,520270,229,150
1177732,150477,520286,229,150
1177786,150483,520309,229,150
1177838,150492,520329,229,150
1177888,150498,520350,229,150
1177940,150507,520370,229,150
1177992,150512,520383,229,150
1178045,150518,520397,229,150
1178096,150526,520417,229,150
1178147,150532,520444,229,148
1178198,150542,520462,229,150
1178249,150548,520497,229,150
1178301,150554,520523,229,150
1178352,150560,520541,229,149
1178404,150565,520574,229,150
1178459,150571,520603,229,150
1178514,150576,520628,229,150
1178564,150584,520647,229,150
1178614,150589,520667,229,150
1178664,150594,520692,229,150
1178716,150600,520717,229,150
1178770,150607,520747,229,150
1178820,150612,520770,229,150
1178873,150622,520789,229,150
1178923,150626,520818,229,150
1178973,150632,520873,229,150
1179023,150639,520888,229,150
1179073,150644,520910,229,150
1179123,150650,520932,229,150
1179176,150656,520955,229,150
1179226,150662,520986,229,150
1179278,150669,521004,229,150
1179332,150675,521025,229,150
1179382,150682,521051,229,150
1179432,150689,521071,229,150
1179484,150697,521090,229,150
1179536,150703,521117,229,150
1179590,150710,521135,229,150
1179640,150720,521159,229,150
1179690,150729,521179,229,150
1179744,150736,521198,229,150
1179796,150743,521212,229,149
1179847,150749,521239,229,150
1179897,150754,521263,229,150
1179947,150760,521282,229,150
1179997,150766,521301,229,150
1180048,150771,521316,229,150
1180099,150778,521338,229,150
1180149,150784,521371,229,150
1180200,150789,521392,229,150
1180250,150794,521412,229,150
1180301,150799,521430,229,150
1180351,150804,521456,229,150
1180403,150811,521475,229,150
1180454,150818,521493,229,150
1180507,150827,521515,229,150
1180560,150833,521533,229,150
1180611,150840,521557,229,150
1180665,150849,521579,229,150
1180717,150854,521605,229,150
1180768,150861,521620,229,149
1180818,150868,521645,229,150
1180869,150875,521669,229,150
1180920,150881,521691,229,150
1180970,150887,521714,229,150
1181020,150896,521733,229,150
1181073,150902,521749,229,149
1181123,150911,521764,229,150
1181173,150916,521783,229,150
1181223,150922,521857,229,150
1181273,150929,521879,229,150
1181323,150934,521902,229,150
1181373,150938,521930,229,150
1181426,150944,521952,229,150
1181476,150948,521979,229,150
1181530,150955,522003,229,150
1181581,150961,522016,229,150
1181631,150967,522035,229,150
1181686,150975,522059,229,150
1181737,150984,522130,229,150
1181789,150991,522155,229,150
1181840,150998,522183,229,150
1181891,151005,522200,229,150
1181941,151012,522222,229,150
1181993,151020,522249,229,150
1182044,151028,522277,229,150
1182094,151035,522300,229,150
1182147,151040,522316,229,150
1182201,151046,522336,229,150
1182252,151052,522357,229,150
1182303,151058,522379,229,150
1182353,151065,522392,229,150
1182403,151073,522411,229,150
1182453,151080,522429,229,150
1182503,151085,522454,229,150
1182555,151092,522481,229,149
1182605,151100,522494,229,150
1182655,151104,522518,229,150
1182712,151114,522541,229,150
1182764,151120,522570,229,150
1182815,151126,522592,229,150
1182868,151133,522616,229,150
1182918,151139,522631,229,150
1182970,151146,522651,229,150
1183020,151152,522671,229,150
1183071,151161,522692,229,150
1183124,151167,522725,229,150
1183174,151173,522760,229,150
1183225,151181,522786,229,150
1183276,151190,522806,229,150
1183328,151198,522829,229,150
1183378,151205,522854,229,150
1183428,151211,522882,229,150
1183480,151217,522895,229,150
1183531,151222,522919,229,150
1183582,151229,522944,229,150
1183636,151238,522963,229,150
1183687,151244,522994,229,150
1183737,151251,523023,229,150
1183791,151257,523040,229,150
1183841,151265,523057,229,150
1183891,151271,523079,229,150
1183942,151275,523100,229,150
1183993,151282,523123,229,150
1184044,151289,523146,229,150
1184103,151297,523158,229,150
1184153,151303,523175,229,150
1184203,151307,523203,229,150
1184253,151313,523233,229,150
1184304,151320,523247,229,150
1184354,151327,523277,229,150
1184404,151335,523297,229,150
1184454,151340,523324,229,150
1184506,151348,523343,229,150
1184557,151352,523359,229,150
1184607,151360,523384,229,150
1184659,151365,523417,229,150
1184714,151369,523439,229,150
1184764,151375,523458,229,150
1184814,151382,523480,229,150
1184865,151389,523492,229,150
1184917,151396,523514,229,150
1184967,151404,523531,229,150
1185017,151410,523552,229,150
1185069,151416,523574,229,149
1185120,151421,523602,229,150
1185171,151426,523623,229,150
1185224,151433,523645,229,150
1185274,151441,523677,229,150
1185326,151446,523693,229,150
1185376,151454,523725,229,150
1185429,151462,523732,229,150
1185479,151467,523751,229,150
1185529,151476,523766,229,150
1185579,151483,523784,229,150
1185629,151489,523800,229,150
1185683,151496,523825,229,150
1185733,151501,523846,229,150
1185784,151507,523866,229,150
1185834,151512,523892,229,150
1185891,151519,523960,229,149
1185941,151527,523971,229,150
1185991,151536,523992,229,150
1186041,151542,524017,229,150
1186091,151549,524038,229,150
1186146,151557,524063,229,150
1186198,151565,524081,229,150
1186248,151571,524099,229,150
1186302,151576,524119,229,150
1186352,151584,524140,229,150
1186403,151590,524159,229,150
1186453,151597,524183,229,150
1186505,151603,524203,229,150
1186555,151607,524224,229,150
1186605,151615,524242,229,150
1186656,151623,524257,229,150
1186708,151629,524273,229,150
1186764,151636,524300,229,150
1186814,151641,524327,229,150
1186868,151649,524346,229,150
1186921,151655,524372,229,150
1186972,151664,524397,229,150
1187025,151671,524420,229,150
1187077,151678,524438,229,150
1187129,151685,524464,229,150
1187179,151691,524487,229,150
1187232,151697,524516,229,150
1187282,151700,524540,229,150
1187335,151712,524559,229,150
1187385,151716,524579,229,150
1187435,151724,524605,229,150
1187486,151730,524617,229,150
1187537,151737,524649,229,150
1187590,151743,524669,229,150
1187640,151750,524692,229,150
1187690,151757,524715,229,150
1187741,151766,524734,229,150
1187795,151771,524754,229,150
1187845,151779,524824,229,150
1187897,151786,524842,229,150
1187947,151793,524860,229,149
1187999,151801,524895,229,150
1188049,151808,524908,229,150
1188102,151813,524937,229,150
1188152,151819,524956,229,150
1188203,151826,524971,229,150
1188253,151830,524993,229,150
1188303,151835,525018,229,150
1188353,151843,525038,229,150
1188405,151847,525060,229,150
1188456,151853,525072,229,150
1188506,151858,525091,229,150
1188558,151866,525110,229,150
1188608,151870,525179,229,150
1188658,151876,525196,229,150
1188711,151884,525213,229,150
1188763,151890,525241,229,150
1188821,151896,525269,229,150
1188874,151902,525294,229,150
1188925,151908,525311,229,150
1188976,151915,525335,229,150
1189026,151921,525362,229,150
1189077,151926,525385,229,150
1189129,151931,525406,229,150
1189181,151938,525426,229,150
1189231,151945,525448,229,150
1189282,151952,525468,229,150
1189332,151957,525487,229,150
1189384,151964,525508,229,150
1189434,151970,525542,229,150
1189484,151978,525559,229,150
1189540,151985,525585,229,150
1189594,151990,525608,229,150
1189645,151997,525628,229,150
1189695,152002,525645,229,150
1189748,152007,525666,229,150
1189799,152012,525689,229,150
1189849,152020,525715,229,150
1189899,152028,525734,229,150
1189949,152035,525764,229,150
1190006,152043,525780,229,149
1190057,152050,525796,229,150
1190107,152055,525813,229,150
1190157,152061,525832,229,150
1190208,152071,525845,229,150
1190261,152076,525867,229,150
1190315,152081,525890,229,150
1190366,152090,525911,229,150
1190417,152095,525924,229,150
1190470,152103,525955,229,150
1190520,152110,525970,229,150
1190572,152118,526034,229,150
1190626,152123,526059,229,150
1190678,152130,526085,229,150
1190729,152135,526107,229,150
1190782,152143,526123,229,150
1190833,152149,526147,229,150
1190883,152155,526172,229,150
1190934,152161,526191,229,150
1190984,152169,526208,229,150
1191034,152174,526236,229,150
1191084,152181,526260,229,149
1191134,152188,526277,229,150
1191187,152195,526300,229,150
1191240,152202,526317,229,150
1191291,152211,526331,229,149
1191346,152223,526342,229,150
1191397,152230,526365,229,150
1191447,152235,526385,229,150
1191497,152245,526410,229,150
1191547,152253,526472,229,150
1191597,152258,526499,229,150
1191650,152263,526529,229,150
1191700,152268,526550,229,150
1191750,152275,526581,229,150
1191801,152280,526595,229,150
1191853,152285,526641,229,150
1191903,152293,526669,229,150
1191957,152299,526689,229,150
1192009,152306,526708,229,150
1192062,152312,526727,229,150
1192116,152318,526749,229,150
1192167,152324,526762,229,150
1192219,152331,526784,229,150
1192270,152338,526810,229,150
1192320,152345,526838,229,150
1192371,152353,526854,229,150
1192423,152358,526873,229,150
1192473,152364,526894,229,150
1192531,152373,526925,229,150
1192581,152379,526953,229,150
1192636,152386,526981,229,150
1192686,152392,527000,229,150
1192738,152397,527023,229,150
1192789,152405,527037,229,150
1192840,152411,527063,229,150
1192890,152417,527079,229,150
1192940,152423,527109,229,150
1192992,152430,527134,229,149
1193042,152437,527149,229,150
1193093,152443,527172,229,150
1193144,152450,527194,229,150
1193194,152456,527212,229,150
1193247,152462,527232,229,150
1193298,152471,527241,229,149
1193350,152477,527270,229,150
1193405,152486,527289,229,150
1193458,152493,527318,229,150
1193509,152499,527342,229,150
1193561,152504,527363,229,150
1193615,152510,527385,229,150
1193665,152516,527410,229,150
1193715,152523,527431,229,150
1193765,152529,527455,229,150
1193815,152534,527476,229,150
1193866,152539,527495,229,150
1193916,152547,527522,229,150
1193968,152555,527553,229,150
1194019,152564,527573,229,149
1194071,152573,527589,229,150
1194121,152578,527608,229,150
1194175,152584,527627,229,150
1194227,152594,527641,229,150
1194277,152602,527669,229,150
1194328,152610,527697,229,150
1194378,152617,527718,229,150
1194432,152621,527745,229,150
1194485,152628,527763,229,150
1194536,152634,527782,229,150
1194588,152639,527809,229,150
1194642,152644,527823,229,150
1194692,152654,527840,229,150
1194743,152660,527857,229,150
1194793,152669,527880,229,150
1194844,152675,527899,229,150
1194895,152682,527916,229,150
1194950,152688,527938,229,149
1195002,152693,527968,229,150
1195054,152701,527981,229,150
1195104,152708,527997,229,150
1195160,152713,528015,229,150
1195211,152722,528029,229,150
1195265,152730,528045,229,149
1195319,152736,528070,229,150
1195369,152740,528099,229,150
1195419,152746,528122,229,150
1195469,152752,528146,229,150
1195522,152759,528163,229,150
1195573,152764,528193,229,150
1195630,152772,528209,229,149
1195681,152777,528239,229,150
1195731,152784,528264,229,150
1195782,152792,528287,229,150
1195833,152801,528299,229,150
1195883,152808,528318,229,150
1195935,152813,528340,229,150
1195985,152819,528357,229,150
1196036,152825,528372,229,150
1196086,152831,528399,229,150
1196136,152837,528417,229,150
1196188,152845,528437,229,150
1196238,152851,528455,229,150
1196289,152858,528476,229,150
1196339,152864,528500,229,150
1196389,152870,528519,229,150
1196441,152877,528540,229,150
1196491,152882,528557,229,150
1196541,152886,528588,229,150
1196591,152894,528606,229,150
1196641,152900,528628,229,150
1196692,152905,528650,229,150
1196742,152910,528680,229,150
1196792,152919,528705,229,150
1196843,152926,528721,229,150
1196893,152932,528747,229,150
1196945,152938,528772,229,150
1196998,152945,528842,229,150
1197048,152951,528870,229,150
1197099,152959,528895,229,150
1197149,152964,528921,229,150
1197203,152971,528946,229,150
1197254,152978,528972,229,150
1197304,152985,528998,229,149
1197355,152992,529013,229,150
1197405,152999,529035,229,150
1197458,153005,529060,229,150
1197508,153011,529078,229,150
1197559,153017,529101,229,149
1197610,153023,529120,229,150
1197660,153032,529145,229,150
1197710,153038,529170,229,150
1197761,153044,529201,229,150
1197815,153049,529230,229,150
1197866,153054,529248,229,150
1197916,153062,529280,229,150
1197975,153068,529306,229,150
1198033,153073,529331,229,149
1198083,153077,529350,229,150
1198135,153083,529377,229,150
1198185,153088,529400,229,150
1198236,153094,529423,229,150
1198293,153101,529448,229,150
1198347,153109,529463,229,150
1198397,153120,529481,229,150
1198449,153127,529498,229,150
1198501,153131,529525,229,150
1198552,153139,529588,229,150
1198602,153146,529610,229,149
1198652,153153,529627,229,150
1198702,153158,529647,229,150
1198753,153164,529666,229,150
1198804,153172,529687,229,150
1198856,153177,529708,229,150
1198906,153182,529734,229,150
1198958,153191,529763,229,150
1199008,153197,529780,229,150
1199059,153203,529797,229,150
1199109,153210,529826,229,150
1199159,153216,529847,229,150
1199209,153224,529862,229,150
1199262,153230,529891,229,149
1199312,153240,529910,229,150
1199362,153245,529931,229,150
1199417,153252,529952,229,150
1199472,153258,529970,229,150
1199523,153265,529990,229,150
1199574,153271,530020,229,150
1199625,153276,530037,229,150
1199676,153281,530064,229,150
1199726,153288,530084,229,150
1199777,153296,530100,229,150
1199827,153302,530121,229,150
1199884,153308,530143,229,148
1199935,153315,530168,229,150
1199989,153322,530185,229,150
1200041,153329,530214,229,149
1200094,153340,530228,229,149
1200147,153349,530240,229,150
1200197,153354,530258,229,150
1200248,153363,530266,229,150
1200301,153369,530283,229,150
1200352,153375,530314,229,150
1200402,153383,530334,229,150
1200453,153389,530362,229,150
1200504,153395,530372,229,150
1200555,153403,530385,229,150
1200605,153408,530408,229,150
1200655,153415,530433,229,150
1200707,153426,530447,229,150
1200757,153431,530482,229,150
1200807,153439,530501,229,150
1200858,153445,530521,229,150
1200911,153451,530549,229,150
1200961,153458,530569,229,150
1201011,153463,530586,229,150
1201064,153468,530608,229,150
1201114,153475,530632,229,150
1201164,153481,530653,229,150
1201214,153489,530679,229,150
1201265,153497,530698,229,150
1201315,153502,530717,229,150
1201365,153511,530730,229,150
1201418,153519,530752,229,150
1201471,153524,530780,229,149
1201521,153532,530794,229,149
1201573,153540,530812,229,150
1201623,153545,530839,229,150
1201673,153552,530851,229,150
1201723,153558,530876,229,150
1201776,153564,530895,229,148
1201826,153571,530924,229,150
1201877,153578,530949,229,150
1201927,153584,530963,229,150
1201980,153592,530986,229,150
1202030,153600,531010,229,150
1202081,153608,531022,229,150
1202131,153615,531041,229,150
1202181,153621,531059,229,150
1202232,153625,531084,229,150
1202282,153633,531110,229,150
1202332,153641,531177,229,150
1202382,153648,531195,229,150
1202439,153653,531225,229,148
1202493,153660,531242,229,150
1202544,153666,531264,229,150
1202594,153673,531292,229,150
1202644,153680,531310,229,150
1202694,153690,531329,229,150
1202744,153696,531359,229,150
1202794,153703,531390,229,150
1202845,153710,531412,229,150
1202895,153715,531432,229,150
1202945,153723,531461,229,150
1202997,153728,531478,229,150
1203049,153734,531499,229,150
1203100,153741,531525,229,150
1203153,153749,531553,229,150
1203203,153753,531574,229,150
1203253,153759,531592,229,150
1203304,153766,531619,229,150
1203356,153770,531643,229,150
1203407,153777,531663,229,150
1203458,153784,531683,229,150
1203509,153790,531710,229,150
1203564,153805,531725,229,150
1203614,153810,531746,229,150
1203668,153815,531764,229,150
1203721,153822,531775,229,150
1203771,153828,531800,229,150
1203825,153836,531827,229,150
1203878,153842,531840,229,150
1203929,153848,531868,229,149
1203979,153854,531886,229,150
1204031,153860,531914,229,150
1204081,153867,531932,229,150
1204132,153871,531958,229,150
1204182,153876,531991,229,150
1204234,153882,532008,229,150
1204284,153888,532032,229,150
1204334,153895,532061,229,150
1204390,153902,532086,229,147
1204441,153911,532107,229,150
1204498,153919,532129,229,150
1204548,153927,532161,229,150
1204598,153935,532187,229,150
1204658,153942,532214,229,149
1204708,153951,532225,229,150
1204760,153957,532238,229,150
1204810,153966,532255,229,150
1204860,153971,532281,229,150
1204910,153979,532300,229,150
1204961,153984,532325,229,150
1205014,153991,532348,229,150
1205067,153997,532372,229,150
1205120,154002,532390,229,150
1205170,154005,532415,229,150
1205222,154010,532448,229,150
1205273,154017,532464,229,150
1205323,154022,532494,229,150
1205374,154028,532515,229,150
1205428,154035,532537,229,150
1205479,154040,532562,229,150
1205531,154047,532588,229,150
1205583,154052,532611,229,150
1205633,154058,532632,229,150
1205687,154063,532653,229,150
1205737,154074,532665,229,150
1205788,154082,532688,229,150
1205839,154086,532711,229,150
1205889,154090,532735,229,150
1205939,154098,532760,229,149
1205989,154104,532789,229,150
1206039,154110,532812,229,150
1206090,154119,532830,229,150
1206142,154126,532848,229,150
1206192,154134,532863,229,150
1206242,154141,532888,229,150
1206296,154146,532917,229,150
1206347,154152,532938,229,150
1206397,154157,532959,229,150
1206447,154163,532981,229,150
1206503,154174,532997,229,150
1206554,154179,533015,229,150
1206604,154186,533050,229,150
1206655,154190,533071,229,150
1206705,154196,533100,229,150
1206755,154201,533124,229,150
1206808,154210,533141,229,150
1206860,154215,533160,229,150
1206911,154222,533185,229,150
1206961,154227,533207,229,150
1207014,154235,533223,229,150
1207065,154243,533243,229,150
1207115,154250,533263,229,150
1207166,154255,533282,229,150
1207221,154261,533304,229,148
1207271,154270,533335,229,150
1207321,154279,533346,229,150
1207373,154289,533366,229,150
1207424,154294,533387,229,150
1207474,154301,533415,229,150
1207529,154310,533435,229,150
1207581,154315,533451,229,150
1207631,154324,533471,229,150
1207682,154329,533492,229,150
1207732,154334,533516,229,150
1207782,154339,533546,229,150
1207833,154343,533577,229,150
1207885,154349,533605,229,150
1207936,154356,533626,229,150
1207991,154365,533649,229,150
1208042,154373,533662,229,149
1208093,154380,533681,229,150
1208143,154389,533704,229,150
1208194,154395,533722,229,150
1208246,154402,533739,229,150
1208296,154412,533750,229,150
1208347,154419,533775,229,150
1208399,154426,533799,229,150
1208450,154431,533822,229,150
1208500,154436,533842,229,150
1208550,154443,533871,229,150
1208600,154448,533894,229,150
1208656,154457,533916,229,150
1208706,154462,533943,229,150
1208756,154467,533956,229,150
1208806,154475,533969,229,150
1208859,154481,533995,229,150
1208920,154486,534024,229,148
1208970,154493,534042,229,150
1209021,154502,534065,229,150
1209071,154508,534086,229,150
1209123,154514,534108,229,150
1209173,154520,534132,229,150
1209224,154525,534151,229,150
1209276,154530,534167,229,150
1209330,154538,534186,229,149
1209380,154545,534252,229,150
1209430,154551,534276,229,150
1209480,154556,534302,229,150
1209530,154562,534332,229,150
1209580,154569,534360,229,150
1209631,154575,534382,229,150
1209682,154581,534404,229,150
1209732,154590,534425,229,150
1209785,154600,534435,229,150
1209835,154607,534446,229,150
1209886,154612,534467,229,150
1209937,154620,534480,229,150
1209988,154628,534504,229,150
1210039,154634,534522,229,150
1210089,154639,534533,229,150
1210139,154645,534554,229,150
1210190,154651,534577,229,150
1210241,154655,534605,229,150
1210291,154666,534629,229,150
1210341,154673,534649,229,150
1210397,154679,534678,229,148
1210447,154686,534690,229,150
1210497,154690,534711,229,150
1210549,154697,534736,229,150
1210600,154704,534767,229,150
1210652,154712,534787,229,150
1210703,154721,534808,229,150
1210755,154727,534840,229,150
1210806,154732,534855,229,149
1210860,154739,534879,229,150
1210913,154749,534894,229,150
1210964,154756,534917,229,150
1211015,154761,534937,229,150
1211074,154768,534966,229,150
1211127,154775,534987,229,150
1211177,154780,535005,229,150
1211227,154785,535025,229,150
1211278,154790,535045,229,150
1211329,154799,535064,229,150
1211383,154805,535081,229,149
1211433,154812,535106,229,150
1211487,154819,535132,229,150
1211538,154824,535155,229,150
1211588,154828,535181,229,150
1211642,154835,535208,229,150
1211692,154841,535231,229,150
1211742,154845,535253,229,150
1211794,154854,535267,229,150
1211844,154860,535289,229,150
1211899,154868,535309,229,150
1211949,154874,535330,229,150
1212000,154881,535353,229,150
1212052,154888,535377,229,150
1212102,154896,535402,229,150
1212152,154902,535434,229,150
1212204,154908,535458,229,150
1212255,154915,535473,229,149
1212305,154923,535508,229,150
1212356,154929,535526,229,150
1212406,154935,535545,229,150
1212456,154942,535572,229,150
1212507,154948,535594,229,149
1212557,154956,535607,229,150
1212607,154963,535637,229,150
1212665,154968,535658,229,150
1212717,154974,535683,229,150
1212767,154979,535707,229,150
1212819,154986,535733,229,150
1212869,154992,535752,229,150
1212920,155000,535775,229,150
1212970,155006,535800,229,150
1213020,155012,535825,229,150
1213071,155019,535849,229,150
1213122,155024,535872,229,150
1213172,155029,535896,229,150
1213223,155033,535932,229,150
1213275,155042,535944,229,150
1213327,155047,535964,229,150
1213377,155053,535985,229,150
1213431,155058,536005,229,150
1213481,155065,536019,229,150
1213532,155073,536046,229,150
1213585,155081,536061,229,150
1213635,155089,536079,229,150
1213693,155095,536100,229,150
1213747,155101,536124,229,150
1213803,155108,536141,229,149
1213854,155115,536162,229,150
1213910,155121,536184,229,150
1213961,155130,536202,229,150
1214013,155140,536221,229,150
1214063,155149,536236,229,150
1214114,155156,536256,229,150
1214172,155161,536278,229,150
1214227,155169,536297,229,150
1214278,155176,536316,229,150
1214329,155182,536391,229,150
1214381,155187,536414,229,150
1214434,155193,536433,229,150
1214485,155200,536455,229,150
1214535,155207,536484,229,150
1214586,155215,536502,229,150
1214638,155222,536534,229,150
1214691,155231,536549,229,150
1214741,155238,536565,229,150
1214791,155243,536588,229,150
1214844,155250,536604,229,150
1214894,155255,536631,229,150
1214944,155264,536644,229,150
1214994,155271,536661,229,150
1215045,155279,536689,229,150
1215095,155284,536706,229,150
1215147,155291,536733,229,150
1215197,155296,536757,229,150
1215247,155301,536778,229,150
1215297,155306,536801,229,150
1215347,155316,536834,229,150
1215397,155323,536850,229,150
1215447,155332,536868,229,149
1215497,155339,536887,229,150
1215550,155346,536899,229,150
1215601,155355,536916,229,150
1215657,155360,536935,229,150
1215707,155369,536950,229,150
1215757,155376,536964,229,150
1215808,155384,536987,229,150
1215858,155391,537007,229,150
1215908,155397,537080,229,150
1215962,155405,537096,229,150
1216016,155412,537119,229,150
1216066,155421,537134,229,150
1216117,155430,537162,229,150
1216167,155437,537197,229,150
1216217,155444,537223,229,150
1216271,155450,537241,229,150
1216321,155454,537315,229,150
1216372,155460,537344,229,150
1216424,155470,537371,229,150
1216474,155478,537385,229,150
1216526,155485,537406,229,150
1216577,155491,537433,229,150
1216628,155498,537442,229,150
1216680,155503,537474,229,150
1216731,155510,537493,229,150
1216784,155516,537514,229,150
1216834,155521,537537,229,150
1216887,155526,537565,229,150
1216937,155530,537583,229,150
1216989,155536,537612,229,150
1217041,155544,537631,229,150
1217091,155551,537650,229,150
1217141,155557,537679,229,150
1217192,155563,537752,229,150
1217242,155568,537778,229,149
1217292,155575,537803,229,150
1217342,155582,537820,229,150
1217392,155588,537836,229,150
1217444,155595,537865,229,150
1217494,155599,537887,229,150
1217545,155606,537906,229,150
1217595,155610,537936,229,150
1217648,155618,537964,229,150
1217698,155625,537984,229,150
1217749,155630,538015,229,150
1217802,155636,538052,229,150
1217852,155642,538078,229,150
1217906,155648,538099,229,150
1217956,155655,538111,229,150
1218013,155665,538131,229,149
1218066,155672,538150,229,150
1218117,155678,538165,229,150
1218171,155683,538187,229,150
1218221,155688,538206,229,150
1218271,155696,538232,229,150
1218321,155702,538250,229,150
1218371,155711,538275,229,150
1218421,155716,538303,229,150
1218473,155723,538328,229,149
1218528,155732,538346,229,150
1218578,155739,538358,229,150
1218628,155744,538381,229,150
1218681,155751,538408,229,150
1218731,155759,538428,229,150
1218781,155764,538444,229,150
1218836,155770,538460,229,149
1218887,155777,538482,229,150
1218941,155783,538499,229,150
1218991,155791,538510,229,150
1219041,155798,538539,229,150
1219092,155807,538554,229,150
1219142,155812,538573,229,150
1219194,155817,538597,229,150
1219247,155821,538616,229,150
1219298,155828,538632,229,150
1219349,155835,538665,229,150
1219402,155842,538691,229,149
1219453,155849,538709,229,149
1219503,155856,538734,229,150
1219555,155862,538764,229,150
1219607,155866,538791,229,150
1219659,155872,538833,229,150
1219710,155876,538858,229,150
1219760,155883,538878,229,150
1219813,155890,538893,229,150
1219864,155895,538919,229,150
1219918,155904,538947,229,150
1219974,155910,538971,229,150
1220024,155916,539000,229,150
1220076,155923,539023,229,150
1220126,155931,539040,229,150
1220177,155937,539063,229,150
1220228,155941,539077,229,150
1220279,155946,539112,229,150
1220329,155952,539129,229,150
1220384,155958,539149,229,150
1220436,155965,539175,229,150
1220486,155971,539195,229,150
1220537,155976,539211,229,150
1220587,155980,539232,229,150
1220637,155986,539259,229,150
1220687,155993,539278,229,150
1220739,156001,539295,229,150
1220792,156005,539314,229,150
1220845,156013,539331,229,150
1220897,156019,539350,229,150
1220952,156027,539372,229,150
1221005,156032,539400,229,150
1221055,156037,539423,229,150
1221106,156046,539445,229,150
1221158,156052,539468,229,150
1221210,156057,539493,229,150
1221260,156065,539518,229,150
1221310,156072,539532,229,149
1221360,156079,539559,229,150
1221412,156086,539577,229,150
1221463,156093,539602,229,150
1221515,156098,539629,229,150
1221565,156105,539650,229,150
1221616,156112,539678,229,149
1221672,156120,539693,229,150
1221723,156126,539717,229,150
1221773,156131,539741,229,150
1221827,156138,539762,229,150
1221879,156144,539777,229,150
1221933,156151,539803,229,150
1221984,156157,539823,229,150
1222040,156163,539855,229,150
1222093,156171,539875,229,150
1222143,156178,539903,229,149
1222193,156186,539921,229,150
1222244,156192,539935,229,150
1222296,156199,539953,229,150
1222348,156206,539978,229,150
1222403,156213,539998,229,150
1222456,156222,540020,229,150
1222508,156228,540031,229,149
1222560,156237,540050,229,149
1222611,156245,540068,229,150
1222663,156253,540087,229,150
1222718,156260,540118,229,150
1222768,156266,540147,229,150
1222818,156272,540177,229,150
1222868,156280,540193,229,150
1222918,156286,540220,229,150
1222970,156291,540237,229,150
1223020,156298,540263,229,150
1223071,156302,540291,229,150
1223124,156308,540320,229,150
1223176,156314,540340,229,150
1223226,156323,540359,229,150
1223286,156330,540387,229,148
1223342,156340,540403,229,148
1223395,156348,540424,229,150
1223451,156356,540436,229,150
1223502,156362,540460,229,150
1223553,156368,540475,229,150
1223611,156374,540502,229,150
1223661,156379,540526,229,150
1223711,156387,540539,229,150
1223762,156392,540562,229,150
1223820,156402,540578,229,150
1223870,156408,540602,229,150
1223922,156414,540621,229,150
1223977,156420,540640,229,150
1224027,156425,540671,229,150
1224077,156434,540687,229,150
1224129,156441,540708,229,150
1224180,156448,540729,229,150
1224232,156453,540753,229,150
1224282,156459,540770,229,150
1224335,156464,540786,229,150
1224386,156471,540810,229,150
1224436,156477,540832,229,150
1224486,156483,540848,229,150
1224537,156487,540863,229,150
1224591,156496,540884,229,150
1224641,156506,540912,229,150
1224693,156513,540936,229,150
1224743,156517,540962,229,150
1224793,156526,540981,229,150
1224843,156533,540997,229,150
1224894,156541,541021,229,150
1224946,156547,541045,229,150
1224997,156552,541067,229,150
1225048,156559,541093,229,150
1225100,156564,541119,229,150
1225150,156571,541140,229,148
1225200,156579,541160,229,150
1225250,156587,541186,229,150
1225301,156592,541216,229,150
1225351,156597,541238,229,150
1225402,156603,541265,229,150
1225454,156613,541290,229,150
1225504,156618,541310,229,150
1225555,156624,541336,229,150
1225605,156629,541358,229,150
1225655,156635,541433,229,150
1225705,156643,541456,229,150
1225756,156651,541472,229,150
1225806,156657,541486,229,150
1225857,156664,541509,229,150
1225907,156668,541530,229,150
1225958,156674,541562,229,150
1226008,156683,541575,229,150
1226059,156690,541594,229,150
1226110,156695,541612,229,150
1226161,156704,541638,229,149
1226214,156712,541663,229,150
1226265,156718,541675,229,150
1226316,156724,541698,229,150
1226370,156732,541714,229,148
1226422,156739,541734,229,150
1226472,156747,541755,229,150
1226522,156756,541780,229,150
1226574,156765,541789,229,150
1226624,156773,541821,229,150
1226675,156780,541839,229,150
1226725,156785,541852,229,150
1226776,156795,541870,229,150
1226826,156803,541904,229,150
1226881,156811,541917,229,150
1226932,156817,541944,229,150
1226983,156823,541965,229,150
1227033,156832,541974,229,150
1227086,156837,541998,229,149
1227136,156842,542020,229,150
1227191,156849,542040,229,150
1227241,156855,542058,229,150
1227293,156862,542086,229,150
1227346,156869,542101,229,150
1227396,156875,542126,229,150
1227446,156880,542138,229,150
1227496,156886,542158,229,150
1227546,156895,542177,229,150
1227608,156900,542190,229,149
1227660,156906,542207,229,150
1227711,156912,542228,229,150
1227761,156918,542243,229,150
1227813,156923,542262,229,150
1227863,156930,542283,229,150
1227913,156936,542309,229,149
1227963,156942,542378,229,150
1228014,156947,542405,229,150
1228068,156952,542438,229,150
1228119,156960,542467,229,150
1228169,156969,542478,229,150
1228219,156978,542494,229,150
1228272,156985,542518,229,149
1228325,156992,542548,229,150
1228376,156998,542573,229,150
1228426,157006,542590,229,150
1228476,157014,542607,229,150
1228528,157019,542631,229,150
1228581,157025,542652,229,150
1228633,157030,542663,229,150
1228683,157036,542692,229,150
1228737,157043,542711,229,150
1228788,157049,542733,229,150
1228838,157054,542757,229,150
1228891,157059,542782,229,150
1228942,157068,542803,229,149
1228994,157076,542826,229,150
1229044,157081,542846,229,150
1229097,157087,542862,229,150
1229147,157097,542882,229,150
1229198,157104,542910,229,150
1229248,157109,542928,229,150
1229300,157115,542948,229,150
1229352,157121,542966,229,148
1229404,157131,542986,229,150
1229459,157136,543002,229,150
1229509,157142,543025,229,150
1229559,157149,543047,229,150
1229609,157153,543073,229,150
1229659,157161,543099,229,150
1229709,157166,543125,229,150
1229759,157172,543144,229,150
1229814,157181,543159,229,150
1229864,157186,543182,229,150
1229918,157192,543213,229,149
1229969,157200,543233,229,150
1230019,157206,543254,229,150
1230069,157212,543282,229,150
1230123,157218,543299,229,149
1230173,157226,543319,229,150
1230224,157230,543336,229,150
1230277,157236,543362,229,149
1230328,157243,543384,229,150
1230378,157250,543399,229,150
1230429,157255,543415,229,149
1230482,157264,543483,229,150
1230532,157269,543502,229,150
1230587,157275,543527,229,150
1230637,157278,543549,229,150
1230687,157284,543566,229,150
1230740,157291,543588,229,149
1230790,157300,543607,229,150
1230840,157307,543626,229,150
1230892,157315,543645,229,150
1230943,157325,543669,229,149
1230993,157330,543687,229,150
1231043,157337,543708,229,150
1231094,157342,543740,229,150
1231145,157348,543755,229,150
1231196,157354,543767,229,148
1231246,157360,543792,229,150
1231301,157368,543807,229,150
1231353,157374,543831,229,150
1231406,157382,543845,229,150
1231458,157390,543860,229,150
1231513,157395,543901,229,150
1231565,157403,543924,229,150
1231615,157408,543947,229,150
1231666,157415,543964,229,150
1231719,157422,543986,229,150
1231769,157426,544015,229,150
1231819,157431,544037,229,150
1231871,157437,544057,229,150
1231923,157443,544083,229,150
1231974,157449,544108,229,150
1232024,157456,544129,229,150
1232078,157461,544153,229,150
1232131,157468,544184,229,149
1232182,157474,544209,229,150
1232232,157478,544222,229,150
1232289,157487,544249,229,149
1232339,157496,544265,229,150
1232389,157502,544285,229,150
1232439,157507,544303,229,150
1232490,157511,544332,229,150
1232541,157517,544351,229,150
1232591,157523,544375,229,150
1232642,157528,544392,229,150
1232693,157533,544468,229,150
1232743,157539,544498,229,150
1232795,157545,544515,229,149
1232845,157552,544538,229,150
1232895,157559,544560,229,150
1232947,157565,544589,229,149
1232997,157570,544610,229,150
1233049,157575,544631,229,150
1233107,157581,544656,229,150
1233159,157587,544673,229,148
1233213,157594,544698,229,149
1233263,157599,544719,229,150
1233317,157608,544735,229,150
1233367,157612,544763,229,150
1233422,157618,544783,229,150
1233475,157624,544810,229,150
1233525,157630,544835,229,150
1233577,157637,544856,229,150
1233627,157642,544884,229,150
1233678,157648,544901,229,150
1233730,157653,544921,229,150
1233781,157658,544940,229,150
1233832,157666,544962,229,150
1233884,157672,544978,229,150
1233935,157678,545007,229,150
1233989,157684,545039,229,150
1234039,157691,545065,229,150
1234089,157695,545081,229,150
1234140,157702,545103,229,150
1234192,157707,545122,229,150
1234244,157714,545145,229,150
1234296,157719,545170,229,150
1234352,157726,545185,229,150
1234404,157732,545205,229,150
1234454,157740,545227,229,150
1234504,157749,545243,229,150
1234558,157755,545260,229,150
1234608,157762,545281,229,150
1234658,157771,545299,229,150
1234710,157777,545316,229,150
1234760,157783,545335,229,150
1234812,157789,545357,229,150
1234866,157795,545386,229,150
1234916,157803,545417,229,150
1234967,157808,545434,229,150
1235020,157815,545459,229,150
1235076,157824,545489,229,150
1235126,157830,545517,229,150
1235176,157836,545529,229,150
1235226,157841,545547,229,150
1235277,157848,545573,229,150
1235327,157855,545598,229,150
1235377,157861,545617,229,150
1235428,157868,545638,229,150
1235481,157874,545660,229,150
1235536,157880,545682,229,150
1235589,157885,545703,229,150
1235639,157890,545722,229,150
1235692,157895,545792,229,150
1235745,157900,545816,229,150
1235798,157904,545841,229,150
1235854,157910,545864,229,150
1235906,157919,545888,229,150
1235959,157924,545916,229,150
1236010,157928,545933,229,150
1236061,157932,545959,229,150
1236112,157940,545982,229,150
1236163,157947,545998,229,150
1236213,157954,546019,229,150
1236264,157962,546031,229,150
1236315,157968,546046,229,150
1236365,157973,546059,229,150
1236415,157981,546078,229,150
1236473,157989,546104,229,149
1236525,157997,546129,229,150
1236578,158003,546143,229,150
1236628,158009,546167,229,150
1236679,158014,546194,229,150
1236729,158022,546211,229,150
1236780,158027,546232,229,150
1236832,158036,546259,229,150
1236882,158042,546280,229,150
1236932,158049,546300,229,150
1236985,158056,546315,229,148
1237035,158064,546348,229,150
1237086,158071,546377,229,150
1237137,158075,546414,229,150
1237191,158081,546442,229,150
1237241,158086,546460,229,150
1237291,158094,546475,229,150
1237343,158100,546543,229,150
1237396,158107,546554,229,150
1237447,158115,546574,229,150
1237498,158122,546600,229,150
1237549,158128,546626,229,150
1237606,158134,546645,229,150
1237657,158140,546676,229,150
1237710,158147,546693,229,150
1237761,158152,546705,229,150
1237811,158162,546726,229,150
1237873,158168,546752,229,149
1237923,158176,546767,229,150
1237974,158183,546788,229,150
1238024,158189,546819,229,150
1238075,158195,546840,229,150
1238125,158201,546857,229,150
1238178,158210,546879,229,150
1238228,158217,546898,229,149
1238279,158223,546929,229,150
1238330,158228,546962,229,150
1238380,158237,546980,229,150
1238430,158243,547004,229,150
1238480,158253,547029,229,150
1238530,158261,547048,229,150
1238580,158265,547062,229,150
1238631,158273,547081,229,150
1238683,158279,547100,229,150
1238733,158287,547114,229,150
1238783,158293,547136,229,150
1238833,158302,547149,229,150
1238885,158308,547164,229,150
1238935,158314,547188,229,150
1238985,158320,547212,229,150
1239035,158326,547230,229,150
1239087,158330,547252,229,149
1239137,158335,547278,229,150
1239190,158342,547292,229,150
1239241,158348,547304,229,150
1239292,158355,547330,229,150
1239345,158361,547349,229,149
1239397,158367,547370,229,150
1239447,158375,547388,229,150
1239500,158386,547404,229,150
1239553,158393,547420,229,150
1239606,158398,547449,229,150
1239656,158403,547474,229,150
1239706,158408,547494,229,150
1239760,158414,547524,229,150
1239810,158422,547545,229,150
1239861,158429,547557,229,149
1239913,158436,547577,229,150
1239965,158443,547595,229,150
1240015,158448,547621,229,150
1240067,158455,547636,229,150
1240117,158461,547657,229,150
1240168,158467,547674,229,150
1240218,158472,547701,229,150
1240268,158478,547731,229,150
1240320,158484,547753,229,150
1240370,158493,547777,229,150
1240426,158499,547799,229,150
1240479,158509,547818,229,150
1240530,158517,547837,229,150
1240584,158523,547858,229,150
1240634,158530,547879,229,150
1240687,158537,547896,229,150
1240737,158545,547919,229,150
1240789,158551,547943,229,150
1240844,158557,547954,229,149
1240895,158565,547978,229,150
1240945,158571,547997,229,150
1240995,158577,548020,229,150
1241049,158584,548041,229,149
1241099,158592,548064,229,150
1241150,158599,548091,229,150
1241201,158607,548114,229,149
1241252,158616,548132,229,149
1241304,158622,548162,229,150
1241355,158627,548182,229,150
1241405,158633,548208,229,150
1241457,158641,548237,229,150
1241507,158648,548265,229,150
1241560,158654,548290,229,150
1241610,158660,548308,229,150
1241660,158668,548323,229,150
1241711,158676,548340,229,150
1241761,158681,548360,229,150
1241812,158688,548372,229,150
1241863,158693,548403,229,150
1241914,158702,548419,229,150
1241966,158708,548449,229,150
1242020,158713,548466,229,150
1242071,158720,548494,229,150
1242122,158729,548516,229,150
1242174,158733,548541,229,150
1242224,158742,548559,229,149
1242277,158750,548577,229,150
1242330,158756,548600,229,150
1242380,158761,548626,229,150
1242431,158768,548646,229,150
1242481,158774,548677,229,150
1242532,158782,548692,229,149
1242583,158788,548721,229,150
1242635,158794,548744,229,150
1242687,158800,548765,229,150
1242745,158806,548793,229,149
1242797,158814,548819,229,150
1242849,158819,548844,229,150
1242902,158825,548864,229,150
1242953,158832,548886,229,150
1243010,158837,548915,229,150
1243064,158845,548940,229,150
1243114,158849,548960,229,150
1243165,158858,548979,229,150
1243215,158865,549002,229,150
1243265,158871,549022,229,150
1243319,158878,549048,229,150
1243370,158883,549074,229,150
1243425,158890,549087,229,150
1243476,158894,549109,229,150
1243529,158902,549124,229,150
1243583,158909,549140,229,150
1243634,158915,549155,229,150
1243684,158922,549173,229,150
1243734,158928,549203,229,150
1243786,158933,549228,229,150
1243837,158940,549240,229,150
1243887,158947,549256,229,150
1243937,158952,549278,229,150
1243988,158958,549298,229,149
1244038,158964,549313,229,150
1244088,158970,549347,229,150
1244139,158977,549362,229,149
1244189,158985,549378,229,150
1244239,158992,549391,229,150
1244289,158999,549406,229,150
1244345,159005,549427,229,150
1244396,159012,549447,229,150
1244448,159019,549467,229,150
1244499,159025,549490,229,150
1244550,159029,549508,229,150
1244600,159034,549538,229,150
1244651,159041,549558,229,150
1244704,159049,549580,229,150
1244757,159057,549604,229,150
1244807,159063,549621,229,150
1244859,159073,549638,229,150
1244909,159078,549667,229,150
1244960,159088,549687,229,150
1245011,159093,549714,229,150
1245061,159099,549733,229,150
1245113,159104,549750,229,150
1245166,159112,549772,229,150
1245216,159121,549794,229,150
1245268,159128,549813,229,150
1245319,159134,549839,229,150
1245369,159141,549865,229,150
1245420,159148,549891,229,150
1245470,159155,549913,229,149
1245522,159163,549928,229,150
1245574,159168,549950,229,150
1245624,159174,549966,229,150
1245674,159179,549994,229,150
1245727,159186,550012,229,150
1245777,159193,550026,229,150
1245827,159199,550042,229,150
1245882,159205,550069,229,149
1245933,159213,550082,229,150
1245984,159221,550110,229,149
1246034,159226,550125,229,150
1246084,159230,550153,229,150
1246134,159237,550177,229,150
1246184,159244,550203,229,150
1246234,159251,550227,229,150
1246284,159256,550246,229,150
1246335,159266,550258,229,150
1246388,159272,550278,229,150
1246441,159277,550300,229,150
1246492,159284,550332,229,150
1246543,159291,550348,229,150
1246594,159295,550378,229,150
1246644,159299,550404,229,150
1246694,159304,550430,229,150
1246745,159310,550450,229,150
1246798,159319,550471,229,150
1246853,159325,550494,229,150
1246906,159334,550510,229,149
1246956,159341,550535,229,150
1247007,159348,550554,229,150
1247057,159357,550580,229,150
1247107,159362,550606,229,150
1247157,159369,550636,229,150
1247207,159378,550662,229,150
1247257,159383,550680,229,150
1247307,159390,550706,229,150
1247357,159395,550728,229,150
1247407,159401,550753,229,150
1247457,159407,550779,229,150
1247509,159413,550800,229,150
1247562,159418,550822,229,150
1247614,159424,550847,229,150
1247664,159435,550861,229,150
1247715,159441,550890,229,149
1247765,159445,550904,229,150
1247815,159450,550929,229,150
1247866,159457,550949,229,150
1247917,159465,550965,229,150
1247972,159472,550999,229,149
1248022,159478,551016,229,150
1248080,159484,551029,229,148
1248130,159491,551044,229,150
1248181,159497,551066,229,149
1248232,159508,551080,229,150
1248283,159513,551106,229,150
1248333,159520,551125,229,150
1248383,159528,551143,229,150
1248435,159538,551174,229,149
1248486,159548,551189,229,150
1248536,159555,551216,229,150
1248587,159560,551245,229,150
1248637,159566,551268,229,150
1248692,159574,551287,229,150
1248742,159580,551306,229,150
1248799,159588,551330,229,150
1248851,159595,551354,229,150
1248901,159602,551382,229,150
1248951,159609,551405,229,150
1249003,159618,551425,229,150
1249053,159623,551445,229,150
1249104,159628,551461,229,150
1249156,159635,551478,229,150
1249208,159643,551505,229,150
1249258,159648,551528,229,150
1249308,159651,551547,229,150
1249358,159658,551568,229,150
1249408,159665,551578,229,150
1249460,159671,551597,229,150
1249511,159677,551624,229,150
1249564,159682,551643,229,150
1249618,159689,551675,229,150
1249672,159696,551703,229,150
1249722,159702,551725,229,150
1249772,159708,551750,229,150
1249825,159715,551769,229,150
1249879,159721,551787,229,150
1249929,159726,551813,229,150
1249979,159733,551839,229,150
1250036,159740,551857,229,149
1250086,159749,551870,229,150
1250142,159757,551889,229,149
1250195,159764,551920,229,150
1250245,159770,551930,229,150
1250295,159777,551947,229,150
1250345,159782,551975,229,150
1250396,159788,551997,229,150
1250447,159795,552017,229,150
1250501,159802,552037,229,150
1250553,159809,552056,229,150
1250603,159814,552085,229,150
1250655,159818,552114,229,150
1250706,159825,552129,229,150
1250756,159830,552152,229,150
1250806,159835,552185,229,150
1250856,159841,552207,229,150
1250907,159850,552225,229,148
1250957,159858,552246,229,150
1251008,159864,552270,229,150
1251058,159872,552296,229,150
1251109,159879,552312,229,150
1251163,159886,552384,229,150
1251217,159893,552417,229,150
1251267,159901,552438,229,150
1251320,159906,552469,229,150
1251372,159911,552497,229,150
1251422,159917,552517,229,149
1251473,159926,552535,229,150
1251523,159931,552555,229,150
1251576,159935,552578,229,149
1251628,159942,552608,229,150
1251678,159948,552633,229,150
1251728,159954,552650,229,150
1251779,159962,552673,229,150
1251830,159970,552697,229,150
1251880,159976,552728,229,150
1251930,159980,552753,229,150
1251983,159988,552775,229,150
1252033,159993,552799,229,150
1252084,159999,552818,229,150
1252135,160006,552833,229,150
1252186,160010,552851,229,150
1252239,160016,552874,229,150
1252289,160023,552896,229,150
1252339,160029,552918,229,150
1252390,160035,552946,229,150
1252441,160041,552960,229,150
1252491,160049,552980,229,150
1252541,160053,552993,229,150
1252591,160059,553033,229,150
1252644,160065,553058,229,150
1252697,160075,553079,229,149
1252755,160083,553097,229,150
1252805,160090,553128,229,150
1252855,160096,553145,229,150
1252907,160103,553166,229,150
1252957,160109,553194,229,150
1253010,160118,553212,229,150
1253062,160125,553233,229,150
1253113,160133,553255,229,150
1253163,160140,553277,229,150
1253214,160148,553300,229,150
1253267,160153,553324,229,150
1253317,160160,553347,229,150
1253373,160166,553370,229,150
1253423,160172,553388,229,150
1253475,160179,553413,229,150
1253525,160184,553439,229,150
1253588,160195,553455,229,148
1253638,160203,553474,229,150
1253689,160210,553490,229,150
1253740,160219,553508,229,150
1253790,160224,553527,229,150
1253842,160230,553548,229,150
1253893,160236,553568,229,150
1253951,160243,553583,229,150
1254003,160248,553607,229,150
1254054,160255,553632,229,149
1254106,160262,553656,229,150
1254158,160270,553669,229,150
1254208,160277,553694,229,150
1254259,160283,553712,229,150
1254309,160290,553727,229,150
1254360,160295,553765,229,150
1254411,160301,553791,229,150
1254461,160306,553820,229,150
1254511,160313,553840,229,150
1254563,160319,553856,229,150
1254623,160324,553872,229,149
1254673,160330,553899,229,150
1254724,160334,553924,229,150
1254775,160339,553947,229,150
1254825,160343,553975,229,150
1254879,160350,553996,229,150
1254933,160356,554019,229,150
1254983,160364,554035,229,150
1255035,160372,554048,229,150
1255087,160378,554072,229,150
1255137,160382,554093,229,150
1255188,160387,554111,229,150
1255238,160391,554127,229,150
1255290,160398,554147,229,150
1255340,160403,554169,229,150
1255391,160409,554191,229,150
1255442,160417,554207,229,150
1255492,160425,554237,229,150
1255542,160432,554261,229,150
1255592,160440,554283,229,150
1255643,160446,554307,229,150
1255693,160453,554314,229,150
1255744,160463,554326,229,150
1255794,160470,554346,229,150
1255844,160476,554374,229,150
1255898,160482,554393,229,150
1255950,160487,554407,229,150
1256002,160494,554427,229,150
1256056,160499,554448,229,150
1256107,160505,554463,229,150
1256159,160512,554493,229,150
1256209,160519,554514,229,150
1256262,160526,554532,229,150
1256318,160533,554558,229,150
1256369,160541,554578,229,150
1256419,160548,554592,229,150
1256469,160554,554615,229,150
1256520,160559,554634,229,150
1256571,160566,554670,229,150
1256623,160575,554689,229,150
1256675,160582,554725,229,150
1256726,160589,554747,229,150
1256777,160595,554771,229,150
1256827,160601,554796,229,150
1256877,160611,554819,229,150
1256927,160622,554823,229,150
1256978,160627,554863,229,150
1257035,160636,554883,229,150
1257086,160643,554913,229,150
1257141,160650,554940,229,150
1257192,160655,555011,229,150
1257246,160661,555033,229,150
1257296,160669,555049,229,150
1257347,160675,555067,229,150
1257398,160681,555084,229,150
1257450,160688,555107,229,150
1257502,160694,555137,229,150
1257552,160700,555164,229,150
1257603,160705,555178,229,150
1257653,160710,555199,229,150
1257704,160714,555220,229,150
1257755,160722,555246,229,150
1257809,160727,555265,229,150
1257860,160733,555283,229,150
1257910,160738,555315,229,150
1257961,160748,555327,229,150
1258012,160755,555353,229,150
1258062,160761,555383,229,150
1258113,160768,555404,229,150
1258165,160777,555422,229,150
1258215,160786,555442,229,150
1258265,160791,555465,229,150
1258316,160799,555483,229,149
1258366,160807,555511,229,150
1258417,160814,555532,229,150
1258472,160822,555562,229,150
1258522,160827,555580,229,150
1258572,160834,555596,229,150
1258623,160839,555619,229,150
1258673,160845,555635,229,150
1258724,160852,555665,229,150
1258774,160858,555679,229,150
1258826,160863,555701,229,150
1258876,160868,555730,229,150
1258926,160874,555750,229,150
1258980,160883,555777,229,150
1259030,160891,555810,229,150
1259080,160895,555831,229,150
1259130,160903,555852,229,149
1259182,160910,555877,229,150
1259234,160916,555900,229,150
1259285,160923,555933,229,150
1259336,160928,555961,229,150
1259389,160934,555988,229,150
1259439,160942,556013,229,150
1259489,160948,556027,229,150
1259539,160953,556057,229,150
1259589,160963,556078,229,150
1259644,160970,556093,229,150
1259694,160974,556114,229,150
1259745,160981,556126,229,150
1259796,160988,556141,229,150
1259851,160993,556158,229,150
1259902,160998,556172,229,150
1259958,161007,556180,229,150
1260009,161014,556199,229,150
1260059,161022,556225,229,149
1260112,161030,556243,229,150
1260162,161034,556261,229,150
1260214,161040,556278,229,150
1260265,161045,556307,229,150
1260317,161052,556326,229,150
1260368,161056,556350,229,149
1260419,161063,556380,229,150
1260472,161070,556396,229,150
1260523,161076,556427,229,150
1260573,161081,556456,229,150
1260624,161089,556476,229,150
1260674,161096,556497,229,150
1260733,161103,556525,229,150
1260783,161111,556545,229,150
1260840,161119,556561,229,150
1260893,161126,556586,229,149
1260943,161133,556610,229,150
1260993,161141,556630,229,150
1261043,161145,556656,229,150
1261096,161151,556678,229,150
1261146,161157,556693,229,150
1261196,161162,556723,229,150
1261247,161167,556749,229,150
1261300,161173,556781,229,150
1261351,161180,556805,229,150
1261401,161184,556823,229,150
1261453,161192,556842,229,149
1261504,161200,556864,229,150
1261555,161205,556882,229,150
1261607,161214,556902,229,150
1261658,161219,556924,229,150
1261710,161223,556950,229,150
1261760,161229,556974,229,150
1261820,161237,556996,229,150
1261870,161241,557019,229,150
1261920,161249,557036,229,150
1261970,161256,557061,229,150
1262021,161265,557089,229,150
1262075,161271,557113,229,149
1262125,161281,557132,229,150
1262175,161286,557153,229,150
1262226,161291,557172,229,150
1262278,161296,557198,229,149
1262328,161305,557215,229,150
1262381,161310,557234,229,150
1262431,161316,557257,229,150
1262484,161323,557278,229,150
1262535,161330,557295,229,150
1262586,161338,557316,229,150
1262640,161346,557328,229,149
1262692,161354,557344,229,149
1262748,161361,557360,229,149
1262799,161370,557381,229,149
1262850,161378,557410,229,150
1262901,161384,557435,229,150
1262953,161391,557451,229,149
1263003,161397,557469,229,150
1263053,161404,557492,229,150
1263106,161411,557516,229,149
1263156,161418,557542,229,149
1263207,161423,557559,229,150
1263264,161430,557579,229,150
1263315,161436,557595,229,150
1263365,161445,557613,229,150
1263415,161453,557638,229,150
1263466,161458,557655,229,150
1263516,161463,557687,229,150
1263569,161467,557716,229,150
1263619,161476,557739,229,150
1263669,161481,557753,229,150
1263719,161488,557786,229,150
1263770,161493,557805,229,150
1263820,161498,557831,229,150
1263874,161505,557848,229,150
1263924,161510,557887,229,150
1263975,161516,557907,229,150
1264026,161523,557927,229,150
1264076,161530,557954,229,150
1264126,161537,557977,229,150
1264178,161541,558001,229,150
1264228,161546,558026,229,150
1264282,161554,558048,229,150
1264332,161560,558070,229,150
1264384,161564,558090,229,150
1264434,161571,558106,229,150
1264490,161580,558122,229,150
1264547,161588,558140,229,150
1264598,161594,558155,229,150
1264652,161600,558173,229,150
1264703,161604,558200,229,150
1264755,161610,558212,229,150
1264807,161616,558235,229,150
1264858,161621,558256,229,150
1264908,161628,558286,229,150
1264958,161634,558311,229,150
1265009,161639,558339,229,150
1265059,161647,558360,229,150
1265109,161653,558383,229,150
1265162,161660,558411,229,150
1265212,161666,558436,229,150
1265263,161671,558451,229,150
1265314,161678,558470,229,150
1265366,161687,558488,229,150
1265417,161695,558512,229,150
1265467,161700,558531,229,150
1265518,161708,558562,229,150
1265570,161716,558585,229,150
1265623,161723,558605,229,150
1265673,161730,558631,229,150
1265725,161737,558657,229,150
1265775,161744,558671,229,150
1265830,161750,558695,229,149
1265882,161758,558724,229,150
1265936,161764,558741,229,150
1265986,161769,558759,229,150
1266037,161773,558780,229,150
1266087,161778,558807,229,150
1266138,161786,558824,229,150
1266193,161791,558858,229,149
1266243,161797,558877,229,150
1266293,161803,558896,229,150
1266344,161808,558913,229,149
1266399,161818,558929,229,149
1266453,161826,558955,229,150
1266504,161835,558974,229,150
1266554,161840,558994,229,150
1266604,161846,559018,229,150
1266656,161855,559040,229,150
1266710,161863,559060,229,150
1266761,161870,559087,229,150
1266816,161876,559106,229,150
1266870,161885,559127,229,150
1266921,161893,559141,229,150
1266971,161898,559163,229,150
1267021,161904,559184,229,150
1267072,161909,559213,229,150
1267124,161915,559230,229,150
1267177,161925,559249,229,150
1267228,161932,559269,229,150
1267280,161937,559293,229,150
1267330,161943,559316,229,150
1267384,161949,559344,229,150
1267434,161956,559365,229,150
1267484,161964,559392,229,150
1267534,161971,559417,229,150
1267584,161978,559452,229,150
1267635,161985,559481,229,150
1267686,161994,559497,229,150
1267738,162000,559518,229,150
1267792,162005,559539,229,150
1267842,162011,559553,229,150
1267893,162018,559577,229,150
1267943,162024,559598,229,150
1267996,162032,559630,229,150
1268048,162038,559654,229,150
1268098,162044,559673,229,150
1268152,162050,559691,229,150
1268203,162057,559714,229,150
1268253,162064,559733,229,150
1268305,162069,559756,229,150
1268355,162074,559776,229,150
1268408,162082,559794,229,150
1268458,162088,559812,229,150
1268508,162093,559837,229,150
1268558,162099,559871,229,150
1268608,162107,559897,229,150
1268658,162114,559925,229,150
1268709,162118,559953,229,150
1268764,162124,560020,229,150
1268814,162131,560035,229,150
1268865,162138,560061,229,150
1268915,162142,560088,229,150
1268968,162149,560113,229,150
1269018,162157,560135,229,150
1269068,162162,560147,229,150
1269118,162168,560176,229,150
1269169,162176,560199,229,150
1269219,162181,560220,229,150
1269269,162186,560243,229,150
1269322,162192,560258,229,150
1269372,162199,560276,229,150
1269422,162206,560300,229,150
1269473,162212,560325,229,150
1269525,162218,560357,229,150
1269575,162224,560384,229,150
1269625,162229,560394,229,150
1269676,162235,560422,229,150
1269726,162239,560445,229,150
1269776,162246,560467,229,150
1269829,162253,560484,229,150
1269881,162261,560498,229,150
1269932,162268,560525,229,150
1269989,162276,560547,229,149
1270039,162283,560571,229,150
1270093,162291,560596,229,150
1270149,162298,560620,229,150
1270199,162302,560641,229,150
1270250,162308,560664,229,150
1270302,162314,560681,229,150
1270352,162321,560710,229,150
1270404,162326,560737,229,150
1270454,162332,560753,229,150
1270506,162337,560775,229,150
1270558,162344,560800,229,150
1270612,162350,560822,229,150
1270666,162357,560844,229,150
1270718,162366,560869,229,150
1270768,162373,560886,229,150
1270819,162379,560918,229,150
1270870,162387,560945,229,150
1270920,162393,560962,229,149
1270971,162398,560981,229,150
1271023,162402,560998,229,150
1271074,162409,561009,229,150
1271124,162414,561042,229,150
1271175,162421,561073,229,150
1271226,162427,561092,229,150
1271277,162433,561121,229,150
1271328,162438,561142,229,150
1271378,162446,561162,229,150
1271430,162451,561187,229,150
1271482,162456,561209,229,148
1271532,162462,561232,229,150
1271582,162468,561242,229,150
1271635,162475,561260,229,150
1271687,162483,561283,229,150
1271737,162493,561299,229,150
1271789,162502,561313,229,150
1271840,162509,561334,229,150
1271890,162521,561346,229,150
1271941,162527,561367,229,150
1271991,162533,561392,229,150
1272041,162541,561415,229,150
1272091,162545,561437,229,150
1272143,162551,561461,229,150
1272199,162558,561478,229,150
1272250,162564,561504,229,150
1272301,162569,561527,229,150
1272351,162575,561563,229,150
1272401,162580,561580,229,150
1272454,162586,561594,229,150
1272504,162590,561621,229,150
1272554,162598,561647,229,150
1272604,162604,561658,229,150
1272654,162614,561677,229,150
1272704,162620,561696,229,150
1272754,162626,561705,229,149
1272806,162634,561724,229,150
1272856,162640,561744,229,150
1272906,162647,561765,229,150
1272959,162653,561777,229,149
1273009,162660,561809,229,150
1273059,162665,561832,229,150
1273110,162673,561850,229,150
1273160,162677,561881,229,150
1273211,162683,561901,229,150
1273263,162690,561922,229,150
1273315,162695,561941,229,150
1273368,162701,561956,229,149
1273418,162706,561983,229,150
1273468,162712,562004,229,150
1273520,162719,562023,229,150
1273574,162725,562049,229,150
1273627,162733,562071,229,150
1273678,162740,562092,229,150
1273729,162746,562115,229,150
1273781,162752,562133,229,150
1273832,162757,562166,229,150
1273882,162764,562179,229,150
1273933,162771,562212,229,150
1273983,162778,562236,229,150
1274033,162784,562264,229,150
1274083,162793,562292,229,149
1274133,162801,562313,229,150
1274183,162810,562338,229,150
1274233,162814,562360,229,150
1274285,162820,562394,229,150
1274335,162825,562415,229,150
1274386,162829,562438,229,150
1274437,162838,562453,229,150
1274490,162844,562483,229,150
1274541,162853,562507,229,150
1274593,162858,562536,229,150
1274643,162864,562562,229,150
1274696,162869,562594,229,149
1274755,162876,562622,229,149
1274811,162883,562646,229,150
1274862,162890,562670,229,150
1274915,162897,562700,229,150
1274966,162903,562719,229,150
1275018,162910,562737,229,150
1275071,162916,562765,229,150
1275124,162921,562784,229,150
1275174,162927,562797,229,149
1275224,162935,562813,229,150
1275274,162944,562844,229,150
1275324,162949,562880,229,150
1275374,162956,562906,229,150
1275424,162966,562926,229,150
1275474,162970,562939,229,150
1275524,162977,562958,229,150
1275574,162985,562978,229,150
1275624,162995,563005,229,150
1275674,163000,563026,229,150
1275727,163006,563050,229,150
1275778,163012,563067,229,150
1275828,163018,563088,229,150
1275878,163025,563111,229,150
1275928,163031,563133,229,150
1275978,163038,563155,229,149
1276030,163045,563178,229,150
1276081,163053,563190,229,150
1276133,163058,563211,229,150
1276184,163063,563237,229,150
1276235,163070,563260,229,150
1276285,163076,563286,229,150
1276336,163082,563312,229,150
1276387,163086,563336,229,150
1276437,163097,563355,229,150
1276487,163102,563382,229,150
1276539,163110,563399,229,150
1276589,163116,563425,229,150
1276641,163121,563435,229,149
1276691,163129,563460,229,150
1276741,163137,563476,229,150
1276791,163144,563499,229,150
1276842,163153,563513,229,149
1276892,163158,563534,229,150
1276947,163165,563548,229,149
1276998,163170,563563,229,150
1277050,163177,563586,229,150
1277100,163183,563600,229,150
1277152,163188,563627,229,150
1277203,163193,563702,229,150
1277254,163198,563717,229,150
1277304,163205,563737,229,150
1277358,163210,563760,229,149
1277408,163216,563780,229,150
1277458,163223,563792,229,150
1277508,163232,563821,229,150
1277561,163237,563850,229,150
1277613,163244,563868,229,150
1277663,163252,563884,229,150
1277713,163260,563904,229,150
1277763,163265,563930,229,150
1277815,163271,563946,229,150
1277866,163279,563970,229,150
1277919,163285,564000,229,150
1277971,163290,564022,229,148
1278026,163299,564045,229,150
1278077,163304,564073,229,150
1278129,163310,564092,229,150
1278180,163317,564113,229,150
1278231,163323,564127,229,150
1278283,163331,564147,229,149
1278333,163337,564171,229,150
1278383,163344,564202,229,150
1278434,163351,564224,229,150
1278484,163357,564256,229,150
1278536,163365,564280,229,149
1278586,163374,564301,229,150
1278638,163380,564324,229,150
1278688,163387,564345,229,150
1278739,163395,564366,229,150
1278789,163399,564391,229,150
1278844,163405,564416,229,150
1278895,163410,564438,229,150
1278948,163416,564460,229,150
1278999,163422,564480,229,150
1279050,163430,564501,229,150
1279100,163435,564525,229,150
1279150,163443,564536,229,150
1279206,163450,564559,229,150
1279257,163454,564587,229,150
1279310,163462,564605,229,150
1279362,163468,564634,229,150
1279412,163474,564652,229,150
1279463,163478,564673,229,150
1279515,163483,564699,229,150
1279565,163490,564721,229,149
1279615,163501,564729,229,150
1279665,163508,564749,229,150
1279715,163516,564807,229,150
1279766,163521,564829,229,150
1279818,163528,564836,229,150
1279868,163534,564860,229,150
1279919,163541,564884,229,150
1279969,163549,564906,229,150
1280019,163554,564937,229,150
1280069,163560,564975,229,150
1280120,163565,564988,229,150
1280170,163571,565008,229,150
1280221,163576,565030,229,150
1280272,163584,565044,229,150
1280322,163591,565066,229,150
1280373,163597,565081,229,150
1280425,163605,565097,229,150
1280478,163612,565121,229,149
1280529,163619,565154,229,150
1280580,163625,565177,229,150
1280633,163633,565193,229,150
1280683,163638,565218,229,150
1280734,163645,565240,229,150
1280785,163651,565264,229,150
1280835,163659,565283,229,150
1280888,163668,565305,229,150
1280939,163673,565323,229,150
1280989,163683,565341,229,150
1281039,163688,565360,229,150
1281092,163692,565382,229,150
1281143,163700,565401,229,150
1281198,163707,565418,229,150
1281251,163714,565437,229,150
1281302,163719,565461,229,150
1281353,163725,565481,229,150
1281403,163732,565498,229,150
1281453,163739,565515,229,150
1281503,163746,565533,229,150
1281553,163752,565548,229,150
1281604,163758,565565,229,150
1281655,163763,565581,229,149
1281709,163773,565601,229,150
1281761,163781,565615,229,150
1281811,163786,565640,229,150
1281865,163792,565666,229,148
1281916,163798,565686,229,150
1281967,163804,565707,229,150
1282018,163813,565734,229,150
1282068,163822,565763,229,150
1282123,163827,565786,229,149
1282173,163834,565810,229,150
1282224,163839,565845,229,150
1282275,163845,565870,229,150
1282325,163853,565892,229,150
1282375,163861,565906,229,150
1282426,163869,565938,229,150
1282477,163875,565955,229,150
1282527,163882,565971,229,150
1282580,163888,565991,229,150
1282631,163894,566012,229,150
1282682,163900,566027,229,150
1282733,163907,566059,229,150
1282783,163913,566079,229,150
1282833,163919,566105,229,150
1282884,163926,566123,229,149
1282939,163933,566150,229,150
1282990,163939,566179,229,150
1283041,163947,566207,229,150
1283092,163954,566233,229,150
1283143,163959,566254,229,150
1283193,163964,566276,229,150
1283244,163973,566301,229,150
1283299,163981,566330,229,149
1283349,163988,566351,229,150
1283400,163997,566360,229,149
1283451,164003,566375,229,150
1283501,164009,566400,229,150
1283551,164015,566416,229,150
1283601,164022,566443,229,150
1283651,164031,566459,229,150
1283703,164037,566482,229,150
1283753,164046,566499,229,150
1283803,164052,566525,229,150
1283854,164058,566545,229,150
1283904,164066,566555,229,150
1283954,164071,566573,229,150
1284004,164075,566595,229,150
1284059,164081,566616,229,150
1284112,164086,566640,229,150
1284163,164091,566673,229,150
1284214,164098,566694,229,150
1284264,164102,566773,229,150
1284314,164108,566794,229,150
1284365,164117,566815,229,150
1284421,164123,566841,229,150
1284473,164128,566863,229,150
1284525,164135,566885,229,150
1284575,164140,566907,229,150
1284626,164146,566930,229,150
1284678,164151,566945,229,150
1284728,164160,567006,229,150
1284779,164170,567032,229,150
1284833,164176,567055,229,149
1284883,164184,567088,229,150
1284933,164191,567104,229,150
1284983,164197,567126,229,150
1285033,164203,567209,229,150
1285086,164210,567231,229,150
1285136,164216,567256,229,149
1285186,164222,567283,229,150
1285237,164229,567290,229,150
1285290,164236,567309,229,150
1285340,164245,567334,229,150
1285390,164251,567352,229,150
1285440,164258,567381,229,150
1285493,164265,567410,229,150
1285543,164273,567435,229,150
1285594,164282,567448,229,150
1285646,164292,567471,229,150
1285696,164300,567496,229,150
1285749,164307,567514,229,150
1285801,164313,567540,229,150
1285852,164319,567556,229,150
1285906,164325,567576,229,150
1285956,164329,567605,229,150
1286007,164336,567632,229,150
1286062,164341,567654,229,149
1286113,164348,567681,229,150
1286163,164354,567702,229,150
1286213,164360,567724,229,150
1286263,164368,567741,229,150
1286313,164373,567765,229,150
1286363,164380,567789,229,150
1286415,164388,567824,229,150
1286468,164394,567846,229,150
1286518,164399,567866,229,150
1286568,164405,567880,229,150
1286618,164410,567902,229,150
1286670,164416,567926,229,150
1286720,164423,567946,229,150
1286774,164429,567965,229,150
1286825,164438,567980,229,150
1286875,164443,568007,229,150
1286928,164450,568034,229,150
1286978,164455,568049,229,147
1287028,164466,568062,229,150
1287078,164475,568079,229,150
1287128,164482,568113,229,150
1287179,164487,568139,229,150
1287233,164493,568152,229,150
1287286,164498,568175,229,150
1287337,164502,568203,229,150
1287387,164509,568226,229,150
1287438,164514,568245,229,150
1287490,164521,568267,229,150
1287543,164529,568293,229,150
1287595,164537,568317,229,150
1287646,164543,568344,229,150
1287702,164549,568365,229,150
1287754,164554,568385,229,150
1287804,164562,568413,229,150
1287855,164568,568428,229,150
1287909,164575,568448,229,150
1287959,164581,568476,229,150
1288011,164586,568499,229,150
1288061,164596,568523,229,150
1288114,164602,568542,229,150
1288165,164607,568567,229,150
1288215,164613,568589,229,150
1288265,164620,568616,229,150
1288316,164627,568635,229,150
1288366,164634,568647,229,150
1288418,164641,568664,229,150
1288469,164646,568690,229,150
1288519,164652,568714,229,150
1288570,164660,568739,229,150
1288620,164665,568751,229,150
1288670,164670,568764,229,150
1288720,164676,568789,229,150
1288770,164685,568808,229,150
1288825,164692,568831,229,150
1288877,164698,568846,229,150
1288930,164704,568870,229,150
1288980,164712,568889,229,150
1289030,164719,568906,229,150
1289080,164725,568932,229,150
1289130,164731,568952,229,150
1289186,164737,568973,229,150
1289240,164742,569000,229,150
1289291,164748,569021,229,150
1289341,164754,569041,229,150
1289394,164759,569067,229,149
1289444,164766,569087,229,150
1289494,164775,569108,229,150
1289544,164780,569132,229,150
1289596,164786,569157,229,150
1289647,164792,569178,229,150
1289698,164799,569192,229,150
1289748,164803,569214,229,150
1289800,164810,569236,229,150
1289853,164817,569261,229,148
1289903,164827,569277,229,149
1289954,164835,569293,229,150
1290006,164843,569314,229,150
1290057,164848,569330,229,150
1290107,164853,569351,229,150
1290158,164859,569369,229,150
1290208,164865,569390,229,150
1290260,164872,569416,229,150
1290312,164881,569433,229,150
1290362,164886,569463,229,150
1290415,164891,569484,229,150
1290465,164897,569506,229,150
1290517,164904,569529,229,150
1290569,164912,569550,229,150
1290619,164919,569622,229,150
1290669,164925,569642,229,150
1290719,164931,569656,229,150
1290770,164938,569680,229,150
1290821,164946,569693,229,150
1290875,164950,569725,229,150
1290926,164959,569737,229,150
1290979,164966,569757,229,149
1291030,164973,569772,229,150
1291081,164978,569795,229,150
1291131,164983,569815,229,150
1291181,164988,569843,229,150
1291232,164994,569867,229,150
1291283,165000,569882,229,150
1291333,165006,569902,229,150
1291383,165012,569924,229,150
1291435,165017,569941,229,149
1291489,165025,569965,229,150
1291543,165032,569984,229,150
1291593,165040,570009,229,150
1291643,165044,570035,229,150
1291695,165052,570050,229,150
1291745,165057,570071,229,150
1291795,165063,570095,229,150
1291849,165069,570115,229,150
1291900,165077,570137,229,150
1291951,165082,570160,229,150
1292001,165088,570175,229,150
1292055,165095,570205,229,149
1292105,165101,570225,229,150
1292156,165106,570243,229,150
1292207,165111,570265,229,150
1292257,165119,570283,229,150
1292308,165125,570301,229,150
1292358,165130,570326,229,150
1292411,165136,570361,229,150
1292461,165142,570379,229,150
1292514,165148,570402,229,150
1292566,165155,570423,229,150
1292616,165162,570447,229,150
1292666,165172,570453,229,148
1292717,165179,570464,229,150
1292767,165187,570485,229,150
1292819,165193,570503,229,150
1292869,165200,570520,229,150
1292919,165206,570551,229,150
1292972,165211,570574,229,149
1293022,165220,570591,229,150
1293072,165228,570610,229,149
1293123,165234,570623,229,150
1293173,165240,570649,229,150
1293228,165249,570670,229,150
1293280,165255,570685,229,150
1293330,165261,570718,229,150
1293380,165267,570731,229,150
1293435,165275,570739,229,150
1293487,165280,570759,229,150
1293537,165287,570777,229,150
1293588,165294,570801,229,150
1293639,165301,570821,229,150
1293690,165309,570842,229,150
1293743,165315,570862,229,150
1293796,165321,570884,229,150
1293852,165326,570913,229,150
1293912,165336,570939,229,149
1293964,165344,570958,229,149
1294014,165352,570981,229,150
1294064,165358,571014,229,150
1294117,165365,571040,229,150
1294171,165371,571066,229,150
1294221,165377,571088,229,150
1294271,165384,571108,229,150
1294322,165390,571129,229,150
1294372,165395,571155,229,150
1294422,165402,571163,229,149
1294476,165409,571179,229,150
1294526,165415,571200,229,150
1294577,165424,571215,229,150
1294627,165430,571236,229,150
1294679,165436,571258,229,150
1294734,165444,571279,229,150
1294784,165448,571302,229,150
1294835,165454,571332,229,150
1294886,165460,571363,229,150
1294938,165468,571386,229,150
1294988,165474,571408,229,150
1295038,165482,571430,229,150
1295089,165490,571453,229,149
1295142,165496,571475,229,150
1295194,165504,571488,229,150
1295247,165509,571514,229,150
1295297,165516,571536,229,150
1295347,165523,571564,229,150
1295398,165532,571581,229,150
1295448,165539,571595,229,150
1295499,165547,571615,229,150
1295549,165554,571642,229,150
1295599,165561,571663,229,150
1295651,165567,571679,229,150
1295702,165572,571698,229,150
1295753,165580,571717,229,150
1295805,165587,571738,229,150
1295855,165593,571773,229,150
1295905,165598,571789,229,150
1295955,165606,571802,229,150
1296006,165612,571828,229,150
1296061,165618,571848,229,150
1296113,165623,571878,229,150
1296165,165630,571900,229,150
1296215,165635,571919,229,150
1296270,165641,571934,229,150
1296320,165645,571958,229,150
1296372,165652,571984,229,150
1296422,165658,572003,229,150
1296474,165667,572017,229,150
1296526,165673,572033,229,150
1296582,165680,572061,229,149
1296635,165689,572093,229,150
1296687,165693,572110,229,150
1296737,165701,572129,229,150
1296787,165712,572150,229,150
1296841,165718,572173,229,150
1296898,165723,572203,229,150
1296948,165728,572222,229,150
1296998,165733,572240,229,150
1297048,165741,572249,229,150
1297098,165746,572280,229,150
1297148,165754,572299,229,150
1297199,165760,572333,229,150
1297251,165765,572355,229,150
1297303,165775,572372,229,150
1297353,165780,572398,229,150
1297403,165785,572415,229,150
1297453,165792,572433,229,149
1297507,165798,572452,229,150
1297560,165804,572486,229,150
1297611,165813,572506,229,149
1297662,165820,572528,229,150
1297713,165828,572547,229,150
1297766,165835,572579,229,150
1297816,165840,572601,229,150
1297874,165846,572623,229,148
1297924,165855,572637,229,150
1297974,165862,572666,229,150
1298024,165871,572686,229,150
1298077,165878,572720,229,150
1298127,165883,572735,229,150
1298177,165889,572755,229,150
1298227,165894,572775,229,150
1298277,165899,572805,229,150
1298327,165905,572825,229,150
1298377,165910,572839,229,149
1298427,165917,572868,229,150
1298481,165924,572882,229,150
1298532,165929,572903,229,150
1298584,165937,572927,229,150
1298635,165944,572950,229,150
1298688,165951,572964,229,150
1298738,165958,572986,229,150
1298793,165964,573016,229,150
1298844,165971,573036,229,150
1298894,165975,573056,229,150
1298944,165983,573080,229,150
1298996,165987,573104,229,150
1299046,165996,573122,229,150
1299097,165999,573140,229,150
1299147,166008,573153,229,150
1299197,166015,573174,229,150
1299247,166021,573201,229,150
1299297,166026,573235,229,150
1299348,166032,573250,229,150
1299401,166038,573275,229,150
1299452,166042,573293,229,150
1299502,166049,573311,229,150
1299555,166055,573381,229,150
1299607,166061,573406,229,150
1299657,166068,573423,229,150
1299710,166075,573440,229,150
1299760,166081,573463,229,150
1299810,166086,573496,229,150
1299863,166092,573513,229,150
1299914,166100,573532,229,150
1299967,166106,573555,229,149
1300020,166118,573580,229,150
1300075,166123,573597,229,150
1300127,166130,573613,229,150
1300182,166137,573646,229,150
1300238,166144,573662,229,150
1300289,166152,573683,229,150
1300339,166157,573707,229,150
1300389,166162,573735,229,150
1300442,166169,573758,229,149
1300492,166176,573788,229,150
1300542,166180,573809,229,150
1300592,166185,573828,229,150
1300642,166194,573852,229,150
1300695,166199,573872,229,150
1300745,166206,573892,229,150
1300798,166216,573908,229,149
1300848,166224,573921,229,150
1300899,166229,573950,229,150
1300951,166235,573978,229,150
1301003,166244,574011,229,150
1301056,166249,574034,229,150
1301107,166259,574050,229,150
1301158,166266,574072,229,150
1301208,166275,574135,229,150
1301259,166281,574156,229,150
1301313,166287,574174,229,149
1301363,166294,574193,229,150
1301413,166302,574210,229,150
1301464,166308,574284,229,150
1301514,166312,574310,229,150
1301565,166316,574333,229,150
1301615,166326,574346,229,150
1301669,166334,574370,229,150
1301721,166339,574394,229,150
1301771,166344,574418,229,150
1301821,166351,574428,229,150
1301872,166358,574456,229,150
1301922,166365,574477,229,149
1301974,166371,574500,229,150
1302024,166378,574524,229,150
1302078,166385,574543,229,150
1302128,166392,574556,229,150
1302180,166399,574582,229,150
1302230,166403,574604,229,150
1302280,166411,574633,229,150
1302335,166419,574649,229,150
1302385,166425,574678,229,150
1302435,166430,574706,229,150
1302485,166437,574734,229,150
1302535,166444,574752,229,150
1302585,166450,574773,229,150
1302636,166456,574806,229,150
1302687,166464,574826,229,150
1302738,166471,574851,229,150
1302788,166477,574869,229,150
1302839,166482,574890,229,150
1302889,166486,574969,229,150
1302939,166491,574997,229,150
1302989,166496,575012,229,150
1303040,166501,575032,229,150
1303092,166508,575053,229,150
1303143,166515,575069,229,150
1303193,166520,575094,229,150
1303243,166527,575111,229,150
1303293,166532,575136,229,150
1303343,166536,575164,229,150
1303394,166543,575197,229,150
1303445,166549,575218,229,150
1303497,166555,575250,229,150
1303551,166562,575278,229,150
1303604,166569,575296,229,150
1303654,166576,575316,229,150
1303704,166582,575332,229,149
1303754,166588,575350,229,150
1303804,166595,575372,229,150
1303855,166601,575398,229,150
1303909,166607,575410,229,150
1303962,166612,575441,229,150
1304012,166620,575463,229,150
1304063,166629,575477,229,150
1304113,166634,575507,229,150
1304163,166640,575527,229,150
1304213,166648,575547,229,150
1304267,166655,575568,229,150
1304318,166659,575599,229,150
1304370,166665,575627,229,150
1304420,166669,575667,229,150
1304470,166678,575681,229,150
1304520,166685,575705,229,150
1304571,166689,575727,229,150
1304621,166695,575751,229,150
1304674,166703,575774,229,150
1304724,166714,575792,229,150
1304777,166720,575814,229,150
1304827,166724,575891,229,150
1304882,166730,575912,229,150
1304932,166739,575928,229,150
1304988,166745,575950,229,150
1305039,166753,575972,229,150
1305091,166759,575995,229,150
1305142,166765,576022,229,150
1305192,166770,576044,229,150
1305245,166775,576058,229,150
1305298,166781,576078,229,150
1305349,166788,576110,229,149
1305402,166794,576128,229,150
1305453,166801,576146,229,150
1305503,166808,576176,229,150
1305553,166814,576196,229,150
1305605,166821,576205,229,149
1305655,166828,576228,229,150
1305705,166835,576256,229,150
1305755,166843,576276,229,150
1305805,166847,576294,229,150
1305857,166856,576318,229,150
1305907,166862,576341,229,150
1305957,166867,576364,229,149
1306010,166873,576392,229,150
1306061,166880,576408,229,149
1306111,166887,576429,229,150
1306167,166892,576458,229,149
1306222,166900,576485,229,150
1306278,166905,576505,229,150
1306328,166910,576523,229,150
1306379,166917,576538,229,148
1306429,166925,576557,229,150
1306480,166931,576595,229,150
1306533,166938,576621,229,150
1306583,166943,576642,229,150
1306634,166950,576666,229,150
1306686,166955,576689,229,150
1306738,166961,576707,229,150
1306790,166968,576734,229,148
1306842,166977,576757,229,150
1306892,166984,576773,229,150
1306943,166992,576795,229,149
1306993,166997,576823,229,150
1307043,167003,576843,229,150
1307094,167009,576865,229,150
1307145,167015,576893,229,150
1307195,167022,576967,229,149
1307245,167028,576993,229,150
1307297,167035,577010,229,150
1307347,167040,577032,229,150
1307397,167048,577054,229,150
1307447,167054,577072,229,150
1307500,167060,577094,229,149
1307551,167066,577109,229,150
1307601,167071,577140,229,150
1307653,167078,577164,229,150
1307703,167084,577190,229,150
1307754,167090,577215,229,150
1307804,167096,577235,229,150
1307856,167105,577264,229,150
1307910,167114,577292,229,150
1307960,167121,577304,229,150
1308010,167128,577331,229,150
1308061,167135,577348,229,150
1308113,167145,577367,229,150
1308166,167152,577399,229,150
1308219,167157,577429,229,150
1308271,167163,577446,229,150
1308325,167168,577473,229,150
1308378,167175,577496,229,149
1308432,167181,577514,229,150
1308483,167186,577539,229,150
1308533,167192,577563,229,150
1308585,167198,577575,229,150
1308635,167203,577589,229,150
1308686,167209,577609,229,150
1308737,167214,577640,229,150
1308787,167219,577667,229,150
1308837,167224,577689,229,150
1308889,167229,577713,229,150
1308939,167233,577738,229,150
1308989,167242,577762,229,150
1309040,167248,577785,229,150
1309091,167257,577806,229,150
1309144,167262,577829,229,150
1309194,167266,577852,229,150
1309244,167272,577881,229,150
1309294,167279,577898,229,150
1309344,167289,577914,229,150
1309395,167296,577934,229,150
1309445,167302,577961,229,150
1309498,167308,577985,229,150
1309548,167314,578007,229,150
1309599,167319,578026,229,150
1309650,167324,578040,229,147
1309702,167335,578060,229,150
1309752,167341,578075,229,150
1309804,167347,578099,229,150
1309854,167352,578119,229,150
1309904,167358,578141,229,150
1309954,167363,578167,229,150
1310004,167371,578197,229,150
1310055,167377,578226,229,150
1310106,167382,578247,229,150
1310156,167388,578260,229,150
1310206,167394,578288,229,150
1310256,167402,578304,229,149
1310307,167409,578326,229,150
1310357,167416,578351,229,150
1310407,167422,578368,229,150
1310458,167428,578389,229,149
1310508,167435,578403,229,150
1310560,167440,578425,229,150
1310610,167446,578453,229,150
1310663,167451,578476,229,150
1310715,167457,578495,229,150
1310765,167461,578524,229,150
1310815,167468,578558,229,150
1310868,167473,578576,229,149
1310918,167482,578588,229,150
1310968,167487,578612,229,150
1311021,167494,578636,229,150
1311074,167504,578655,229,150
1311124,167509,578685,229,150
1311178,167515,578707,229,149
1311231,167522,578733,229,150
1311281,167527,578756,229,150
1311331,167532,578775,229,150
1311382,167540,578792,229,149
1311432,167548,578813,229,150
1311483,167554,578845,229,150
1311533,167560,578863,229,150
1311583,167566,578887,229,150
1311633,167571,578913,229,150
1311686,167577,578930,229,150
1311737,167584,578999,229,150
1311787,167591,579033,229,150
1311838,167598,579060,229,150
1311889,167604,579084,229,150
1311939,167610,579113,229,150
1311989,167616,579131,229,150
1312039,167627,579155,229,150
1312090,167634,579174,229,150
1312143,167639,579195,229,150
1312195,167647,579215,229,150
1312246,167653,579242,229,150
1312296,167660,579263,229,150
1312347,167664,579293,229,150
1312398,167670,579316,229,150
1312451,167674,579349,229,150
1312503,167680,579366,229,150
1312554,167685,579394,229,150
1312604,167691,579416,229,150
1312655,167699,579437,229,150
1312705,167703,579464,229,150
1312755,167710,579487,229,150
1312805,167716,579517,229,150
1312859,167722,579535,229,150
1312909,167728,579572,229,150
1312959,167734,579588,229,150
1313009,167740,579608,229,150
1313060,167747,579629,229,150
1313115,167751,579654,229,150
1313168,167758,579676,229,150
1313219,167765,579701,229,150
1313269,167773,579724,229,150
1313322,167777,579746,229,150
1313372,167784,579765,229,150
1313425,167790,579784,229,149
1313475,167796,579808,229,150
1313529,167802,579835,229,149
1313579,167810,579853,229,150
1313635,167816,579876,229,150
1313686,167823,579900,229,149
1313736,167829,579925,229,150
1313789,167834,579947,229,150
1313840,167841,579972,229,150
1313891,167850,579983,229,150
1313945,167856,580014,229,150
1313998,167863,580038,229,150
1314050,167869,580061,229,150
1314101,167874,580081,229,150
1314153,167881,580101,229,150
1314206,167887,580119,229,149
1314260,167894,580137,229,150
1314311,167900,580160,229,150
1314361,167904,580187,229,150
1314411,167910,580208,229,150
1314461,167915,580234,229,150
1314511,167920,580264,229,150
1314561,167925,580279,229,150
1314612,167931,580306,229,150
1314662,167937,580323,229,150
1314712,167944,580347,229,150
1314763,167951,580370,229,149
1314814,167961,580387,229,150
1314866,167969,580412,229,150
1314917,167977,580424,229,150
1314968,167982,580449,229,150
1315019,167991,580461,229,150
1315074,168000,580483,229,150
1315124,168007,580516,229,150
1315175,168015,580583,229,150
1315225,168021,580655,229,150
1315276,168027,580668,229,150
1315328,168031,580697,229,150
1315378,168037,580725,229,150
1315429,168043,580745,229,150
1315480,168049,580772,229,150
1315530,168058,580785,229,150
1315580,168066,580807,229,150
1315631,168070,580829,229,150
1315687,168076,580847,229,149
1315748,168083,580866,229,150
1315798,168089,580886,229,150
1315853,168094,580920,229,150
1315903,168101,580942,229,150
1315960,168108,580952,229,150
1316011,168113,581023,229,150
1316061,168119,581042,229,150
1316117,168124,581065,229,149
1316169,168133,581084,229,150
1316219,168139,581113,229,150
1316270,168146,581134,229,150
1316320,168154,581157,229,150
1316373,168163,581175,229,150
1316423,168171,581195,229,150
1316473,168177,581219,229,150
1316523,168185,581234,229,150
1316573,168189,581266,229,150
1316631,168198,581286,229,149
1316681,168204,581308,229,150
1316732,168210,581322,229,150
1316783,168218,581340,229,150
1316834,168225,581353,229,150
1316886,168231,581370,229,150
1316938,168239,581385,229,150
1316989,168246,581411,229,150
1317040,168253,581430,229,150
1317094,168260,581451,229,150
1317145,168266,581477,229,150
1317195,168273,581496,229,150
1317250,168278,581520,229,150
1317301,168285,581540,229,150
1317352,168292,581560,229,150
1317404,168300,581633,229,149
1317455,168307,581652,229,150
1317505,168313,581672,229,150
1317555,168320,581689,229,150
1317605,168324,581711,229,150
1317655,168332,581729,229,150
1317705,168341,581746,229,149
1317755,168349,581765,229,150
1317807,168358,581787,229,150
1317857,168366,581811,229,150
1317907,168371,581831,229,150
1317961,168379,581844,229,150
1318013,168385,581874,229,150
1318064,168390,581897,229,150
1318117,168397,581915,229,150
1318167,168402,581935,229,150
1318219,168409,581958,229,150
1318269,168415,581983,229,150
1318319,168422,582000,229,150
1318373,168431,582022,229,150
1318424,168438,582046,229,150
1318475,168444,582062,229,150
1318527,168450,582087,229,150
1318577,168458,582111,229,150
1318629,168464,582136,229,150
1318680,168470,582159,229,150
1318731,168477,582187,229,150
1318781,168483,582226,229,150
1318835,168492,582244,229,149
1318885,168499,582262,229,150
1318935,168505,582288,229,150
1318985,168512,582307,229,149
1319035,168520,582379,229,150
1319087,168525,582403,229,150
1319137,168530,582431,229,150
1319187,168536,582453,229,150
1319239,168543,582477,229,150
1319291,168550,582495,229,150
1319345,168557,582512,229,147
1319397,168567,582521,229,150
1319447,168574,582545,229,150
1319501,168583,582565,229,150
1319551,168589,582593,229,150
1319602,168598,582626,229,150
1319655,168604,582651,229,150
1319706,168612,582672,229,150
1319757,168618,582692,229,150
1319807,168625,582716,229,150
1319859,168632,582736,229,150
1319909,168638,582756,229,150
1319961,168643,582781,229,150
1320012,168652,582803,229,150
1320063,168658,582875,229,150
1320113,168664,582899,229,150
1320166,168670,582920,229,149
1320217,168677,582932,229,150
1320267,168683,582962,229,150
1320317,168688,582984,229,150
1320368,168696,582999,229,150
1320419,168703,583015,229,150
1320469,168711,583033,229,150
1320520,168717,583053,229,150
1320576,168724,583078,229,150
1320628,168728,583095,229,150
1320679,168734,583119,229,149
1320731,168743,583148,229,150
1320782,168748,583178,229,150
1320832,168754,583205,229,150
1320885,168759,583236,229,150
1320936,168763,583258,229,150
1320990,168770,583286,229,150
1321040,168776,583311,229,150
1321092,168786,583336,229,150
1321144,168792,583357,229,150
1321195,168797,583381,229,150
1321247,168803,583401,229,150
1321297,168809,583421,229,150
1321349,168815,583445,229,150
1321402,168823,583461,229,150
1321452,168830,583481,229,150
1321504,168837,583503,229,150
1321556,168849,583519,229,150
1321606,168855,583539,229,150
1321657,168864,583554,229,150
1321710,168870,583572,229,150
1321760,168877,583591,229,150
1321810,168882,583619,229,150
1321860,168888,583643,229,150
1321910,168895,583659,229,150
1321961,168900,583694,229,150
1322011,168906,583719,229,150
1322061,168913,583783,229,150
1322112,168919,583807,229,150
1322163,168925,583830,229,150
1322213,168933,583851,229,150
1322264,168940,583880,229,150
1322315,168948,583901,229,150
1322366,168953,583925,229,150
1322416,168960,583952,229,150
1322466,168967,583972,229,150
1322516,168975,583996,229,150
1322568,168980,584018,229,150
1322624,168988,584028,229,150
1322675,168994,584048,229,150
1322726,169000,584074,229,150
1322779,169006,584087,229,150
1322830,169014,584113,229,150
1322880,169021,584137,229,150
1322930,169027,584160,229,150
1322981,169032,584175,229,150
1323033,169039,584193,229,150
1323085,169048,584209,229,150
1323138,169054,584225,229,150
1323188,169058,584257,229,150
1323238,169063,584285,229,150
1323291,169070,584307,229,150
1323345,169077,584327,229,150
1323395,169084,584346,229,150
1323448,169090,584379,229,150
1323498,169097,584401,229,150
1323549,169103,584425,229,150
1323599,169107,584444,229,150
1323652,169116,584466,229,150
1323702,169121,584492,229,150
1323755,169127,584511,229,150
1323805,169135,584540,229,149
1323857,169143,584560,229,150
1323907,169150,584581,229,150
1323958,169156,584597,229,150
1324013,169162,584618,229,149
1324063,169169,584642,229,150
1324114,169176,584670,229,150
1324165,169181,584696,229,150
1324215,169187,584717,229,150
1324266,169194,584740,229,150
1324316,169202,584762,229,150
1324370,169213,584777,229,149
1324420,169221,584804,229,150
1324472,169228,584835,229,150
1324524,169234,584862,229,150
1324575,169238,584881,229,150
1324626,169246,584901,229,150
1324676,169252,584923,229,150
1324726,169258,584942,229,150
1324777,169265,584959,229,150
1324830,169274,584981,229,150
1324880,169281,584998,229,150
1324931,169286,585026,229,150
1324981,169294,585054,229,150
1325032,169302,585070,229,150
1325082,169307,585097,229,150
1325133,169313,585125,229,150
1325183,169318,585146,229,150
1325233,169324,585163,229,150
1325288,169332,585184,229,149
1325338,169339,585205,229,150
1325388,169344,585234,229,150
1325439,169352,585296,229,150
1325489,169358,585312,229,150
1325540,169365,585335,229,150
1325590,169372,585353,229,150
1325640,169378,585378,229,150
1325691,169385,585408,229,150
1325746,169392,585437,229,150
1325796,169399,585462,229,150
1325846,169405,585477,229,150
1325896,169412,585513,229,150
1325946,169416,585590,229,150
1325999,169421,585611,229,150
1326049,169426,585632,229,150
1326100,169433,585653,229,150
1326150,169439,585671,229,150
1326200,169444,585686,229,150
1326252,169451,585702,229,150
1326306,169458,585725,229,150
1326356,169464,585747,229,150
1326408,169473,585756,229,150
1326459,169479,585773,229,150
1326511,169487,585792,229,150
1326561,169491,585809,229,150
1326613,169498,585828,229,150
1326664,169505,585858,229,149
1326715,169511,585879,229,149
1326765,169520,585900,229,150
1326815,169528,585927,229,150
1326866,169533,585956,229,150
1326916,169539,585971,229,150
1326966,169548,585999,229,150
1327016,169552,586023,229,150
1327066,169556,586059,229,150
1327118,169563,586072,229,150
1327168,169568,586098,229,150
1327218,169574,586118,229,150
1327269,169583,586133,229,150
1327319,169591,586155,229,150
1327370,169596,586171,229,150
1327420,169601,586193,229,150
1327470,169605,586226,229,150
1327521,169611,586256,229,150
1327571,169615,586283,229,150
1327622,169622,586311,229,150
1327672,169628,586328,229,150
1327726,169635,586353,229,149
1327776,169642,586379,229,150
1327826,169650,586397,229,150
1327880,169658,586423,229,148
1327930,169664,586442,229,150
1327981,169670,586461,229,150
1328031,169676,586481,229,150
1328081,169681,586499,229,150
1328133,169687,586519,229,150
1328186,169695,586550,229,150
1328239,169701,586571,229,150
1328293,169706,586593,229,150
1328343,169712,586617,229,150
1328394,169717,586634,229,150
1328444,169723,586652,229,150
1328494,169728,586671,229,150
1328544,169734,586697,229,150
1328595,169741,586719,229,150
1328645,169746,586747,229,150
1328695,169752,586770,229,150
1328747,169759,586789,229,150
1328797,169766,586808,229,150
1328847,169773,586842,229,150
1328897,169778,586860,229,150
1328947,169786,586878,229,150
1328999,169791,586890,229,150
1329051,169797,586910,229,150
1329101,169803,586932,229,150
1329152,169808,586954,229,150
1329202,169814,586985,229,150
1329253,169820,587009,229,150
1329305,169825,587084,229,150
1329355,169830,587111,229,150
1329406,169836,587133,229,150
1329456,169841,587154,229,150
1329506,169847,587186,229,150
1329558,169856,587202,229,150
1329608,169861,587224,229,150
1329658,169867,587255,229,150
1329708,169873,587279,229,150
1329760,169880,587302,229,150
1329812,169887,587319,229,149
1329862,169892,587349,229,150
1329914,169900,587372,229,150
1329964,169905,587396,229,150
1330015,169910,587426,229,150
1330075,169918,587444,229,149
1330129,169924,587457,229,150
1330180,169931,587469,229,150
1330233,169941,587490,229,150
1330283,169945,587516,229,150
1330333,169953,587535,229,150
1330384,169960,587562,229,150
1330434,169967,587575,229,150
1330487,169975,587600,229,150
1330539,169981,587619,229,150
1330589,169988,587644,229,150
1330641,169996,587672,229,149
1330691,170004,587694,229,150
1330741,170012,587706,229,150
1330793,170017,587728,229,150
1330844,170022,587744,229,149
1330897,170031,587763,229,150
1330948,170037,587797,229,150
1330999,170042,587817,229,150
1331050,170047,587838,229,150
1331101,170052,587870,229,150
1331151,170060,587891,229,150
1331205,170065,587929,229,150
1331255,170073,587942,229,150
1331306,170079,587959,229,150
1331357,170085,587986,229,150
1331410,170091,588006,229,150
1331461,170096,588036,229,150
1331512,170106,588060,229,150
1331564,170111,588080,229,150
1331615,170121,588092,229,150
1331667,170128,588113,229,148
1331718,170134,588128,229,150
1331772,170142,588155,229,150
1331822,170148,588173,229,150
1331872,170155,588197,229,150
1331922,170160,588217,229,150
1331972,170168,588242,229,150
1332023,170174,588259,229,150
1332073,170182,588280,229,150
1332125,170187,588304,229,149
1332178,170195,588333,229,150
1332231,170202,588352,229,150
1332283,170208,588382,229,150
1332333,170215,588403,229,150
1332386,170223,588421,229,150
1332436,170228,588453,229,150
1332486,170235,588476,229,150
1332538,170241,588499,229,150
1332590,170248,588522,229,150
1332643,170253,588545,229,150
1332693,170258,588571,229,150
1332745,170265,588586,229,150
1332797,170271,588607,229,150
1332847,170276,588633,229,150
1332898,170283,588647,229,150
1332949,170292,588675,229,150
1332999,170303,588686,229,150
1333054,170309,588712,229,150
1333105,170315,588728,229,150
1333156,170320,588752,229,150
1333208,170328,588773,229,150
1333262,170333,588792,229,150
1333315,170338,588814,229,150
1333366,170345,588844,229,150
1333418,170352,588862,229,150
1333474,170360,588886,229,150
1333526,170365,588911,229,150
1333578,170371,588941,229,150
1333630,170378,588962,229,150
1333680,170383,588994,229,150
1333731,170388,589016,229,150
1333784,170396,589035,229,149
1333835,170403,589053,229,150
1333889,170409,589075,229,149
1333939,170416,589098,229,150
1333990,170422,589129,229,150
1334041,170426,589151,229,150
1334093,170432,589178,229,150
1334143,170441,589192,229,150
1334196,170447,589217,229,150
1334247,170455,589240,229,150
1334297,170461,589268,229,150
1334349,170467,589287,229,150
1334399,170475,589312,229,150
1334450,170481,589339,229,150
1334501,170486,589367,229,150
1334552,170491,589398,229,150
1334607,170497,589430,229,149
1334660,170506,589452,229,150
1334710,170513,589484,229,150
1334763,170519,589506,229,149
1334819,170528,589523,229,150
1334869,170534,589544,229,150
1334923,170540,589568,229,150
1334974,170547,589582,229,150
1335027,170552,589619,229,150
1335082,170560,589646,229,150
1335133,170566,589669,229,150
1335191,170572,589689,229,148
1335241,170581,589706,229,150
1335291,170587,589722,229,150
1335342,170594,589749,229,150
1335392,170601,589768,229,150
1335445,170607,589787,229,150
1335498,170612,589813,229,150
1335548,170620,589831,229,150
1335599,170627,589846,229,150
1335649,170635,589859,229,150
1335699,170640,589883,229,150
1335750,170647,589903,229,150
1335805,170655,589929,229,150
1335857,170664,589945,229,150
1335911,170672,589961,229,150
1335961,170678,589987,229,150
1336011,170687,590005,229,150
1336063,170694,590019,229,150
1336113,170698,590036,229,149
1336163,170708,590049,229,150
1336217,170717,590075,229,149
1336268,170723,590097,229,150
1336324,170731,590120,229,150
1336378,170738,590152,229,150
1336430,170741,590177,229,150
1336480,170749,590201,229,149
1336531,170755,590225,229,150
1336581,170762,590247,229,150
1336631,170770,590259,229,150
1336681,170775,590288,229,150
1336732,170781,590317,229,150
1336783,170786,590337,229,150
1336834,170796,590355,229,150
1336884,170807,590376,229,150
1336935,170812,590384,229,150
1336986,170819,590409,229,150
1337036,170825,590436,229,150
1337091,170832,590464,229,150
1337142,170839,590486,229,150
1337194,170846,590510,229,150
1337244,170850,590541,229,150
1337294,170855,590567,229,149
1337345,170861,590585,229,150
1337396,170865,590607,229,150
1337447,170872,590626,229,150
1337497,170878,590652,229,150
1337547,170885,590670,229,150
1337597,170891,590703,229,150
1337648,170896,590729,229,149
1337703,170903,590747,229,149
1337753,170913,590757,229,150
1337803,170918,590777,229,148
1337853,170928,590789,229,150
1337903,170934,590816,229,150
1337954,170940,590843,229,150
1338006,170946,590872,229,150
1338056,170951,590886,229,150
1338106,170959,590909,229,150
1338156,170966,590934,229,150
1338220,170976,590955,229,149
1338270,170983,590973,229,150
1338331,170992,591000,229,149
1338381,170998,591028,229,150
1338433,171003,591049,229,150
1338486,171010,591065,229,150
1338538,171018,591089,229,150
1338589,171023,591117,229,150
1338639,171030,591138,229,150
1338689,171039,591156,229,150
1338741,171045,591174,229,150
1338792,171051,591193,229,150
1338843,171056,591226,229,150
1338896,171061,591241,229,150
1338947,171068,591269,229,150
1338997,171076,591281,229,150
1339047,171083,591311,229,150
1339097,171089,591332,229,150
1339147,171095,591350,229,150
1339200,171104,591378,229,150
1339251,171110,591397,229,150
1339302,171116,591416,229,150
1339352,171123,591446,229,150
1339402,171131,591462,229,150
1339454,171136,591485,229,150
1339507,171142,591518,229,150
1339558,171151,591534,229,150
1339617,171158,591562,229,149
1339667,171164,591585,229,150
1339722,171170,591610,229,150
1339776,171175,591630,229,150
1339827,171181,591647,229,150
1339877,171190,591661,229,150
1339927,171197,591683,229,150
1339979,171202,591705,229,150
1340031,171210,591727,229,150
1340081,171217,591749,229,150
1340134,171224,591779,229,149
1340184,171229,591797,229,150
1340238,171235,591816,229,149
1340289,171240,591839,229,150
1340340,171246,591862,229,150
1340390,171254,591879,229,150
1340440,171259,591912,229,150
1340490,171265,591938,229,150
1340540,171271,591960,229,150
1340594,171282,591977,229,150
1340645,171287,592004,229,150
1340695,171295,592018,229,150
1340748,171300,592037,229,150
1340800,171306,592048,229,150
1340850,171313,592071,229,150
1340901,171319,592086,229,150
1340954,171327,592109,229,150
1341006,171332,592134,229,150
1341056,171340,592157,229,150
1341106,171347,592178,229,150
1341156,171353,592198,229,150
1341207,171359,592216,229,150
1341257,171362,592248,229,150
1341307,171369,592269,229,150
1341357,171374,592290,229,150
1341409,171379,592308,229,150
1341463,171388,592321,229,150
1341526,171395,592337,229,147
1341579,171405,592354,229,150
1341630,171411,592372,229,150
1341683,171418,592391,229,150
1341737,171422,592412,229,150
1341790,171428,592431,229,150
1341843,171433,592451,229,150
1341894,171443,592477,229,150
1341944,171449,592496,229,150
1341994,171455,592519,229,150
1342046,171462,592542,229,150
1342096,171469,592560,229,150
1342146,171477,592577,229,150
1342196,171484,592606,229,150
1342248,171490,592627,229,150
1342300,171495,592649,229,150
1342352,171499,592677,229,150
1342402,171509,592691,229,150
1342452,171513,592714,229,150
1342502,171519,592743,229,150
1342553,171524,592771,229,150
1342604,171531,592801,229,150
1342656,171536,592827,229,150
1342710,171542,592847,229,150
1342763,171547,592878,229,150
1342817,171551,592902,229,150
1342873,171556,592928,229,150
1342925,171561,592958,229,150
1342975,171568,592980,229,150
1343025,171573,593004,229,150
1343080,171579,593030,229,150
1343132,171587,593051,229,150
1343186,171594,593064,229,150
1343237,171601,593084,229,150
1343287,171606,593119,229,150
1343337,171612,593142,229,150
1343388,171619,593165,229,150
1343449,171627,593188,229,149
1343501,171635,593207,229,150
1343551,171640,593233,229,150
1343604,171647,593252,229,150
1343655,171655,593268,229,150
1343707,171662,593293,229,150
1343758,171666,593328,229,150
1343810,171672,593349,229,150
1343860,171680,593374,229,150
1343910,171684,593404,229,150
1343965,171692,593424,229,150
1344018,171700,593445,229,149
1344069,171709,593462,229,150
1344121,171716,593497,229,149
1344171,171722,593521,229,150
1344225,171731,593529,229,150
1344275,171736,593551,229,150
1344325,171744,593571,229,150
1344375,171749,593587,229,150
1344428,171756,593602,229,150
1344480,171765,593665,229,150
1344532,171771,593698,229,150
1344584,171775,593722,229,150
1344635,171782,593739,229,150
1344685,171786,593762,229,150
1344736,171791,593792,229,150
1344786,171799,593821,229,150
1344839,171808,593826,229,150
1344890,171817,593836,229,150
1344941,171826,593861,229,150
1344993,171831,593873,229,150
1345044,171838,593889,229,150
1345095,171843,593921,229,150
1345145,171849,593941,229,150
1345195,171855,593968,229,150
1345246,171863,593990,229,150
1345296,171869,594012,229,150
1345347,171876,594034,229,150
1345400,171884,594061,229,150
1345450,171889,594087,229,150
1345501,171897,594106,229,150
1345551,171901,594123,229,150
1345604,171906,594170,229,150
1345655,171912,594200,229,150
1345708,171918,594216,229,150
1345759,171923,594246,229,150
1345811,171930,594272,229,150
1345863,171936,594297,229,150
1345913,171942,594318,229,150
1345966,171946,594352,229,150
1346016,171952,594387,229,150
1346067,171957,594404,229,150
1346117,171965,594426,229,150
1346169,171972,594441,229,150
1346220,171978,594461,229,150
1346271,171983,594480,229,150
1346322,171991,594497,229,150
1346372,172000,594517,229,150
1346425,172009,594548,229,150
1346476,172013,594569,229,150
1346533,172022,594581,229,150
1346583,172029,594603,229,150
1346634,172035,594625,229,150
1346684,172042,594651,229,150
1346735,172049,594671,229,150
1346790,172059,594691,229,150
1346842,172063,594714,229,150
1346893,172071,594736,229,150
1346944,172077,594754,229,150
1346994,172083,594776,229,150
1347047,172091,594789,229,150
1347101,172097,594811,229,150
1347153,172102,594834,229,150
1347206,172108,594865,229,149
1347256,172115,594887,229,150
1347308,172120,594909,229,150
1347360,172127,594925,229,150
1347410,172134,594945,229,150
1347460,172138,594970,229,150
1347510,172144,594996,229,150
1347562,172148,595018,229,150
1347612,172153,595040,229,150
1347662,172160,595062,229,150
1347713,172167,595091,229,150
1347763,172173,595106,229,150
1347816,172180,595121,229,147
1347866,172190,595132,229,150
1347916,172198,595161,229,150
1347967,172205,595183,229,150
1348017,172209,595216,229,150
1348068,172216,595240,229,150
1348118,172220,595266,229,150
1348168,172226,595286,229,150
1348221,172231,595310,229,150
1348271,172237,595330,229,150
1348327,172241,595352,229,148
1348377,172248,595375,229,150
1348427,172254,595401,229,150
1348480,172263,595421,229,150
1348530,172269,595438,229,150
1348582,172277,595459,229,150
1348634,172283,595477,229,150
1348688,172290,595502,229,149
1348739,172297,595518,229,150
1348789,172303,595549,229,150
1348840,172311,595575,229,150
1348897,172316,595598,229,150
1348948,172323,595625,229,149
1348998,172331,595647,229,150
1349050,172339,595660,229,150
1349106,172344,595678,229,150
1349156,172352,595695,229,150
1349210,172361,595721,229,150
1349264,172370,595739,229,150
1349314,172377,595760,229,150
1349367,172385,595782,229,150
1349417,172390,595811,229,150
1349470,172395,595836,229,150
1349521,172401,595859,229,149
1349576,172411,595871,229,150
1349629,172417,595888,229,150
1349681,172424,595902,229,150
1349733,172431,595929,229,150
1349785,172438,595946,229,150
1349837,172444,595965,229,150
1349889,172449,595988,229,150
1349940,172456,596011,229,150
1349990,172463,596039,229,150
1350045,172469,596068,229,150
1350096,172475,596091,229,150
1350147,172481,596113,229,150
1350198,172487,596143,229,150
1350248,172494,596162,229,150
1350298,172498,596180,229,150
1350349,172504,596199,229,150
1350399,172509,596229,229,150
1350449,172515,596261,229,150
1350501,172523,596274,229,150
1350551,172531,596291,229,150
1350602,172537,596310,229,150
1350653,172541,596331,229,149
1350703,172548,596353,229,150
1350753,172554,596373,229,150
1350804,172559,596396,229,150
1350854,172566,596422,229,150
1350906,172576,596437,229,150
1350960,172582,596461,229,150
1351014,172589,596481,229,150
1351065,172595,596503,229,150
1351119,172601,596532,229,150
1351170,172606,596552,229,149
1351220,172613,596574,229,150
1351272,172620,596598,229,150
1351324,172627,596621,229,150
1351374,172634,596645,229,149
1351424,172641,596668,229,150
1351477,172647,596687,229,150
1351527,172653,596707,229,150
1351577,172658,596731,229,150
1351628,172663,596746,229,150
1351678,172670,596766,229,150
1351728,172677,596781,229,150
1351778,172683,596805,229,150
1351829,172690,596826,229,150
1351880,172695,596839,229,150
1351930,172702,596854,229,150
1351980,172709,596871,229,150
1352034,172718,596898,229,150
1352084,172723,596917,229,150
1352134,172730,596939,229,150
1352184,172738,596959,229,150
1352235,172746,596979,229,150
1352287,172752,597001,229,150
1352338,172758,597027,229,150
1352388,172764,597046,229,150
1352438,172773,597074,229,150
1352489,172777,597100,229,150
1352539,172784,597125,229,150
1352590,172790,597145,229,150
1352640,172797,597170,229,150
1352690,172803,597193,229,150
1352740,172809,597221,229,150
1352795,172815,597245,229,150
1352845,172820,597274,229,150
1352895,172826,597295,229,150
1352946,172831,597329,229,150
1353006,172840,597352,229,150
1353057,172848,597363,229,150
1353108,172853,597392,229,150
1353160,172859,597422,229,150
1353212,172864,597461,229,150
1353262,172872,597485,229,150
1353312,172878,597497,229,150
1353364,172883,597506,229,148
1353414,172889,597525,229,150
1353465,172897,597549,229,150
1353517,172906,597557,229,149
1353569,172913,597577,229,150
1353620,172918,597607,229,150
1353670,172923,597623,229,150
1353723,172931,597638,229,150
1353776,172936,597672,229,150
1353827,172940,597693,229,150
1353878,172947,597713,229,150
1353929,172952,597739,229,150
1353979,172958,597758,229,150
1354031,172967,597778,229,150
1354083,172973,597811,229,150
1354133,172980,597824,229,149
1354184,172988,597842,229,150
1354234,172995,597859,229,150
1354289,173000,597878,229,150
1354339,173006,597898,229,150
1354389,173012,597914,229,150
1354439,173020,597939,229,150
1354493,173027,597954,229,150
1354543,173034,597975,229,150
1354593,173043,597993,229,150
1354649,173051,598016,229,149
1354699,173056,598034,229,150
1354749,173063,598057,229,150
1354804,173068,598071,229,150
1354857,173073,598090,229,150
1354910,173079,598116,229,150
1354960,173085,598141,229,150
1355013,173094,598156,229,150
1355063,173102,598176,229,150
1355118,173107,598194,229,150
1355170,173115,598214,229,150
1355223,173120,598240,229,150
1355273,173128,598258,229,150
1355324,173133,598283,229,150
1355374,173140,598303,229,150
1355426,173146,598321,229,150
1355477,173153,598342,229,150
1355530,173159,598362,229,150
1355580,173167,598375,229,150
1355633,173176,598391,229,150
1355685,173184,598416,229,150
1355735,173191,598436,229,150
1355787,173198,598458,229,150
1355837,173205,598480,229,150
1355887,173210,598507,229,150
1355938,173218,598525,229,150
1355990,173224,598548,229,150
1356040,173229,598568,229,150
1356092,173237,598586,229,150
1356142,173243,598608,229,150
1356193,173247,598632,229,150
1356244,173253,598651,229,150
1356294,173259,598686,229,150
1356348,173268,598723,229,150
1356399,173276,598743,229,150
1356449,173283,598763,229,150
1356500,173290,598791,229,150
1356553,173297,598806,229,150
1356606,173302,598825,229,150
1356662,173307,598844,229,150
1356713,173312,598862,229,150
1356765,173319,598884,229,150
1356816,173323,598913,229,150
1356867,173332,598946,229,150
1356919,173338,598967,229,150
1356970,173345,598990,229,150
1357021,173351,599004,229,150
1357072,173361,599027,229,149
1357123,173370,599036,229,150
1357173,173377,599069,229,150
1357226,173383,599082,229,150
1357276,173389,599103,229,150
1357326,173396,599119,229,150
1357376,173402,599138,229,148
1357426,173411,599158,229,150
1357477,173419,599182,229,150
1357527,173424,599203,229,150
1357578,173428,599224,229,150
1357629,173436,599248,229,150
1357679,173441,599274,229,150
1357730,173451,599289,229,150
1357781,173457,599308,229,150
1357831,173464,599331,229,150
1357881,173470,599355,229,150
1357932,173476,599376,229,150
1357982,173482,599404,229,150
1358033,173487,599421,229,150
1358084,173495,599441,229,150
1358136,173501,599459,229,150
1358186,173507,599483,229,150
1358237,173514,599510,229,150
1358293,173519,599541,229,150
1358343,173524,599568,229,150
1358394,173531,599589,229,150
1358446,173541,599605,229,150
1358497,173546,599683,229,150
1358548,173553,599700,229,150
1358598,173560,599718,229,150
1358649,173567,599749,229,150
1358701,173574,599788,229,150
1358754,173580,599810,229,150
1358804,173585,599829,229,150
1358854,173592,599854,229,150
1358914,173598,599876,229,150
1358964,173605,599902,229,150
1359014,173611,599930,229,150
1359065,173617,599948,229,150
1359115,173623,599966,229,150
1359171,173630,600000,229,150
1359224,173637,600020,229,149
1359277,173644,600038,229,150
1359327,173649,600066,229,150
1359377,173656,600076,229,150
1359427,173661,600095,229,150
1359481,173668,600123,229,150
1359535,173674,600147,229,150
1359585,173681,600163,229,150
1359639,173689,600181,229,149
1359689,173696,600203,229,150
1359740,173702,600221,229,150
1359791,173709,600237,229,150
1359842,173712,600275,229,150
1359893,173719,600294,229,150
1359943,173725,600313,229,150
1359995,173733,600336,229,150
1360045,173737,600363,229,150
1360095,173742,600391,229,150
1360149,173751,600424,229,150
1360199,173758,600449,229,150
1360254,173765,600467,229,150
1360309,173770,600491,229,150
1360362,173775,600513,229,150
1360412,173781,600543,229,150
1360462,173787,600565,229,150
1360513,173794,600587,229,150
1360564,173799,600609,229,150
1360615,173807,600620,229,150
1360665,173814,600647,229,150
1360715,173819,600666,229,150
1360765,173826,600695,229,150
1360816,173836,600712,229,150
1360866,173842,600728,229,150
1360916,173850,600752,229,150
1360966,173857,600773,229,150
1361017,173862,600793,229,150
1361067,173865,600818,229,150
1361117,173872,600846,229,150
1361168,173879,600865,229,150
1361218,173886,600891,229,150
1361268,173891,600917,229,150
1361318,173899,600939,229,150
1361370,173904,600962,229,150
1361420,173910,600979,229,150
1361471,173917,601006,229,150
1361525,173922,601029,229,150
1361576,173930,601050,229,150
1361626,173938,601064,229,150
1361680,173949,601080,229,150
1361730,173955,601102,229,150
1361782,173962,601122,229,150
1361832,173971,601137,229,150
1361882,173978,601161,229,150
1361932,173984,601187,229,150
1361982,173991,601215,229,150
1362041,173999,601234,229,149
1362091,174009,601240,229,150
1362141,174015,601267,229,150
1362191,174023,601297,229,150
1362242,174031,601316,229,150
1362296,174038,601341,229,150
1362346,174044,601364,229,150
1362400,174049,601375,229,150
1362450,174055,601399,229,150
1362501,174063,601419,229,150
1362552,174070,601444,229,150
1362602,174075,601466,229,150
1362652,174083,601495,229,150
1362702,174090,601509,229,150
1362752,174098,601539,229,148
1362804,174106,601565,229,150
1362856,174111,601598,229,150
1362908,174117,601621,229,150
1362958,174124,601644,229,150
1363010,174130,601676,229,150
1363067,174137,601697,229,150
1363117,174145,601715,229,150
1363167,174151,601745,229,150
1363217,174155,601771,229,150
1363271,174163,601790,229,150
1363322,174170,601814,229,150
1363372,174176,601829,229,150
1363426,174181,601856,229,150
1363477,174187,601875,229,150
1363527,174196,601895,229,150
1363578,174203,601916,229,150
1363630,174211,601929,229,150
1363681,174218,601945,229,150
1363731,174225,601959,229,150
1363783,174232,601985,229,150
1363847,174238,602005,229,150
1363897,174247,602016,229,149
1363947,174257,602027,229,150
1363998,174264,602042,229,150
1364048,174270,602070,229,150
1364099,174277,602089,229,150
1364150,174283,602112,229,150
1364204,174292,602128,229,150
1364257,174300,602156,229,150
1364307,174304,602169,229,150
1364361,174311,602187,229,150
1364411,174317,602209,229,150
1364461,174324,602235,229,150
1364513,174332,602255,229,149
1364563,174339,602281,229,150
1364614,174345,602301,229,150
1364666,174350,602324,229,149
1364717,174358,602341,229,150
1364767,174365,602402,229,150
1364817,174370,602426,229,150
1364867,174377,602450,229,150
1364918,174382,602475,229,150
1364970,174388,602493,229,150
1365021,174393,602520,229,150
1365073,174397,602539,229,150
1365123,174405,602558,229,150
1365173,174410,602583,229,150
1365223,174417,602605,229,150
1365274,174427,602623,229,150
1365324,174433,602646,229,150
1365375,174444,602661,229,150
1365426,174450,602684,229,150
1365476,174457,602707,229,150
1365527,174465,602731,229,150
1365577,174471,602762,229,150
1365628,174475,602794,229,150
1365678,174481,602810,229,150
1365731,174490,602828,229,150
1365785,174495,602848,229,150
1365835,174501,602866,229,150
1365885,174509,602896,229,150
1365935,174516,602932,229,150
1365985,174522,602953,229,150
1366036,174529,602976,229,150
1366088,174535,603004,229,150
1366138,174541,603024,229,150
1366188,174549,603040,229,150
1366239,174554,603066,229,150
1366289,174561,603099,229,150
1366342,174567,603126,229,150
1366393,174575,603152,229,150
1366443,174582,603183,229,150
1366494,174588,603205,229,150
1366546,174595,603226,229,150
1366596,174604,603247,229,150
1366648,174610,603269,229,149
1366698,174616,603289,229,150
1366748,174623,603328,229,150
1366798,174628,603345,229,150
1366850,174633,603359,229,150
1366901,174638,603391,229,150
1366955,174647,603410,229,149
1367007,174656,603439,229,150
1367057,174662,603456,229,150
1367107,174669,603474,229,150
1367157,174676,603507,229,150
1367207,174681,603535,229,150
1367258,174687,603550,229,150
1367308,174696,603570,229,150
1367358,174704,603590,229,150
1367409,174710,603615,229,150
1367459,174716,603642,229,150
1367510,174722,603663,229,150
1367561,174730,603688,229,150
1367616,174736,603719,229,150
1367667,174743,603734,229,150
1367717,174750,603757,229,150
1367767,174756,603777,229,150
1367818,174762,603802,229,150
1367872,174769,603822,229,150
1367922,174774,603840,229,150
1367974,174779,603865,229,150
1368024,174784,603893,229,150
1368081,174791,603913,229,150
1368133,174799,603935,229,150
1368184,174810,603947,229,150
1368234,174816,603966,229,150
1368284,174824,603991,229,150
1368341,174830,604009,229,149
1368391,174835,604025,229,150
1368443,174844,604048,229,150
1368493,174851,604070,229,150
1368544,174860,604086,229,150
1368594,174868,604108,229,150
1368644,174873,604131,229,150
1368694,174878,604154,229,150
1368745,174887,604179,229,150
1368796,174894,604197,229,150
1368847,174898,604216,229,150
1368898,174906,604238,229,150
1368948,174915,604261,229,150
1368999,174922,604271,229,150
1369049,174929,604287,229,150
1369104,174936,604296,229,149
1369156,174944,604309,229,149
1369207,174952,604326,229,150
1369259,174959,604341,229,150
1369309,174967,604363,229,150
1369359,174975,604377,229,150
1369411,174981,604397,229,150
1369461,174986,604420,229,150
1369514,174993,604428,229,149
1369564,175001,604446,229,150
1369614,175007,604462,229,150
1369665,175014,604489,229,150
1369717,175018,604512,229,148
1369768,175027,604534,229,150
1369818,175032,604559,229,150
1369869,175040,604575,229,150
1369920,175049,604592,229,150
1369970,175055,604615,229,150
1370020,175062,604637,229,150
1370070,175067,604666,229,150
1370120,175071,604689,229,150
1370175,175079,604709,229,150
1370226,175085,604727,229,148
1370276,175092,604756,229,150
1370326,175100,604779,229,150
1370377,175105,604801,229,150
1370428,175109,604822,229,150
1370481,175115,604840,229,150
1370531,175123,604858,229,150
1370582,175129,604877,229,150
1370634,175135,604898,229,150
1370684,175141,604922,229,150
1370734,175146,604950,229,150
1370784,175152,604975,229,150
1370845,175159,604994,229,149
1370896,175167,605016,229,150
1370946,175174,605033,229,150
1370998,175180,605058,229,150
1371053,175187,605087,229,150
1371106,175192,605110,229,150
1371156,175197,605133,229,150
1371207,175205,605155,229,150
1371257,175211,605186,229,150
1371307,175215,605208,229,150
1371361,175220,605230,229,150
1371414,175229,605256,229,150
1371466,175237,605275,229,150
1371520,175243,605299,229,150
1371570,175250,605318,229,150
1371620,175258,605337,229,150
1371670,175263,605366,229,150
1371721,175271,605384,229,150
1371771,175277,605406,229,150
1371822,175284,605424,229,150
1371877,175291,605443,229,150
1371928,175297,605466,229,150
1371980,175304,605480,229,150
1372030,175310,605511,229,150
1372080,175317,605533,229,150
1372136,175324,605558,229,150
1372187,175329,605575,229,149
1372238,175338,605596,229,150
1372288,175346,605619,229,150
1372339,175352,605637,229,150
1372389,175359,605671,229,150
1372439,175366,605693,229,150
1372489,175370,605715,229,150
1372539,175374,605737,229,150
1372593,175380,605748,229,149
1372644,175388,605775,229,150
1372695,175395,605804,229,150
1372749,175402,605826,229,150
1372799,175409,605851,229,150
1372849,175414,605874,229,150
1372900,175419,605893,229,150
1372950,175426,605916,229,150
1373000,175432,605943,229,150
1373052,175438,605957,229,150
1373102,175445,605983,229,150
1373152,175452,606008,229,150
1373203,175460,606029,229,150
1373253,175464,606051,229,150
1373303,175470,606081,229,150
1373353,175476,606104,229,150
1373403,175481,606139,229,150
1373453,175488,606167,229,150
1373503,175494,606202,229,150
1373553,175500,606227,229,150
1373606,175507,606238,229,149
1373659,175513,606255,229,150
1373709,175521,606279,229,150
1373760,175525,606307,229,150
1373810,175532,606332,229,150
1373861,175541,606351,229,150
1373912,175547,606366,229,150
1373963,175552,606391,229,150
1374014,175561,606466,229,150
1374064,175567,606494,229,150
1374115,175572,606516,229,150
1374166,175578,606541,229,150
1374218,175586,606562,229,150
1374269,175592,606583,229,150
1374320,175597,606609,229,150
1374371,175605,606626,229,150
1374421,175611,606646,229,150
1374474,175621,606666,229,150
1374527,175626,606692,229,150
1374578,175632,606714,229,150
1374629,175637,606736,229,150
1374679,175644,606749,229,150
1374729,175651,606778,229,150
1374782,175658,606789,229,150
1374833,175667,606800,229,150
1374883,175674,606818,229,150
1374934,175681,606844,229,150
1374984,175687,606867,229,150
1375034,175696,606886,229,150
1375085,175700,606917,229,150
1375137,175705,606946,229,150
1375187,175712,606973,229,150
1375237,175718,606997,229,150
1375291,175726,607032,229,150
1375344,175731,607069,229,150
1375401,175737,607086,229,150
1375451,175743,607093,229,150
1375501,175750,607107,229,150
1375552,175758,607130,229,149
1375603,175765,607146,229,150
1375654,175772,607180,229,150
1375707,175779,607195,229,150
1375764,175785,607226,229,149
1375818,175792,607245,229,150
1375868,175800,607268,229,150
1375918,175807,607286,229,150
1375969,175812,607309,229,150
1376020,175818,607333,229,150
1376070,175824,607351,229,150
1376126,175833,607376,229,150
1376177,175843,607398,229,150
1376227,175850,607416,229,150
1376280,175856,607448,229,149
1376331,175863,607462,229,150
1376383,175870,607485,229,150
1376438,175879,607501,229,150
1376490,175885,607523,229,150
1376540,175891,607542,229,150
1376590,175897,607558,229,150
1376642,175904,607573,229,150
1376694,175909,607592,229,150
1376746,175916,607611,229,148
1376796,175925,607629,229,150
1376846,175930,607646,229,150
1376900,175937,607667,229,150
1376955,175944,607692,229,150
1377005,175949,607718,229,150
1377058,175955,607752,229,150
1377108,175959,607782,229,150
1377163,175966,607793,229,149
1377214,175972,607815,229,150
1377268,175978,607828,229,150
1377319,175984,607847,229,150
1377369,175991,607864,229,150
1377421,175996,607886,229,150
1377471,176003,607906,229,150
1377526,176009,607927,229,150
1377576,176016,607950,229,150
1377631,176021,607972,229,150
1377682,176030,607987,229,149
1377732,176037,608015,229,150
1377784,176046,608038,229,150
1377834,176050,608069,229,150
1377886,176055,608089,229,150
1377938,176062,608109,229,150
1377990,176068,608138,229,150
1378040,176073,608160,229,150
1378090,176078,608188,229,150
1378145,176085,608211,229,150
1378196,176089,608238,229,150
1378248,176095,608263,229,150
1378300,176100,608289,229,149
1378350,176108,608310,229,150
1378402,176116,608332,229,150
1378453,176121,608351,229,150
1378506,176127,608366,229,150
1378557,176135,608383,229,150
1378608,176140,608411,229,150
1378660,176147,608433,229,150
1378714,176154,608446,229,150
1378765,176161,608467,229,150
1378815,176168,608485,229,150
1378866,176174,608505,229,150
1378918,176183,608574,229,150
1378970,176190,608596,229,150
1379020,176196,608612,229,150
1379071,176202,608629,229,150
1379121,176207,608658,229,150
1379173,176215,608678,229,150
1379228,176222,608694,229,150
1379281,176229,608709,229,149
1379333,176238,608723,229,150
1379384,176244,608744,229,150
1379434,176250,608767,229,150
1379485,176255,608792,229,150
1379535,176263,608816,229,150
1379586,176271,608843,229,150
1379637,176277,608872,229,150
1379689,176282,608903,229,150
1379740,176289,608919,229,150
1379792,176297,608943,229,150
1379842,176304,608960,229,150
1379892,176312,608983,229,150
1379943,176316,609003,229,150
1379993,176322,609034,229,150
1380063,176330,609054,229,148
1380113,176338,609075,229,150
1380163,176344,609099,229,150
1380214,176353,609114,229,150
1380267,176359,609134,229,150
1380317,176365,609157,229,150
1380367,176372,609180,229,150
1380418,176379,609205,229,150
1380471,176387,609224,229,150
1380521,176391,609260,229,150
1380575,176397,609279,229,150
1380626,176405,609295,229,150
1380678,176409,609324,229,150
1380730,176418,609345,229,150
1380781,176426,609373,229,150
1380831,176431,609392,229,150
1380882,176436,609414,229,150
1380933,176441,609428,229,150
1380985,176447,609444,229,150
1381035,176453,609460,229,150
1381085,176458,609477,229,150
1381135,176465,609501,229,150
1381188,176471,609526,229,150
1381238,176478,609540,229,150
1381294,176484,609570,229,149
1381344,176491,609591,229,150
1381394,176495,609621,229,150
1381445,176503,609638,229,150
1381497,176510,609656,229,150
1381547,176517,609669,229,150
1381598,176524,609692,229,149
1381651,176532,609706,229,149
1381702,176540,609722,229,150
1381752,176544,609754,229,150
1381806,176550,609772,229,150
1381857,176558,609789,229,150
1381908,176566,609816,229,150
1381958,176573,609837,229,150
1382008,176581,609870,229,150
1382059,176588,609893,229,150
1382109,176594,609920,229,150
1382164,176602,609940,229,149
1382215,176611,609962,229,150
1382266,176617,609980,229,150
1382321,176625,609998,229,150
1382372,176631,610011,229,150
1382422,176637,610032,229,150
1382472,176645,610051,229,150
1382522,176651,610091,229,150
1382572,176658,610109,229,150
1382622,176664,610130,229,150
1382672,176670,610151,229,150
1382725,176679,610171,229,150
1382777,176687,610201,229,150
1382834,176693,610224,229,150
1382884,176698,610249,229,150
1382934,176707,610279,229,150
1382987,176713,610303,229,150
1383039,176721,610328,229,150
1383090,176728,610348,229,150
1383140,176736,610374,229,150
1383191,176743,610386,229,149
1383241,176751,610407,229,150
1383291,176757,610431,229,150
1383342,176767,610445,229,150
1383392,176773,610476,229,150
1383442,176778,610503,229,150
1383492,176786,610518,229,150
1383545,176792,610541,229,150
1383595,176798,610568,229,150
1383646,176804,610589,229,150
1383696,176808,610610,229,150
1383748,176816,610630,229,150
1383799,176824,610658,229,150
1383850,176829,610674,229,150
1383904,176835,610689,229,150
1383954,176842,610715,229,150
1384004,176848,610736,229,150
1384054,176853,610767,229,150
1384104,176860,610787,229,150
1384154,176865,610809,229,150
1384204,176871,610830,229,150
1384255,176877,610858,229,150
1384306,176887,610875,229,150
1384358,176892,610893,229,150
1384409,176899,610919,229,150
1384461,176907,610930,229,150
1384513,176914,610948,229,150
1384566,176922,610964,229,150
1384618,176930,610984,229,150
1384669,176934,611002,229,150
1384721,176940,611022,229,150
1384772,176946,611045,229,150
1384822,176954,611066,229,150
1384873,176959,611095,229,150
1384923,176966,611113,229,150
1384976,176972,611146,229,150
1385030,176976,611167,229,150
1385080,176982,611184,229,150
1385131,176988,611209,229,150
1385181,176993,611235,229,150
1385231,176998,611259,229,150
1385282,177005,611273,229,150
1385333,177012,611292,229,150
1385384,177019,611313,229,150
1385434,177024,611338,229,150
1385485,177032,611362,229,150
1385538,177039,611372,229,150
1385592,177046,611398,229,150
1385645,177052,611414,229,150
1385696,177056,611443,229,150
1385746,177062,611472,229,150
1385796,177068,611496,229,150
1385846,177077,611512,229,150
1385898,177083,611532,229,150
1385950,177089,611557,229,150
1386000,177097,611575,229,150
1386050,177104,611593,229,150
1386106,177112,611616,229,150
1386161,177118,611646,229,150
1386211,177126,611665,229,150
1386262,177133,611693,229,150
1386312,177139,611719,229,150
1386362,177145,611745,229,150
1386413,177153,611766,229,150
1386463,177157,611790,229,150
1386513,177164,611812,229,150
1386564,177171,611828,229,150
1386614,177175,611846,229,150
1386664,177181,611873,229,150
1386714,177189,611892,229,150
1386764,177195,611904,229,150
1386814,177202,611930,229,150
1386864,177206,611960,229,150
1386915,177213,611982,229,150
1386966,177219,612001,229,150
1387016,177222,612017,229,150
1387066,177229,612039,229,150
1387117,177235,612062,229,150
1387170,177242,612093,229,150
1387223,177248,612116,229,150
1387276,177257,612136,229,150
1387328,177264,612165,229,150
1387383,177273,612192,229,150
1387434,177279,612213,229,150
1387484,177285,612232,229,150
1387535,177291,612254,229,150
1387587,177302,612271,229,150
1387638,177307,612296,229,150
1387688,177314,612310,229,149
1387739,177321,612325,229,150
1387789,177326,612350,229,150
1387840,177331,612375,229,150
1387890,177339,612399,229,150
1387940,177345,612416,229,150
1387990,177351,612435,229,150
1388040,177357,612456,229,150
1388091,177362,612479,229,150
1388141,177367,612504,229,150
1388192,177375,612533,229,150
1388245,177379,612567,229,150
1388295,177388,612580,229,150
1388348,177394,612603,229,150
1388401,177398,612619,229,150
1388455,177406,612640,229,150
1388505,177412,612663,229,150
1388556,177418,612676,229,150
1388613,177424,612695,229,150
1388667,177431,612727,229,150
1388717,177437,612753,229,150
1388767,177445,612766,229,150
1388819,177451,612803,229,150
1388869,177458,612829,229,150
1388919,177462,612849,229,150
1388970,177469,612880,229,150
1389021,177476,612900,229,150
1389071,177482,612918,229,150
1389121,177487,612944,229,150
1389171,177495,612965,229,150
1389221,177500,612986,229,150
1389271,177505,613003,229,150
1389322,177511,613023,229,150
1389372,177520,613045,229,150
1389425,177527,613125,229,150
1389480,177537,613137,229,150
1389533,177543,613161,229,150
1389589,177549,613182,229,149
1389639,177556,613203,229,150
1389689,177563,613225,229,150
1389739,177571,613251,229,150
1389789,177576,613281,229,150
1389840,177585,613292,229,150
1389890,177594,613317,229,150
1389940,177599,613342,229,150
1389993,177607,613357,229,150
1390045,177612,613383,229,150
1390100,177620,613414,229,150
1390151,177625,613436,229,150
1390203,177633,613453,229,150
1390254,177637,613477,229,150
1390305,177646,613495,229,150
1390355,177654,613519,229,150
1390405,177660,613545,229,150
1390455,177668,613558,229,150
1390508,177675,613581,229,150
1390558,177683,613657,229,150
1390612,177688,613675,229,150
1390663,177695,613687,229,150
1390713,177700,613758,229,150
1390765,177706,613785,229,150
1390819,177711,613817,229,150
1390870,177716,613836,229,150
1390921,177723,613855,229,150
1390971,177732,613878,229,150
1391022,177742,613900,229,150
1391073,177750,613922,229,150
1391127,177757,613928,229,150
1391177,177766,613943,229,149
1391229,177771,613972,229,150
1391281,177781,613985,229,150
1391337,177789,614001,229,150
1391389,177796,614018,229,149
1391441,177803,614037,229,150
1391495,177812,614057,229,150
1391545,177819,614073,229,149
1391598,177824,614090,229,150
1391648,177833,614120,229,150
1391700,177841,614155,229,150
1391755,177847,614177,229,150
1391806,177854,614200,229,150
1391862,177864,614234,229,150
1391912,177870,614253,229,150
1391962,177876,614281,229,150
1392015,177883,614298,229,149
1392066,177888,614319,229,150
1392117,177894,614393,229,150
1392167,177901,614409,229,149
1392217,177910,614430,229,150
1392269,177914,614458,229,150
1392319,177919,614474,229,150
1392373,177927,614504,229,150
1392424,177931,614528,229,150
1392475,177938,614552,229,150
1392529,177943,614569,229,150
1392582,177948,614596,229,150
1392633,177955,614618,229,150
1392683,177965,614642,229,150
1392733,177971,614662,229,150
1392783,177976,614696,229,150
1392833,177982,614714,229,148
1392884,177991,614739,229,150
1392934,177998,614753,229,150
1392985,178002,614770,229,150
1393036,178007,614787,229,150
1393086,178012,614810,229,150
1393138,178018,614836,229,150
1393189,178026,614852,229,150
1393239,178034,614880,229,150
1393289,178040,614905,229,150
1393339,178046,614923,229,150
1393389,178051,614959,229,150
1393440,178057,614979,229,150
1393490,178065,614995,229,150
1393540,178070,615024,229,150
1393590,178076,615047,229,150
1393641,178084,615071,229,150
1393691,178091,615087,229,150
1393742,178097,615109,229,150
1393792,178102,615127,229,150
1393845,178109,615155,229,150
1393896,178117,615187,229,150
1393946,178127,615215,229,150
1393996,178133,615238,229,150
1394047,178139,615261,229,150
1394098,178146,615280,229,150
1394149,178152,615293,229,150
1394202,178158,615302,229,150
1394252,178163,615327,229,150
1394306,178171,615342,229,150
1394357,178178,615371,229,150
1394407,178183,615395,229,150
1394457,178189,615423,229,150
1394508,178196,615447,229,150
1394562,178202,615477,229,150
1394616,178208,615505,229,150
1394666,178215,615523,229,150
1394717,178221,615549,229,150
1394768,178228,615579,229,150
1394820,178236,615610,229,150
1394875,178243,615632,229,150
1394928,178250,615647,229,150
1394981,178257,615668,229,150
1395031,178267,615686,229,150
1395081,178275,615707,229,150
1395132,178280,615723,229,150
1395182,178287,615752,229,150
1395232,178292,615773,229,150
1395286,178299,615798,229,150
1395336,178306,615820,229,150
1395388,178311,615841,229,150
1395438,178319,615852,229,150
1395492,178328,615867,229,150
1395542,178333,615883,229,147
1395593,178342,615900,229,150
1395651,178347,615918,229,150
1395702,178353,615939,229,150
1395753,178358,615971,229,149
1395803,178365,615988,229,150
1395856,178371,616019,229,150
1395906,178380,616036,229,150
1395956,178388,616056,229,150
1396006,178393,616081,229,150
1396056,178399,616107,229,150
1396106,178403,616130,229,150
1396156,178411,616148,229,150
1396215,178419,616169,229,150
1396266,178425,616196,229,150
1396317,178431,616226,229,150
1396369,178440,616246,229,150
1396420,178445,616267,229,150
1396472,178449,616288,229,148
1396522,178457,616302,229,150
1396572,178463,616314,229,150
1396622,178471,616326,229,150
1396675,178478,616347,229,150
1396725,178484,616368,229,150
1396780,178488,616389,229,150
1396831,178493,616420,229,150
1396884,178500,616438,229,150
1396935,178505,616466,229,150
1396989,178510,616481,229,150
1397039,178517,616501,229,150
1397089,178522,616523,229,150
1397139,178528,616548,229,150
1397190,178537,616562,229,150
1397241,178543,616582,229,150
1397291,178549,616612,229,150
1397341,178560,616625,229,150
1397391,178566,616641,229,150
1397441,178572,616655,229,150
1397495,178582,616670,229,150
1397545,178587,616704,229,150
1397596,178594,616724,229,150
1397646,178601,616750,229,150
1397696,178609,616772,229,150
1397747,178616,616791,229,150
1397799,178620,616814,229,150
1397851,178624,616841,229,150
1397901,178632,616865,229,150
1397955,178636,616886,229,150
1398006,178645,616905,229,150
1398057,178654,616932,229,150
1398108,178660,616954,229,150
1398161,178666,616979,229,150
1398212,178672,616997,229,150
1398262,178679,617018,229,149
1398312,178685,617034,229,150
1398362,178691,617056,229,150
1398417,178697,617084,229,150
1398468,178705,617103,229,150
1398524,178711,617129,229,150
1398575,178717,617144,229,150
1398627,178726,617161,229,150
1398680,178730,617190,229,150
1398730,178741,617209,229,150
1398780,178748,617227,229,150
1398830,178756,617249,229,150
1398880,178766,617264,229,150
1398932,178770,617289,229,150
1398982,178776,617314,229,150
1399034,178781,617336,229,150
1399085,178787,617362,229,149
1399138,178794,617373,229,149
1399188,178803,617398,229,150
1399238,178809,617414,229,150
1399288,178817,617433,229,150
1399338,178823,617451,229,150
1399390,178828,617467,229,150
1399440,178833,617490,229,150
1399491,178838,617516,229,150
1399541,178845,617534,229,150
1399592,178851,617551,229,150
1399642,178857,617585,229,150
1399692,178862,617603,229,150
1399742,178867,617710,229,150
1399795,178873,617741,229,150
1399846,178882,617757,229,150
1399896,178887,617784,229,150
1399946,178895,617810,229,150
1399997,178900,617827,229,149
1400048,178906,617843,229,150
1400099,178914,617866,229,150
1400150,178922,617883,229,150
1400208,178928,617948,229,147
1400260,178937,617964,229,149
1400315,178944,617985,229,150
1400365,178952,618009,229,150
1400419,178958,618029,229,150
1400471,178965,618047,229,150
1400522,178975,618086,229,150
1400572,178980,618117,229,150
1400622,178985,618146,229,150
1400672,178992,618153,229,149
1400723,178996,618172,229,150
1400776,179004,618197,229,150
1400827,179010,618213,229,150
1400878,179015,618233,229,150
1400931,179021,618262,229,150
1400982,179027,618289,229,150
1401033,179033,618315,229,150
1401083,179041,618332,229,150
1401133,179047,618342,229,150
1401184,179052,618366,229,150
1401234,179057,618385,229,149
1401286,179063,618411,229,150
1401337,179071,618435,229,150
1401389,179081,618454,229,150
1401443,179086,618478,229,150
1401493,179094,618502,229,150
1401544,179101,618523,229,150
1401594,179106,618535,229,150
1401644,179113,618549,229,150
1401695,179119,618568,229,150
1401746,179124,618614,229,150
1401796,179131,618631,229,150
1401846,179138,618657,229,150
1401897,179145,618683,229,150
1401947,179150,618694,229,150
1401998,179154,618723,229,150
1402049,179164,618748,229,150
1402100,179170,618769,229,150
1402151,179175,618802,229,150
1402201,179182,618832,229,150
1402251,179191,618845,229,150
1402302,179197,618864,229,150
1402352,179205,618882,229,150
1402405,179209,618903,229,150
1402455,179217,618919,229,150
1402511,179222,618943,229,150
1402562,179229,618969,229,150
1402615,179236,618992,229,149
1402668,179242,619012,229,150
1402721,179248,619031,229,150
1402771,179252,619064,229,150
1402824,179261,619081,229,149
1402874,179267,619097,229,150
1402924,179275,619114,229,150
1402975,179282,619145,229,150
1403027,179289,619174,229,150
1403080,179294,619198,229,149
1403131,179301,619263,229,150
1403182,179309,619287,229,150
1403233,179313,619310,229,150
1403289,179320,619337,229,150
1403342,179326,619360,229,150
1403396,179331,619385,229,150
1403447,179336,619419,229,150
1403500,179342,619430,229,150
1403552,179350,619443,229,150
1403605,179357,619467,229,150
1403657,179363,619489,229,150
1403707,179368,619508,229,150
1403758,179375,619526,229,150
1403809,179379,619556,229,150
1403859,179386,619577,229,150
1403915,179392,619604,229,150
1403969,179401,619620,229,150
1404020,179407,619646,229,150
1404070,179412,619674,229,150
1404121,179418,619697,229,150
1404172,179425,619730,229,150
1404222,179432,619757,229,150
1404272,179440,619777,229,150
1404322,179445,619797,229,150
1404372,179451,619819,229,150
1404422,179460,619844,229,150
1404475,179466,619866,229,150
1404526,179472,619886,229,150
1404576,179480,619916,229,150
1404626,179486,619940,229,150
1404680,179493,619954,229,149
1404731,179500,619963,229,150
1404782,179508,619997,229,150
1404834,179515,620016,229,150
1404885,179521,620040,229,150
1404938,179528,620062,229,150
1404989,179534,620089,229,150
1405041,179541,620110,229,150
1405091,179545,620139,229,150
1405141,179553,620161,229,150
1405192,179561,620185,229,150
1405243,179568,620203,229,150
1405294,179573,620226,229,150
1405346,179579,620258,229,150
1405396,179585,620270,229,150
1405449,179591,620289,229,150
1405502,179598,620309,229,150
1405556,179603,620323,229,150
1405606,179609,620347,229,150
1405656,179614,620379,229,150
1405708,179620,620403,229,150
1405758,179625,620426,229,150
1405812,179631,620450,229,149
1405862,179636,620474,229,150
1405912,179641,620497,229,150
1405964,179650,620514,229,150
1406016,179655,620539,229,150
1406069,179660,620564,229,150
1406120,179666,620590,229,150
1406171,179670,620613,229,150
1406221,179675,620628,229,150
1406272,179683,620649,229,150
1406323,179689,620673,229,150
1406374,179698,620702,229,150
1406425,179705,620714,229,150
1406476,179712,620726,229,150
1406527,179719,620752,229,150
1406577,179724,620776,229,150
1406629,179730,620802,229,150
1406679,179735,620827,229,150
1406731,179746,620839,229,150
1406781,179750,620856,229,150
1406831,179758,620876,229,150
1406881,179764,620901,229,150
1406931,179771,620924,229,150
1406982,179777,620939,229,150
1407032,179782,620962,229,150
1407084,179789,620986,229,150
1407134,179794,621060,229,150
1407185,179800,621085,229,150
1407235,179808,621102,229,150
1407285,179815,621119,229,150
1407336,179824,621152,229,150
1407388,179831,621172,229,150
1407439,179838,621188,229,150
1407493,179844,621206,229,150
1407544,179851,621226,229,150
1407596,179857,621247,229,150
1407648,179863,621283,229,150
1407699,179870,621300,229,150
1407749,179878,621326,229,150
1407802,179883,621346,229,150
1407853,179889,621373,229,150
1407904,179898,621391,229,150
1407955,179907,621414,229,150
1408006,179911,621432,229,150
1408056,179918,621453,229,150
1408108,179924,621472,229,150
1408158,179930,621508,229,150
1408208,179935,621534,229,150
1408258,179942,621561,229,150
1408308,179949,621585,229,150
1408358,179954,621605,229,150
1408408,179962,621634,229,150
1408460,179969,621654,229,150
1408510,179976,621672,229,150
1408560,179984,621692,229,150
1408612,179992,621706,229,150
1408662,180001,621725,229,150
1408716,180005,621754,229,150
1408766,180010,621780,229,150
1408816,180015,621795,229,150
1408867,180022,621814,229,150
1408919,180027,621835,229,150
1408969,180033,621847,229,150
1409020,180041,621868,229,150
1409078,180047,621889,229,149
1409128,180053,621911,229,150
1409178,180060,621932,229,150
1409233,180067,621953,229,148
1409283,180077,621981,229,150
1409335,180083,622002,229,150
1409387,180087,622036,229,150
1409438,180097,622054,229,150
1409489,180103,622078,229,150
1409540,180109,622099,229,150
1409590,180116,622125,229,150
1409640,180122,622157,229,150
1409693,180128,622171,229,149
1409746,180134,622186,229,149
1409799,180142,622208,229,148
1409853,180153,622228,229,149
1409906,180159,622249,229,150
1409956,180165,622278,229,150
1410008,180171,622301,229,150
1410058,180177,622321,229,150
1410111,180184,622335,229,150
1410164,180192,622352,229,150
1410216,180199,622378,229,149
1410267,180207,622395,229,150
1410318,180214,622404,229,150
1410371,180222,622428,229,150
1410422,180228,622444,229,149
1410472,180235,622457,229,150
1410522,180243,622467,229,150
1410572,180249,622493,229,150
1410622,180257,622524,229,150
1410673,180264,622539,229,150
1410723,180270,622560,229,150
1410776,180275,622592,229,150
1410829,180283,622602,229,149
1410887,180289,622616,229,149
1410937,180297,622639,229,150
1410988,180307,622662,229,150
1411038,180315,622680,229,150
1411100,180322,622696,229,147
1411151,180331,622709,229,150
1411202,180337,622727,229,150
1411254,180343,622749,229,150
1411304,180348,622821,229,150
1411354,180353,622846,229,150
1411405,180359,622869,229,150
1411455,180365,622885,229,150
1411512,180370,622914,229,150
1411562,180375,622944,229,150
1411612,180383,622976,229,150
1411663,180390,622994,229,150
1411713,180394,623014,229,150
1411765,180401,623043,229,150
1411815,180407,623061,229,150
1411865,180412,623078,229,150
1411915,180419,623092,229,150
1411965,180426,623108,229,150
1412015,180432,623123,229,150
1412066,180439,623139,229,150
1412116,180446,623165,229,150
1412170,180452,623197,229,150
1412220,180458,623212,229,150
1412270,180463,623238,229,150
1412320,180469,623266,229,150
1412371,180478,623282,229,150
1412421,180482,623299,229,150
1412472,180489,623324,229,150
1412522,180495,623345,229,150
1412576,180499,623373,229,150
1412626,180505,623402,229,150
1412676,180512,623416,229,150
1412727,180518,623482,229,150
1412778,180526,623493,229,150
1412830,180534,623520,229,150
1412886,180542,623537,229,150
1412937,180550,623558,229,150
1412994,180556,623579,229,150
1413044,180562,623603,229,150
1413094,180569,623620,229,150
1413144,180575,623637,229,149
1413194,180581,623652,229,149
1413244,180589,623672,229,150
1413295,180594,623698,229,150
1413348,180598,623720,229,149
1413398,180604,623749,229,150
1413450,180609,623775,229,150
1413500,180613,623803,229,150
1413551,180620,623833,229,150
1413601,180626,623852,229,150
1413652,180631,623878,229,150
1413705,180637,623892,229,150
1413755,180644,623909,229,150
1413806,180650,623929,229,150
1413856,180657,623946,229,150
1413906,180664,623971,229,150
1413960,180671,623987,229,150
1414012,180675,624014,229,150
1414062,180682,624037,229,150
1414116,180690,624066,229,150
1414172,180696,624089,229,150
1414222,180701,624115,229,150
1414272,180710,624139,229,150
1414322,180715,624167,229,150
1414378,180719,624193,229,150
1414429,180726,624220,229,150
1414479,180733,624252,229,150
1414529,180737,624276,229,150
1414580,180743,624302,229,150
1414630,180748,624327,229,150
1414680,180753,624348,229,150
1414730,180760,624361,229,150
1414782,180765,624396,229,149
1414833,180772,624422,229,150
1414884,180779,624443,229,150
1414934,180785,624454,229,150
1414984,180793,624470,229,150
1415035,180800,624503,229,150
1415087,180808,624533,229,150
1415137,180813,624550,229,150
1415189,180819,624567,229,150
1415242,180827,624641,229,150
1415297,180835,624663,229,150
1415347,180841,624683,229,150
1415401,180848,624710,229,150
1415451,180854,624730,229,150
1415501,180862,624762,229,150
1415551,180870,624781,229,150
1415601,180878,624804,229,150
1415658,180885,624817,229,150
1415711,180893,624835,229,150
1415761,180900,624856,229,150
1415812,180906,624881,229,150
1415866,180914,624905,229,150
1415917,180920,624931,229,150
1415970,180925,624954,229,150
1416021,180930,624978,229,150
1416071,180936,624990,229,150
1416124,180941,625013,229,150
1416175,180947,625034,229,150
1416226,180954,625062,229,150
1416276,180959,625080,229,150
1416326,180965,625097,229,150
1416376,180970,625130,229,150
1416428,180975,625154,229,150
1416478,180979,625172,229,150
1416528,180986,625184,229,150
1416581,180990,625212,229,150
1416636,180999,625234,229,150
1416686,181006,625255,229,150
1416738,181010,625287,229,150
1416788,181015,625309,229,150
1416840,181019,625330,229,150
1416891,181024,625346,229,150
1416941,181029,625380,229,150
1416993,181034,625402,229,150
1417044,181042,625424,229,150
1417094,181048,625444,229,150
1417145,181053,625464,229,150
1417197,181060,625485,229,150
1417247,181065,625502,229,150
1417303,181072,625522,229,149
1417354,181081,625548,229,150
1417406,181085,625574,229,150
1417459,181091,625591,229,150
1417509,181100,625608,229,150
1417560,181105,625632,229,150
1417611,181111,625642,229,150
1417661,181115,625654,229,150
1417712,181121,625674,229,150
1417764,181127,625699,229,150
1417823,181137,625723,229,149
1417874,181145,625751,229,150
1417925,181153,625775,229,150
1417977,181158,625802,229,149
1418028,181165,625821,229,150
1418079,181169,625835,229,150
1418129,181176,625848,229,150
1418179,181183,625867,229,150
1418230,181188,625890,229,150
1418280,181196,625912,229,150
1418338,181202,625940,229,150
1418388,181209,625958,229,150
1418441,181218,625976,229,150
1418491,181223,626000,229,150
1418541,181227,626022,229,150
1418594,181233,626047,229,150
1418647,181240,626068,229,150
1418697,181245,626085,229,149
1418747,181251,626105,229,150
1418799,181257,626126,229,150
1418853,181264,626151,229,150
1418903,181271,626162,229,150
1418953,181276,626184,229,150
1419006,181284,626202,229,150
1419056,181291,626222,229,149
1419110,181297,626239,229,149
1419160,181306,626251,229,150
1419215,181312,626276,229,150
1419269,181318,626302,229,149
1419322,181323,626329,229,150
1419375,181328,626350,229,150
1419428,181337,626376,229,150
1419478,181341,626414,229,149
1419534,181347,626422,229,149
1419584,181356,626448,229,150
1419634,181361,626476,229,150
1419684,181368,626491,229,150
1419734,181374,626514,229,150
1419784,181378,626541,229,150
1419834,181384,626568,229,150
1419888,181391,626586,229,150
1419938,181396,626603,229,150
1419988,181401,626676,229,150
1420040,181410,626696,229,150
1420091,181416,626722,229,150
1420141,181421,626751,229,150
1420192,181430,626773,229,150
1420243,181436,626797,229,150
1420295,181443,626821,229,150
1420347,181450,626843,229,150
1420397,181456,626860,229,149
1420447,181463,626884,229,150
1420497,181468,626898,229,150
1420547,181473,626919,229,150
1420601,181479,626940,229,150
1420655,181485,626959,229,150
1420707,181492,626994,229,149
1420758,181499,627015,229,149
1420809,181504,627045,229,150
1420861,181510,627070,229,150
1420915,181516,627092,229,150
1420966,181523,627109,229,150
1421019,181529,627123,229,150
1421071,181535,627141,229,150
1421122,181543,627164,229,150
1421172,181551,627181,229,150
1421222,181559,627195,229,150
1421273,181567,627214,229,150
1421324,181575,627234,229,150
1421375,181581,627258,229,150
1421425,181587,627283,229,150
1421475,181592,627309,229,150
1421527,181599,627325,229,149
1421579,181606,627360,229,150
1421632,181611,627375,229,149
1421683,181618,627398,229,150
1421737,181626,627422,229,149
1421787,181632,627439,229,150
1421841,181643,627456,229,150
1421892,181649,627473,229,150
1421943,181655,627487,229,150
1421994,181660,627509,229,150
1422044,181668,627527,229,150
1422094,181678,627548,229,150
1422145,181683,627579,229,150
1422199,181692,627602,229,150
1422249,181699,627618,229,150
1422300,181704,627639,229,150
1422353,181712,627666,229,150
1422405,181718,627685,229,150
1422455,181723,627693,229,150
1422505,181729,627719,229,150
1422555,181736,627745,229,150
1422605,181740,627772,229,150
1422660,181745,627790,229,150
1422710,181750,627805,229,150
1422761,181758,627833,229,150
1422814,181764,627855,229,150
1422867,181772,627870,229,150
1422921,181781,627895,229,150
1422972,181788,627910,229,150
1423022,181794,627927,229,150
1423073,181800,627951,229,150
1423125,181806,627981,229,150
1423176,181812,627999,229,149
1423226,181819,628020,229,150
1423277,181827,628039,229,150
1423328,181836,628068,229,149
1423378,181843,628086,229,150
1423440,181849,628105,229,150
1423491,181854,628123,229,150
1423543,181861,628143,229,150
1423594,181870,628163,229,150
1423644,181878,628184,229,150
1423695,181883,628217,229,150
1423746,181888,628235,229,150
1423797,181896,628259,229,150
1423849,181902,628281,229,150
1423899,181907,628297,229,150
1423949,181913,628320,229,150
1424000,181922,628339,229,150
1424050,181931,628355,229,150
1424100,181940,628384,229,150
1424150,181946,628403,229,150
1424202,181953,628435,229,150
1424252,181960,628452,229,149
1424302,181969,628477,229,150
1424352,181974,628505,229,150
1424402,181979,628530,229,150
1424453,181986,628546,229,150
1424503,181992,628565,229,150
1424553,181999,628583,229,150
1424605,182006,628612,229,150
1424655,182013,628641,229,150
1424706,182022,628664,229,150
1424761,182027,628683,229,150
1424813,182034,628699,229,149
1424863,182043,628719,229,150
1424913,182049,628732,229,150
1424966,182055,628755,229,150
1425016,182063,628774,229,150
1425066,182069,628803,229,150
1425116,182074,628818,229,150
1425167,182083,628838,229,150
1425218,182089,628857,229,150
1425269,182094,628874,229,150
1425320,182101,628885,229,150
1425370,182108,628918,229,150
1425420,182112,628937,229,150
1425470,182119,628961,229,150
1425520,182126,628978,229,150
1425570,182132,629047,229,150
1425622,182138,629073,229,150
1425674,182142,629095,229,150
1425730,182147,629128,229,150
1425780,182155,629153,229,150
1425834,182162,629168,229,149
1425885,182172,629189,229,149
1425935,182177,629208,229,150
1425986,182185,629235,229,150
1426037,182195,629254,229,150
1426094,182202,629278,229,149
1426147,182210,629302,229,150
1426198,182216,629326,229,150
1426249,182220,629348,229,150
1426302,182226,629371,229,150
1426357,182234,629395,229,150
1426407,182241,629426,229,150
1426457,182248,629445,229,150
1426509,182254,629461,229,150
1426560,182259,629483,229,150
1426610,182263,629538,229,150
1426662,182268,629569,229,150
1426714,182275,629594,229,150
1426764,182282,629615,229,150
1426818,182289,629641,229,150
1426868,182295,629656,229,150
1426918,182301,629685,229,150
1426968,182308,629704,229,149
1427018,182315,629726,229,150
1427068,182323,629747,229,150
1427118,182332,629763,229,148
1427169,182338,629784,229,150
1427224,182343,629809,229,150
1427274,182348,629826,229,150
1427325,182353,629845,229,150
1427376,182361,629865,229,150
1427427,182369,629876,229,150
1427477,182375,629905,229,150
1427527,182384,629919,229,150
1427580,182388,629957,229,150
1427630,182396,629977,229,150
1427681,182404,629993,229,150
1427731,182411,630021,229,150
1427783,182416,630042,229,150
1427833,182421,630060,229,150
1427886,182428,630088,229,150
1427936,182433,630122,229,150
1427989,182439,630145,229,150
1428041,182447,630166,229,150
1428091,182453,630188,229,150
1428141,182459,630222,229,150
1428191,182466,630244,229,150
1428242,182472,630266,229,149
1428294,182479,630293,229,150
1428346,182489,630309,229,150
1428397,182495,630337,229,150
1428447,182499,630370,229,150
1428499,182504,630392,229,150
1428549,182509,630412,229,150
1428601,182515,630427,229,150
1428651,182522,630452,229,150
1428702,182527,630478,229,149
1428752,182535,630496,229,150
1428803,182544,630514,229,150
1428853,182551,630529,229,150
1428908,182557,630551,229,149
1428959,182565,630566,229,150
1429011,182570,630598,229,150
1429068,182576,630632,229,150
1429118,182586,630652,229,150
1429170,182593,630674,229,150
1429220,182598,630699,229,150
1429270,182604,630718,229,150
1429332,182611,630744,229,148
1429382,182620,630769,229,150
1429436,182629,630785,229,150
1429487,182636,630805,229,149
1429537,182643,630820,229,150
1429587,182646,630851,229,150
1429637,182654,630856,229,149
1429687,182661,630881,229,150
1429739,182669,630906,229,150
1429791,182673,630926,229,149
1429843,182680,630944,229,150
1429896,182690,630965,229,150
1429948,182695,630993,229,150
1430000,182702,631024,229,150
1430055,182708,631049,229,150
1430105,182716,631074,229,150
1430159,182720,631095,229,150
1430213,182726,631118,229,150
1430263,182734,631139,229,150
1430318,182740,631162,229,150
1430373,182745,631180,229,149
1430423,182754,631189,229,150
1430479,182762,631206,229,148
1430530,182769,631231,229,150
1430580,182774,631252,229,150
1430630,182782,631280,229,150
1430680,182790,631292,229,150
1430738,182796,631312,229,149
1430788,182803,631329,229,150
1430838,182809,631352,229,150
1430888,182818,631370,229,150
1430938,182824,631390,229,150
1430991,182829,631421,229,150
1431041,182836,631438,229,149
1431091,182845,631452,229,150
1431146,182853,631477,229,150
1431205,182861,631503,229,150
1431255,182864,631524,229,150
1431305,182870,631547,229,150
1431355,182877,631563,229,150
1431405,182884,631590,229,150
1431456,182889,631606,229,150
1431506,182896,631634,229,150
1431569,182902,631662,229,150
1431625,182912,631687,229,150
1431675,182921,631708,229,150
1431729,182928,631720,229,150
1431785,182933,631739,229,150
1431836,182940,631749,229,150
1431890,182946,631776,229,150
1431940,182953,631800,229,150
1431993,182959,631879,229,150
1432043,182967,631905,229,150
1432093,182973,631929,229,150
1432143,182981,631948,229,150
1432193,182987,631973,229,150
1432245,182995,631991,229,150
1432295,183002,632011,229,150
1432347,183006,632046,229,150
1432399,183012,632071,229,150
1432449,183020,632093,229,150
1432501,183026,632109,229,150
1432555,183032,632136,229,150
1432606,183038,632161,229,149
1432656,183045,632176,229,149
1432706,183052,632200,229,150
1432756,183057,632226,229,150
1432806,183064,632245,229,150
1432856,183069,632268,229,150
1432908,183074,632298,229,150
1432958,183084,632319,229,150
1433008,183090,632350,229,150
1433058,183096,632371,229,150
1433118,183102,632392,229,148
1433169,183109,632412,229,150
1433220,183115,632432,229,150
1433271,183119,632448,229,150
1433324,183125,632517,229,150
1433374,183132,632542,229,150
1433425,183138,632563,229,150
1433476,183145,632626,229,150
1433527,183150,632653,229,150
1433579,183155,632676,229,149
1433631,183161,632687,229,149
1433686,183167,632718,229,149
1433745,183174,632735,229,149
1433795,183182,632754,229,150
1433850,183187,632778,229,150
1433905,183193,632805,229,150
1433956,183201,632828,229,150
1434007,183207,632845,229,150
1434058,183216,632859,229,150
1434108,183222,632882,229,150
1434161,183228,632913,229,150
1434212,183236,632941,229,150
1434269,183242,632967,229,150
1434320,183250,632990,229,150
1434370,183256,633012,229,150
1434422,183262,633024,229,150
1434473,183268,633047,229,150
1434523,183276,633062,229,150
1434576,183284,633082,229,150
1434628,183291,633096,229,150
1434680,183299,633120,229,150
1434730,183304,633140,229,150
1434781,183310,633156,229,150
1434831,183317,633178,229,150
1434883,183323,633201,229,150
1434933,183328,633219,229,150
1434984,183333,633238,229,150
1435035,183340,633265,229,150
1435086,183348,633283,229,150
1435138,183357,633306,229,150
1435190,183368,633330,229,150
1435244,183374,633352,229,150
1435294,183383,633373,229,150
1435347,183390,633397,229,149
1435400,183399,633418,229,150
1435451,183404,633441,229,150
1435501,183411,633458,229,150
1435554,183417,633485,229,150
1435610,183425,633506,229,150
1435660,183431,633520,229,150
1435711,183438,633548,229,150
1435761,183446,633567,229,150
1435813,183451,633592,229,150
1435865,183459,633619,229,150
1435915,183464,633644,229,150
1435965,183471,633662,229,150
1436017,183476,633686,229,150
1436067,183483,633709,229,150
1436122,183491,633719,229,149
1436172,183498,633736,229,150
1436222,183505,633759,229,150
1436272,183512,633783,229,150
1436324,183518,633808,229,149
1436374,183524,633830,229,150
1436424,183531,633851,229,150
1436476,183536,633873,229,150
1436527,183543,633892,229,150
1436583,183549,633913,229,149
1436633,183556,633938,229,150
1436683,183564,633949,229,150
1436733,183569,633971,229,150
1436783,183576,633985,229,150
1436833,183582,634011,229,150
1436883,183588,634027,229,150
1436933,183593,634055,229,150
1436983,183598,634086,229,150
1437033,183603,634161,229,150
1437084,183609,634184,229,150
1437134,183615,634202,229,150
1437185,183621,634223,229,150
1437237,183630,634251,229,150
1437287,183635,634325,229,150
1437340,183640,634345,229,150
1437390,183650,634355,229,150
1437440,183654,634382,229,150
1437492,183662,634412,229,150
1437542,183669,634435,229,150
1437593,183675,634455,229,150
1437645,183681,634484,229,150
1437699,183685,634502,229,150
1437752,183695,634519,229,150
1437802,183702,634539,229,150
1437853,183706,634563,229,149
1437903,183715,634582,229,150
1437953,183722,634602,229,149
1438004,183729,634625,229,150
1438054,183738,634639,229,149
1438104,183746,634658,229,150
1438154,183752,634690,229,150
1438204,183757,634714,229,150
1438256,183763,634746,229,150
1438307,183770,634761,229,150
1438362,183777,634777,229,150
1438412,183784,634800,229,150
1438466,183789,634837,229,150
1438517,183795,634861,229,150
1438569,183803,634880,229,150
1438622,183811,634907,229,150
1438672,183818,634935,229,150
1438727,183825,634954,229,150
1438778,183830,634983,229,150
1438832,183835,635004,229,150
1438886,183840,635019,229,150
1438942,183847,635090,229,149
1438992,183852,635114,229,150
1439043,183859,635136,229,150
1439093,183865,635162,229,150
1439147,183872,635182,229,150
1439199,183878,635201,229,150
1439249,183884,635224,229,150
1439300,183891,635253,229,150
1439355,183897,635277,229,150
1439405,183903,635301,229,149
1439457,183909,635322,229,150
1439507,183917,635346,229,150
1439564,183924,635376,229,150
1439614,183933,635399,229,150
1439664,183938,635412,229,150
1439714,183945,635429,229,150
1439764,183953,635453,229,150
1439814,183959,635475,229,150
1439864,183965,635495,229,150
1439914,183972,635518,229,150
1439964,183978,635539,229,150
1440016,183985,635568,229,150
1440066,183992,635585,229,150
1440116,183999,635607,229,150
1440167,184004,635623,229,150
1440218,184012,635642,229,150
1440273,184018,635658,229,150
1440327,184024,635677,229,150
1440377,184029,635694,229,150
1440427,184037,635716,229,150
1440478,184041,635738,229,150
1440528,184046,635761,229,150
1440578,184055,635781,229,150
1440632,184061,635809,229,149
1440683,184069,635833,229,150
1440733,184076,635858,229,149
1440783,184083,635888,229,150
1440835,184090,635909,229,150
1440885,184098,635940,229,150
1440937,184104,635958,229,150
1440987,184112,635974,229,150
1441037,184119,635995,229,150
1441088,184127,636012,229,150
1441140,184135,636035,229,150
1441195,184139,636061,229,150
1441245,184144,636099,229,150
1441296,184149,636120,229,150
1441346,184156,636142,229,150
1441400,184164,636174,229,149
1441450,184172,636194,229,150
1441509,184178,636218,229,150
1441564,184183,636234,229,150
1441614,184191,636260,229,150
1441664,184198,636281,229,150
1441715,184205,636307,229,150
1441765,184212,636322,229,150
1441815,184218,636341,229,150
1441865,184224,636364,229,150
1441915,184231,636381,229,150
1441966,184238,636399,229,150
1442018,184244,636429,229,149
1442070,184250,636454,229,150
1442120,184255,636481,229,150
1442171,184262,636498,229,150
1442221,184266,636525,229,150
1442273,184273,636543,229,150
1442325,184282,636564,229,150
1442382,184287,636579,229,148
1442433,184296,636607,229,150
1442483,184303,636622,229,150
1442535,184312,636636,229,149
1442587,184320,636649,229,150
1442637,184329,636673,229,150
1442687,184334,636692,229,150
1442737,184343,636710,229,150
1442789,184349,636735,229,150
1442839,184357,636760,229,150
1442890,184362,636786,229,150
1442940,184368,636802,229,150
1442990,184376,636831,229,150
1443046,184384,636855,229,149
1443097,184391,636874,229,150
1443148,184400,636888,229,148
1443198,184407,636905,229,150
1443250,184416,636933,229,150
1443300,184422,636962,229,150
1443350,184431,636971,229,150
1443400,184436,636994,229,150
1443450,184443,637014,229,150
1443500,184448,637026,229,148
1443557,184461,637055,229,150
1443608,184468,637079,229,150
1443660,184475,637093,229,150
1443711,184481,637116,229,150
1443761,184489,637137,229,150
1443812,184495,637154,229,150
1443869,184501,637170,229,149
1443922,184507,637189,229,150
1443972,184514,637207,229,150
1444024,184519,637230,229,150
1444074,184525,637253,229,150
1444124,184530,637272,229,150
1444176,184535,637288,229,150
1444229,184544,637307,229,150
1444279,184550,637320,229,150
1444330,184557,637335,229,150
1444383,184563,637356,229,150
1444433,184569,637381,229,150
1444488,184575,637407,229,150
1444538,184582,637421,229,150
1444588,184586,637435,229,150
1444639,184590,637462,229,150
1444691,184598,637484,229,150
1444741,184604,637499,229,150
1444792,184610,637526,229,149
1444842,184615,637553,229,150
1444896,184622,637579,229,150
1444948,184628,637593,229,150
1445001,184634,637614,229,149
1445052,184640,637627,229,149
1445102,184645,637651,229,149
1445152,184652,637664,229,150
1445205,184658,637691,229,150
1445256,184662,637715,229,150
1445306,184666,637731,229,150
1445356,184671,637748,229,150
1445410,184676,637772,229,150
1445461,184682,637791,229,150
1445513,184687,637818,229,150
1445564,184696,637844,229,150
1445620,184703,637866,229,150
1445671,184708,637897,229,150
1445721,184715,637914,229,150
1445772,184721,637932,229,150
1445823,184729,637962,229,150
1445873,184735,637976,229,150
1445928,184743,637994,229,150
1445979,184751,638005,229,150
1446034,184759,638033,229,149
1446085,184769,638064,229,150
1446135,184775,638093,229,150
1446185,184783,638107,229,150
1446236,184788,638132,229,150
1446286,184792,638155,229,150
1446336,184803,638171,229,150
1446387,184811,638184,229,150
1446438,184816,638207,229,150
1446488,184822,638220,229,150
1446538,184828,638242,229,150
1446588,184834,638262,229,150
1446643,184842,638282,229,150
1446694,184851,638292,229,150
1446744,184857,638318,229,150
1446800,184865,638345,229,150
1446851,184871,638369,229,150
1446902,184876,638388,229,150
1446952,184885,638401,229,150
1447003,184891,638427,229,150
1447053,184896,638445,229,150
1447106,184905,638460,229,150
1447156,184911,638479,229,150
1447212,184918,638495,229,150
1447262,184924,638520,229,150
1447313,184933,638541,229,150
1447363,184940,638564,229,150
1447413,184946,638592,229,150
1447463,184952,638614,229,150
1447514,184960,638629,229,150
1447564,184967,638652,229,150
1447615,184975,638672,229,150
1447668,184980,638693,229,150
1447718,184985,638711,229,150
1447768,184991,638731,229,150
1447818,184998,638763,229,150
1447868,185004,638779,229,150
1447918,185009,638806,229,150
1447970,185015,638826,229,150
1448022,185022,638845,229,150
1448072,185028,638863,229,150
1448122,185032,638885,229,150
1448172,185036,638910,229,150
1448222,185042,638926,229,150
1448272,185047,638955,229,150
1448328,185055,638966,229,149
1448380,185061,638989,229,150
1448431,185067,639014,229,150
1448485,185074,639030,229,150
1448540,185082,639048,229,149
1448590,185087,639080,229,150
1448641,185094,639101,229,150
1448695,185098,639120,229,150
1448745,185105,639152,229,150
1448798,185113,639173,229,149
1448853,185121,639194,229,149
1448904,185129,639210,229,150
1448955,185136,639239,229,150
1449005,185144,639255,229,150
1449056,185154,639262,229,150
1449106,185162,639276,229,150
1449164,185168,639297,229,149
1449214,185174,639313,229,150
1449266,185179,639331,229,150
1449316,185186,639342,229,150
1449366,185191,639371,229,150
1449416,185197,639386,229,150
1449466,185202,639407,229,149
1449517,185207,639433,229,150
1449569,185216,639446,229,149
1449619,185222,639465,229,150
1449669,185228,639492,229,150
1449719,185233,639519,229,150
1449769,185241,639541,229,150
1449821,185248,639559,229,150
1449871,185254,639577,229,150
1449922,185260,639587,229,150
1449974,185267,639603,229,150
1450025,185273,639627,229,150
1450075,185280,639645,229,150
1450125,185285,639671,229,150
1450175,185290,639700,229,150
1450226,185294,639732,229,150
1450278,185301,639746,229,150
1450328,185308,639772,229,149
1450380,185314,639790,229,150
1450432,185322,639818,229,150
1450482,185328,639847,229,150
1450540,185339,639873,229,150
1450590,185348,639894,229,150
1450643,185354,639927,229,150
1450704,185360,639944,229,150
1450754,185369,639957,229,150
1450806,185375,639980,229,150
1450857,185380,640006,229,150
1450907,185386,640079,229,150
1450957,185391,640096,229,149
1451007,185398,640115,229,150
1451058,185404,640140,229,150
1451108,185410,640166,229,150
1451158,185418,640196,229,150
1451211,185423,640221,229,150
1451264,185428,640236,229,150
1451318,185434,640261,229,150
1451369,185443,640281,229,150
1451419,185448,640315,229,150
1451472,185453,640338,229,149
1451522,185462,640358,229,150
1451573,185469,640376,229,150
1451625,185475,640394,229,150
1451676,185481,640416,229,150
1451729,185487,640436,229,150
1451780,185493,640453,229,150
1451832,185501,640474,229,150
1451882,185508,640493,229,150
1451939,185515,640513,229,148
1451989,185523,640531,229,150
1452042,185529,640546,229,149
1452095,185538,640569,229,150
1452146,185544,640601,229,150
1452196,185549,640632,229,150
1452248,185558,640646,229,150
1452298,185564,640671,229,150
1452348,185569,640681,229,150
1452400,185574,640710,229,150
1452450,185581,640740,229,150
1452500,185585,640771,229,150
1452552,185591,640789,229,150
1452605,185596,640819,229,150
1452656,185602,640850,229,150
1452708,185606,640881,229,150
1452760,185611,640907,229,150
1452813,185618,640928,229,150
1452863,185623,640954,229,150
1452917,185633,640976,229,150
1452968,185638,640999,229,150
1453018,185643,641021,229,150
1453071,185650,641038,229,150
1453121,185654,641071,229,150
1453171,185661,641088,229,150
1453223,185666,641110,229,150
1453273,185673,641133,229,150
1453326,185678,641163,229,149
1453378,185686,641184,229,150
1453428,185691,641209,229,150
1453479,185698,641233,229,150
1453530,185704,641254,229,150
1453583,185710,641274,229,150
1453633,185714,641297,229,150
1453683,185720,641313,229,150
1453733,185727,641330,229,150
1453784,185733,641344,229,150
1453836,185741,641364,229,150
1453886,185746,641388,229,150
1453936,185751,641414,229,150
1453990,185758,641424,229,148
1454043,185765,641442,229,150
1454097,185772,641461,229,150
1454148,185783,641475,229,149
1454199,185792,641494,229,150
1454249,185800,641515,229,150
1454300,185808,641535,229,150
1454350,185813,641555,229,150
1454401,185821,641573,229,150
1454452,185826,641590,229,150
1454503,185833,641609,229,150
1454555,185838,641633,229,150
1454605,185843,641658,229,150
1454656,185850,641677,229,150
1454708,185858,641703,229,150
1454758,185863,641717,229,150
1454808,185869,641743,229,150
1454859,185875,641771,229,150
1454910,185881,641796,229,150
1454961,185887,641819,229,150
1455012,185893,641847,229,150
1455064,185898,641867,229,150
1455114,185907,641892,229,150
1455166,185913,641919,229,150
1455216,185919,641940,229,150
1455270,185925,641963,229,150
1455320,185931,641979,229,150
1455371,185938,642001,229,150
1455421,185946,642023,229,150
1455471,185952,642061,229,150
1455523,185957,642078,229,150
1455574,185963,642091,229,150
1455625,185969,642118,229,150
1455677,185977,642141,229,150
1455728,185984,642158,229,150
1455781,185990,642178,229,150
1455831,185997,642208,229,150
1455882,186006,642222,229,150
1455932,186013,642241,229,150
1455983,186017,642274,229,150
1456033,186025,642292,229,150
1456084,186032,642310,229,150
1456135,186041,642329,229,150
1456185,186047,642395,229,150
1456235,186052,642410,229,150
1456288,186059,642435,229,150
1456338,186064,642453,229,150
1456388,186071,642475,229,150
1456438,186081,642492,229,150
1456488,186087,642503,229,150
1456539,186094,642523,229,150
1456591,186100,642550,229,150
1456648,186107,642568,229,150
1456698,186111,642589,229,150
1456748,186117,642606,229,150
1456804,186124,642629,229,150
1456855,186130,642645,229,150
1456905,186135,642662,229,150
1456957,186141,642681,229,150
1457007,186147,642708,229,150
1457057,186153,642730,229,150
1457110,186161,642763,229,150
1457162,186167,642787,229,150
1457213,186175,642812,229,150
1457265,186184,642838,229,150
1457315,186191,642851,229,150
1457365,186195,642876,229,150
1457416,186204,642894,229,150
1457469,186210,642919,229,150
1457520,186216,642942,229,150
1457570,186220,642969,229,150
1457621,186228,642977,229,150
1457671,186234,642998,229,150
1457724,186240,643021,229,150
1457774,186245,643050,229,150
1457830,186252,643083,229,150
1457880,186259,643099,229,150
1457930,186267,643117,229,150
1457980,186272,643141,229,150
1458032,186280,643169,229,150
1458085,186285,643187,229,150
1458135,186292,643203,229,150
1458185,186299,643226,229,150
1458236,186306,643246,229,150
1458286,186312,643268,229,150
1458336,186318,643288,229,150
1458386,186324,643322,229,150
1458436,186329,643338,229,150
1458488,186337,643359,229,150
1458538,186342,643389,229,150
1458588,186348,643418,229,150
1458638,186352,643447,229,150
1458689,186362,643468,229,150
1458740,186369,643484,229,150
1458790,186374,643496,229,150
1458840,186381,643527,229,150
1458890,186388,643548,229,150
1458944,186398,643571,229,150
1458996,186405,643582,229,150
1459047,186411,643610,229,150
1459099,186418,643630,229,150
1459149,186426,643647,229,150
1459199,186431,643673,229,150
1459249,186437,643705,229,150
1459303,186446,643725,229,150
1459356,186452,643747,229,150
1459409,186458,643771,229,150
1459461,186466,643794,229,150
1459513,186472,643814,229,150
1459566,186479,643831,229,150
1459616,186486,643858,229,150
1459666,186495,643877,229,150
1459717,186501,643897,229,150
1459767,186505,643917,229,150
1459819,186512,643936,229,150
1459870,186519,643959,229,150
1459926,186527,643982,229,150
1459978,186532,644013,229,150
1460031,186538,644031,229,150
1460086,186545,644051,229,150
1460137,186553,644073,229,150
1460191,186561,644101,229,150
1460241,186568,644133,229,150
1460291,186572,644204,229,150
1460343,186579,644226,229,150
1460399,186587,644241,229,150
1460453,186592,644269,229,149
1460504,186599,644288,229,150
1460554,186604,644315,229,150
1460605,186611,644334,229,150
1460658,186615,644363,229,150
1460708,186623,644383,229,150
1460758,186631,644396,229,150
1460812,186639,644468,229,150
1460866,186645,644493,229,150
1460916,186651,644523,229,150
1460966,186656,644538,229,150
1461016,186661,644567,229,150
1461071,186667,644583,229,150
1461122,186676,644600,229,150
1461172,186680,644621,229,150
1461222,186686,644648,229,150
1461272,186693,644667,229,150
1461325,186698,644685,229,150
1461376,186704,644708,229,150
1461428,186709,644736,229,150
1461484,186718,644748,229,150
1461534,186723,644773,229,150
1461585,186730,644790,229,150
1461641,186737,644810,229,150
1461691,186745,644830,229,150
1461743,186753,644854,229,150
1461795,186760,644877,229,150
1461845,186767,644897,229,150
1461897,186775,644920,229,150
1461947,186781,644945,229,150
1461997,186787,644969,229,150
1462050,186794,644984,229,150
1462102,186802,645006,229,149
1462152,186811,645033,229,150
1462203,186817,645048,229,150
1462256,186824,645067,229,150
1462306,186831,645092,229,150
1462357,186836,645117,229,149
1462407,186844,645134,229,150
1462458,186851,645158,229,150
1462510,186857,645176,229,149
1462563,186865,645204,229,150
1462613,186872,645226,229,150
1462665,186877,645252,229,150
1462715,186884,645269,229,150
1462765,186890,645288,229,150
1462818,186896,645305,229,148
1462869,186904,645321,229,150
1462919,186910,645353,229,150
1462971,186914,645372,229,150
1463023,186922,645393,229,150
1463073,186927,645422,229,150
1463127,186935,645449,229,149
1463178,186940,645475,229,150
1463228,186947,645495,229,150
1463279,186952,645520,229,150
1463329,186959,645537,229,150
1463379,186965,645566,229,150
1463429,186972,645601,229,150
1463479,186978,645623,229,150
1463530,186984,645639,229,150
1463582,186989,645652,229,150
1463632,186997,645655,229,150
1463682,187005,645668,229,150
1463733,187011,645691,229,150
1463789,187017,645712,229,150
1463839,187022,645739,229,150
1463889,187028,645766,229,150
1463939,187035,645796,229,150
1463990,187042,645821,229,150
1464042,187050,645836,229,150
1464093,187055,645859,229,150
1464151,187062,645880,229,149
1464204,187073,645900,229,150
1464254,187079,645930,229,150
1464305,187087,645950,229,150
1464356,187092,645967,229,150
1464409,187100,645982,229,150
1464459,187107,646001,229,150
1464511,187115,646016,229,150
1464561,187122,646041,229,150
1464612,187127,646062,229,150
1464663,187135,646083,229,150
1464715,187140,646106,229,150
1464765,187144,646127,229,150
1464816,187152,646149,229,150
1464866,187159,646168,229,150
1464916,187163,646194,229,150
1464971,187169,646207,229,149
1465021,187176,646229,229,150
1465072,187182,646257,229,150
1465122,187188,646277,229,150
1465180,187196,646300,229,149
1465230,187204,646334,229,150
1465282,187210,646352,229,150
1465334,187216,646366,229,150
1465385,187222,646381,229,150
1465440,187229,646396,229,150
1465493,187237,646412,229,150
1465543,187244,646440,229,150
1465593,187250,646464,229,150
1465647,187257,646497,229,150
1465700,187263,646524,229,150
1465751,187270,646551,229,150
1465804,187277,646577,229,150
1465857,187283,646604,229,150
1465907,187290,646628,229,150
1465959,187299,646644,229,150
1466009,187303,646667,229,150
1466059,187312,646688,229,150
1466109,187320,646712,229,150
1466162,187325,646738,229,150
1466212,187331,646770,229,150
1466263,187335,646791,229,149
1466315,187343,646804,229,150
1466368,187348,646835,229,150
1466419,187353,646861,229,150
1466469,187360,646877,229,150
1466525,187365,646907,229,149
1466575,187372,646928,229,150
1466625,187377,646954,229,150
1466675,187384,646973,229,150
1466725,187393,646987,229,150
1466775,187400,647014,229,150
1466825,187405,647033,229,150
1466875,187411,647058,229,149
1466925,187420,647076,229,150
1466975,187425,647100,229,150
1467025,187430,647120,229,150
1467077,187435,647141,229,150
1467127,187441,647160,229,150
1467179,187447,647181,229,150
1467232,187453,647208,229,149
1467284,187463,647219,229,150
1467334,187468,647242,229,150
1467388,187475,647264,229,150
1467438,187480,647291,229,150
1467491,187487,647306,229,150
1467542,187494,647330,229,150
1467596,187500,647358,229,150
1467647,187506,647379,229,150
1467697,187513,647396,229,149
1467755,187520,647421,229,150
1467805,187525,647442,229,150
1467866,187532,647461,229,150
1467917,187538,647488,229,150
1467969,187543,647511,229,147
1468020,187550,647524,229,150
1468070,187556,647549,229,150
1468121,187561,647570,229,150
1468171,187565,647639,229,150
1468221,187569,647666,229,150
1468271,187573,647683,229,150
1468324,187579,647702,229,150
1468375,187586,647728,229,150
1468425,187593,647773,229,150
1468475,187599,647812,229,150
1468525,187606,647834,229,150
1468580,187613,647848,229,150
1468632,187619,647873,229,150
1468682,187625,647896,229,150
1468735,187631,647926,229,150
1468785,187641,647946,229,150
1468836,187648,648007,229,150
1468886,187654,648027,229,150
1468936,187662,648050,229,150
1468990,187667,648070,229,150
1469040,187676,648083,229,150
1469091,187683,648105,229,149
1469143,187690,648129,229,150
1469193,187696,648149,229,150
1469245,187705,648171,229,149
1469299,187714,648193,229,148
1469350,187724,648215,229,150
1469402,187730,648241,229,150
1469455,187736,648269,229,150
1469505,187744,648283,229,150
1469557,187749,648296,229,150
1469608,187758,648323,229,149
1469658,187765,648342,229,150
1469708,187772,648370,229,150
1469758,187779,648383,229,148
1469812,187787,648403,229,149
1469862,187793,648430,229,150
1469912,187800,648477,229,150
1469967,187806,648515,229,150
1470018,187814,648539,229,150
1470069,187821,648550,229,150
1470121,187827,648563,229,150
1470171,187834,648577,229,150
1470222,187839,648601,229,150
1470272,187845,648631,229,150
1470322,187849,648650,229,150
1470372,187856,648680,229,150
1470422,187862,648698,229,150
1470472,187869,648721,229,150
1470522,187876,648747,229,150
1470573,187880,648775,229,150
1470623,187888,648791,229,150
1470673,187894,648817,229,150
1470723,187899,648833,229,150
1470774,187906,648858,229,150
1470825,187913,648876,229,150
1470875,187920,648895,229,150
1470929,187928,648923,229,150
1470981,187935,648941,229,150
1471031,187942,648962,229,150
1471083,187949,648983,229,150
1471138,187956,648995,229,150
1471188,187962,649020,229,150
1471238,187969,649037,229,150
1471288,187975,649049,229,150
1471339,187982,649065,229,150
1471391,187988,649087,229,150
1471442,187994,649108,229,150
1471493,187999,649131,229,150
1471543,188006,649151,229,150
1471593,188012,649165,229,150
1471643,188020,649187,229,150
1471695,188025,649214,229,150
1471748,188033,649237,229,150
1471800,188040,649262,229,150
1471850,188045,649288,229,150
1471900,188051,649311,229,150
1471953,188057,649337,229,150
1472003,188064,649354,229,150
1472054,188071,649379,229,150
1472105,188077,649404,229,150
1472156,188084,649431,229,150
1472206,188091,649451,229,150
1472256,188099,649479,229,150
1472308,188106,649498,229,150
1472360,188111,649522,229,150
1472416,188119,649538,229,150
1472466,188124,649566,229,150
1472518,188131,649594,229,150
1472568,188137,649620,229,150
1472619,188143,649640,229,150
1472671,188149,649661,229,150
1472721,188156,649684,229,150
1472771,188162,649708,229,150
1472821,188170,649737,229,150
1472874,188176,649756,229,150
1472926,188181,649780,229,150
1472980,188189,649801,229,150
1473030,188195,649824,229,150
1473081,188203,649847,229,150
1473131,188209,649872,229,150
1473183,188219,649891,229,150
1473238,188224,649922,229,150
1473288,188229,649950,229,150
1473338,188235,649979,229,150
1473389,188243,650001,229,150
1473439,188249,650018,229,150
1473492,188256,650042,229,150
1473545,188262,650061,229,150
1473596,188269,650075,229,150
1473646,188275,650101,229,150
1473696,188281,650126,229,150
1473746,188289,650144,229,150
1473797,188294,650163,229,150
1473850,188299,650187,229,150
1473902,188306,650206,229,150
1473954,188312,650223,229,150
1474006,188318,650249,229,150
1474057,188324,650270,229,150
1474107,188329,650293,229,150
1474157,188335,650316,229,150
1474207,188341,650343,229,150
1474259,188348,650366,229,150
1474309,188356,650394,229,150
1474360,188361,650424,229,150
1474410,188367,650441,229,150
1474461,188372,650462,229,150
1474520,188384,650471,229,150
1474570,188391,650495,229,150
1474621,188397,650522,229,150
1474671,188403,650542,229,150
1474721,188409,650561,229,150
1474775,188416,650583,229,150
1474826,188422,650607,229,150
1474876,188427,650627,229,150
1474926,188433,650652,229,150
1474977,188440,650665,229,150
1475027,188446,650692,229,150
1475084,188453,650713,229,149
1475134,188458,650741,229,150
1475184,188464,650760,229,150
1475234,188472,650778,229,150
1475289,188480,650806,229,149
1475341,188487,650816,229,149
1475395,188496,650838,229,150
1475445,188502,650865,229,150
1475495,188508,650890,229,150
1475545,188516,650922,229,150
1475598,188522,650942,229,150
1475649,188529,650959,229,150
1475701,188536,650983,229,150
1475753,188544,651007,229,150
1475803,188552,651031,229,150
1475853,188557,651058,229,150
1475905,188562,651078,229,150
1475957,188569,651106,229,150
1476008,188579,651125,229,150
1476059,188587,651149,229,150
1476115,188594,651169,229,150
1476165,188599,651194,229,150
1476216,188605,651213,229,150
1476266,188612,651225,229,150
1476317,188616,651247,229,150
1476371,188626,651270,229,150
1476422,188633,651287,229,150
1476474,188637,651317,229,150
1476526,188644,651333,229,150
1476577,188652,651354,229,150
1476628,188657,651384,229,150
1476679,188663,651402,229,149
1476730,188669,651430,229,150
1476781,188675,651459,229,150
1476831,188681,651479,229,150
1476881,188688,651513,229,150
1476931,188692,651538,229,150
1476984,188700,651609,229,150
1477034,188707,651635,229,150
1477084,188713,651659,229,150
1477134,188718,651680,229,150
1477184,188723,651697,229,150
1477235,188728,651724,229,150
1477289,188735,651737,229,150
1477341,188742,651763,229,150
1477392,188748,651781,229,150
1477444,188755,651799,229,150
1477494,188760,651822,229,150
1477548,188769,651843,229,150
1477598,188774,651866,229,150
1477654,188782,651886,229,150
1477704,188791,651909,229,150
1477757,188796,651928,229,150
1477807,188803,651956,229,150
1477858,188811,651972,229,150
1477908,188816,651995,229,150
1477959,188823,652019,229,150
1478015,188829,652041,229,150
1478065,188835,652060,229,150
1478115,188841,652085,229,150
1478165,188846,652104,229,150
1478218,188851,652132,229,149
1478268,188858,652150,229,150
1478318,188863,652179,229,150
1478368,188868,652201,229,150
1478418,188874,652229,229,150
1478468,188880,652248,229,150
1478521,188885,652277,229,150
1478571,188892,652304,229,150
1478623,188898,652338,229,150
1478673,188906,652363,229,150
1478726,188912,652381,229,150
1478777,188920,652399,229,150
1478829,188925,652413,229,150
1478879,188932,652440,229,150
1478933,188938,652465,229,149
1478983,188944,652492,229,150
1479033,188950,652506,229,150
1479085,188955,652526,229,150
1479137,188961,652548,229,150
1479187,188968,652572,229,150
1479237,188972,652588,229,150
1479289,188977,652606,229,150
1479340,188983,652623,229,150
1479391,188988,652655,229,150
1479442,188994,652678,229,150
1479495,189001,652703,229,150
1479545,189011,652717,229,150
1479595,189017,652739,229,150
1479648,189024,652765,229,150
1479701,189034,652783,229,150
1479754,189040,652806,229,150
1479805,189045,652842,229,150
1479855,189051,652869,229,150
1479905,189058,652885,229,150
1479958,189063,652912,229,150
1480008,189071,652926,229,150
1480060,189076,652943,229,150
1480110,189083,652960,229,150
1480160,189088,652987,229,150
1480211,189095,653004,229,150
1480262,189103,653020,229,150
1480313,189107,653045,229,150
1480363,189112,653075,229,150
1480413,189118,653099,229,150
1480466,189124,653122,229,149
1480517,189132,653132,229,150
1480568,189139,653160,229,150
1480619,189146,653177,229,150
1480670,189153,653197,229,150
1480720,189162,653215,229,150
1480771,189167,653246,229,150
1480821,189174,653259,229,150
1480871,189180,653288,229,150
1480921,189185,653316,229,150
1480972,189194,653340,229,150
1481023,189200,653376,229,150
1481074,189207,653403,229,150
1481125,189215,653416,229,150
1481177,189221,653442,229,150
1481227,189227,653466,229,150
1481280,189235,653488,229,150
1481330,189240,653509,229,150
1481381,189247,653534,229,150
1481431,189256,653551,229,150
1481481,189261,653572,229,150
1481531,189266,653593,229,150
1481581,189272,653610,229,150
1481632,189279,653632,229,150
1481682,189284,653646,229,150
1481734,189291,653715,229,150
1481784,189296,653731,229,150
1481836,189304,653751,229,150
1481888,189309,653780,229,150
1481938,189319,653805,229,150
1481988,189326,653833,229,150
1482040,189335,653857,229,150
1482093,189343,653889,229,150
1482143,189351,653908,229,150
1482196,189361,653934,229,150
1482250,189369,653952,229,150
1482300,189373,653979,229,150
1482350,189380,654002,229,150
1482402,189386,654033,229,150
1482457,189392,654057,229,149
1482510,189399,654072,229,150
1482560,189408,654087,229,150
1482610,189414,654113,229,150
1482660,189418,654136,229,150
1482710,189425,654162,229,150
1482760,189431,654179,229,150
1482812,189438,654206,229,150
1482863,189442,654233,229,150
1482915,189448,654248,229,150
1482965,189454,654272,229,150
1483015,189459,654292,229,150
1483068,189466,654316,229,150
1483120,189473,654332,229,150
1483171,189483,654349,229,150
1483221,189490,654362,229,150
1483276,189497,654383,229,149
1483332,189505,654410,229,149
1483383,189511,654433,229,150
1483433,189519,654442,229,150
1483483,189525,654469,229,150
1483533,189531,654488,229,150
1483584,189537,654515,229,150
1483635,189542,654536,229,150
1483690,189549,654557,229,149
1483741,189555,654572,229,150
1483793,189562,654591,229,150
1483843,189569,654610,229,150
1483893,189575,654628,229,150
1483943,189582,654648,229,150
1483993,189589,654667,229,150
1484044,189593,654696,229,150
1484096,189597,654717,229,150
1484146,189602,654747,229,150
1484198,189609,654763,229,150
1484250,189615,654776,229,150
1484300,189621,654794,229,150
1484350,189629,654820,229,150
1484401,189637,654843,229,150
1484454,189643,654865,229,150
1484504,189649,654880,229,150
1484554,189656,654901,229,150
1484604,189662,654922,229,150
1484654,189670,654942,229,150
1484708,189676,654959,229,150
1484758,189684,654979,229,150
1484809,189691,654997,229,150
1484862,189696,655014,229,150
1484912,189703,655040,229,150
1484963,189715,655061,229,150
1485013,189721,655082,229,150
1485069,189728,655116,229,149
1485119,189734,655147,229,150
1485173,189739,655168,229,150
1485225,189749,655186,229,150
1485275,189755,655219,229,149
1485326,189763,655248,229,150
1485376,189768,655276,229,150
1485427,189776,655300,229,149
1485477,189782,655317,229,150
1485527,189788,655335,229,150
1485582,189796,655355,229,150
1485635,189802,655373,229,150
1485685,189809,655378,229,150
1485736,189814,655407,229,150
1485786,189820,655423,229,150
1485839,189826,655446,229,150
1485889,189833,655468,229,150
1485940,189839,655494,229,150
1485990,189845,655521,229,150
1486041,189851,655547,229,150
1486094,189857,655567,229,150
1486144,189862,655587,229,150
1486195,189869,655613,229,150
1486247,189876,655640,229,150
1486297,189882,655662,229,150
1486347,189887,655685,229,150
1486397,189895,655707,229,150
1486447,189901,655735,229,150
1486497,189908,655760,229,150
1486549,189913,655783,229,150
1486603,189917,655809,229,150
1486653,189923,655829,229,150
1486704,189930,655853,229,150
1486756,189938,655870,229,150
1486808,189944,655880,229,150
1486861,189949,655903,229,150
1486912,189954,655929,229,150
1486962,189959,655956,229,150
1487013,189967,655973,229,150
1487063,189975,655989,229,150
1487115,189982,656011,229,150
1487168,189987,656037,229,150
1487218,189999,656052,229,150
1487268,190006,656081,229,150
1487318,190014,656095,229,150
1487368,190024,656115,229,150
1487418,190030,656141,229,150
1487470,190040,656165,229,150
1487520,190046,656185,229,150
1487571,190051,656210,229,150
1487621,190063,656221,229,149
1487671,190070,656239,229,150
1487721,190075,656260,229,150
1487776,190084,656286,229,150
1487827,190092,656301,229,150
1487877,190098,656374,229,150
1487927,190107,656387,229,150
1487981,190113,656417,229,150
1488033,190119,656439,229,150
1488083,190127,656459,229,150
1488133,190133,656487,229,150
1488184,190139,656504,229,150
1488234,190146,656531,229,150
1488287,190152,656562,229,150
1488337,190158,656592,229,150
1488387,190164,656622,229,150
1488438,190173,656643,229,150
1488489,190178,656667,229,148
1488539,190187,656691,229,150
1488589,190194,656716,229,150
1488639,190200,656729,229,150
1488689,190206,656756,229,150
1488739,190213,656778,229,150
1488789,190220,656797,229,150
1488839,190228,656821,229,150
1488889,190234,656839,229,150
1488939,190240,656863,229,150
1488989,190245,656893,229,150
1489039,190251,656915,229,150
1489089,190256,656937,229,150
1489144,190262,656958,229,150
1489195,190270,656980,229,150
1489250,190280,656998,229,150
1489304,190287,657026,229,150
1489358,190292,657051,229,150
1489408,190302,657067,229,150
1489461,190311,657089,229,150
1489514,190320,657115,229,150
1489565,190334,657178,229,150
1489615,190338,657205,229,150
1489667,190345,657224,229,150
1489717,190351,657238,229,150
1489771,190356,657254,229,150
1489823,190362,657275,229,150
1489873,190367,657288,229,150
1489923,190373,657313,229,150
1489974,190377,657385,229,150
1490032,190383,657402,229,150
1490082,190389,657430,229,150
1490133,190395,657453,229,150
1490184,190401,657525,229,150
1490235,190410,657548,229,150
1490285,190419,657578,229,150
1490335,190427,657602,229,150
1490386,190433,657623,229,150
1490437,190439,657649,229,150
1490488,190444,657672,229,150
1490538,190450,657744,229,150
1490588,190458,657773,229,150
1490647,190466,657798,229,149
1490701,190471,657818,229,150
1490753,190478,657840,229,150
1490803,190486,657860,229,150
1490854,190491,657887,229,150
1490905,190497,657903,229,150
1490957,190504,657920,229,150
1491010,190509,657943,229,149
1491060,190514,657961,229,150
1491111,190521,657982,229,150
1491161,190526,658010,229,150
1491211,190530,658031,229,150
1491261,190535,658047,229,150
1491312,190540,658071,229,150
1491363,190546,658093,229,150
1491415,190552,658108,229,150
1491465,190561,658134,229,150
1491516,190567,658151,229,150
1491566,190572,658170,229,148
1491619,190581,658190,229,150
1491669,190585,658217,229,150
1491719,190591,658236,229,150
1491769,190599,658262,229,150
1491820,190606,658290,229,150
1491872,190612,658311,229,150
1491922,190619,658331,229,150
1491975,190628,658348,229,150
1492026,190635,658370,229,150
1492077,190642,658383,229,150
1492127,190648,658405,229,150
1492177,190654,658423,229,150
1492233,190660,658439,229,150
1492284,190666,658449,229,150
1492335,190674,658469,229,150
1492385,190681,658543,229,150
1492438,190688,658571,229,150
1492489,190695,658586,229,150
1492542,190702,658613,229,150
1492592,190709,658644,229,150
1492644,190714,658668,229,150
1492694,190722,658682,229,150
1492746,190729,658709,229,150
1492804,190736,658736,229,150
1492854,190743,658761,229,150
1492904,190751,658776,229,150
1492956,190759,658802,229,150
1493007,190769,658828,229,150
1493059,190775,658847,229,150
1493110,190780,658873,229,150
1493160,190788,658895,229,150
1493213,190796,658913,229,150
1493265,190801,658943,229,150
1493315,190808,658960,229,150
1493369,190817,658984,229,150
1493419,190823,659014,229,150
1493469,190830,659031,229,150
1493519,190836,659050,229,150
1493569,190843,659078,229,150
1493619,190851,659103,229,150
1493671,190857,659137,229,150
1493721,190862,659154,229,150
1493771,190868,659171,229,150
1493821,190874,659197,229,150
1493871,190879,659222,229,150
1493921,190885,659245,229,150
1493971,190891,659272,229,150
1494021,190896,659296,229,150
1494071,190904,659307,229,150
1494121,190910,659330,229,150
1494171,190917,659348,229,149
1494222,190927,659367,229,150
1494272,190932,659396,229,150
1494322,190938,659418,229,150
1494372,190947,659437,229,150
1494422,190954,659448,229,150
1494474,190959,659466,229,150
1494524,190965,659484,229,149
1494574,190974,659498,229,150
1494624,190979,659525,229,150
1494674,190985,659550,229,150
1494724,190993,659575,229,150
1494776,191001,659599,229,150
1494826,191006,659618,229,150
1494876,191011,659646,229,150
1494926,191019,659668,229,150
1494976,191024,659683,229,150
1495026,191030,659698,229,150
1495077,191037,659724,229,150
1495127,191043,659744,229,150
1495181,191050,659772,229,150
1495234,191057,659783,229,150
1495285,191064,659809,229,150
1495335,191071,659828,229,149
1495385,191078,659840,229,149
1495440,191086,659859,229,150
1495495,191097,659877,229,150
1495545,191105,659901,229,150
1495596,191112,659922,229,150
1495648,191116,659949,229,150
1495698,191123,659975,229,150
1495750,191130,660000,229,150
1495801,191137,660018,229,150
1495851,191144,660042,229,150
1495901,191149,660067,229,150
1495952,191156,660099,229,150
1496002,191166,660127,229,150
1496052,191172,660148,229,150
1496102,191180,660170,229,150
1496153,191187,660196,229,150
1496204,191193,660215,229,149
1496256,191199,660252,229,150
1496306,191205,660270,229,150
1496360,191212,660303,229,150
1496410,191219,660322,229,150
1496460,191223,660348,229,150
1496511,191228,660363,229,150
1496562,191233,660378,229,150
1496612,191238,660405,229,150
1496669,191244,660423,229,150
1496722,191251,660448,229,150
1496772,191258,660463,229,150
1496823,191265,660480,229,150
1496877,191270,660504,229,150
1496927,191275,660527,229,150
1496977,191281,660542,229,150
1497027,191288,660559,229,150
1497077,191296,660581,229,150
1497127,191305,660605,229,150
1497177,191311,660625,229,150
1497230,191315,660651,229,150
1497280,191321,660677,229,150
1497332,191326,660702,229,150
1497383,191333,660720,229,150
1497434,191339,660744,229,150
1497485,191346,660766,229,150
1497535,191352,660786,229,150
1497585,191356,660823,229,150
1497635,191362,660854,229,150
1497685,191371,660876,229,150
1497735,191378,660907,229,150
1497786,191385,660933,229,150
1497843,191391,660956,229,150
1497894,191399,660974,229,149
1497944,191405,660999,229,150
1497996,191412,661022,229,150
1498046,191418,661040,229,150
1498098,191423,661060,229,150
1498149,191429,661082,229,150
1498199,191435,661107,229,150
1498252,191442,661125,229,150
1498303,191448,661144,229,150
1498354,191454,661171,229,150
1498405,191461,661194,229,150
1498455,191468,661216,229,150
1498505,191475,661244,229,150
1498555,191481,661272,229,150
1498605,191485,661293,229,150
1498658,191489,661322,229,150
1498709,191496,661341,229,150
1498759,191501,661365,229,150
1498813,191507,661389,229,150
1498863,191514,661411,229,150
1498913,191520,661436,229,150
1498963,191526,661457,229,150
1499016,191531,661483,229,150
1499066,191537,661506,229,150
1499121,191544,661534,229,150
1499172,191550,661557,229,150
1499223,191554,661579,229,150
1499273,191562,661599,229,150
1499325,191567,661625,229,150
1499382,191572,661652,229,148
1499432,191581,661668,229,150
1499489,191587,661698,229,150
1499542,191593,661721,229,150
1499592,191599,661739,229,150
1499647,191607,661766,229,150
1499697,191613,661788,229,150
1499747,191619,661805,229,150
1499797,191627,661830,229,150
1499847,191636,661843,229,150
1499897,191642,661878,229,150
1499947,191651,661906,229,150
1499997,191658,661922,229,150
1500049,191665,661935,229,150
1500099,191671,661965,229,150
1500152,191680,661986,229,150
1500204,191686,662013,229,150
1500256,191695,662035,229,150
1500306,191704,662054,229,150
1500356,191710,662070,229,150
1500410,191717,662088,229,150
1500463,191721,662119,229,150
1500513,191727,662135,229,150
1500568,191735,662159,229,150
1500619,191744,662183,229,150
1500669,191751,662198,229,150
1500724,191758,662214,229,150
1500774,191764,662231,229,150
1500824,191772,662257,229,150
1500874,191777,662278,229,150
1500925,191785,662299,229,150
1500977,191793,662311,229,150
1501027,191799,662328,229,150
1501078,191807,662342,229,150
1501128,191812,662364,229,150
1501178,191820,662386,229,150
1501230,191825,662409,229,150
1501282,191829,662441,229,150
1501333,191836,662465,229,150
1501384,191842,662484,229,150
1501434,191850,662510,229,150
1501484,191855,662537,229,150
1501534,191863,662556,229,150
1501584,191870,662571,229,150
1501634,191878,662590,229,150
1501685,191885,662610,229,150
1501736,191891,662627,229,150
1501787,191896,662651,229,150
1501838,191903,662677,229,150
1501889,191908,662697,229,150
1501940,191916,662726,229,150
1501990,191921,662747,229,150
1502040,191927,662758,229,150
1502091,191931,662785,229,150
1502143,191940,662818,229,150
1502195,191946,662838,229,150
1502246,191956,662855,229,150
1502298,191962,662877,229,150
1502348,191968,662914,229,150
1502400,191973,662932,229,150
1502451,191980,662958,229,150
1502502,191987,662988,229,150
1502552,191993,663005,229,150
1502602,191999,663030,229,150
1502654,192005,663051,229,150
1502704,192012,663072,229,150
1502754,192018,663094,229,150
1502804,192024,663119,229,150
1502854,192032,663136,229,150
1502904,192041,663163,229,150
1502958,192048,663178,229,150
1503011,192055,663199,229,150
1503062,192061,663217,229,150
1503112,192068,663238,229,150
1503162,192076,663255,229,150
1503214,192084,663278,229,150
1503266,192088,663301,229,150
1503316,192096,663322,229,150
1503366,192102,663350,229,150
1503417,192107,663373,229,150
1503467,192112,663402,229,150
1503518,192118,663416,229,150
1503570,192126,663431,229,150
1503621,192135,663455,229,150
1503671,192141,663479,229,150
1503721,192148,663493,229,150
1503772,192154,663510,229,150
1503822,192160,663539,229,150
1503872,192167,663570,229,150
1503922,192174,663579,229,150
1503972,192180,663599,229,150
1504022,192185,663622,229,150
1504073,192193,663638,229,150
1504123,192200,663661,229,150
1504175,192208,663685,229,150
1504225,192212,663701,229,150
1504275,192218,663721,229,150
1504328,192224,663744,229,150
1504378,192229,663771,229,150
1504428,192237,663791,229,150
1504479,192245,663812,229,150
1504529,192252,663834,229,150
1504587,192259,663857,229,150
1504638,192267,663869,229,150
1504688,192274,663889,229,150
1504739,192281,663909,229,150
1504791,192291,663928,229,150
1504842,192298,663951,229,150
1504897,192306,663967,229,150
1504947,192311,663992,229,150
1504997,192319,664004,229,150
1505048,192324,664032,229,150
1505099,192330,664048,229,150
1505149,192339,664064,229,150
1505199,192347,664081,229,150
1505250,192353,664104,229,150
1505304,192361,664134,229,150
1505357,192369,664154,229,150
1505411,192375,664186,229,150
1505467,192381,664214,229,150
1505517,192388,664239,229,150
1505568,192396,664263,229,150
1505623,192404,664279,229,150
1505676,192410,664300,229,150
1505728,192415,664413,229,149
1505778,192422,664443,229,150
1505834,192430,664469,229,150
1505884,192435,664495,229,150
1505937,192443,664522,229,150
1505987,192447,664547,229,150
1506039,192454,664563,229,150
1506090,192461,664587,229,150
1506141,192467,664606,229,150
1506192,192472,664629,229,150
1506242,192477,664644,229,150
1506294,192484,664664,229,150
1506344,192489,664688,229,150
1506397,192496,664709,229,150
1506448,192504,664731,229,150
1506502,192511,664746,229,150
1506555,192516,664768,229,150
1506607,192522,664799,229,150
1506657,192529,664819,229,150
1506707,192534,664846,229,150
1506758,192542,664859,229,150
1506811,192548,664893,229,150
1506864,192554,664914,229,150
1506915,192559,664945,229,150
1506969,192566,664960,229,149
1507020,192572,664981,229,150
1507071,192578,665008,229,150
1507121,192583,665030,229,150
1507173,192591,665085,229,150
1507226,192596,665107,229,150
1507276,192600,665127,229,150
1507328,192606,665150,229,150
1507378,192615,665167,229,150
1507429,192621,665190,229,150
1507479,192627,665203,229,150
1507530,192633,665233,229,150
1507580,192638,665257,229,150
1507630,192644,665273,229,150
1507684,192652,665294,229,150
1507734,192659,665321,229,150
1507785,192665,665344,229,150
1507835,192671,665363,229,150
1507886,192676,665386,229,150
1507937,192686,665406,229,150
1507988,192693,665422,229,150
1508039,192698,665444,229,150
1508089,192707,665460,229,150
1508140,192714,665482,229,150
1508190,192720,665500,229,150
1508241,192724,665527,229,150
1508292,192731,665551,229,150
1508344,192737,665574,229,150
1508395,192743,665591,229,150
1508445,192749,665608,229,150
1508495,192754,665638,229,150
1508547,192760,665664,229,150
1508598,192769,665681,229,150
1508650,192775,665703,229,150
1508701,192781,665723,229,150
1508751,192788,665747,229,150
1508802,192794,665767,229,150
1508852,192802,665793,229,150
1508902,192807,665815,229,150
1508952,192812,665839,229,150
1509002,192819,665856,229,150
1509057,192827,665880,229,150
1509108,192833,665897,229,150
1509158,192838,665922,229,150
1509208,192845,665944,229,150
1509258,192853,665968,229,150
1509308,192861,666040,229,150
1509358,192866,666054,229,150
1509409,192873,666070,229,150
1509459,192878,666094,229,150
1509509,192883,666121,229,150
1509561,192889,666137,229,149
1509612,192896,666157,229,149
1509664,192904,666178,229,149
1509714,192912,666196,229,150
1509765,192917,666219,229,150
1509815,192922,666249,229,150
1509865,192928,666276,229,150
1509917,192939,666297,229,150
1509968,192947,666315,229,150
1510018,192956,666332,229,149
1510071,192963,666358,229,150
1510125,192970,666382,229,150
1510176,192976,666408,229,150
1510227,192984,666428,229,150
1510278,192991,666439,229,150
1510328,192997,666452,229,150
1510378,193001,666477,229,150
1510428,193009,666489,229,150
1510478,193016,666516,229,150
1510530,193026,666534,229,150
1510582,193031,666560,229,150
1510632,193039,666583,229,150
1510683,193045,666601,229,150
1510734,193051,666631,229,150
1510784,193058,666646,229,150
1510840,193063,666667,229,149
1510890,193070,666701,229,150
1510943,193077,666721,229,150
1510993,193084,666747,229,150
1511043,193091,666767,229,150
1511093,193100,666788,229,150
1511143,193105,666817,229,150
1511197,193115,666840,229,150
1511254,193122,666867,229,147
1511304,193130,666893,229,150
1511354,193136,666908,229,150
1511404,193141,666932,229,150
1511454,193148,666955,229,150
1511507,193154,666979,229,150
1511558,193159,667008,229,150
1511611,193167,667022,229,150
1511664,193172,667044,229,149
1511715,193180,667059,229,150
1511766,193185,667086,229,150
1511817,193194,667107,229,150
1511874,193204,667135,229,150
1511925,193210,667163,229,150
1511976,193219,667190,229,150
1512026,193227,667208,229,150
1512078,193234,667232,229,150
1512128,193240,667254,229,150
1512178,193245,667275,229,150
1512229,193252,667295,229,150
1512282,193260,667320,229,150
1512333,193266,667347,229,150
1512383,193270,667368,229,150
1512434,193279,667384,229,150
1512484,193285,667410,229,150
1512536,193292,667434,229,150
1512586,193299,667454,229,150
1512638,193304,667478,229,150
1512689,193311,667500,229,150
1512739,193317,667528,229,150
1512789,193323,667546,229,150
1512839,193328,667571,229,150
1512893,193334,667597,229,150
1512943,193338,667627,229,150
1512993,193344,667650,229,150
1513043,193351,667666,229,150
1513093,193357,667685,229,150
1513144,193364,667697,229,150
1513196,193369,667731,229,150
1513246,193378,667756,229,150
1513299,193383,667776,229,149
1513349,193388,667791,229,150
1513402,193397,667816,229,149
1513453,193403,667843,229,150
1513503,193412,667870,229,150
1513553,193418,667885,229,150
1513604,193426,667903,229,150
1513655,193431,667925,229,150
1513705,193436,667946,229,150
1513758,193443,667971,229,150
1513811,193448,667988,229,150
1513861,193455,668010,229,150
1513912,193464,668028,229,150
1513962,193470,668048,229,150
1514012,193479,668063,229,150
1514066,193486,668081,229,150
1514117,193493,668096,229,150
1514171,193502,668106,229,149
1514221,193509,668127,229,150
1514282,193515,668145,229,149
1514333,193522,668165,229,150
1514384,193528,668191,229,150
1514435,193534,668219,229,150
1514487,193539,668235,229,150
1514537,193546,668251,229,150
1514587,193551,668279,229,150
1514637,193557,668304,229,150
1514687,193564,668332,229,150
1514737,193572,668358,229,150
1514787,193577,668380,229,150
1514837,193587,668393,229,150
1514887,193592,668417,229,150
1514937,193599,668437,229,150
1514987,193605,668459,229,150
1515039,193612,668473,229,150
1515089,193617,668492,229,150
1515140,193624,668513,229,150
1515193,193632,668530,229,150
1515245,193640,668546,229,150
1515295,193651,668561,229,150
1515350,193657,668591,229,150
1515401,193663,668610,229,150
1515451,193669,668630,229,150
1515506,193674,668658,229,150
1515556,193679,668695,229,150
1515609,193685,668712,229,150
1515660,193690,668737,229,150
1515713,193696,668758,229,150
1515765,193703,668776,229,149
1515819,193709,668795,229,150
1515870,193716,668827,229,150
1515922,193722,668852,229,150
1515973,193728,668875,229,150
1516026,193734,668893,229,150
1516078,193740,668914,229,150
1516128,193746,668932,229,150
1516178,193752,669002,229,150
1516228,193760,669030,229,150
1516278,193764,669055,229,150
1516329,193771,669072,229,150
1516379,193779,669091,229,150
1516432,193785,669120,229,150
1516482,193790,669140,229,150
1516536,193798,669153,229,150
1516587,193804,669191,229,150
1516642,193812,669203,229,150
1516693,193819,669226,229,150
1516749,193826,669245,229,150
1516800,193833,669269,229,150
1516850,193840,669289,229,150
1516907,193848,669303,229,150
1516957,193854,669320,229,150
1517007,193861,669350,229,150
1517061,193867,669373,229,150
1517118,193872,669386,229,150
1517170,193878,669402,229,150
1517220,193883,669429,229,150
1517272,193890,669451,229,150
1517324,193897,669469,229,150
1517374,193903,669492,229,150
1517424,193908,669516,229,150
1517474,193914,669538,229,150
1517524,193919,669564,229,150
1517575,193926,669582,229,150
1517630,193934,669599,229,150
1517686,193943,669618,229,150
1517736,193950,669641,229,150
1517790,193957,669662,229,150
1517841,193963,669691,229,150
1517894,193970,669724,229,150
1517946,193976,669753,229,150
1517997,193982,669784,229,150
1518048,193989,669810,229,150
1518098,193995,669830,229,150
1518148,194001,669862,229,150
1518198,194006,669885,229,150
1518254,194014,669900,229,149
1518306,194025,669927,229,150
1518356,194034,669959,229,150
1518407,194043,669975,229,150
1518457,194052,670001,229,150
1518507,194058,670026,229,148
1518560,194063,670059,229,150
1518610,194070,670070,229,150
1518662,194077,670084,229,150
1518712,194084,670104,229,150
1518763,194090,670132,229,150
1518813,194095,670152,229,149
1518863,194101,670177,229,150
1518914,194110,670199,229,150
1518965,194117,670211,229,149
1519016,194125,670241,229,150
1519066,194131,670267,229,150
1519118,194137,670294,229,150
1519168,194143,670310,229,150
1519218,194148,670342,229,150
1519268,194155,670370,229,150
1519318,194160,670400,229,150
1519372,194169,670429,229,150
1519423,194177,670443,229,150
1519474,194181,670470,229,150
1519525,194187,670493,229,150
1519576,194193,670509,229,150
1519628,194198,670539,229,150
1519679,194206,670558,229,150
1519729,194212,670571,229,150
1519780,194219,670589,229,150
1519830,194225,670608,229,150
1519881,194230,670640,229,150
1519933,194239,670658,229,150
1519983,194244,670679,229,150
1520035,194252,670700,229,150
1520086,194258,670717,229,150
1520145,194264,670746,229,149
1520196,194273,670766,229,150
1520252,194280,670787,229,149
1520302,194287,670807,229,150
1520353,194292,670823,229,150
1520404,194299,670851,229,150
1520454,194306,670872,229,150
1520504,194311,670893,229,150
1520556,194318,670916,229,150
1520607,194326,670932,229,150
1520657,194333,670954,229,150
1520708,194339,670982,229,150
1520758,194344,671001,229,150
1520808,194351,671028,229,150
1520860,194357,671046,229,150
1520911,194365,671073,229,150
1520962,194373,671088,229,150
1521014,194380,671107,229,150
1521064,194386,671121,229,150
1521114,194389,671147,229,150
1521166,194398,671165,229,150
1521220,194404,671182,229,150
1521270,194409,671204,229,150
1521321,194415,671230,229,150
1521371,194423,671250,229,150
1521422,194432,671269,229,150
1521472,194440,671294,229,149
1521522,194447,671318,229,150
1521572,194454,671341,229,150
1521625,194461,671366,229,150
1521676,194468,671387,229,150
1521726,194475,671413,229,150
1521778,194482,671429,229,150
1521828,194491,671446,229,150
1521878,194497,671484,229,150
1521928,194506,671501,229,150
1521979,194513,671523,229,150
1522029,194519,671550,229,150
1522081,194524,671566,229,150
1522132,194532,671581,229,150
1522189,194540,671600,229,150
1522239,194547,671621,229,150
1522292,194552,671647,229,150
1522347,194559,671672,229,150
1522400,194565,671692,229,150
1522451,194570,671715,229,150
1522501,194575,671740,229,150
1522554,194581,671767,229,150
1522609,194586,671783,229,150
1522662,194592,671814,229,149
1522714,194599,671842,229,150
1522765,194604,671877,229,150
1522815,194615,671902,229,150
1522866,194621,671921,229,150
1522917,194629,671944,229,150
1522967,194637,671962,229,150
1523017,194642,671983,229,150
1523073,194647,672004,229,150
1523123,194652,672020,229,150
1523175,194657,672042,229,150
1523226,194666,672064,229,150
1523276,194674,672073,229,150
1523326,194680,672098,229,150
1523380,194688,672119,229,150
1523430,194693,672189,229,150
1523481,194698,672218,229,150
1523531,194703,672248,229,150
1523581,194711,672275,229,150
1523633,194720,672289,229,150
1523683,194725,672306,229,150
1523733,194734,672338,229,150
1523783,194739,672360,229,150
1523834,194745,672390,229,150
1523885,194751,672407,229,150
1523935,194757,672429,229,150
1523987,194763,672452,229,150
1524038,194769,672474,229,150
1524088,194775,672501,229,150
1524139,194781,672521,229,150
1524189,194787,672547,229,150
1524241,194794,672569,229,150
1524293,194803,672596,229,150
1524344,194809,672619,229,150
1524394,194815,672636,229,150
1524446,194819,672651,229,150
1524496,194829,672671,229,150
1524546,194835,672700,229,150
1524603,194844,672716,229,149
1524653,194849,672738,229,150
1524703,194859,672803,229,150
1524754,194866,672829,229,150
1524804,194871,672852,229,150
1524857,194878,672876,229,150
1524912,194883,672899,229,150
1524962,194887,672929,229,150
1525015,194896,672945,229,150
1525065,194903,672968,229,150
1525120,194910,672997,229,150
1525170,194916,673020,229,150
1525222,194922,673053,229,150
1525272,194928,673077,229,150
1525327,194937,673119,229,150
1525382,194942,673154,229,150
1525434,194947,673177,229,150
1525484,194953,673203,229,150
1525536,194958,673213,229,150
1525597,194966,673233,229,148
1525648,194974,673249,229,150
1525698,194980,673267,229,150
1525748,194986,673292,229,150
1525799,194992,673326,229,150
1525854,194999,673352,229,150
1525905,195006,673374,229,150
1525955,195012,673398,229,150
1526007,195017,673421,229,149
1526057,195022,673441,229,150
1526107,195028,673463,229,150
1526159,195036,673489,229,150
1526214,195044,673506,229,150
1526265,195050,673524,229,150
1526315,195059,673549,229,150
1526365,195064,673572,229,150
1526416,195072,673590,229,149
1526467,195078,673615,229,150
1526517,195082,673635,229,150
1526567,195090,673656,229,150
1526621,195097,673680,229,150
1526671,195106,673700,229,150
1526728,195111,673730,229,150
1526780,195117,673744,229,150
1526830,195125,673769,229,150
1526881,195132,673794,229,150
1526936,195141,673849,229,150
1526986,195147,673876,229,150
1527041,195153,673907,229,150
1527091,195160,673927,229,150
1527142,195166,673954,229,150
1527193,195173,673968,229,150
1527244,195178,673992,229,150
1527296,195186,674015,229,150
1527352,195194,674033,229,148
1527402,195202,674056,229,150
1527453,195209,674078,229,150
1527510,195216,674106,229,150
1527561,195221,674123,229,149
1527613,195229,674142,229,150
1527663,195235,674164,229,150
1527714,195242,674187,229,150
1527764,195248,674216,229,150
1527817,195255,674237,229,150
1527870,195263,674256,229,150
1527920,195270,674283,229,150
1527971,195276,674301,229,150
1528021,195283,674318,229,150
1528073,195287,674338,229,150
1528123,195292,674359,229,150
1528173,195297,674394,229,150
1528223,195304,674418,229,149
1528274,195311,674437,229,150
1528326,195316,674460,229,150
1528376,195324,674478,229,150
1528433,195333,674492,229,150
1528485,195339,674517,229,150
1528538,195346,674539,229,150
1528588,195351,674557,229,150
1528638,195358,674580,229,150
1528688,195364,674595,229,150
1528740,195371,674626,229,150
1528791,195378,674697,229,150
1528850,195387,674720,229,150
1528901,195392,674736,229,150
1528951,195398,674759,229,150
1529001,195407,674786,229,150
1529051,195415,674796,229,150
1529102,195422,674823,229,150
1529152,195430,674837,229,150
1529202,195438,674857,229,150
1529252,195442,674889,229,150
1529303,195448,674911,229,150
1529353,195454,674929,229,150
1529403,195460,674958,229,150
1529453,195467,674970,229,150
1529506,195475,674988,229,150
1529556,195480,675007,229,150
1529611,195487,675032,229,150
1529661,195494,675060,229,150
1529712,195500,675075,229,150
1529763,195506,675091,229,150
1529814,195510,675111,229,150
1529866,195520,675140,229,150
1529916,195527,675159,229,150
1529967,195533,675182,229,150
1530017,195540,675206,229,150
1530070,195546,675230,229,150
1530120,195552,675250,229,150
1530170,195559,675277,229,150
1530221,195568,675292,229,150
1530274,195575,675312,229,150
1530324,195581,675341,229,150
1530378,195587,675359,229,150
1530432,195595,675380,229,150
1530483,195601,675399,229,150
1530533,195606,675434,229,150
1530583,195612,675458,229,150
1530636,195618,675491,229,149
1530686,195623,675513,229,150
1530737,195630,675533,229,150
1530787,195638,675555,229,150
1530838,195645,675579,229,150
1530895,195652,675601,229,150
1530949,195659,675617,229,150
1531002,195664,675641,229,150
1531056,195674,675657,229,150
1531108,195679,675688,229,150
1531160,195683,675704,229,150
1531210,195690,675727,229,150
1531260,195698,675748,229,150
1531311,195706,675770,229,150
1531361,195713,675786,229,150
1531411,195719,675804,229,150
1531463,195727,675824,229,150
1531514,195734,675851,229,150
1531565,195743,675867,229,150
1531619,195748,675894,229,150
1531669,195755,675967,229,150
1531720,195764,675989,229,150
1531774,195770,676007,229,150
1531827,195776,676026,229,150
1531877,195781,676045,229,150
1531928,195788,676063,229,150
1531979,195795,676082,229,150
1532030,195803,676099,229,149
1532082,195809,676115,229,150
1532143,195817,676137,229,150
1532194,195823,676157,229,150
1532245,195829,676179,229,150
1532295,195835,676204,229,150
1532347,195842,676222,229,150
1532400,195848,676256,229,150
1532450,195853,676282,229,150
1532502,195859,676303,229,150
1532554,195865,676328,229,150
1532606,195872,676341,229,150
1532656,195878,676367,229,150
1532708,195883,676388,229,150
1532760,195892,676398,229,150
1532812,195898,676427,229,150
1532865,195908,676446,229,150
1532916,195915,676470,229,150
1532967,195921,676493,229,150
1533017,195927,676564,229,150
1533069,195931,676583,229,150
1533119,195939,676614,229,150
1533169,195945,676637,229,150
1533222,195952,676654,229,149
1533273,195958,676676,229,150
1533323,195968,676694,229,150
1533373,195973,676714,229,150
1533424,195978,676732,229,150
1533475,195984,676760,229,150
1533528,195992,676784,229,150
1533580,195999,676806,229,148
1533632,196010,676822,229,150
1533682,196018,676838,229,150
1533736,196024,676862,229,149
1533787,196031,676885,229,150
1533842,196039,676909,229,150
1533894,196045,676935,229,150
1533944,196051,676958,229,150
1533999,196059,676980,229,150
1534052,196066,676999,229,150
1534103,196074,677018,229,150
1534154,196081,677036,229,150
1534204,196086,677061,229,150
1534254,196093,677076,229,150
1534305,196103,677093,229,150
1534356,196109,677117,229,150
1534406,196116,677146,229,150
1534456,196123,677181,229,150
1534508,196129,677202,229,150
1534561,196136,677211,229,148
1534611,196145,677231,229,150
1534662,196154,677256,229,150
1534713,196160,677280,229,150
1534766,196166,677312,229,150
1534816,196175,677334,229,150
1534866,196183,677356,229,150
1534917,196188,677385,229,150
1534969,196194,677409,229,150
1535020,196199,677426,229,150
1535070,196206,677458,229,150
1535120,196212,677477,229,150
1535173,196219,677501,229,150
1535223,196224,677527,229,150
1535273,196230,677545,229,150
1535326,196236,677572,229,150
1535376,196244,677594,229,150
1535426,196251,677623,229,150
1535476,196257,677692,229,150
1535533,196264,677715,229,150
1535583,196270,677739,229,150
1535635,196277,677757,229,150
1535686,196284,677775,229,150
1535739,196293,677790,229,150
1535790,196300,677815,229,150
1535840,196307,677848,229,150
1535892,196313,677872,229,150
1535943,196318,677889,229,150
1535993,196324,677917,229,150
1536043,196328,677939,229,150
1536094,196333,677962,229,150
1536144,196344,677983,229,150
1536199,196348,678013,229,150
1536252,196356,678031,229,149
1536302,196365,678050,229,150
1536352,196371,678069,229,150
1536407,196378,678100,229,150
1536458,196384,678116,229,150
1536508,196393,678130,229,150
1536560,196399,678154,229,150
1536613,196408,678174,229,150
1536664,196415,678194,229,150
1536719,196420,678219,229,149
1536769,196428,678245,229,150
1536821,196434,678277,229,150
1536871,196442,678295,229,149
1536932,196448,678311,229,150
1536983,196456,678328,229,150
1537036,196463,678343,229,150
1537086,196468,678365,229,150
1537138,196473,678400,229,150
1537189,196482,678418,229,150
1537239,196490,678441,229,150
1537290,196497,678459,229,149
1537340,196505,678474,229,150
1537390,196513,678493,229,150
1537443,196519,678516,229,150
1537493,196525,678544,229,150
1537544,196531,678559,229,150
1537596,196536,678581,229,150
1537648,196543,678600,229,150
1537699,196551,678625,229,150
1537749,196558,678644,229,150
1537804,196564,678670,229,149
1537857,196573,678682,229,150
1537910,196578,678712,229,150
1537961,196583,678738,229,150
1538011,196589,678769,229,150
1538062,196596,678790,229,150
1538113,196605,678813,229,150
1538163,196613,678831,229,150
1538216,196619,678852,229,150
1538268,196625,678868,229,150
1538320,196633,678897,229,150
1538370,196641,678914,229,150
1538421,196645,678939,229,150
1538471,196651,678958,229,150
1538521,196659,678979,229,150
1538572,196665,678997,229,150
1538625,196675,679010,229,150
1538675,196680,679040,229,150
1538725,196686,679071,229,150
1538776,196691,679093,229,150
1538828,196697,679118,229,150
1538878,196703,679147,229,150
1538928,196710,679170,229,150
1538978,196716,679199,229,150
1539028,196720,679228,229,150
1539078,196727,679243,229,150
1539128,196732,679263,229,149
1539178,196741,679280,229,150
1539229,196746,679309,229,150
1539279,196754,679324,229,150
1539329,196759,679342,229,150
1539379,196767,679372,229,150
1539432,196775,679401,229,150
1539483,196785,679427,229,150
1539534,196793,679444,229,150
1539584,196799,679473,229,150
1539637,196806,679488,229,150
1539689,196812,679512,229,150
1539739,196818,679533,229,150
1539789,196825,679561,229,150
1539840,196832,679578,229,150
1539894,196839,679593,229,150
1539944,196843,679621,229,150
1539994,196853,679641,229,150
1540045,196862,679711,229,150
1540098,196869,679734,229,150
1540148,196874,679754,229,150
1540200,196880,679778,229,150
1540251,196888,679801,229,150
1540304,196893,679827,229,149
1540355,196900,679841,229,150
1540407,196905,679915,229,150
1540457,196912,679933,229,150
1540512,196920,679958,229,150
1540562,196926,679986,229,150
1540612,196931,680009,229,150
1540662,196938,680023,229,150
1540717,196944,680047,229,149
1540768,196950,680065,229,150
1540818,196957,680080,229,149
1540868,196966,680104,229,150
1540920,196972,680127,229,150
1540970,196982,680143,229,150
1541020,196989,680160,229,150
1541071,196996,680187,229,150
1541122,197005,680204,229,150
1541174,197012,680224,229,150
1541224,197017,680250,229,150
1541282,197024,680266,229,150
1541332,197029,680287,229,150
1541382,197035,680321,229,150
1541432,197041,680339,229,150
1541482,197049,680361,229,150
1541532,197054,680381,229,150
1541586,197062,680399,229,150
1541636,197069,680420,229,150
1541686,197074,680439,229,150
1541737,197078,680467,229,150
1541788,197085,680488,229,150
1541838,197091,680509,229,150
1541889,197100,680527,229,150
1541943,197106,680546,229,150
1541994,197113,680570,229,150
1542044,197118,680598,229,150
1542094,197123,680621,229,149
1542144,197128,680640,229,150
1542195,197136,680662,229,150
1542245,197141,680688,229,150
1542298,197146,680718,229,150
1542348,197151,680742,229,150
1542398,197158,680768,229,150
1542448,197165,680791,229,150
1542498,197172,680818,229,150
1542548,197178,680833,229,150
1542598,197186,680856,229,150
1542648,197191,680889,229,150
1542701,197198,680918,229,150
1542752,197204,680942,229,150
1542803,197210,680967,229,150
1542855,197217,680996,229,150
1542905,197224,681013,229,150
1542956,197230,681032,229,150
1543007,197236,681062,229,150
1543059,197242,681085,229,149
1543109,197250,681108,229,150
1543162,197260,681125,229,150
1543213,197266,681147,229,150
1543265,197273,681169,229,150
1543315,197280,681191,229,150
1543366,197285,681221,229,150
1543416,197290,681250,229,150
1543467,197296,681262,229,150
1543518,197302,681293,229,150
1543574,197307,681320,229,149
1543624,197314,681337,229,150
1543674,197320,681357,229,150
1543725,197325,681376,229,150
1543776,197332,681403,229,149
1543826,197339,681423,229,150
1543882,197346,681439,229,150
1543936,197353,681459,229,150
1543988,197358,681475,229,150
1544038,197363,681492,229,150
1544088,197369,681508,229,150
1544145,197378,681522,229,149
1544196,197386,681539,229,150
1544247,197392,681553,229,150
1544297,197400,681569,229,150
1544352,197407,681592,229,150
1544404,197416,681613,229,150
1544458,197425,681626,229,150
1544508,197432,681642,229,150
1544561,197438,681665,229,150
1544615,197445,681686,229,150
1544666,197451,681692,229,149
1544719,197462,681716,229,150
1544772,197470,681736,229,150
1544823,197475,681752,229,150
1544874,197483,681782,229,150
1544926,197492,681847,229,150
1544977,197497,681915,229,150
1545029,197505,681934,229,150
1545080,197510,681957,229,150
1545130,197516,681972,229,150
1545181,197523,682003,229,150
1545231,197535,682014,229,150
1545281,197542,682035,229,150
1545332,197548,682055,229,150
1545384,197555,682077,229,150
1545434,197560,682097,229,150
1545488,197565,682120,229,150
1545538,197570,682137,229,150
1545589,197576,682157,229,150
1545639,197581,682189,229,150
1545690,197585,682214,229,150
1545744,197592,682232,229,149
1545795,197599,682251,229,150
1545849,197604,682270,229,150
1545900,197612,682295,229,150
1545950,197618,682315,229,150
1546004,197624,682334,229,150
1546054,197630,682360,229,150
1546106,197637,682383,229,149
1546157,197643,682406,229,150
1546210,197648,682438,229,150
1546261,197654,682459,229,150
1546312,197663,682476,229,150
1546363,197669,682498,229,149
1546414,197676,682517,229,149
1546465,197683,682540,229,150
1546517,197690,682568,229,150
1546567,197695,682593,229,150
1546622,197701,682609,229,149
1546672,197712,682623,229,150
1546735,197720,682647,229,149
1546787,197726,682675,229,150
1546847,197733,682705,229,149
1546899,197743,682740,229,150
1546950,197747,682763,229,149
1547002,197754,682788,229,150
1547052,197758,682808,229,150
1547102,197763,682833,229,150
1547156,197768,682853,229,150
1547206,197774,682878,229,150
1547257,197779,682895,229,150
1547308,197785,682925,229,150
1547360,197791,682961,229,150
1547410,197797,682981,229,150
1547463,197804,683013,229,150
1547519,197811,683035,229,150
1547569,197818,683051,229,150
1547622,197823,683070,229,150
1547675,197831,683087,229,150
1547726,197836,683107,229,150
1547776,197843,683138,229,150
1547829,197849,683161,229,150
1547879,197858,683179,229,150
1547932,197865,683200,229,148
1547982,197871,683225,229,150
1548033,197880,683246,229,150
1548090,197887,683270,229,148
1548143,197894,683301,229,150
1548193,197902,683324,229,150
1548245,197910,683346,229,150
1548299,197917,683367,229,149
1548357,197924,683379,229,150
1548408,197929,683394,229,150
1548458,197935,683418,229,150
1548509,197940,683437,229,150
1548560,197945,683471,229,150
1548613,197951,683494,229,150
1548666,197959,683523,229,150
1548716,197965,683543,229,150
1548766,197973,683563,229,150
1548817,197979,683587,229,150
1548868,197983,683612,229,150
1548918,197989,683640,229,150
1548968,197995,683660,229,150
1549019,198003,683685,229,150
1549069,198007,683702,229,150
1549120,198015,683716,229,150
1549170,198021,683734,229,150
1549220,198027,683756,229,150
1549270,198036,683774,229,150
1549321,198040,683799,229,150
1549371,198045,683818,229,150
1549422,198050,683839,229,150
1549472,198058,683859,229,150
1549522,198063,683886,229,150
1549572,198068,683908,229,150
1549623,198073,683935,229,150
1549673,198079,683955,229,150
1549725,198085,683976,229,150
1549777,198091,684002,229,150
1549827,198098,684027,229,150
1549882,198105,684047,229,150
1549932,198112,684068,229,150
1549984,198118,684084,229,150
1550034,198125,684107,229,150
1550084,198131,684133,229,150
1550136,198137,684163,229,150
1550186,198144,684182,229,150
1550240,198153,684198,229,150
1550295,198158,684222,229,150
1550345,198165,684250,229,150
1550395,198174,684270,229,150
1550445,198182,684293,229,150
1550499,198189,684312,229,150
1550550,198195,684345,229,150
1550601,198201,684367,229,150
1550653,198207,684386,229,150
1550705,198213,684409,229,150
1550755,198220,684430,229,150
1550805,198227,684443,229,150
1550855,198232,684471,229,150
1550910,198237,684496,229,150
1550960,198247,684513,229,150
1551011,198254,684526,229,150
1551061,198261,684554,229,150
1551111,198265,684577,229,150
1551166,198275,684604,229,150
1551216,198282,684625,229,150
1551267,198291,684650,229,150
1551326,198298,684682,229,150
1551377,198306,684707,229,150
1551427,198314,684732,229,150
1551480,198319,684756,229,150
1551530,198327,684771,229,150
1551583,198333,684792,229,150
1551634,198337,684819,229,150
1551684,198341,684841,229,150
1551735,198348,684862,229,150
1551787,198354,684874,229,150
1551838,198358,684908,229,150
1551889,198366,684932,229,150
1551942,198375,684954,229,150
1551994,198379,684975,229,150
1552044,198386,685004,229,150
1552097,198390,685031,229,150
1552149,198396,685050,229,150
1552199,198403,685067,229,150
1552249,198408,685092,229,150
1552301,198414,685108,229,150
1552351,198423,685128,229,150
1552401,198429,685149,229,149
1552452,198436,685174,229,150
1552506,198442,685202,229,149
1552562,198451,685221,229,150
1552612,198457,685241,229,150
1552662,198464,685258,229,150
1552712,198469,685277,229,150
1552763,198475,685303,229,150
1552813,198482,685330,229,150
1552868,198489,685355,229,150
1552919,198494,685373,229,150
1552969,198499,685405,229,150
1553019,198504,685430,229,150
1553070,198511,685449,229,150
1553122,198517,685470,229,150
1553178,198522,685494,229,150
1553228,198528,685523,229,150
1553279,198534,685551,229,150
1553331,198540,685573,229,150
1553383,198547,685587,229,150
1553433,198552,685603,229,150
1553483,198559,685622,229,150
1553533,198565,685648,229,150
1553585,198571,685666,229,150
1553639,198578,685690,229,150
1553698,198585,685709,229,149
1553749,198592,685737,229,149
1553800,198599,685758,229,150
1553851,198606,685776,229,149
1553901,198613,685807,229,150
1553952,198619,685836,229,150
1554002,198626,685860,229,150
1554055,198632,685873,229,150
1554107,198642,685896,229,150
1554161,198648,685920,229,150
1554212,198654,685941,229,150
1554263,198660,685962,229,150
1554313,198666,685986,229,150
1554364,198670,686004,229,150
1554414,198676,686030,229,150
1554465,198683,686042,229,150
1554515,198690,686061,229,150
1554566,198696,686079,229,150
1554618,198701,686103,229,150
1554669,198708,686120,229,150
1554721,198713,686152,229,150
1554772,198719,686171,229,150
1554829,198724,686190,229,150
1554882,198732,686214,229,150
1554933,198738,686237,229,150
1554983,198746,686257,229,150
1555037,198753,686284,229,150
1555088,198762,686312,229,150
1555138,198768,686327,229,150
1555188,198774,686354,229,150
1555240,198781,686365,229,150
1555291,198786,686392,229,150
1555342,198793,686412,229,150
1555392,198801,686424,229,150
1555442,198806,686459,229,150
1555495,198812,686474,229,149
1555548,198817,686497,229,150
1555599,198823,686512,229,150
1555649,198828,686546,229,150
1555703,198834,686570,229,150
1555754,198842,686594,229,150
1555806,198848,686622,229,150
1555860,198858,686639,229,150
1555911,198865,686650,229,150
1555961,198873,686671,229,150
1556011,198881,686694,229,150
1556063,198888,686712,229,150
1556114,198893,686739,229,150
1556165,198901,686762,229,150
1556222,198908,686781,229,150
1556272,198918,686803,229,150
1556323,198929,686816,229,150
1556373,198934,686842,229,150
1556424,198940,686858,229,150
1556475,198946,686880,229,150
1556525,198950,686900,229,150
1556581,198957,686926,229,150
1556637,198967,686936,229,150
1556693,198975,686952,229,150
1556744,198981,686966,229,150
1556796,198986,686979,229,150
1556847,198990,687002,229,150
1556900,198995,687027,229,150
1556951,199001,687049,229,150
1557002,199007,687068,229,150
1557052,199015,687096,229,150
1557105,199019,687124,229,150
1557156,199026,687147,229,150
1557208,199034,687164,229,149
1557258,199043,687181,229,150
1557313,199050,687198,229,150
1557365,199058,687220,229,150
1557415,199065,687242,229,150
1557466,199075,687255,229,150
1557517,199083,687271,229,150
1557569,199088,687301,229,150
1557621,199094,687324,229,150
1557671,199099,687348,229,150
1557721,199105,687379,229,150
1557774,199112,687402,229,150
1557825,199116,687481,229,150
1557876,199124,687499,229,150
1557927,199133,687517,229,150
1557982,199141,687529,229,150
1558032,199148,687554,229,150
1558082,199155,687583,229,150
1558132,199162,687607,229,150
1558192,199170,687635,229,150
1558251,199178,687655,229,149
1558303,199187,687678,229,149
1558358,199194,687695,229,150
1558410,199198,687720,229,150
1558463,199205,687736,229,150
1558514,199212,687752,229,150
1558565,199218,687772,229,150
1558615,199224,687789,229,150
1558667,199230,687821,229,150
1558717,199238,687837,229,150
1558767,199245,687862,229,150
1558820,199250,687886,229,150
1558873,199259,687922,229,150
1558923,199265,687939,229,150
1558975,199270,687960,229,149
1559025,199275,687987,229,150
1559075,199282,688017,229,150
1559125,199290,688040,229,150
1559176,199295,688059,229,150
1559228,199301,688078,229,150
1559281,199308,688098,229,150
1559331,199313,688111,229,150
1559381,199323,688118,229,150
1559431,199329,688142,229,150
1559483,199335,688161,229,150
1559535,199342,688177,229,150
1559586,199349,688191,229,148
1559636,199358,688208,229,150
1559686,199363,688229,229,150
1559737,199370,688244,229,150
1559789,199376,688265,229,149
1559839,199385,688291,229,150
1559889,199391,688317,229,150
1559942,199399,688330,229,149
1559992,199406,688346,229,150
1560042,199412,688370,229,150
1560092,199419,688390,229,150
1560142,199425,688412,229,149
1560193,199436,688426,229,150
1560243,199442,688442,229,149
1560293,199450,688466,229,150
1560344,199458,688488,229,150
1560398,199464,688512,229,149
1560448,199470,688535,229,150
1560498,199476,688556,229,150
1560548,199482,688584,229,150
1560598,199487,688606,229,150
1560648,199493,688630,229,150
1560702,199502,688639,229,149
1560754,199511,688654,229,150
1560805,199517,688672,229,150
1560856,199522,688690,229,150
1560906,199530,688707,229,150
1560956,199534,688732,229,150
1561012,199540,688804,229,150
1561062,199547,688834,229,150
1561116,199553,688855,229,150
1561167,199558,688875,229,150
1561223,199564,688886,229,150
1561274,199572,688904,229,150
1561325,199578,688929,229,149
1561376,199589,688947,229,150
1561428,199595,688964,229,150
1561478,199600,688991,229,150
1561529,199606,689019,229,150
1561579,199610,689049,229,150
1561629,199618,689061,229,150
1561680,199625,689088,229,149
1561730,199631,689104,229,150
1561781,199635,689123,229,150
1561831,199641,689146,229,150
1561883,199647,689168,229,150
1561933,199651,689186,229,150
1561983,199661,689202,229,150
1562034,199666,689221,229,150
1562086,199676,689242,229,150
1562136,199682,689261,229,150
1562188,199689,689274,229,150
1562239,199694,689290,229,150
1562290,199700,689318,229,150
1562340,199705,689339,229,150
1562390,199712,689359,229,150
1562441,199718,689378,229,150
1562492,199727,689402,229,150
1562542,199733,689429,229,150
1562592,199739,689450,229,150
1562644,199747,689465,229,150
1562698,199753,689486,229,150
1562749,199758,689515,229,150
1562800,199764,689534,229,150
1562851,199769,689555,229,150
1562901,199775,689572,229,150
1562951,199781,689584,229,150
1563002,199785,689614,229,150
1563052,199791,689634,229,150
1563104,199795,689653,229,150
1563156,199803,689666,229,150
1563207,199809,689686,229,150
1563259,199816,689703,229,150
1563317,199822,689732,229,149
1563367,199830,689743,229,150
1563417,199834,689767,229,150
1563472,199839,689787,229,150
1563522,199844,689816,229,150
1563572,199852,689843,229,150
1563628,199856,689872,229,150
1563680,199863,689893,229,150
1563730,199869,689913,229,150
1563780,199872,689938,229,150
1563830,199880,689963,229,150
1563883,199886,689988,229,150
1563934,199893,690008,229,150
1563985,199899,690029,229,150
1564036,199905,690041,229,150
1564086,199910,690058,229,150
1564137,199920,690085,229,150
1564187,199927,690115,229,150
1564238,199933,690143,229,150
1564288,199939,690168,229,150
1564339,199945,690194,229,150
1564389,199949,690223,229,150
1564440,199954,690247,229,150
1564490,199959,690274,229,150
1564540,199965,690305,229,150
1564590,199972,690324,229,150
1564640,199976,690341,229,150
1564691,199984,690365,229,150
1564742,199989,690399,229,150
1564794,199998,690421,229,150
1564847,200004,690435,229,150
1564902,200011,690461,229,149
1564952,200016,690483,229,150
1565002,200023,690501,229,150
1565054,200028,690527,229,150
1565105,200035,690541,229,149
1565156,200043,690557,229,150
1565206,200052,690575,229,150
1565256,200058,690598,229,150
1565306,200067,690609,229,150
1565356,200074,690633,229,150
1565406,200082,690644,229,150
1565457,200086,690680,229,150
1565511,200093,690708,229,150
1565564,200100,690733,229,150
1565615,200108,690757,229,150
1565666,200113,690777,229,150
1565718,200119,690793,229,150
1565768,200125,690815,229,150
1565818,200136,690827,229,150
1565869,200143,690841,229,150
1565919,200148,690863,229,150
1565971,200154,690888,229,150
1566027,200161,690908,229,150
1566077,200167,690921,229,150
1566129,200174,690946,229,149
1566183,200184,690975,229,150
1566233,200189,690996,229,150
1566284,200194,691038,229,150
1566334,200202,691063,229,150
1566385,200210,691085,229,150
1566438,200214,691114,229,150
1566489,200218,691139,229,150
1566539,200226,691160,229,150
1566590,200234,691178,229,150
1566642,200239,691201,229,149
1566693,200246,691216,229,149
1566743,200254,691233,229,150
1566794,200260,691254,229,150
1566845,200267,691271,229,150
1566895,200274,691285,229,150
1566952,200279,691308,229,150
1567002,200284,691323,229,150
1567052,200290,691334,229,150
1567102,200296,691354,229,150
1567152,200301,691372,229,150
1567204,200306,691405,229,150
1567254,200315,691414,229,150
1567309,200321,691436,229,150
1567362,200326,691458,229,150
1567421,200332,691485,229,149
1567471,200340,691508,229,149
1567521,200347,691531,229,150
1567571,200352,691564,229,150
1567621,200359,691584,229,150
1567673,200363,691654,229,150
1567729,200373,691665,229,150
1567781,200379,691688,229,150
1567832,200384,691712,229,150
1567882,200389,691736,229,150
1567933,200396,691756,229,150
1567984,200404,691773,229,150
1568034,200411,691796,229,150
1568084,200417,691818,229,150
1568134,200423,691845,229,150
1568186,200430,691862,229,150
1568236,200436,691881,229,150
1568290,200442,691908,229,150
1568341,200448,691935,229,150
1568393,200452,691958,229,150
1568447,200458,691980,229,150
1568498,200463,692017,229,150
1568550,200471,692039,229,150
1568606,200478,692057,229,149
1568657,200486,692070,229,150
1568708,200491,692087,229,150
1568760,200500,692121,229,150
1568812,200506,692143,229,150
1568862,200511,692164,229,150
1568913,200516,692189,229,150
1568963,200523,692214,229,150
1569013,200528,692229,229,150
1569063,200533,692307,229,150
1569113,200539,692315,229,150
1569171,200545,692336,229,150
1569224,200550,692359,229,150
1569280,200558,692383,229,150
1569331,200565,692444,229,150
1569382,200573,692465,229,150
1569432,200580,692494,229,150
1569482,200585,692524,229,150
1569533,200592,692536,229,150
1569586,200600,692554,229,150
1569637,200606,692576,229,150
1569692,200613,692599,229,149
1569742,200620,692613,229,150
1569796,200628,692640,229,150
1569846,200635,692664,229,150
1569897,200640,692686,229,150
1569947,200649,692697,229,149
1569999,200656,692724,229,150
1570049,200663,692743,229,150
1570100,200668,692775,229,150
1570150,200676,692806,229,150
1570201,200686,692817,229,150
1570252,200690,692849,229,150
1570302,200697,692883,229,150
1570352,200702,692909,229,150
1570410,200709,692921,229,150
1570460,200717,692932,229,150
1570514,200722,692955,229,150
1570567,200729,692980,229,150
1570617,200736,693005,229,150
1570667,200743,693021,229,150
1570719,200748,693037,229,150
1570770,200752,693061,229,150
1570820,200759,693083,229,150
1570879,200765,693109,229,150
1570930,200771,693134,229,150
1570981,200780,693165,229,150
1571033,200787,693189,229,150
1571083,200792,693206,229,150
1571137,200796,693221,229,150
1571189,200802,693242,229,150
1571239,200809,693266,229,150
1571290,200814,693281,229,150
1571343,200820,693307,229,150
1571393,200825,693327,229,150
1571443,200829,693356,229,150
1571493,200834,693384,229,150
1571545,200842,693407,229,150
1571595,200849,693430,229,150
1571646,200855,693445,229,150
1571698,200862,693464,229,150
1571748,200866,693483,229,149
1571798,200871,693518,229,150
1571848,200881,693542,229,150
1571901,200889,693567,229,150
1571951,200895,693592,229,150
1572007,200904,693609,229,150
1572059,200912,693629,229,150
1572109,200917,693663,229,150
1572159,200924,693691,229,150
1572216,200931,693716,229,150
1572267,200937,693734,229,150
1572317,200943,693757,229,150
1572367,200950,693789,229,150
1572417,200955,693808,229,150
1572471,200965,693828,229,150
1572522,200970,693847,229,150
1572575,200976,693869,229,150
1572628,200983,693893,229,150
1572679,200990,693914,229,150
1572730,200996,693930,229,150
1572781,201003,693946,229,150
1572831,201008,693973,229,150
1572881,201015,693996,229,150
1572933,201020,694018,229,150
1572983,201028,694044,229,150
1573033,201033,694072,229,150
1573093,201039,694142,229,150
1573144,201046,694166,229,150
1573194,201053,694188,229,150
1573244,201060,694210,229,150
1573299,201067,694231,229,149
1573349,201074,694250,229,150
1573399,201079,694278,229,150
1573450,201085,694289,229,150
1573502,201090,694313,229,150
1573553,201097,694337,229,150
1573603,201102,694361,229,150
1573655,201110,694390,229,150
1573707,201119,694407,229,150
1573758,201125,694428,229,150
1573808,201132,694448,229,150
1573864,201139,694464,229,150
1573914,201146,694483,229,150
1573964,201152,694508,229,150
1574016,201157,694534,229,150
1574067,201165,694560,229,150
1574118,201173,694573,229,150
1574168,201180,694585,229,150
1574221,201186,694611,229,150
1574271,201193,694632,229,150
1574321,201200,694670,229,150
1574374,201210,694692,229,149
1574426,201217,694712,229,150
1574476,201222,694728,229,150
1574530,201228,694748,229,150
1574582,201234,694772,229,150
1574633,201238,694799,229,150
1574683,201246,694830,229,150
1574734,201251,694865,229,150
1574784,201256,694886,229,150
1574835,201261,694906,229,150
1574890,201267,694925,229,149
1574940,201273,694945,229,150
1574995,201279,694966,229,150
1575045,201283,694988,229,150
1575100,201288,695019,229,150
1575157,201295,695033,229,149
1575209,201302,695053,229,150
1575259,201310,695066,229,150
1575310,201315,695093,229,150
1575360,201322,695110,229,150
1575410,201328,695128,229,150
1575460,201335,695142,229,150
1575510,201342,695162,229,150
1575560,201350,695177,229,150
1575617,201357,695193,229,150
1575667,201364,695215,229,150
1575718,201370,695231,229,150
1575768,201377,695261,229,149
1575818,201383,695284,229,150
1575869,201390,695299,229,150
1575920,201398,695318,229,150
1575972,201404,695334,229,150
1576022,201411,695352,229,150
1576073,201417,695391,229,149
1576123,201425,695408,229,150
1576174,201432,695425,229,149
1576224,201440,695444,229,150
1576275,201445,695468,229,150
1576325,201452,695495,229,150
1576377,201460,695513,229,150
1576430,201467,695531,229,150
1576483,201474,695558,229,150
1576536,201482,695587,229,150
1576586,201488,695603,229,150
1576636,201497,695635,229,150
1576686,201502,695668,229,150
1576737,201509,695685,229,150
1576787,201516,695748,229,150
1576838,201521,695776,229,150
1576890,201529,695801,229,150
1576945,201536,695827,229,150
1576999,201544,695851,229,150
1577055,201549,695869,229,150
1577106,201555,695893,229,149
1577163,201567,695912,229,150
1577215,201575,695927,229,150
1577265,201583,695950,229,150
1577315,201588,695979,229,150
1577365,201595,695999,229,150
1577415,201602,696017,229,150
1577467,201608,696038,229,150
1577517,201614,696054,229,150
1577567,201621,696075,229,150
1577617,201626,696098,229,150
1577667,201633,696139,229,150
1577717,201641,696154,229,150
1577771,201647,696176,229,150
1577821,201655,696188,229,150
1577871,201661,696207,229,150
1577921,201666,696237,229,150
1577972,201671,696259,229,150
1578022,201676,696282,229,150
1578075,201682,696311,229,150
1578125,201687,696340,229,150
1578176,201695,696356,229,150
1578227,201701,696384,229,150
1578277,201706,696406,229,150
1578328,201714,696430,229,150
1578379,201720,696457,229,150
1578434,201725,696489,229,150
1578485,201730,696521,229,150
1578536,201735,696539,229,150
1578586,201741,696557,229,150
1578636,201746,696579,229,150
1578686,201753,696602,229,150
1578736,201761,696632,229,150
1578786,201769,696657,229,150
1578838,201775,696682,229,150
1578892,201783,696758,229,149
1578942,201792,696772,229,150
1578992,201799,696796,229,150
1579043,201804,696819,229,150
1579096,201809,696839,229,150
1579146,201813,696858,229,150
1579197,201819,696879,229,150
1579249,201826,696902,229,150
1579302,201835,696926,229,150
1579353,201841,696946,229,150
1579405,201848,696969,229,150
1579455,201857,696989,229,149
1579505,201862,697022,229,150
1579556,201868,697042,229,150
1579609,201874,697060,229,150
1579659,201882,697087,229,150
1579709,201895,697104,229,150
1579760,201903,697123,229,150
1579811,201912,697143,229,148
1579862,201923,697157,229,150
1579912,201929,697184,229,150
1579962,201935,697213,229,150
1580017,201941,697234,229,149
1580067,201950,697257,229,150
1580122,201960,697275,229,150
1580174,201964,697303,229,150
1580224,201969,697332,229,150
1580274,201975,697365,229,150
1580324,201982,697382,229,150
1580375,201991,697405,229,150
1580426,201999,697418,229,150
1580476,202005,697433,229,150
1580530,202012,697464,229,150
1580581,202020,697486,229,150
1580636,202025,697507,229,150
1580686,202033,697530,229,150
1580736,202042,697552,229,150
1580786,202049,697568,229,150
1580838,202056,697585,229,150
1580889,202062,697610,229,150
1580940,202068,697628,229,150
1580997,202073,697646,229,148
1581047,202080,697679,229,150
1581099,202086,697696,229,148
1581150,202097,697707,229,150
1581207,202104,697732,229,150
1581258,202110,697759,229,150
1581308,202116,697785,229,150
1581359,202123,697803,229,150
1581409,202129,697820,229,150
1581460,202137,697844,229,150
1581510,202143,697870,229,150
1581560,202150,697886,229,150
1581610,202156,697910,229,150
1581661,202163,697932,229,150
1581718,202169,697956,229,149
1581768,202176,697982,229,150
1581819,202182,698002,229,150
1581869,202189,698031,229,150
1581919,202195,698057,229,150
1581970,202202,698081,229,150
1582021,202208,698105,229,150
1582072,202215,698119,229,150
1582124,202225,698143,229,150
1582176,202231,698174,229,150
1582226,202235,698194,229,150
1582276,202242,698216,229,150
1582326,202252,698238,229,150
1582379,202256,698260,229,150
1582429,202265,698273,229,150
1582480,202272,698296,229,150
1582534,202277,698322,229,150
1582585,202284,698332,229,150
1582636,202292,698354,229,150
1582686,202299,698372,229,150
1582736,202305,698399,229,150
1582787,202313,698417,229,150
1582839,202320,698440,229,150
1582889,202325,698456,229,150
1582940,202332,698472,229,150
1582998,202338,698489,229,148
1583048,202345,698518,229,150
1583100,202350,698541,229,150
1583151,202355,698567,229,150
1583204,202362,698599,229,150
1583257,202369,698619,229,150
1583309,202376,698649,229,150
1583359,202382,698673,229,150
1583409,202386,698701,229,150
1583460,202392,698719,229,150
1583510,202398,698737,229,150
1583563,202404,698759,229,148
1583614,202413,698781,229,150
1583665,202419,698807,229,150
1583719,202424,698830,229,149
1583777,202430,698847,229,150
1583827,202438,698871,229,150
1583878,202444,698904,229,150
1583928,202454,698930,229,150
1583978,202458,698949,229,150
1584029,202468,698957,229,150
1584079,202477,698975,229,150
1584129,202483,698999,229,150
1584180,202491,699024,229,150
1584230,202498,699039,229,150
1584282,202504,699054,229,150
1584333,202509,699073,229,150
1584383,202515,699095,229,150
1584433,202523,699118,229,150
1584483,202530,699139,229,150
1584534,202535,699162,229,150
1584584,202542,699189,229,150
1584635,202550,699217,229,150
1584686,202557,699236,229,150
1584737,202563,699258,229,150
1584787,202568,699280,229,150
1584837,202576,699295,229,150
1584887,202581,699314,229,150
1584939,202588,699331,229,150
1584989,202595,699353,229,150
1585040,202603,699378,229,150
1585091,202609,699401,229,150
1585141,202614,699419,229,150
1585191,202620,699442,229,150
1585241,202628,699457,229,150
1585291,202634,699481,229,150
1585342,202641,699500,229,150
1585393,202646,699518,229,150
1585444,202653,699550,229,150
1585495,202660,699581,229,150
1585546,202668,699600,229,150
1585597,202673,699631,229,150
1585648,202677,699654,229,150
1585698,202685,699681,229,150
1585748,202693,699694,229,150
1585798,202699,699715,229,150
1585848,202705,699745,229,150
1585899,202710,699762,229,149
1585952,202720,699788,229,150
1586002,202728,699801,229,150
1586053,202736,699818,229,149
1586105,202742,699846,229,150
1586159,202750,699864,229,149
1586212,202757,699884,229,150
1586262,202764,699911,229,150
1586313,202770,699939,229,150
1586363,202776,699967,229,150
1586414,202782,699996,229,150
1586465,202788,700020,229,150
1586515,202796,700046,229,150
1586565,202801,700072,229,150
1586617,202808,700096,229,150
1586669,202814,700127,229,150
1586719,202820,700149,229,150
1586769,202825,700168,229,150
1586820,202833,700196,229,150
1586872,202839,700221,229,150
1586923,202846,700236,229,150
1586973,202853,700266,229,150
1587023,202858,700300,229,150
1587077,202863,700317,229,147
1587128,202873,700334,229,150
1587178,202880,700363,229,150
1587234,202888,700384,229,150
1587287,202898,700412,229,149
1587338,202903,700429,229,150
1587391,202910,700453,229,150
1587441,202915,700467,229,150
1587493,202923,700483,229,150
1587546,202929,700501,229,150
1587599,202935,700527,229,150
1587650,202942,700549,229,148
1587701,202950,700564,229,150
1587752,202960,700585,229,150
1587803,202966,700598,229,150
1587853,202972,700629,229,150
1587903,202978,700658,229,150
1587956,202984,700693,229,150
1588012,202990,700710,229,149
1588064,202999,700723,229,150
1588116,203004,700746,229,150
1588166,203011,700763,229,150
1588216,203021,700801,229,150
1588266,203026,700847,229,150
1588316,203033,700870,229,150
1588366,203038,700888,229,150
1588420,203045,700908,229,150
1588471,203052,700931,229,150
1588523,203058,700943,229,150
1588573,203068,700968,229,150
1588624,203073,700989,229,150
1588675,203081,701016,229,150
1588726,203086,701040,229,150
1588776,203093,701061,229,150
1588827,203101,701081,229,150
1588878,203107,701107,229,150
1588929,203115,701132,229,150
1588981,203121,701152,229,150
1589033,203128,701178,229,150
1589084,203134,701208,229,150
1589134,203140,701221,229,150
1589184,203147,701241,229,150
1589234,203152,701257,229,150
1589286,203159,701283,229,150
1589338,203165,701312,229,150
1589388,203171,701335,229,150
1589440,203178,701368,229,150
1589490,203186,701393,229,150
1589540,203192,701414,229,150
1589591,203201,701425,229,150
1589641,203206,701449,229,150
1589691,203213,701457,229,150
1589741,203220,701475,229,150
1589792,203228,701496,229,150
1589846,203235,701529,229,150
1589898,203240,701551,229,150
1589948,203246,701567,229,150
1589998,203251,701593,229,150
1590049,203259,701609,229,150
1590101,203267,701629,229,150
1590152,203275,701650,229,150
1590203,203282,701681,229,150
1590253,203286,701711,229,150
1590303,203293,701733,229,150
1590353,203301,701758,229,150
1590410,203307,701789,229,150
1590460,203313,701819,229,150
1590516,203319,701846,229,148
1590567,203330,701913,229,149
1590617,203336,701931,229,150
1590667,203342,701955,229,150
1590717,203348,701981,229,150
1590769,203354,702001,229,150
1590819,203360,702017,229,150
1590870,203368,702040,229,150
1590922,203373,702070,229,150
1590972,203379,702082,229,150
1591022,203385,702099,229,150
1591072,203390,702124,229,150
1591122,203398,702154,229,150
1591172,203404,702178,229,150
1591222,203410,702199,229,150
1591274,203419,702222,229,150
1591324,203426,702241,229,149
1591374,203435,702264,229,150
1591427,203442,702289,229,150
1591477,203450,702305,229,150
1591528,203456,702339,229,150
1591579,203463,702364,229,150
1591635,203468,702387,229,150
1591685,203477,702405,229,150
1591736,203483,702418,229,150
1591786,203490,702438,229,149
1591836,203496,702455,229,150
1591886,203503,702476,229,150
1591936,203509,702501,229,150
1591988,203517,702523,229,150
1592038,203523,702549,229,150
1592091,203530,702565,229,150
1592142,203537,702581,229,150
1592197,203543,702603,229,150
1592247,203549,702621,229,150
1592297,203556,702650,229,150
1592347,203562,702680,229,150
1592398,203567,702710,229,150
1592454,203573,702738,229,150
1592506,203581,702753,229,150
1592559,203589,702774,229,150
1592609,203595,702791,229,150
1592661,203601,702802,229,149
1592714,203609,702819,229,150
1592764,203616,702846,229,150
1592815,203622,702863,229,150
1592865,203629,702882,229,150
1592925,203636,702903,229,150
1592976,203642,702927,229,150
1593026,203647,702947,229,150
1593077,203653,702964,229,150
1593127,203661,702990,229,150
1593179,203666,703007,229,150
1593230,203673,703031,229,150
1593282,203680,703061,229,150
1593332,203688,703087,229,150
1593382,203698,703117,229,150
1593432,203704,703138,229,150
1593482,203714,703154,229,150
1593535,203720,703191,229,150
1593587,203727,703215,229,150
1593639,203734,703235,229,150
1593689,203739,703259,229,150
1593739,203745,703284,229,150
1593792,203751,703311,229,150
1593843,203761,703336,229,150
1593893,203766,703351,229,150
1593943,203774,703379,229,150
1593994,203780,703408,229,150
1594045,203787,703432,229,150
1594102,203793,703447,229,149
1594152,203801,703471,229,150
1594203,203806,703486,229,150
1594259,203813,703502,229,150
1594309,203818,703528,229,150
1594359,203823,703555,229,150
1594416,203830,703584,229,150
1594466,203837,703612,229,150
1594516,203844,703636,229,150
1594571,203850,703654,229,148
1594622,203858,703681,229,150
1594675,203866,703700,229,150
1594725,203873,703726,229,150
1594777,203878,703754,229,150
1594830,203885,703771,229,150
1594883,203892,703797,229,149
1594935,203899,703816,229,150
1594987,203905,703831,229,150
1595037,203911,703855,229,150
1595087,203918,703882,229,150
1595137,203924,703904,229,150
1595187,203930,703926,229,150
1595237,203936,703943,229,150
1595287,203943,703951,229,150
1595338,203951,703981,229,150
1595389,203959,703998,229,150
1595440,203965,704015,229,150
1595491,203972,704043,229,150
1595548,203978,704071,229,150
1595601,203984,704090,229,150
1595651,203992,704107,229,150
1595702,204001,704113,229,149
1595755,204009,704127,229,150
1595805,204016,704144,229,150
1595856,204023,704166,229,150
1595906,204029,704186,229,150
1595957,204036,704210,229,150
1596007,204043,704233,229,150
1596057,204048,704256,229,150
1596107,204055,704271,229,150
1596157,204062,704290,229,150
1596207,204067,704309,229,150
1596257,204072,704336,229,150
1596309,204078,704355,229,150
1596361,204084,704376,229,150
1596413,204091,704404,229,150
1596464,204096,704429,229,150
1596514,204102,704453,229,150
1596566,204110,704478,229,150
1596617,204117,704506,229,150
1596670,204123,704522,229,150
1596722,204127,704543,229,150
1596772,204133,704575,229,150
1596824,204142,704596,229,150
1596874,204148,704628,229,150
1596924,204157,704652,229,150
1596974,204164,704677,229,150
1597024,204170,704708,229,150
1597076,204177,704728,229,150
1597126,204184,704742,229,150
1597176,204189,704761,229,149
1597234,204195,704778,229,150
1597285,204201,704801,229,150
1597336,204208,704819,229,150
1597386,204212,704837,229,150
1597440,204223,704860,229,149
1597490,204231,704882,229,150
1597540,204239,704901,229,150
1597593,204246,704917,229,150
1597643,204252,704945,229,150
1597698,204261,704967,229,150
1597750,204266,704986,229,150
1597800,204274,705009,229,150
1597854,204279,705032,229,150
1597904,204286,705052,229,150
1597954,204292,705076,229,150
1598004,204297,705100,229,150
1598054,204302,705123,229,150
1598104,204308,705146,229,150
1598156,204317,705166,229,150
1598207,204324,705191,229,150
1598259,204329,705218,229,150
1598309,204338,705245,229,150
1598360,204347,705268,229,150
1598411,204354,705286,229,150
1598461,204359,705318,229,150
1598514,204364,705349,229,150
1598564,204372,705365,229,150
1598614,204380,705380,229,150
1598668,204386,705403,229,150
1598721,204392,705423,229,150
1598772,204397,705451,229,150
1598823,204403,705469,229,149
1598875,204412,705491,229,150
1598925,204418,705512,229,150
1598976,204423,705541,229,150
1599029,204430,705560,229,150
1599081,204435,705581,229,150
1599132,204440,705607,229,150
1599185,204447,705629,229,149
1599237,204455,705647,229,150
1599288,204462,705658,229,150
1599338,204467,705673,229,150
1599395,204475,705683,229,150
1599445,204483,705708,229,150
1599495,204490,705731,229,150
1599548,204499,705750,229,150
1599601,204506,705760,229,150
1599655,204511,705785,229,150
1599705,204515,705804,229,150
1599756,204521,705821,229,150
1599806,204527,705841,229,150
1599856,204531,705861,229,150
1599908,204537,705876,229,150
1599958,204542,705911,229,150
1600008,204548,705936,229,150
1600059,204554,705955,229,150
1600113,204560,705967,229,149
1600167,204567,705988,229,150
1600217,204573,706015,229,150
1600268,204579,706036,229,150
1600318,204586,706059,229,150
1600370,204593,706072,229,150
1600420,204601,706100,229,150
1600470,204609,706132,229,150
1600520,204615,706156,229,150
1600570,204620,706182,229,150
1600620,204628,706199,229,150
1600672,204635,706225,229,150
1600723,204640,706245,229,150
1600774,204647,706274,229,150
1600824,204656,706296,229,150
1600874,204661,706317,229,150
1600928,204668,706338,229,150
1600978,204672,706361,229,150
1601032,204678,706378,229,149
1601089,204685,706402,229,150
1601139,204690,706420,229,150
1601190,204700,706440,229,150
1601244,204706,706460,229,150
1601294,204710,706486,229,150
1601344,204715,706514,229,150
1601396,204722,706530,229,150
1601447,204729,706554,229,150
1601502,204733,706575,229,146
1601558,204744,706595,229,149
1601615,204751,706613,229,150
1601665,204758,706636,229,148
1601716,204768,706657,229,150
1601768,204776,706671,229,150
1601818,204782,706741,229,150
1601870,204789,706756,229,150
1601920,204794,706778,229,150
1601971,204799,706797,229,150
1602024,204806,706820,229,150
1602074,204812,706844,229,150
1602125,204816,706872,229,150
1602179,204822,706893,229,150
1602230,204830,706906,229,149
1602280,204840,706922,229,150
1602332,204846,706949,229,150
1602385,204852,706970,229,150
1602435,204860,706989,229,150
1602485,204865,707007,229,150
1602536,204872,707031,229,150
1602586,204876,707063,229,150
1602636,204885,707087,229,150
1602686,204892,707118,229,150
1602736,204898,707149,229,150
1602786,204903,707169,229,150
1602836,204910,707192,229,150
1602893,204917,707212,229,150
1602944,204924,707222,229,150
1602996,204933,707247,229,150
1603050,204942,707272,229,150
1603104,204951,707284,229,150
1603155,204955,707312,229,150
1603208,204964,707339,229,150
1603259,204973,707360,229,150
1603309,204981,707382,229,150
1603363,204988,707404,229,150
1603414,204995,707426,229,150
1603466,205002,707447,229,150
1603518,205010,707468,229,150
1603570,205015,707496,229,150
1603623,205021,707514,229,149
1603678,205029,707528,229,150
1603728,205034,707553,229,150
1603780,205039,707581,229,150
1603830,205045,707608,229,150
1603882,205051,707632,229,150
1603932,205057,707657,229,150
1603984,205063,707674,229,150
1604034,205069,707701,229,150
1604084,205073,707723,229,150
1604137,205081,707733,229,150
1604187,205090,707756,229,150
1604237,205095,707773,229,150
1604289,205100,707793,229,150
1604340,205109,707808,229,150
1604392,205113,707835,229,150
1604442,205122,707855,229,150
1604494,205129,707870,229,150
1604547,205135,707890,229,150
1604599,205141,707917,229,150
1604649,205148,707940,229,150
1604699,205154,707958,229,150
1604749,205159,707984,229,150
1604800,205166,708003,229,150
1604850,205172,708031,229,150
1604901,205176,708049,229,150
1604951,205183,708076,229,150
1605002,205187,708098,229,150
1605055,205196,708118,229,150
1605105,205203,708140,229,150
1605157,205210,708159,229,150
1605208,205217,708176,229,150
1605259,205222,708194,229,149
1605310,205230,708210,229,150
1605364,205236,708225,229,150
1605414,205243,708243,229,150
1605466,205248,708259,229,150
1605516,205255,708278,229,150
1605569,205261,708307,229,150
1605622,205268,708320,229,150
1605674,205274,708343,229,150
1605724,205280,708368,229,150
1605775,205287,708385,229,150
1605826,205294,708409,229,150
1605880,205299,708438,229,148
1605932,205309,708453,229,150
1605984,205316,708471,229,150
1606034,205322,708505,229,150
1606084,205331,708523,229,150
1606136,205336,708544,229,150
1606186,205343,708562,229,150
1606239,205348,708594,229,150
1606289,205355,708615,229,150
1606339,205361,708637,229,150
1606390,205371,708651,229,150
1606440,205377,708668,229,150
1606490,205383,708690,229,150
1606540,205389,708707,229,150
1606594,205396,708721,229,150
1606648,205402,708736,229,150
1606701,205407,708757,229,150
1606752,205415,708776,229,150
1606806,205421,708810,229,150
1606857,205427,708830,229,150
1606907,205432,708847,229,150
1606959,205439,708867,229,150
1607009,205443,708886,229,150
1607061,205448,708912,229,150
1607111,205452,708946,229,150
1607167,205462,708970,229,149
1607217,205469,708992,229,148
1607268,205475,709017,229,150
1607320,205481,709035,229,150
1607371,205488,709048,229,150
1607423,205496,709069,229,150
1607474,205501,709104,229,150
1607524,205506,709123,229,150
1607575,205513,709143,229,150
1607629,205518,709164,229,150
1607680,205524,709196,229,150
1607731,205530,709226,229,150
1607781,205536,709240,229,149
1607831,205543,709265,229,150
1607883,205550,709288,229,150
1607936,205556,709310,229,149
1607987,205567,709333,229,150
1608040,205573,709350,229,150
1608090,205582,709373,229,150
1608145,205591,709396,229,149
1608196,205597,709422,229,150
1608251,205606,709444,229,150
1608301,205615,709462,229,150
1608352,205620,709477,229,150
1608402,205625,709496,229,150
1608453,205631,709508,229,149
1608503,205636,709534,229,150
1608553,205642,709554,229,150
1608607,205650,709580,229,150
1608661,205655,709608,229,150
1608712,205661,709634,229,150
1608764,205668,709654,229,150
1608814,205673,709674,229,150
1608864,205679,709696,229,150
1608915,205687,709717,229,149
1608966,205693,709740,229,150
1609018,205702,709760,229,150
1609071,205708,709784,229,150
1609121,205716,709806,229,150
1609177,205722,709831,229,150
1609227,205726,709855,229,150
1609280,205734,709869,229,150
1609330,205738,709890,229,150
1609380,205745,709911,229,150
1609431,205754,709932,229,150
1609481,205760,709958,229,150
1609533,205767,709974,229,150
1609588,205774,709984,229,150
1609638,205780,710055,229,150
1609690,205788,710080,229,150
1609740,205795,710101,229,150
1609793,205802,710126,229,150
1609844,205811,710136,229,150
1609894,205816,710202,229,150
1609946,205821,710231,229,150
1609996,205825,710251,229,150
1610046,205833,710272,229,150
1610096,205842,710293,229,150
1610146,205848,710309,229,150
1610197,205853,710328,229,150
1610248,205859,710356,229,150
1610298,205864,710378,229,150
1610348,205871,710396,229,150
1610398,205877,710410,229,150
1610450,205886,710426,229,150
1610500,205891,710450,229,150
1610552,205896,710471,229,150
1610603,205904,710492,229,150
1610653,205912,710518,229,150
1610703,205919,710546,229,150
1610756,205925,710573,229,149
1610810,205931,710590,229,150
1610861,205938,710616,229,150
1610913,205945,710641,229,150
1610967,205951,710671,229,149
1611017,205956,710691,229,150
1611068,205965,710711,229,150
1611119,205970,710730,229,150
1611170,205977,710763,229,150
1611220,205987,710781,229,150
1611271,205992,710801,229,150
1611322,205998,710828,229,150
1611377,206004,710859,229,150
1611428,206013,710877,229,150
1611478,206017,710897,229,150
1611528,206023,710919,229,150
1611579,206029,710938,229,149
1611630,206036,710956,229,150
1611680,206045,710982,229,150
1611730,206052,711012,229,150
1611781,206059,711034,229,150
1611831,206065,711057,229,150
1611883,206073,711089,229,150
1611934,206080,711162,229,150
1611990,206089,711186,229,150
1612040,206094,711205,229,150
1612091,206101,711221,229,150
1612141,206106,711241,229,150
1612195,206111,711270,229,150
1612245,206118,711292,229,150
1612295,206123,711320,229,150
1612345,206131,711335,229,150
1612396,206137,711353,229,150
1612446,206141,711382,229,150
1612496,206147,711404,229,150
1612546,206152,711428,229,150
1612596,206159,711448,229,150
1612649,206164,711463,229,149
1612700,206171,711483,229,150
1612751,206179,711505,229,150
1612803,206188,711524,229,150
1612858,206195,711548,229,150
1612908,206201,711578,229,150
1612960,206208,711652,229,150
1613012,206215,711670,229,150
1613063,206223,711689,229,150
1613116,206231,711703,229,150
1613167,206237,711731,229,150
1613220,206242,711766,229,150
1613271,206251,711796,229,150
1613322,206259,711817,229,150
1613374,206265,711835,229,150
1613428,206272,711856,229,149
1613479,206282,711877,229,150
1613531,206291,711903,229,150
1613582,206296,711931,229,150
1613634,206301,711957,229,150
1613684,206306,711984,229,150
1613734,206313,712014,229,150
1613790,206319,712043,229,150
1613841,206324,712064,229,150
1613891,206330,712081,229,150
1613943,206337,712102,229,150
1613994,206343,712125,229,150
1614044,206347,712141,229,150
1614096,206358,712161,229,150
1614146,206363,712185,229,150
1614196,206371,712213,229,150
1614247,206376,712243,229,150
1614298,206382,712264,229,150
1614348,206388,712286,229,150
1614399,206393,712312,229,150
1614449,206398,712343,229,150
1614499,206404,712368,229,150
1614549,206411,712393,229,150
1614599,206416,712416,229,150
1614649,206422,712428,229,150
1614706,206427,712448,229,150
1614761,206436,712464,229,150
1614812,206443,712495,229,150
1614862,206450,712523,229,150
1614912,206456,712550,229,150
1614962,206461,712568,229,150
1615014,206466,712599,229,150
1615065,206470,712621,229,150
1615115,206476,712642,229,150
1615171,206486,712655,229,150
1615221,206492,712672,229,150
1615272,206498,712693,229,150
1615322,206506,712721,229,150
1615373,206513,712743,229,150
1615423,206519,712764,229,150
1615475,206527,712778,229,150
1615525,206535,712804,229,150
1615576,206542,712828,229,150
1615626,206549,712849,229,150
1615679,206554,712883,229,150
1615730,206560,712913,229,150
1615780,206566,712940,229,150
1615834,206571,712966,229,150
1615884,206578,712984,229,150
1615934,206583,713004,229,150
1615985,206591,713032,229,150
1616041,206598,713054,229,150
1616094,206607,713064,229,150
1616144,206612,713084,229,150
1616198,206619,713102,229,150
1616250,206625,713121,229,150
1616300,206630,713144,229,150
1616354,206636,713174,229,150
1616404,206642,713203,229,150
1616456,206647,713237,229,150
1616507,206655,713258,229,150
1616557,206660,713284,229,150
1616607,206670,713299,229,150
1616662,206676,713321,229,150
1616712,206681,713340,229,150
1616762,206689,713363,229,150
1616820,206697,713380,229,150
1616870,206704,713406,229,150
1616920,206710,713427,229,150
1616971,206717,713449,229,149
1617022,206727,713471,229,150
1617079,206733,713486,229,149
1617130,206741,713509,229,150
1617180,206746,713533,229,150
1617230,206753,713560,229,150
1617280,206760,713584,229,150
1617330,206767,713607,229,149
1617380,206772,713636,229,150
1617430,206777,713656,229,150
1617480,206783,713689,229,150
1617536,206791,713703,229,150
1617591,206798,713724,229,150
1617641,206803,713757,229,150
1617696,206810,713774,229,150
1617746,206818,713797,229,150
1617796,206824,713815,229,150
1617847,206830,713844,229,150
1617900,206834,713874,229,150
1617959,206841,713907,229,150
1618009,206847,713936,229,150
1618061,206853,713961,229,149
1618114,206860,713984,229,150
1618164,206866,714001,229,150
1618214,206873,714031,229,150
1618264,206878,714059,229,150
1618314,206884,714080,229,150
1618364,206888,714100,229,150
1618417,206896,714117,229,150
1618474,206901,714140,229,150
1618524,206906,714167,229,150
1618576,206912,714185,229,149
1618626,206919,714210,229,150
1618677,206927,714233,229,150
1618727,206932,714261,229,150
1618780,206940,714292,229,149
1618830,206947,714308,229,150
1618886,206954,714340,229,150
1618937,206959,714367,229,150
1618989,206967,714393,229,150
1619039,206972,714411,229,150
1619090,206977,714440,229,150
1619140,206986,714458,229,149
1619191,206994,714476,229,150
1619243,207000,714498,229,150
1619295,207006,714525,229,150
1619347,207011,714553,229,150
1619397,207017,714578,229,150
1619448,207022,714601,229,150
1619498,207029,714635,229,150
1619549,207035,714662,229,150
1619600,207041,714683,229,150
1619654,207047,714701,229,150
1619704,207054,714718,229,150
1619755,207061,714736,229,150
1619808,207070,714761,229,150
1619859,207076,714780,229,150
1619909,207083,714803,229,150
1619961,207090,714824,229,150
1620012,207099,714836,229,150
1620062,207106,714862,229,150
1620113,207110,714881,229,150
1620167,207118,714900,229,150
1620217,207127,714921,229,150
1620269,207133,714942,229,150
1620319,207140,714965,229,150
1620369,207144,714990,229,150
1620419,207151,715011,229,150
1620469,207157,715031,229,150
1620527,207165,715046,229,150
1620578,207174,715057,229,150
1620628,207181,715075,229,150
1620686,207187,715092,229,149
1620736,207192,715109,229,150
1620788,207198,715126,229,150
1620839,207204,715154,229,150
1620889,207209,715178,229,150
1620940,207218,715193,229,150
1620994,207223,715221,229,149
1621045,207230,715242,229,150
1621095,207235,715265,229,150
1621146,207241,715289,229,150
1621200,207247,715315,229,150
1621251,207252,715343,229,150
1621303,207259,715362,229,149
1621353,207264,715391,229,150
1621404,207270,715403,229,150
1621454,207276,715433,229,150
1621504,207282,715457,229,150
1621558,207288,715480,229,150
1621610,207296,715496,229,150
1621660,207301,715513,229,150
1621713,207308,715535,229,150
1621763,207314,715558,229,150
1621813,207320,715577,229,150
1621864,207327,715599,229,150
1621914,207332,715625,229,150
1621964,207340,715644,229,150
1622014,207346,715663,229,150
1622067,207356,715682,229,150
1622118,207365,715703,229,150
1622173,207373,715714,229,150
1622229,207378,715739,229,150
1622283,207383,715764,229,150
1622336,207388,715787,229,150
1622386,207396,715805,229,150
1622436,207403,715825,229,150
1622487,207409,715857,229,150
1622539,207415,715876,229,150
1622592,207422,715895,229,150
1622644,207426,715927,229,150
1622694,207432,715936,229,150
1622745,207439,715966,229,150
1622795,207444,715986,229,150
1622849,207451,716012,229,150
1622899,207455,716034,229,150
1622949,207460,716055,229,150
1622999,207465,716075,229,149
1623050,207472,716106,229,150
1623101,207478,716132,229,150
1623151,207482,716157,229,150
1623201,207490,716178,229,150
1623251,207499,716199,229,150
1623302,207507,716215,229,150
1623353,207512,716223,229,147
1623406,207520,716246,229,150
1623456,207525,716276,229,150
1623506,207531,716295,229,150
1623556,207536,716314,229,150
1623606,207542,716335,229,150
1623661,207547,716362,229,150
1623712,207552,716374,229,150
1623763,207560,716405,229,150
1623813,207565,716428,229,150
1623864,207574,716445,229,150
1623916,207579,716467,229,150
1623969,207583,716484,229,150
1624019,207590,716500,229,150
1624073,207599,716523,229,150
1624126,207604,716550,229,150
1624176,207611,716575,229,150
1624226,207619,716594,229,150
1624279,207625,716614,229,149
1624336,207632,716634,229,149
1624390,207640,716655,229,150
1624442,207646,716681,229,150
1624497,207654,716703,229,149
1624563,207662,716715,229,149
1624614,207671,716740,229,150
1624664,207678,716761,229,150
1624714,207684,716788,229,150
1624764,207689,716810,229,150
1624819,207696,716833,229,149
1624871,207705,716844,229,150
1624921,207711,716869,229,150
1624972,207717,716893,229,150
1625023,207725,716915,229,150
1625074,207730,716943,229,150
1625124,207735,716973,229,150
1625176,207744,716986,229,150
1625230,207752,716996,229,150
1625282,207758,717021,229,150
1625332,207763,717049,229,150
1625382,207769,717066,229,150
1625436,207775,717083,229,149
1625487,207783,717114,229,150
1625537,207788,717141,229,150
1625594,207795,717160,229,150
1625646,207802,717178,229,150
1625703,207809,717202,229,150
1625757,207814,717236,229,150
1625807,207818,717264,229,150
1625860,207826,717297,229,150
1625910,207833,717319,229,150
1625963,207839,717345,229,150
1626014,207846,717361,229,150
1626067,207851,717387,229,150
1626118,207859,717398,229,150
1626168,207865,717421,229,150
1626218,207875,717442,229,150
1626269,207885,717456,229,149
1626324,207893,717473,229,150
1626376,207899,717501,229,150
1626426,207907,717515,229,150
1626477,207913,717529,229,150
1626527,207918,717552,229,150
1626580,207926,717571,229,150
1626631,207932,717599,229,150
1626681,207938,717625,229,150
1626736,207945,717649,229,150
1626787,207951,717669,229,150
1626837,207957,717696,229,150
1626887,207963,717721,229,150
1626942,207971,717749,229,150
1626992,207979,717781,229,150
1627043,207987,717809,229,150
1627093,207992,717837,229,150
1627145,207999,717844,229,150
1627195,208003,717865,229,150
1627248,208008,717892,229,150
1627298,208013,717916,229,150
1627348,208021,717951,229,150
1627399,208027,717971,229,150
1627450,208033,717993,229,150
1627501,208039,718003,229,150
1627553,208045,718027,229,150
1627607,208054,718046,229,150
1627657,208059,718064,229,150
1627707,208066,718087,229,150
1627757,208071,718097,229,150
1627808,208075,718131,229,150
1627858,208082,718150,229,150
1627909,208091,718168,229,150
1627965,208096,718187,229,150
1628015,208105,718203,229,150
1628065,208111,718226,229,150
1628116,208116,718248,229,150
1628169,208122,718277,229,150
1628221,208127,718304,229,150
1628272,208136,718324,229,150
1628323,208143,718344,229,150
1628374,208149,718361,229,150
1628425,208155,718376,229,150
1628477,208163,718405,229,150
1628527,208170,718420,229,150
1628578,208176,718438,229,150
1628628,208181,718459,229,150
1628679,208189,718470,229,150
1628732,208197,718496,229,150
1628782,208204,718516,229,150
1628832,208210,718539,229,150
1628882,208218,718555,229,150
1628932,208223,718579,229,150
1628989,208229,718611,229,150
1629040,208236,718631,229,150
1629094,208242,718651,229,150
1629146,208247,718676,229,150
1629197,208254,718695,229,150
1629252,208261,718708,229,149
1629302,208269,718724,229,150
1629352,208275,718795,229,150
1629403,208281,718820,229,150
1629455,208288,718842,229,150
1629506,208293,718858,229,150
1629556,208299,718877,229,150
1629608,208304,718899,229,150
1629658,208308,718924,229,150
1629711,208315,718947,229,150
1629762,208322,718968,229,150
1629815,208331,718993,229,150
1629865,208336,719014,229,150
1629917,208343,719044,229,150
1629967,208351,719067,229,150
1630018,208356,719091,229,150
1630068,208364,719116,229,150
1630118,208370,719142,229,150
1630169,208377,719157,229,149
1630229,208384,719184,229,150
1630281,208392,719203,229,150
1630336,208397,719230,229,149
1630386,208406,719255,229,150
1630437,208412,719271,229,150
1630488,208417,719296,229,150
1630538,208424,719318,229,150
1630588,208430,719337,229,150
1630638,208435,719363,229,150
1630690,208442,719381,229,150
1630740,208450,719449,229,150
1630793,208456,719461,229,150
1630845,208464,719484,229,150
1630895,208471,719497,229,150
1630945,208476,719516,229,150
1630995,208481,719547,229,150
1631049,208487,719566,229,150
1631099,208494,719580,229,150
1631150,208500,719614,229,150
1631201,208505,719638,229,150
1631252,208511,719666,229,150
1631303,208517,719695,229,150
1631353,208526,719716,229,150
1631403,208533,719738,229,150
1631458,208540,719758,229,150
1631508,208546,719778,229,150
1631558,208554,719800,229,150
1631609,208560,719814,229,149
1631659,208566,719830,229,150
1631710,208573,719854,229,150
1631762,208580,719880,229,150
1631812,208587,719900,229,150
1631862,208595,719927,229,150
1631913,208602,719950,229,150
1631964,208606,719978,229,150
1632015,208612,720004,229,150
1632065,208616,720022,229,150
1632119,208621,720050,229,149
1632170,208627,720069,229,150
1632227,208633,720096,229,150
1632279,208642,720119,229,150
1632329,208648,720131,229,150
1632380,208653,720151,229,150
1632430,208664,720173,229,150
1632480,208669,720189,229,150
1632533,208674,720208,229,150
1632585,208681,720235,229,150
1632636,208686,720259,229,150
1632690,208691,720285,229,150
1632740,208698,720302,229,150
1632790,208703,720335,229,150
1632840,208708,720353,229,150
1632891,208714,720372,229,150
1632941,208722,720386,229,150
1632993,208728,720468,229,149
1633045,208735,720489,229,150
1633095,208743,720510,229,150
1633146,208749,720529,229,150
1633204,208756,720551,229,150
1633260,208768,720562,229,150
1633311,208774,720591,229,150
1633362,208779,720614,229,150
1633417,208787,720638,229,150
1633469,208794,720655,229,150
1633519,208800,720666,229,150
1633569,208805,720680,229,150
1633619,208812,720699,229,150
1633670,208818,720718,229,149
1633721,208826,720738,229,150
1633772,208832,720751,229,150
1633826,208842,720773,229,150
1633878,208846,720794,229,150
1633930,208855,720820,229,150
1633982,208862,720845,229,150
1634034,208866,720867,229,150
1634084,208872,720899,229,150
1634137,208878,720925,229,150
1634189,208884,720950,229,150
1634242,208895,720961,229,150
1634294,208902,720979,229,150
1634345,208910,720998,229,150
1634395,208918,721024,229,150
1634447,208923,721044,229,150
1634498,208931,721060,229,149
1634548,208939,721080,229,150
1634598,208945,721103,229,150
1634648,208950,721119,229,150
1634698,208956,721136,229,150
1634748,208962,721153,229,150
1634798,208969,721180,229,150
1634851,208976,721204,229,150
1634905,208980,721241,229,150
1634957,208986,721269,229,150
1635009,208993,721286,229,150
1635059,209000,721303,229,150
1635109,209006,721328,229,150
1635160,209014,721347,229,150
1635212,209022,721364,229,149
1635262,209029,721390,229,150
1635319,209034,721404,229,150
1635371,209040,721427,229,150
1635427,209046,721455,229,150
1635482,209052,721486,229,150
1635539,209059,721514,229,149
1635593,209067,721535,229,150
1635643,209074,721558,229,150
1635693,209081,721575,229,150
1635748,209088,721595,229,150
1635801,209096,721613,229,150
1635855,209101,721643,229,150
1635906,209107,721669,229,150
1635956,209111,721703,229,150
1636006,209117,721726,229,150
1636057,209124,721753,229,150
1636111,209130,721771,229,149
1636162,209137,721798,229,150
1636215,209143,721814,229,150
1636265,209148,721834,229,150
1636317,209156,721861,229,149
1636372,209164,721880,229,150
1636422,209170,721903,229,150
1636472,209175,721933,229,150
1636524,209184,721954,229,150
1636574,209189,721978,229,150
1636625,209194,721995,229,150
1636675,209202,722016,229,150
1636725,209206,722047,229,150
1636775,209211,722073,229,150
1636828,209218,722098,229,150
1636878,209222,722121,229,150
1636929,209230,722142,229,150
1636979,209234,722162,229,150
1637029,209240,722189,229,150
1637085,209246,722210,229,150
1637136,209253,722233,229,150
1637189,209261,722254,229,150
1637239,209265,722273,229,150
1637289,209271,722292,229,150
1637343,209276,722318,229,150
1637394,209280,722348,229,150
1637444,209286,722367,229,150
1637494,209291,722389,229,150
1637546,209298,722408,229,150
1637596,209304,722439,229,150
1637646,209312,722458,229,150
1637700,209319,722482,229,150
1637752,209325,722501,229,150
1637803,209332,722521,229,150
1637853,209336,722547,229,150
1637908,209345,722568,229,150
1637962,209350,722591,229,150
1638014,209357,722615,229,150
1638064,209363,722634,229,150
1638114,209369,722660,229,150
1638169,209375,722679,229,150
1638220,209386,722686,229,149
1638272,209392,722707,229,149
1638324,209399,722744,229,150
1638374,209405,722769,229,150
1638424,209413,722787,229,150
1638475,209419,722803,229,150
1638525,209427,722819,229,150
1638576,209433,722836,229,150
1638627,209441,722901,229,150
1638678,209448,722919,229,150
1638728,209453,722940,229,150
1638779,209459,722962,229,150
1638832,209466,722982,229,150
1638883,209473,723000,229,150
1638933,209480,723026,229,150
1638984,209488,723052,229,150
1639035,209494,723082,229,150
1639085,209500,723108,229,150
1639137,209505,723136,229,150
1639188,209510,723163,229,150
1639239,209518,723185,229,150
1639291,209526,723207,229,150
1639341,209530,723227,229,150
1639392,209537,723250,229,150
1639443,209542,723277,229,150
1639493,209547,723306,229,150
1639543,209553,723325,229,150
1639593,209558,723406,229,150
1639643,209566,723428,229,150
1639693,209570,723453,229,150
1639746,209578,723474,229,150
1639803,209586,723494,229,150
1639857,209592,723524,229,150
1639907,209597,723545,229,150
1639958,209608,723564,229,150
1640008,209613,723580,229,150
1640061,209621,723598,229,148
1640111,209629,723618,229,150
1640161,209634,723641,229,150
1640211,209639,723661,229,150
1640261,209646,723688,229,150
1640315,209652,723700,229,150
1640365,209658,723724,229,150
1640417,209664,723746,229,150
1640468,209670,723772,229,150
1640520,209675,723788,229,150
1640572,209682,723811,229,150
1640622,209686,723842,229,150
1640676,209692,723870,229,149
1640730,209700,723890,229,150
1640781,209706,723918,229,150
1640831,209714,723937,229,150
1640883,209721,723960,229,150
1640933,209728,723984,229,150
1640985,209733,724010,229,150
1641037,209738,724031,229,150
1641089,209745,724056,229,150
1641139,209750,724079,229,150
1641191,209755,724099,229,150
1641242,209763,724118,229,150
1641294,209769,724147,229,150
1641344,209776,724166,229,150
1641401,209782,724187,229,150
1641451,209787,724212,229,150
1641503,209792,724238,229,150
1641554,209799,724263,229,150
1641606,209805,724285,229,150
1641656,209813,724307,229,150
1641706,209820,724329,229,150
1641756,209825,724352,229,150
1641809,209832,724378,229,150
1641862,209840,724394,229,150
1641914,209846,724411,229,150
1641966,209852,724435,229,150
1642016,209860,724452,229,150
1642066,209866,724463,229,150
1642116,209872,724482,229,150
1642167,209877,724509,229,149
1642218,209885,724531,229,150
1642271,209892,724560,229,150
1642321,209900,724585,229,150
1642374,209909,724598,229,150
1642425,209914,724622,229,150
1642477,209921,724640,229,150
1642527,209926,724663,229,150
1642577,209931,724688,229,150
1642632,209936,724717,229,150
1642683,209940,724739,229,150
1642734,209947,724754,229,150
1642785,209953,724785,229,150
1642835,209957,724813,229,150
1642886,209964,724883,229,150
1642939,209970,724901,229,150
1642991,209976,724927,229,150
1643042,209982,724953,229,150
1643097,209989,724972,229,150
1643150,209995,724999,229,150
1643201,210002,725016,229,150
1643255,210008,725042,229,150
1643305,210018,725111,229,150
1643357,210023,725131,229,150
1643410,210028,725203,229,150
1643460,210034,725228,229,150
1643512,210040,725243,229,150
1643570,210046,725269,229,150
1643621,210051,725296,229,150
1643671,210058,725322,229,150
1643722,210066,725351,229,150
1643775,210075,725374,229,150
1643826,210082,725395,229,150
1643877,210089,725415,229,150
1643927,210095,725436,229,150
1643977,210101,725463,229,150
1644027,210108,725483,229,150
1644078,210116,725511,229,150
1644129,210125,725525,229,150
1644179,210134,725542,229,150
1644229,210140,725565,229,150
1644280,210146,725641,229,150
1644330,210152,725657,229,150
1644380,210161,725680,229,150
1644431,210169,725696,229,150
1644483,210174,725708,229,150
1644535,210179,725741,229,150
1644586,210185,725764,229,150
1644637,210191,725788,229,150
1644689,210199,725794,229,150
1644742,210203,725811,229,150
1644792,210208,725827,229,150
1644842,210219,725847,229,150
1644893,210227,725875,229,150
1644943,210232,725940,229,150
1644993,210238,725967,229,150
1645046,210243,725992,229,150
1645096,210250,726012,229,150
1645146,210253,726031,229,150
1645198,210262,726048,229,149
1645249,210269,726076,229,150
1645299,210277,726090,229,150
1645349,210283,726121,229,150
1645399,210290,726143,229,150
1645449,210300,726152,229,150
1645499,210305,726190,229,150
1645550,210311,726215,229,150
1645603,210319,726239,229,150
1645655,210327,726262,229,149
1645710,210333,726288,229,149
1645761,210339,726318,229,150
1645811,210345,726333,229,150
1645864,210351,726356,229,150
1645914,210355,726379,229,150
1645965,210363,726391,229,150
1646015,210371,726412,229,150
1646066,210377,726446,229,150
1646120,210389,726463,229,150
1646170,210396,726478,229,150
1646220,210402,726502,229,150
1646270,210407,726534,229,150
1646320,210415,726558,229,150
1646374,210423,726589,229,150
1646428,210430,726605,229,150
1646480,210438,726625,229,150
1646531,210445,726643,229,150
1646581,210452,726664,229,150
1646634,210457,726689,229,150
1646685,210466,726707,229,150
1646735,210473,726734,229,150
1646786,210480,726758,229,150
1646837,210489,726780,229,150
1646888,210496,726803,229,150
1646938,210502,726873,229,150
1646991,210508,726895,229,150
1647041,210512,726917,229,150
1647091,210517,726941,229,150
1647142,210525,726963,229,150
1647194,210531,726982,229,150
1647246,210536,727011,229,150
1647296,210545,727023,229,150
1647346,210553,727047,229,150
1647397,210557,727061,229,150
1647448,210564,727082,229,150
1647498,210573,727105,229,150
1647551,210581,727135,229,150
1647603,210588,727152,229,149
1647653,210595,727183,229,150
1647705,210603,727198,229,150
1647755,210609,727232,229,150
1647805,210615,727255,229,150
1647855,210620,727275,229,150
1647907,210626,727301,229,150
1647957,210631,727314,229,150
1648007,210637,727334,229,150
1648057,210643,727361,229,150
1648107,210649,727392,229,150
1648166,210655,727410,229,150
1648216,210664,727429,229,150
1648266,210672,727447,229,150
1648319,210682,727464,229,150
1648369,210691,727479,229,150
1648419,210696,727508,229,150
1648469,210704,727523,229,150
1648519,210711,727552,229,150
1648569,210717,727574,229,150
1648619,210724,727597,229,150
1648674,210729,727616,229,148
1648726,210735,727630,229,150
1648776,210740,727653,229,150
1648827,210745,727679,229,150
1648880,210753,727701,229,150
1648930,210759,727719,229,150
1648980,210765,727733,229,150
1649030,210774,727759,229,150
1649082,210781,727773,229,150
1649136,210788,727802,229,150
1649186,210795,727820,229,150
1649244,210802,727841,229,150
1649294,210810,727860,229,150
1649349,210816,727875,229,149
1649400,210824,727904,229,150
1649450,210829,727933,229,150
1649500,210835,727963,229,150
1649553,210842,727979,229,150
1649603,210846,728005,229,150
1649655,210853,728023,229,150
1649706,210858,728051,229,150
1649756,210867,728076,229,150
1649806,210876,728101,229,150
1649857,210885,728120,229,150
1649907,210891,728137,229,150
1649957,210899,728156,229,150
1650008,210905,728228,229,150
1650060,210912,728248,229,150
1650113,210919,728267,229,150
1650166,210926,728288,229,150
1650219,210935,728298,229,150
1650277,210944,728328,229,149
1650328,210952,728349,229,150
1650378,210956,728377,229,150
1650436,210962,728400,229,150
1650487,210970,728418,229,150
1650537,210975,728439,229,150
1650588,210981,728458,229,150
1650640,210991,728471,229,150
1650691,210997,728494,229,150
1650744,211003,728515,229,150
1650799,211008,728546,229,150
1650849,211016,728580,229,150
1650899,211026,728602,229,150
1650951,211032,728628,229,150
1651001,211039,728658,229,150
1651052,211048,728674,229,150
1651105,211054,728696,229,150
1651155,211059,728726,229,150
1651207,211066,728754,229,150
1651262,211075,728775,229,150
1651312,211080,728801,229,148
1651364,211090,728827,229,150
1651416,211099,728841,229,150
1651469,211106,728859,229,150
1651519,211112,728884,229,150
1651569,211116,728907,229,150
1651619,211122,728929,229,150
1651669,211127,728954,229,150
1651722,211133,728976,229,150
1651772,211139,728996,229,150
1651822,211146,729023,229,150
1651874,211152,729037,229,150
1651925,211157,729056,229,150
1651976,211164,729075,229,150
1652026,211170,729097,229,150
1652076,211175,729120,229,150
1652126,211183,729146,229,150
1652176,211188,729172,229,150
1652228,211192,729201,229,150
1652278,211199,729226,229,150
1652329,211204,729245,229,150
1652380,211210,729273,229,150
1652433,211218,729293,229,150
1652483,211224,729330,229,150
1652536,211232,729354,229,150
1652586,211238,729370,229,150
1652636,211244,729398,229,150
1652686,211252,729411,229,150
1652737,211260,729430,229,150
1652793,211267,729454,229,149
1652843,211274,729476,229,150
1652894,211281,729501,229,150
1652947,211289,729520,229,150
1652998,211296,729539,229,150
1653051,211302,729557,229,150
1653102,211309,729579,229,150
1653152,211315,729604,229,150
1653203,211322,729623,229,150
1653253,211328,729639,229,150
1653304,211334,729664,229,150
1653354,211341,729686,229,150
1653407,211348,729704,229,150
1653457,211356,729729,229,150
1653508,211363,729745,229,150
1653561,211370,729772,229,150
1653612,211377,729785,229,150
1653663,211384,729798,229,150
1653713,211391,729814,229,150
1653763,211398,729831,229,150
1653813,211405,729858,229,150
1653866,211410,729889,229,150
1653918,211414,729908,229,150
1653969,211424,729926,229,150
1654019,211430,729953,229,150
1654071,211436,729974,229,150
1654121,211441,729995,229,150
1654173,211446,730019,229,150
1654224,211451,730036,229,150
1654276,211457,730060,229,150
1654327,211462,730127,229,150
1654379,211467,730162,229,149
1654429,211474,730173,229,150
1654480,211479,730190,229,150
1654531,211485,730212,229,150
1654583,211491,730238,229,150
1654634,211497,730263,229,150
1654687,211508,730284,229,150
1654737,211516,730306,229,150
1654787,211520,730320,229,150
1654838,211526,730342,229,150
1654888,211532,730364,229,150
1654938,211538,730389,229,150
1654988,211544,730416,229,150
1655039,211550,730431,229,150
1655093,211557,730455,229,150
1655144,211562,730475,229,150
1655194,211569,730490,229,150
1655245,211574,730509,229,150
1655296,211581,730525,229,149
1655346,211588,730556,229,150
1655397,211595,730580,229,150
1655448,211600,730607,229,150
1655498,211607,730668,229,150
1655549,211613,730686,229,150
1655599,211622,730706,229,150
1655649,211628,730731,229,150
1655699,211636,730750,229,150
1655749,211643,730770,229,150
1655802,211652,730790,229,150
1655856,211659,730809,229,150
1655906,211668,730838,229,150
1655957,211675,730859,229,150
1656007,211679,730892,229,150
1656058,211686,730920,229,150
1656108,211693,730945,229,150
1656158,211698,730965,229,150
1656209,211704,730985,229,150
1656259,211712,731005,229,150
1656309,211718,731030,229,150
1656360,211729,731050,229,150
1656411,211735,731069,229,150
1656462,211742,731091,229,150
1656512,211752,731097,229,150
1656562,211756,731113,229,150
1656615,211764,731130,229,150
1656668,211770,731157,229,150
1656720,211776,731174,229,150
1656771,211783,731202,229,150
1656822,211789,731233,229,150
1656873,211797,731256,229,150
1656925,211805,731266,229,150
1656975,211810,731291,229,150
1657025,211816,731304,229,150
1657076,211825,731326,229,150
1657126,211830,731347,229,150
1657176,211838,731366,229,150
1657226,211844,731383,229,150
1657277,211849,731407,229,150
1657328,211856,731439,229,150
1657378,211860,731461,229,150
1657430,211865,731479,229,150
1657481,211870,731503,229,150
1657534,211877,731529,229,150
1657585,211883,731548,229,150
1657640,211887,731571,229,150
1657697,211893,731592,229,150
1657748,211900,731606,229,150
1657798,211905,731632,229,150
1657849,211910,731658,229,150
1657900,211917,731678,229,150
1657951,211924,731701,229,150
1658004,211932,731727,229,149
1658058,211939,731754,229,150
1658108,211947,731773,229,150
1658158,211953,731791,229,150
1658210,211960,731811,229,150
1658260,211968,731833,229,150
1658312,211976,731866,229,150
1658367,211983,731883,229,150
1658417,211990,731904,229,150
1658468,211997,731933,229,150
1658520,212002,731955,229,149
1658570,212009,731977,229,150
1658622,212015,731994,229,150
1658672,212019,732018,229,150
1658724,212023,732036,229,148
1658776,212030,732050,229,150
1658827,212036,732076,229,150
1658879,212042,732090,229,150
1658932,212051,732109,229,149
1658983,212057,732131,229,150
1659033,212063,732138,229,150
1659084,212068,732164,229,150
1659138,212073,732192,229,150
1659190,212079,732215,229,150
1659240,212086,732240,229,150
1659290,212093,732262,229,150
1659340,212099,732289,229,150
1659393,212106,732317,229,149
1659444,212112,732339,229,150
1659494,212118,732362,229,150
1659545,212127,732385,229,150
1659599,212133,732406,229,150
1659650,212140,732423,229,150
1659700,212146,732438,229,150
1659751,212151,732459,229,150
1659803,212156,732489,229,150
1659854,212163,732506,229,150
1659906,212172,732514,229,150
1659957,212179,732539,229,150
1660008,212185,732554,229,150
1660058,212191,732577,229,150
1660108,212198,732652,229,150
1660165,212210,732679,229,150
1660215,212215,732701,229,150
1660268,212220,732722,229,150
1660325,212227,732742,229,149
1660376,212234,732763,229,150
1660426,212240,732788,229,150
1660478,212247,732809,229,150
1660531,212255,732833,229,150
1660582,212260,732850,229,150
1660632,212267,732868,229,150
1660683,212274,732895,229,150
1660742,212281,732917,229,150
1660793,212288,732935,229,150
1660850,212296,732961,229,150
1660900,212302,732987,229,150
1660950,212311,733058,229,150
1661001,212317,733082,229,150
1661052,212321,733115,229,150
1661102,212326,733134,229,150
1661152,212333,733148,229,150
1661202,212341,733169,229,150
1661252,212348,733196,229,150
1661306,212353,733213,229,150
1661357,212359,733237,229,150
1661408,212365,733261,229,150
1661458,212371,733287,229,150
1661509,212378,733308,229,150
1661560,212387,733331,229,150
1661614,212393,733355,229,150
1661664,212401,733379,229,150
1661718,212409,733396,229,150
1661769,212414,733425,229,150
1661819,212419,733453,229,150
1661869,212425,733470,229,149
1661919,212432,733491,229,150
1661971,212442,733505,229,150
1662021,212447,733527,229,150
1662072,212453,733547,229,150
1662124,212460,733563,229,150
1662180,212466,733592,229,149
1662232,212473,733610,229,150
1662282,212479,733632,229,150
1662333,212487,733658,229,150
1662384,212491,733680,229,150
1662434,212496,733715,229,150
1662486,212501,733733,229,150
1662537,212509,733753,229,149
1662587,212515,733774,229,150
1662637,212523,733789,229,150
1662687,212529,733815,229,150
1662737,212537,733831,229,150
1662787,212541,733851,229,150
1662837,212547,733871,229,150
1662888,212553,733898,229,150
1662940,212558,733919,229,150
1662990,212562,733933,229,150
1663040,212571,733955,229,149
1663092,212580,733970,229,150
1663143,212586,733987,229,150
1663194,212592,734014,229,150
1663246,212598,734034,229,150
1663296,212602,734055,229,150
1663347,212608,734076,229,150
1663397,212613,734086,229,150
1663450,212619,734110,229,150
1663501,212628,734131,229,150
1663553,212635,734160,229,150
1663605,212641,734186,229,150
1663657,212647,734206,229,149
1663707,212657,734235,229,150
1663758,212664,734253,229,150
1663809,212672,734275,229,150
1663859,212681,734295,229,150
1663909,212687,734327,229,150
1663960,212694,734349,229,150
1664010,212699,734373,229,150
1664064,212705,734392,229,150
1664115,212712,734407,229,150
1664165,212719,734425,229,150
1664215,212726,734451,229,150
1664267,212730,734474,229,150
1664321,212736,734499,229,150
1664376,212742,734525,229,149
1664428,212749,734548,229,150
1664482,212754,734568,229,150
1664537,212761,734586,229,150
1664590,212770,734614,229,149
1664641,212777,734631,229,150
1664696,212785,734648,229,150
1664749,212792,734655,229,150
1664803,212800,734664,229,150
1664856,212805,734683,229,150
1664907,212809,734700,229,150
1664958,212815,734721,229,149
1665011,212822,734746,229,150
1665061,212829,734769,229,150
1665111,212835,734797,229,150
1665161,212841,734821,229,150
1665211,212848,734840,229,150
1665261,212854,734858,229,150
1665316,212860,734882,229,150
1665367,212869,734899,229,150
1665418,212875,734926,229,150
1665471,212882,734939,229,150
1665521,212887,734956,229,150
1665571,212894,734971,229,150
1665622,212901,734987,229,150
1665672,212910,735006,229,150
1665722,212917,735030,229,150
1665773,212925,735047,229,150
1665823,212931,735065,229,150
1665873,212937,735086,229,150
1665924,212943,735107,229,150
1665975,212947,735137,229,150
1666025,212952,735164,229,150
1666075,212961,735183,229,150
1666126,212969,735206,229,150
1666179,212975,735224,229,150
1666230,212983,735253,229,150
1666280,212990,735270,229,150
1666331,212995,735288,229,150
1666385,213004,735306,229,150
1666436,213011,735337,229,150
1666486,213016,735361,229,150
1666536,213021,735380,229,150
1666592,213028,735406,229,150
1666642,213034,735426,229,150
1666695,213041,735453,229,150
1666745,213047,735476,229,150
1666795,213054,735497,229,150
1666845,213060,735522,229,150
1666895,213066,735547,229,150
1666946,213072,735570,229,150
1666996,213078,735588,229,150
1667046,213084,735619,229,150
1667099,213090,735647,229,150
1667152,213098,735660,229,150
1667202,213104,735687,229,150
1667252,213109,735716,229,150
1667309,213117,735736,229,150
1667362,213125,735752,229,150
1667412,213131,735769,229,150
1667462,213136,735791,229,150
1667512,213142,735805,229,150
1667564,213148,735820,229,150
1667614,213153,735846,229,150
1667665,213161,735868,229,150
1667715,213166,735886,229,150
1667767,213172,735909,229,149
1667817,213180,735931,229,150
1667867,213187,735949,229,150
1667919,213194,735971,229,150
1667971,213200,736002,229,150
1668030,213208,736032,229,149
1668080,213215,736053,229,150
1668130,213220,736076,229,150
1668180,213226,736101,229,150
1668232,213236,736164,229,150
1668282,213244,736185,229,150
1668332,213250,736197,229,150
1668383,213256,736221,229,150
1668433,213261,736241,229,150
1668484,213267,736264,229,150
1668535,213272,736283,229,150
1668588,213278,736295,229,150
1668638,213283,736321,229,150
1668688,213288,736341,229,150
1668739,213293,736354,229,150
1668791,213300,736376,229,149
1668843,213308,736400,229,150
1668893,213314,736426,229,150
1668945,213320,736443,229,150
1668995,213327,736463,229,150
1669045,213334,736491,229,150
1669095,213341,736515,229,150
1669145,213347,736538,229,150
1669199,213352,736560,229,150
1669250,213360,736581,229,150
1669303,213369,736594,229,150
1669354,213376,736664,229,150
1669404,213380,736688,229,150
1669457,213387,736708,229,150
1669507,213395,736726,229,150
1669557,213404,736743,229,150
1669607,213408,736775,229,150
1669657,213413,736795,229,150
1669709,213417,736820,229,150
1669760,213428,736841,229,150
1669811,213434,736871,229,150
1669861,213438,736898,229,150
1669911,213444,736919,229,150
1669961,213449,736949,229,150
1670013,213457,736967,229,147
1670063,213465,736983,229,150
1670113,213473,736994,229,150
1670169,213480,737020,229,150
1670221,213486,737037,229,150
1670271,213493,737071,229,150
1670322,213499,737090,229,150
1670372,213504,737121,229,150
1670422,213510,737147,229,150
1670472,213515,737164,229,150
1670524,213520,737182,229,150
1670574,213530,737197,229,150
1670628,213535,737213,229,150
1670678,213541,737233,229,150
1670730,213548,737249,229,150
1670780,213555,737273,229,150
1670831,213562,737301,229,150
1670882,213567,737321,229,150
1670937,213573,737338,229,150
1670994,213580,737349,229,150
1671047,213587,737366,229,150
1671097,213592,737393,229,150
1671151,213598,737413,229,150
1671201,213604,737443,229,150
1671252,213610,737459,229,150
1671306,213616,737484,229,149
1671356,213622,737512,229,150
1671406,213629,737538,229,150
1671456,213637,737553,229,150
1671507,213643,737581,229,150
1671557,213648,737611,229,150
1671607,213655,737626,229,150
1671658,213662,737650,229,149
1671708,213671,737665,229,150
1671762,213676,737684,229,150
1671812,213682,737708,229,150
1671862,213688,737728,229,150
1671915,213693,737755,229,150
1671967,213699,737785,229,150
1672019,213707,737809,229,150
1672071,213714,737836,229,150
1672123,213722,737856,229,150
1672173,213728,737869,229,150
1672223,213735,737892,229,150
1672274,213746,737910,229,150
1672324,213753,737935,229,150
1672374,213758,737961,229,150
1672424,213762,737984,229,150
1672474,213769,738056,229,150
1672524,213777,738076,229,149
1672574,213786,738106,229,150
1672624,213791,738133,229,150
1672676,213798,738161,229,150
1672726,213804,738189,229,150
1672779,213810,738215,229,150
1672829,213818,738240,229,149
1672879,213823,738265,229,150
1672929,213830,738285,229,150
1672980,213839,738304,229,150
1673030,213843,738346,229,150
1673082,213852,738361,229,150
1673133,213859,738377,229,150
1673184,213865,738391,229,150
1673234,213871,738414,229,150
1673286,213877,738425,229,150
1673336,213883,738442,229,150
1673387,213891,738455,229,150
1673439,213899,738482,229,150
1673489,213906,738508,229,150
1673540,213915,738530,229,148
1673591,213925,738549,229,150
1673643,213931,738573,229,150
1673694,213940,738599,229,150
1673744,213946,738617,229,150
1673794,213953,738630,229,150
1673845,213960,738654,229,150
1673895,213965,738677,229,150
1673945,213971,738708,229,150
1673996,213978,738719,229,150
1674048,213985,738748,229,150
1674098,213992,738766,229,150
1674149,213999,738779,229,150
1674200,214004,738799,229,150
1674250,214009,738814,229,150
1674300,214014,738835,229,150
1674350,214020,738851,229,150
1674400,214026,738876,229,150
1674451,214034,738908,229,150
1674502,214040,738925,229,150
1674553,214046,738947,229,150
1674604,214052,738975,229,150
1674658,214057,738997,229,150
1674708,214064,739018,229,150
1674760,214069,739036,229,150
1674812,214075,739053,229,150
1674867,214082,739067,229,150
1674921,214089,739089,229,150
1674977,214097,739110,229,150
1675029,214104,739136,229,150
1675079,214110,739157,229,150
1675129,214117,739182,229,150
1675182,214126,739206,229,150
1675234,214132,739219,229,150
1675285,214139,739247,229,150
1675335,214147,739258,229,150
1675386,214156,739277,229,150
1675438,214162,739298,229,150
1675488,214167,739326,229,150
1675539,214175,739352,229,150
1675589,214181,739374,229,150
1675640,214186,739388,229,150
1675692,214192,739406,229,150
1675742,214200,739468,229,150
1675793,214207,739487,229,150
1675844,214214,739518,229,150
1675894,214220,739539,229,150
1675947,214227,739558,229,150
1675999,214233,739585,229,150
1676049,214242,739596,229,150
1676099,214248,739609,229,150
1676152,214256,739631,229,150
1676202,214261,739652,229,149
1676259,214269,739676,229,150
1676312,214275,739697,229,149
1676362,214283,739723,229,150
1676412,214288,739739,229,150
1676463,214296,739753,229,150
1676515,214305,739779,229,150
1676566,214309,739795,229,150
1676617,214315,739817,229,150
1676667,214320,739844,229,150
1676719,214327,739865,229,150
1676770,214332,739892,229,150
1676823,214337,739915,229,150
1676878,214342,739942,229,150
1676928,214350,739956,229,150
1676979,214357,739971,229,150
1677030,214362,739994,229,150
1677083,214370,740015,229,150
1677135,214377,740036,229,150
1677187,214384,740054,229,150
1677239,214390,740074,229,150
1677290,214398,740083,229,150
1677340,214406,740103,229,150
1677391,214412,740127,229,150
1677446,214420,740157,229,150
1677501,214429,740177,229,150
1677553,214437,740192,229,150
1677604,214443,740212,229,150
1677655,214450,740233,229,150
1677706,214456,740262,229,150
1677756,214460,740286,229,150
1677806,214470,740307,229,150
1677856,214475,740334,229,150
1677908,214482,740360,229,150
1677958,214487,740379,229,150
1678008,214493,740390,229,150
1678058,214498,740412,229,149
1678109,214505,740428,229,150
1678159,214511,740453,229,150
1678209,214515,740484,229,150
1678262,214522,740543,229,150
1678313,214528,740567,229,148
1678363,214535,740583,229,150
1678413,214542,740603,229,150
1678466,214548,740629,229,150
1678516,214553,740650,229,149
1678567,214560,740673,229,150
1678617,214565,740696,229,150
1678672,214572,740714,229,150
1678722,214577,740730,229,150
1678774,214582,740751,229,150
1678824,214588,740771,229,150
1678875,214594,740789,229,150
1678927,214601,740808,229,150
1678978,214605,740830,229,150
1679029,214613,740856,229,149
1679079,214619,740882,229,150
1679130,214626,740910,229,150
1679181,214634,740941,229,150
1679241,214643,740959,229,150
1679291,214648,740968,229,150
1679341,214657,740986,229,150
1679394,214665,741003,229,150
1679444,214671,741017,229,150
1679494,214677,741089,229,150
1679544,214682,741118,229,150
1679594,214686,741143,229,150
1679645,214694,741157,229,150
1679696,214700,741184,229,150
1679747,214708,741211,229,150
1679798,214715,741234,229,150
1679848,214721,741254,229,150
1679898,214729,741273,229,150
1679950,214736,741300,229,150
1680002,214743,741322,229,150
1680052,214750,741359,229,150
1680102,214756,741376,229,150
1680155,214761,741410,229,149
1680205,214768,741423,229,150
1680259,214774,741445,229,150
1680310,214780,741481,229,150
1680360,214786,741499,229,150
1680410,214791,741524,229,150
1680460,214797,741537,229,150
1680511,214804,741557,229,150
1680562,214813,741578,229,150
1680613,214819,741604,229,150
1680663,214827,741626,229,150
1680713,214834,741651,229,150
1680763,214841,741671,229,150
1680813,214846,741691,229,149
1680865,214855,741713,229,150
1680915,214862,741736,229,150
1680965,214869,741754,229,150
1681015,214873,741773,229,150
1681065,214882,741799,229,150
1681118,214888,741815,229,150
1681168,214894,741832,229,150
1681218,214902,741859,229,150
1681268,214907,741882,229,150
1681321,214914,741905,229,150
1681374,214918,741922,229,150
1681425,214924,741941,229,150
1681475,214930,741956,229,150
1681525,214936,741973,229,150
1681577,214942,741995,229,150
1681627,214948,742014,229,150
1681678,214955,742038,229,150
1681729,214963,742057,229,150
1681779,214970,742075,229,150
1681833,214975,742091,229,150
1681883,214982,742112,229,150
1681933,214988,742176,229,150
1681983,214993,742198,229,150
1682034,215003,742213,229,150
1682084,215010,742234,229,150
1682134,215015,742268,229,150
1682184,215022,742285,229,150
1682236,215027,742309,229,150
1682290,215034,742326,229,150
1682340,215040,742345,229,150
1682390,215047,742364,229,150
1682441,215053,742390,229,150
1682491,215058,742408,229,150
1682541,215063,742433,229,150
1682593,215071,742454,229,150
1682643,215076,742471,229,150
1682694,215084,742492,229,150
1682744,215092,742504,229,150
1682795,215098,742530,229,150
1682846,215106,742553,229,150
1682901,215113,742568,229,150
1682952,215119,742596,229,150
1683002,215128,742623,229,150
1683053,215134,742655,229,150
1683106,215139,742678,229,150
1683157,215146,742707,229,150
1683210,215152,742736,229,150
1683260,215158,742756,229,150
1683310,215168,742770,229,150
1683361,215174,742796,229,150
1683411,215180,742825,229,150
1683468,215186,742848,229,150
1683518,215192,742864,229,150
1683568,215197,742894,229,150
1683621,215205,742910,229,150
1683673,215211,742934,229,150
1683725,215221,742960,229,150
1683776,215229,742982,229,149
1683830,215236,742999,229,150
1683880,215241,743020,229,150
1683930,215249,743040,229,150
1683980,215256,743058,229,150
1684037,215265,743067,229,150
1684087,215269,743097,229,150
1684139,215276,743125,229,150
1684200,215284,743142,229,147
1684250,215294,743161,229,150
1684301,215302,743185,229,150
1684352,215308,743202,229,150
1684402,215319,743216,229,150
1684452,215327,743235,229,150
1684502,215334,743254,229,150
1684552,215340,743268,229,150
1684603,215345,743292,229,150
1684654,215351,743321,229,150
1684705,215358,743343,229,150
1684755,215363,743364,229,149
1684806,215370,743386,229,150
1684856,215376,743410,229,150
1684906,215384,743427,229,150
1684956,215390,743446,229,150
1685008,215397,743467,229,150
1685058,215406,743489,229,150
1685108,215415,743511,229,150
1685160,215421,743533,229,150
1685213,215428,743559,229,150
1685263,215437,743580,229,150
1685314,215444,743596,229,150
1685365,215450,743619,229,150
1685415,215458,743635,229,150
1685465,215464,743660,229,150
1685515,215471,743679,229,150
1685565,215480,743707,229,150
1685617,215485,743736,229,150
1685669,215490,743761,229,150
1685720,215496,743780,229,150
1685771,215502,743805,229,150
1685822,215509,743834,229,150
1685872,215515,743854,229,150
1685923,215521,743872,229,150
1685973,215527,743895,229,150
1686023,215532,743912,229,150
1686074,215541,743941,229,150
1686126,215546,743961,229,150
1686176,215552,743986,229,150
1686228,215560,744058,229,150
1686278,215566,744073,229,150
1686329,215576,744098,229,150
1686381,215583,744118,229,150
1686432,215588,744147,229,150
1686483,215595,744162,229,150
1686533,215601,744185,229,150
1686583,215606,744205,229,149
1686635,215612,744222,229,149
1686685,215618,744236,229,150
1686740,215624,744251,229,150
1686790,215629,744276,229,150
1686846,215636,744301,229,149
1686896,215643,744321,229,150
1686948,215648,744352,229,150
1686998,215654,744375,229,150
1687050,215659,744401,229,150
1687100,215664,744425,229,150
1687152,215671,744447,229,150
1687202,215678,744462,229,150
1687252,215685,744482,229,150
1687304,215693,744497,229,150
1687354,215699,744529,229,150
1687405,215705,744556,229,150
1687455,215712,744577,229,150
1687507,215720,744596,229,150
1687559,215725,744629,229,150
1687616,215731,744654,229,150
1687666,215739,744677,229,150
1687718,215743,744700,229,150
1687768,215748,744719,229,150
1687819,215754,744741,229,150
1687871,215760,744761,229,150
1687922,215769,744775,229,150
1687977,215775,744800,229,149
1688027,215783,744818,229,150
1688079,215789,744844,229,150
1688129,215797,744867,229,150
1688183,215803,744896,229,150
1688233,215808,744921,229,150
1688285,215817,744935,229,150
1688336,215825,744955,229,150
1688386,215830,744974,229,150
1688438,215837,744999,229,150
1688488,215843,745015,229,150
1688540,215849,745047,229,150
1688593,215854,745071,229,149
1688645,215860,745105,229,150
1688695,215869,745130,229,150
1688750,215877,745141,229,150
1688800,215882,745165,229,150
1688851,215888,745189,229,150
1688902,215894,745207,229,150
1688954,215901,745225,229,150
1689004,215906,745243,229,150
1689054,215913,745255,229,150
1689104,215920,745288,229,150
1689155,215926,745313,229,150
1689205,215933,745336,229,150
1689261,215938,745351,229,150
1689314,215944,745373,229,150
1689364,215951,745388,229,150
1689414,215957,745410,229,150
1689464,215963,745435,229,150
1689522,215969,745458,229,149
1689573,215976,745481,229,150
1689625,215985,745502,229,150
1689675,215992,745526,229,150
1689725,215997,745547,229,150
1689775,216006,745565,229,149
1689825,216012,745588,229,150
1689875,216018,745616,229,150
1689925,216024,745642,229,150
1689978,216030,745711,229,150
1690029,216035,745740,229,150
1690079,216042,745765,229,150
1690129,216047,745845,229,150
1690184,216055,745861,229,149
1690234,216061,745884,229,150
1690285,216067,745900,229,150
1690335,216071,745931,229,150
1690386,216077,745951,229,150
1690436,216085,745978,229,150
1690487,216093,746007,229,150
1690546,216099,746027,229,150
1690596,216105,746050,229,150
1690646,216109,746074,229,150
1690696,216115,746100,229,150
1690747,216121,746123,229,150
1690798,216126,746150,229,150
1690849,216132,746168,229,150
1690899,216137,746193,229,150
1690950,216143,746212,229,150
1691000,216149,746230,229,150
1691052,216155,746253,229,150
1691102,216162,746280,229,150
1691155,216168,746297,229,150
1691209,216177,746363,229,150
1691259,216183,746392,229,150
1691318,216189,746421,229,149
1691368,216195,746443,229,150
1691419,216201,746459,229,150
1691471,216207,746483,229,150
1691526,216214,746505,229,149
1691577,216221,746527,229,150
1691632,216227,746545,229,150
1691685,216235,746555,229,150
1691736,216242,746575,229,150
1691787,216249,746601,229,150
1691838,216256,746615,229,150
1691888,216261,746637,229,150
1691940,216270,746658,229,150
1691991,216275,746678,229,150
1692042,216284,746697,229,150
1692092,216293,746717,229,150
1692142,216300,746741,229,150
1692193,216307,746760,229,150
1692245,216312,746783,229,150
1692298,216318,746801,229,150
1692348,216324,746816,229,150
1692402,216333,746838,229,150
1692452,216339,746866,229,150
1692503,216346,746890,229,150
1692553,216351,746911,229,150
1692605,216359,746934,229,150
1692655,216367,746961,229,150
1692712,216372,746980,229,149
1692765,216378,746998,229,150
1692818,216384,747021,229,150
1692868,216391,747031,229,150
1692918,216397,747055,229,150
1692971,216404,747080,229,150
1693023,216409,747104,229,150
1693073,216416,747134,229,150
1693123,216422,747160,229,150
1693173,216429,747179,229,150
1693223,216435,747198,229,150
1693275,216440,747212,229,150
1693331,216446,747226,229,150
1693381,216453,747239,229,150
1693431,216459,747274,229,150
1693488,216464,747296,229,150
1693539,216469,747325,229,150
1693589,216476,747347,229,150
1693640,216482,747377,229,150
1693692,216488,747403,229,150
1693742,216493,747430,229,150
1693792,216498,747458,229,150
1693842,216504,747482,229,150
1693892,216512,747505,229,150
1693943,216519,747528,229,150
1693994,216527,747547,229,150
1694047,216534,747568,229,149
1694098,216540,747588,229,150
1694154,216544,747608,229,150
1694206,216550,747631,229,150
1694259,216558,747657,229,150
1694310,216564,747680,229,149
1694360,216569,747702,229,150
1694414,216574,747727,229,150
1694465,216579,747754,229,150
1694517,216586,747769,229,150
1694574,216592,747783,229,149
1694628,216603,747794,229,150
1694678,216610,747819,229,150
1694732,216619,747841,229,150
1694783,216624,747870,229,150
1694833,216634,747894,229,150
1694883,216639,747925,229,150
1694935,216647,747941,229,150
1694985,216654,747963,229,150
1695035,216659,747982,229,150
1695085,216662,748008,229,150
1695138,216666,748033,229,150
1695193,216673,748059,229,150
1695243,216681,748079,229,150
1695294,216688,748096,229,150
1695346,216694,748123,229,150
1695398,216700,748145,229,149
1695448,216706,748168,229,150
1695500,216712,748193,229,150
1695550,216720,748213,229,150
1695600,216727,748225,229,150
1695653,216734,748239,229,150
1695703,216744,748254,229,150
1695754,216751,748273,229,150
1695804,216758,748302,229,150
1695854,216763,748321,229,148
1695908,216772,748343,229,150
1695959,216778,748366,229,150
1696010,216785,748399,229,150
1696060,216790,748425,229,150
1696110,216795,748443,229,150
1696164,216802,748458,229,148
1696215,216812,748476,229,150
1696266,216819,748502,229,150
1696317,216824,748528,229,150
1696368,216828,748558,229,150
1696421,216836,748582,229,150
1696471,216843,748600,229,150
1696522,216849,748627,229,150
1696573,216853,748657,229,150
1696623,216861,748681,229,150
1696673,216866,748703,229,150
1696724,216873,748723,229,150
1696777,216879,748754,229,150
1696827,216885,748775,229,150
1696882,216891,748792,229,150
1696933,216897,748817,229,150
1696984,216903,748843,229,150
1697037,216909,748864,229,149
1697087,216917,748883,229,150
1697137,216923,748897,229,150
1697187,216929,748930,229,150
1697237,216936,748955,229,150
1697287,216943,748990,229,150
1697337,216951,749010,229,150
1697389,216958,749036,229,150
1697440,216967,749058,229,150
1697490,216973,749079,229,150
1697540,216982,749095,229,150
1697593,216987,749122,229,150
1697643,216992,749147,229,150
1697694,216999,749171,229,150
1697744,217007,749197,229,150
1697794,217013,749220,229,150
1697848,217019,749241,229,150
1697900,217024,749262,229,150
1697956,217031,749289,229,150
1698007,217037,749321,229,150
1698057,217044,749344,229,150
1698111,217050,749366,229,150
1698161,217060,749387,229,150
1698214,217067,749410,229,150
1698266,217074,749433,229,150
1698317,217080,749459,229,150
1698370,217088,749478,229,149
1698420,217096,749491,229,150
1698473,217102,749521,229,150
1698523,217110,749530,229,150
1698575,217117,749545,229,150
1698626,217123,749572,229,150
1698676,217132,749596,229,150
1698726,217137,749624,229,150
1698778,217143,749651,229,150
1698830,217150,749675,229,150
1698880,217157,749701,229,150
1698931,217164,749725,229,150
1698981,217170,749753,229,150
1699031,217178,749770,229,150
1699086,217185,749786,229,149
1699136,217191,749807,229,150
1699188,217196,749830,229,150
1699239,217202,749846,229,150
1699290,217208,749871,229,150
1699341,217215,749898,229,150
1699397,217222,749916,229,150
1699450,217229,749931,229,150
1699502,217235,749949,229,150
1699552,217240,749979,229,150
1699602,217246,750004,229,150
1699657,217253,750022,229,150
1699707,217258,750043,229,150
1699759,217266,750059,229,150
1699809,217271,750074,229,150
1699860,217276,750137,229,150
1699910,217283,750166,229,150
1699960,217290,750177,229,150
1700012,217297,750208,229,150
1700062,217303,750230,229,150
1700114,217310,750251,229,150
1700166,217316,750322,229,150
1700224,217322,750342,229,150
1700274,217329,750356,229,150
1700324,217340,750373,229,150
1700378,217345,750402,229,150
1700429,217349,750421,229,150
1700479,217355,750443,229,150
1700530,217360,750464,229,149
1700581,217368,750494,229,150
1700631,217376,750517,229,150
1700682,217383,750536,229,150
1700732,217390,750557,229,150
1700783,217398,750578,229,150
1700833,217404,750600,229,150
1700883,217408,750624,229,150
1700933,217416,750649,229,150
1700984,217422,750671,229,150
1701034,217428,750694,229,150
1701089,217437,750715,229,150
1701140,217443,750732,229,150
1701191,217449,750751,229,150
1701242,217457,750764,229,150
1701297,217465,750780,229,150
1701348,217474,750811,229,150
1701398,217480,750832,229,150
1701449,217486,750848,229,150
1701500,217493,750862,229,150
1701552,217503,750879,229,150
1701602,217510,750897,229,150
1701652,217519,750927,229,150
1701704,217524,750960,229,150
1701754,217529,750983,229,150
1701805,217536,751000,229,150
1701859,217543,751024,229,150
1701909,217548,751047,229,150
1701959,217555,751072,229,150
1702010,217563,751096,229,149
1702060,217571,751117,229,150
1702110,217577,751132,229,150
1702161,217585,751154,229,150
1702214,217590,751167,229,149
1702265,217594,751198,229,150
1702315,217602,751224,229,150
1702365,217606,751243,229,150
1702415,217610,751276,229,150
1702466,217617,751306,229,150
1702516,217622,751336,229,150
1702566,217630,751344,229,150
1702616,217637,751365,229,150
1702667,217643,751386,229,150
1702719,217649,751408,229,150
1702770,217655,751439,229,150
1702820,217661,751457,229,150
1702871,217665,751492,229,150
1702922,217670,751513,229,150
1702972,217677,751539,229,150
1703022,217682,751565,229,150
1703081,217687,751595,229,150
1703131,217693,751621,229,150
1703182,217698,751653,229,150
1703233,217703,751677,229,150
1703285,217710,751699,229,150
1703344,217717,751717,229,150
1703395,217729,751731,229,150
1703448,217735,751761,229,150
1703502,217744,751777,229,149
1703552,217751,751796,229,150
1703602,217757,751817,229,150
1703652,217761,751841,229,150
1703702,217770,751864,229,149
1703753,217778,751888,229,150
1703808,217783,751914,229,150
1703861,217791,751926,229,150
1703911,217797,751947,229,150
1703965,217805,751963,229,150
1704017,217812,751988,229,150
1704067,217818,752004,229,150
1704117,217827,752035,229,150
1704169,217834,752059,229,149
1704221,217840,752079,229,150
1704277,217847,752096,229,150
1704332,217855,752126,229,148
1704383,217864,752140,229,150
1704433,217872,752159,229,150
1704488,217880,752178,229,150
1704540,217886,752194,229,150
1704590,217890,752210,229,150
1704648,217895,752239,229,149
1704700,217902,752263,229,150
1704752,217908,752276,229,150
1704805,217916,752293,229,150
1704855,217921,752321,229,150
1704907,217928,752346,229,149
1704957,217935,752372,229,150
1705012,217942,752383,229,150
1705067,217948,752399,229,150
1705120,217956,752426,229,150
1705171,217961,752447,229,150
1705224,217967,752471,229,150
1705274,217975,752485,229,150
1705324,217981,752519,229,150
1705376,217990,752538,229,150
1705426,217995,752562,229,150
1705476,218002,752578,229,150
1705528,218009,752597,229,150
1705578,218014,752617,229,150
1705630,218023,752636,229,150
1705681,218030,752653,229,150
1705733,218036,752678,229,150
1705784,218046,752701,229,150
1705836,218054,752716,229,150
1705891,218059,752742,229,150
1705941,218066,752770,229,150
1705995,218071,752796,229,150
1706048,218076,752818,229,149
1706098,218085,752831,229,150
1706154,218094,752846,229,150
1706204,218099,752869,229,150
1706255,218108,752886,229,150
1706305,218112,752906,229,150
1706355,218118,752920,229,150
1706406,218123,752952,229,150
1706458,218130,752979,229,150
1706508,218141,752998,229,150
1706563,218149,753018,229,150
1706618,218159,753032,229,150
1706669,218163,753060,229,150
1706720,218168,753091,229,150
1706772,218175,753106,229,150
1706823,218181,753135,229,150
1706873,218188,753148,229,150
1706926,218194,753177,229,150
1706977,218202,753198,229,150
1707027,218206,753236,229,150
1707078,218211,753261,229,150
1707128,218216,753291,229,150
1707182,218223,753304,229,150
1707233,218230,753315,229,150
1707283,218236,753341,229,150
1707333,218242,753362,229,150
1707384,218250,753380,229,150
1707436,218256,753398,229,150
1707487,218261,753417,229,150
1707538,218267,753437,229,150
1707588,218275,753460,229,150
1707639,218280,753486,229,150
1707693,218286,753514,229,150
1707743,218293,753524,229,150
1707793,218301,753545,229,150
1707843,218307,753571,229,150
1707897,218315,753592,229,150
1707951,218319,753615,229,150
1708001,218324,753633,229,150
1708053,218329,753660,229,150
1708103,218335,753680,229,150
1708153,218343,753703,229,150
1708203,218349,753724,229,150
1708253,218354,753746,229,150
1708303,218360,753763,229,150
1708354,218366,753781,229,150
1708406,218373,753812,229,150
1708456,218378,753831,229,150
1708507,218386,753850,229,150
1708559,218391,753877,229,150
1708609,218396,753905,229,150
1708663,218401,753921,229,149
1708713,218408,753945,229,150
1708763,218414,753967,229,150
1708813,218420,753991,229,150
1708863,218425,754014,229,150
1708914,218432,754038,229,150
1708964,218438,754062,229,150
1709021,218444,754081,229,150
1709079,218450,754099,229,149
1709129,218456,754125,229,150
1709183,218463,754146,229,150
1709234,218470,754179,229,150
1709284,218475,754207,229,150
1709334,218481,754230,229,150
1709388,218490,754251,229,150
1709438,218496,754280,229,150
1709489,218504,754293,229,150
1709540,218509,754321,229,150
1709593,218516,754343,229,150
1709643,218521,754374,229,150
1709695,218529,754402,229,150
1709747,218536,754420,229,150
1709800,218543,754447,229,150
1709852,218548,754472,229,150
1709902,218552,754509,229,150
1709952,218559,754529,229,150
1710002,218565,754545,229,150
1710057,218570,754560,229,150
1710110,218578,754574,229,149
1710161,218585,754594,229,150
1710213,218590,754617,229,150
1710266,218598,754641,229,150
1710316,218603,754665,229,150
1710366,218609,754688,229,150
1710416,218617,754705,229,150
1710467,218623,754721,229,150
1710518,218629,754746,229,150
1710571,218636,754772,229,150
1710622,218641,754806,229,150
1710673,218651,754823,229,150
1710724,218656,754853,229,150
1710774,218662,754880,229,150
1710825,218668,754903,229,150
1710877,218674,754921,229,150
1710931,218681,754953,229,150
1710982,218688,754973,229,150
1711035,218693,754993,229,150
1711085,218700,755009,229,150
1711135,218705,755032,229,150
1711185,218710,755061,229,150
1711238,218719,755080,229,150
1711290,218725,755101,229,150
1711341,218732,755124,229,150
1711391,218740,755156,229,150
1711441,218745,755180,229,150
1711493,218756,755210,229,150
1711544,218761,755236,229,150
1711594,218766,755253,229,150
1711649,218773,755276,229,150
1711703,218779,755299,229,149
1711755,218786,755334,229,150
1711806,218791,755351,229,150
1711861,218800,755422,229,150
1711914,218807,755438,229,150
1711966,218812,755457,229,150
1712019,218819,755473,229,150
1712071,218827,755486,229,150
1712121,218833,755511,229,150
1712176,218841,755525,229,149
1712226,218847,755542,229,150
1712280,218854,755562,229,150
1712330,218862,755588,229,150
1712383,218867,755610,229,150
1712433,218872,755642,229,150
1712484,218877,755662,229,150
1712536,218884,755689,229,150
1712592,218890,755710,229,150
1712643,218897,755785,229,150
1712693,218903,755815,229,150
1712745,218910,755841,229,150
1712797,218915,755868,229,150
1712847,218922,755871,229,150
1712897,218928,755896,229,150
1712947,218935,755968,229,150
1713000,218940,755990,229,150
1713051,218947,756010,229,150
1713101,218955,756036,229,150
1713151,218960,756067,229,150
1713211,218967,756085,229,150
1713261,218974,756103,229,149
1713313,218980,756122,229,150
1713364,218986,756147,229,150
1713414,218991,756166,229,150
1713464,218996,756187,229,150
1713521,219002,756212,229,150
1713574,219007,756237,229,150
1713626,219015,756265,229,150
1713680,219022,756282,229,150
1713730,219027,756302,229,150
1713782,219032,756325,229,149
1713832,219039,756336,229,150
1713883,219046,756353,229,150
1713933,219053,756381,229,150
1713984,219060,756394,229,150
1714034,219069,756413,229,150
1714086,219077,756424,229,150
1714139,219083,756445,229,150
1714191,219089,756468,229,150
1714243,219097,756492,229,150
1714294,219104,756521,229,150
1714352,219110,756544,229,150
1714403,219118,756560,229,150
1714460,219125,756586,229,150
1714512,219131,756615,229,150
1714562,219137,756645,229,150
1714612,219142,756665,229,150
1714663,219147,756688,229,150
1714714,219154,756707,229,150
1714764,219159,756741,229,150
1714814,219164,756761,229,150
1714864,219171,756779,229,150
1714916,219178,756806,229,150
1714968,219183,756829,229,150
1715022,219191,756844,229,150
1715072,219199,756864,229,150
1715122,219205,756890,229,150
1715172,219212,756919,229,150
1715223,219220,756942,229,150
1715276,219226,756964,229,150
1715328,219231,756991,229,150
1715378,219236,757022,229,150
1715430,219245,757036,229,150
1715480,219249,757068,229,150
1715530,219257,757086,229,150
1715581,219264,757111,229,149
1715632,219270,757130,229,150
1715682,219279,757156,229,150
1715732,219285,757188,229,150
1715783,219290,757213,229,150
1715833,219294,757234,229,150
1715887,219302,757249,229,150
1715937,219310,757259,229,150
1715987,219314,757289,229,150
1716040,219320,757310,229,150
1716092,219327,757331,229,150
1716144,219333,757364,229,150
1716197,219339,757389,229,150
1716247,219344,757418,229,150
1716301,219351,757439,229,150
1716351,219357,757462,229,150
1716403,219362,757486,229,150
1716454,219368,757512,229,150
1716508,219376,757526,229,150
1716561,219382,757552,229,150
1716613,219392,757575,229,149
1716663,219397,757591,229,150
1716715,219406,757615,229,150
1716765,219411,757640,229,150
1716824,219418,757658,229,149
1716875,219423,757685,229,150
1716926,219430,757708,229,150
1716976,219435,757724,229,150
1717026,219439,757753,229,150
1717076,219444,757767,229,149
1717128,219453,757792,229,150
1717180,219458,757817,229,150
1717232,219465,757839,229,150
1717283,219472,757857,229,150
1717334,219480,757879,229,150
1717386,219489,757903,229,150
1717436,219497,757924,229,150
1717488,219504,757942,229,150
1717538,219512,757958,229,150
1717595,219517,757979,229,149
1717645,219523,758012,229,150
1717699,219528,758037,229,150
1717753,219535,758063,229,150
1717804,219541,758080,229,150
1717854,219546,758100,229,150
1717905,219550,758118,229,150
1717958,219559,758135,229,150
1718008,219565,758154,229,150
1718061,219571,758181,229,150
1718113,219577,758208,229,150
1718164,219582,758238,229,150
1718214,219590,758261,229,150
1718265,219596,758281,229,150
1718316,219603,758300,229,150
1718369,219609,758320,229,150
1718419,219618,758338,229,150
1718477,219625,758358,229,150
1718530,219632,758379,229,149
1718583,219637,758406,229,150
1718634,219643,758427,229,150
1718684,219649,758454,229,150
1718737,219655,758477,229,150
1718788,219667,758493,229,150
1718838,219676,758510,229,150
1718888,219682,758528,229,150
1718939,219687,758553,229,150
1718989,219695,758574,229,150
1719042,219699,758599,229,150
1719092,219706,758621,229,150
1719144,219711,758653,229,150
1719194,219717,758681,229,150
1719248,219723,758709,229,150
1719298,219729,758728,229,150
1719349,219735,758748,229,150
1719400,219743,758774,229,150
1719451,219749,758799,229,150
1719501,219756,758818,229,150
1719552,219761,758839,229,150
1719602,219768,758854,229,150
1719652,219775,758867,229,150
1719702,219782,758887,229,150
1719754,219788,758916,229,150
1719814,219796,758939,229,149
1719867,219802,758958,229,150
1719919,219810,758973,229,150
1719969,219816,758995,229,150
1720020,219821,759017,229,150
1720073,219827,759038,229,150
1720124,219832,759062,229,150
1720174,219839,759087,229,150
1720226,219845,759111,229,150
1720276,219854,759125,229,150
1720326,219858,759156,229,150
1720380,219867,759189,229,150
1720434,219873,759201,229,150
1720484,219879,759215,229,150
1720538,219884,759236,229,150
1720589,219890,759258,229,150
1720641,219896,759289,229,150
1720694,219903,759312,229,150
1720744,219908,759333,229,150
1720795,219915,759360,229,150
1720846,219922,759379,229,150
1720897,219928,759400,229,150
1720947,219934,759410,229,150
1720997,219939,759435,229,150
1721051,219947,759450,229,150
1721101,219954,759473,229,150
1721151,219959,759498,229,150
1721201,219966,759518,229,150
1721253,219971,759542,229,150
1721303,219978,759566,229,150
1721357,219985,759582,229,150
1721408,219995,759653,229,150
1721459,220001,759679,229,150
1721510,220007,759694,229,150
1721561,220014,759716,229,150
1721611,220020,759733,229,150
1721662,220026,759757,229,150
1721717,220035,759785,229,150
1721767,220042,759814,229,149
1721818,220050,759834,229,150
1721869,220056,759849,229,150
1721919,220062,759880,229,150
1721969,220070,759903,229,150
1722019,220075,759924,229,150
1722069,220083,759948,229,150
1722120,220087,759969,229,150
1722171,220091,759990,229,149
1722222,220098,760009,229,150
1722274,220104,760030,229,150
1722325,220110,760047,229,150
1722375,220117,760073,229,150
1722425,220126,760085,229,150
1722477,220134,760102,229,150
1722527,220143,760121,229,150
1722577,220149,760137,229,150
1722627,220154,760161,229,150
1722679,220160,760186,229,150
1722729,220168,760219,229,150
1722780,220173,760245,229,150
1722831,220179,760268,229,150
1722882,220184,760297,229,150
1722932,220189,760363,229,150
1722982,220195,760381,229,150
1723036,220200,760406,229,150
1723086,220209,760432,229,150
1723147,220216,760455,229,149
1723199,220225,760475,229,150
1723249,220230,760510,229,150
1723301,220236,760534,229,150
1723355,220242,760559,229,149
1723414,220251,760579,229,150
1723468,220258,760603,229,150
1723518,220264,760626,229,150
1723573,220269,760652,229,150
1723623,220275,760676,229,150
1723674,220280,760700,229,150
1723724,220286,760720,229,150
1723775,220292,760734,229,150
1723826,220299,760759,229,150
1723876,220308,760769,229,150
1723927,220316,760785,229,150
1723980,220322,760806,229,150
1724030,220329,760826,229,149
1724081,220335,760845,229,150
1724133,220341,760872,229,150
1724187,220348,760894,229,150
1724246,220355,760928,229,149
1724296,220361,760952,229,150
1724346,220366,760976,229,150
1724397,220373,761001,229,150
1724448,220380,761027,229,150
1724500,220386,761054,229,150
1724550,220391,761079,229,150
1724601,220397,761104,229,150
1724651,220403,761133,229,150
1724705,220411,761157,229,149
1724755,220417,761168,229,150
1724807,220423,761192,229,150
1724857,220430,761212,229,150
1724908,220435,761234,229,150
1724961,220444,761248,229,150
1725012,220450,761266,229,150
1725067,220455,761298,229,150
1725120,220461,761315,229,149
1725170,220467,761335,229,150
1725220,220474,761357,229,150
1725270,220481,761374,229,150
1725320,220488,761397,229,150
1725372,220495,761415,229,150
1725426,220501,761432,229,150
1725479,220507,761454,229,150
1725529,220513,761477,229,150
1725580,220521,761505,229,150
1725631,220527,761523,229,150
1725681,220533,761549,229,150
1725732,220539,761571,229,150
1725782,220545,761589,229,150
1725835,220553,761606,229,150
1725887,220558,761624,229,150
1725937,220562,761639,229,150
1725990,220568,761669,229,150
1726040,220577,761683,229,150
1726090,220585,761698,229,150
1726142,220591,761725,229,150
1726192,220597,761751,229,150
1726243,220601,761779,229,150
1726294,220609,761802,229,150
1726344,220616,761822,229,150
1726394,220623,761842,229,150
1726445,220630,761861,229,150
1726495,220637,761883,229,150
1726547,220643,761907,229,150
1726597,220649,761931,229,150
1726647,220654,761950,229,149
1726698,220660,761982,229,150
1726749,220666,762012,229,150
1726801,220672,762041,229,150
1726853,220680,762061,229,150
1726903,220688,762082,229,150
1726956,220696,762096,229,150
1727007,220700,762121,229,150
1727057,220708,762138,229,150
1727107,220716,762152,229,150
1727157,220722,762163,229,150
1727209,220732,762182,229,150
1727263,220737,762208,229,149
1727317,220748,762223,229,150
1727367,220754,762243,229,150
1727417,220760,762264,229,150
1727467,220766,762286,229,150
1727517,220773,762303,229,150
1727568,220780,762322,229,150
1727618,220788,762342,229,150
1727668,220793,762358,229,150
1727719,220801,762378,229,150
1727771,220807,762407,229,150
1727821,220812,762436,229,150
1727875,220820,762452,229,150
1727925,220824,762476,229,150
1727976,220830,762490,229,150
1728026,220839,762522,229,150
1728076,220847,762548,229,150
1728132,220852,762574,229,150
1728182,220859,762596,229,150
1728232,220865,762624,229,150
1728282,220872,762643,229,150
1728334,220878,762664,229,150
1728385,220883,762696,229,150
1728437,220887,762728,229,150
1728490,220893,762753,229,150
1728542,220898,762777,229,150
1728592,220904,762789,229,150
1728643,220910,762853,229,150
1728693,220915,762881,229,150
1728745,220924,762941,229,150
1728797,220930,762971,229,150
1728847,220936,762989,229,149
1728898,220944,763008,229,150
1728949,220948,763040,229,150
1728999,220957,763060,229,150
1729050,220964,763080,229,150
1729100,220968,763105,229,150
1729150,220975,763120,229,150
1729200,220981,763145,229,150
1729250,220986,763173,229,150
1729301,220992,763196,229,150
1729351,220999,763222,229,150
1729401,221004,763251,229,150
1729454,221011,763273,229,149
1729509,221019,763284,229,150
1729559,221026,763301,229,150
1729611,221031,763323,229,150
1729662,221036,763348,229,149
1729713,221041,763365,229,150
1729764,221048,763385,229,150
1729818,221056,763403,229,150
1729868,221062,763425,229,150
1729918,221069,763441,229,150
1729968,221076,763464,229,150
1730018,221083,763482,229,150
1730068,221089,763495,229,150
1730119,221097,763515,229,150
1730171,221103,763539,229,150
1730223,221109,763562,229,150
1730273,221113,763587,229,150
1730323,221122,763604,229,150
1730374,221128,763623,229,150
1730424,221134,763645,229,150
1730474,221141,763667,229,150
1730524,221147,763695,229,150
1730574,221152,763715,229,150
1730624,221157,763741,229,150
1730674,221161,763764,229,150
1730725,221169,763782,229,150
1730775,221173,763802,229,150
1730829,221179,763825,229,150
1730880,221184,763846,229,150
1730933,221190,763874,229,150
1730983,221197,763898,229,150
1731033,221203,763928,229,150
1731083,221209,763959,229,150
1731137,221215,763978,229,150
1731190,221220,763997,229,149
1731242,221225,764010,229,150
1731292,221232,764025,229,150
1731342,221237,764037,229,150
1731395,221245,764056,229,150
1731447,221257,764066,229,150
1731497,221264,764083,229,150
1731547,221270,764095,229,150
1731597,221277,764126,229,150
1731650,221284,764151,229,150
1731704,221292,764173,229,150
1731756,221298,764190,229,150
1731806,221307,764203,229,149
1731856,221314,764234,229,150
1731906,221321,764259,229,150
1731959,221331,764271,229,150
1732011,221336,764294,229,150
1732061,221342,764325,229,150
1732119,221346,764341,229,150
1732174,221354,764365,229,150
1732230,221359,764389,229,150
1732280,221365,764413,229,150
1732332,221371,764441,229,150
1732383,221376,764456,229,150
1732436,221383,764476,229,150
1732486,221389,764492,229,150
1732539,221394,764522,229,150
1732592,221399,764542,229,150
1732642,221405,764555,229,150
1732693,221413,764575,229,150
1732743,221417,764592,229,150
1732793,221424,764607,229,150
1732846,221432,764623,229,150
1732896,221438,764641,229,150
1732951,221446,764655,229,150
1733002,221453,764679,229,150
1733052,221461,764697,229,149
1733103,221470,764709,229,150
1733162,221477,764724,229,149
1733214,221484,764756,229,150
1733264,221490,764774,229,150
1733314,221497,764794,229,150
1733367,221504,764809,229,150
1733420,221511,764825,229,149
1733472,221520,764845,229,150
1733522,221525,764866,229,150
1733572,221531,764894,229,150
1733623,221537,764924,229,150
1733680,221544,764950,229,150
1733734,221553,764966,229,150
1733784,221560,764982,229,150
1733835,221566,765002,229,149
1733887,221573,765027,229,150
1733937,221581,765046,229,150
1733991,221587,765063,229,150
1734041,221593,765096,229,150
1734091,221597,765120,229,150
1734150,221604,765143,229,150
1734200,221611,765175,229,150
1734250,221617,765194,229,150
1734301,221626,765212,229,149
1734351,221635,765235,229,150
1734401,221640,765257,229,150
1734452,221649,765269,229,150
1734503,221657,765301,229,150
1734553,221662,765338,229,150
1734604,221668,765362,229,150
1734655,221674,765388,229,150
1734705,221682,765406,229,150
1734755,221687,765431,229,150
1734805,221692,765451,229,150
1734855,221698,765469,229,150
1734907,221707,765486,229,150
1734958,221714,765509,229,150
1735008,221721,765519,229,150
1735064,221728,765536,229,150
1735114,221735,765560,229,150
1735165,221742,765582,229,149
1735215,221748,765619,229,150
1735266,221756,765634,229,150
1735317,221766,765649,229,150
1735370,221772,765672,229,150
1735423,221780,765709,229,150
1735473,221786,765734,229,150
1735523,221791,765753,229,150
1735573,221799,765767,229,150
1735626,221804,765853,229,150
1735676,221810,765872,229,150
1735729,221817,765889,229,150
1735781,221824,765905,229,150
1735831,221830,765930,229,150
1735881,221839,765944,229,150
1735932,221845,765968,229,150
1735982,221852,765995,229,149
1736032,221860,766061,229,150
1736086,221867,766082,229,150
1736140,221872,766105,229,150
1736191,221878,766130,229,150
1736242,221884,766150,229,150
1736292,221891,766175,229,150
1736343,221898,766204,229,150
1736394,221904,766235,229,150
1736447,221910,766253,229,149
1736498,221916,766325,229,150
1736548,221923,766341,229,149
1736598,221929,766362,229,150
1736648,221934,766387,229,150
1736699,221939,766420,229,150
1736750,221945,766445,229,150
1736800,221950,766466,229,150
1736854,221959,766503,229,149
1736904,221968,766529,229,150
1736955,221974,766548,229,150
1737010,221980,766567,229,150
1737061,221987,766577,229,150
1737111,221993,766597,229,150
1737162,221998,766638,229,150
1737212,222004,766664,229,150
1737263,222012,766687,229,150
1737315,222020,766709,229,150
1737366,222024,766735,229,150
1737416,222030,766755,229,150
1737469,222036,766767,229,150
1737522,222040,766788,229,150
1737573,222044,766812,229,150
1737623,222052,766836,229,150
1737676,222058,766850,229,150
1737728,222069,766873,229,150
1737781,222076,766889,229,149
1737832,222083,766909,229,150
1737883,222089,766916,229,149
1737936,222095,766938,229,150
1737986,222101,766965,229,150
1738036,222107,766991,229,150
1738086,222114,767017,229,150
1738136,222119,767043,229,150
1738189,222125,767071,229,150
1738241,222134,767091,229,150
1738300,222141,767115,229,149
1738352,222150,767128,229,150
1738405,222157,767143,229,150
1738455,222163,767167,229,150
1738506,222169,767184,229,150
1738556,222177,767215,229,150
1738606,222184,767234,229,150
1738658,222189,767252,229,150
1738708,222198,767281,229,150
1738758,222205,767294,229,150
1738808,222213,767370,229,150
1738858,222222,767388,229,150
1738908,222229,767413,229,150
1738958,222237,767426,229,150
1739008,222246,767439,229,150
1739058,222252,767467,229,150
1739108,222258,767487,229,150
1739158,222265,767508,229,150
1739213,222272,767532,229,150
1739263,222279,767558,229,150
1739319,222285,767591,229,150
1739371,222295,767614,229,150
1739422,222301,767638,229,150
1739472,222307,767654,229,150
1739522,222314,767672,229,150
1739573,222320,767694,229,150
1739623,222325,767717,229,150
1739675,222331,767750,229,150
1739725,222336,767776,229,150
1739776,222343,767797,229,150
1739826,222348,767813,229,150
1739878,222354,767832,229,150
1739930,222361,767865,229,150
1739986,222366,767887,229,150
1740036,222372,767907,229,150
1740087,222378,767929,229,150
1740137,222383,767950,229,150
1740189,222391,767973,229,150
1740239,222396,767990,229,150
1740289,222404,768015,229,150
1740343,222409,768042,229,150
1740394,222416,768057,229,150
1740448,222424,768076,229,150
1740498,222430,768099,229,150
1740554,222437,768119,229,150
1740605,222446,768132,229,150
1740657,222451,768158,229,150
1740708,222459,768177,229,150
1740758,222465,768194,229,150
1740814,222471,768215,229,150
1740867,222477,768230,229,150
1740918,222483,768249,229,150
1740968,222488,768281,229,150
1741019,222494,768299,229,150
1741069,222498,768320,229,150
1741119,222503,768337,229,150
1741171,222508,768352,229,150
1741222,222516,768375,229,150
1741272,222522,768401,229,150
1741323,222529,768424,229,150
1741374,222535,768459,229,150
1741424,222540,768526,229,150
1741474,222547,768546,229,150
1741526,222552,768573,229,150
1741576,222558,768603,229,150
1741626,222567,768616,229,150
1741679,222573,768642,229,150
1741731,222579,768669,229,150
1741781,222584,768689,229,150
1741831,222592,768701,229,150
1741884,222598,768722,229,150
1741937,222605,768742,229,150
1741994,222612,768773,229,150
1742044,222619,768793,229,150
1742095,222624,768823,229,150
1742145,222630,768848,229,150
1742196,222638,768875,229,150
1742249,222645,768898,229,150
1742299,222649,768927,229,150
1742350,222655,768951,229,150
1742401,222660,768973,229,150
1742451,222665,768995,229,150
1742501,222672,769016,229,150
1742551,222678,769039,229,150
1742601,222686,769056,229,150
1742651,222693,769071,229,150
1742703,222701,769092,229,150
1742757,222707,769109,229,150
1742808,222713,769126,229,150
1742860,222721,769153,229,150
1742914,222730,769171,229,149
1742964,222736,769207,229,150
1743016,222741,769232,229,150
1743067,222746,769264,229,150
1743118,222752,769290,229,150
1743172,222758,769311,229,150
1743223,222767,769336,229,150
1743278,222772,769370,229,149
1743328,222777,769396,229,150
1743379,222784,769404,229,150
1743429,222790,769417,229,150
1743484,222795,769440,229,149
1743534,222802,769462,229,150
1743585,222808,769478,229,150
1743640,222817,769504,229,150
1743690,222825,769530,229,150
1743740,222831,769550,229,149
1743790,222838,769568,229,150
1743844,222845,769588,229,150
1743897,222851,769619,229,150
1743951,222858,769640,229,150
1744007,222865,769656,229,149
1744057,222872,769681,229,150
1744107,222878,769695,229,150
1744157,222885,769727,229,150
1744214,222889,769761,229,150
1744264,222895,769775,229,150
1744314,222901,769804,229,150
1744366,222907,769826,229,150
1744416,222913,769839,229,150
1744466,222921,769853,229,150
1744518,222928,769874,229,150
1744571,222937,769889,229,150
1744621,222943,769917,229,150
1744672,222948,769936,229,150
1744726,222957,769957,229,150
1744778,222962,769988,229,150
1744828,222971,770005,229,149
1744882,222977,770027,229,150
1744932,222982,770056,229,150
1744985,222988,770077,229,150
1745036,222997,770093,229,150
1745094,223003,770115,229,149
1745146,223009,770140,229,150
1745196,223015,770168,229,150
1745246,223022,770182,229,150
1745296,223032,770197,229,150
1745348,223037,770217,229,149
1745401,223044,770246,229,150
1745451,223052,770275,229,150
1745503,223057,770299,229,150
1745557,223063,770318,229,150
1745609,223070,770343,229,150
1745660,223076,770369,229,150
1745711,223082,770393,229,150
1745761,223086,770419,229,150
1745811,223093,770442,229,150
1745862,223101,770459,229,150
1745912,223105,770489,229,150
1745962,223111,770512,229,150
1746013,223115,770538,229,150
1746063,223121,770558,229,150
1746114,223127,770582,229,150
1746165,223134,770610,229,150
1746218,223144,770631,229,150
1746273,223150,770653,229,150
1746323,223158,770674,229,150
1746374,223166,770697,229,150
1746425,223171,770719,229,150
1746476,223181,770738,229,150
1746527,223187,770762,229,150
1746583,223193,770786,229,150
1746634,223199,770805,229,150
1746684,223206,770830,229,150
1746735,223212,770860,229,150
1746785,223219,770876,229,150
1746836,223224,770899,229,149
1746889,223230,770918,229,150
1746939,223237,770935,229,150
1746990,223246,770956,229,150
1747040,223254,770976,229,150
1747091,223265,770994,229,150
1747143,223271,771029,229,150
1747195,223277,771047,229,150
1747245,223283,771070,229,150
1747295,223287,771092,229,150
1747350,223293,771110,229,150
1747401,223297,771136,229,150
1747453,223304,771160,229,150
1747503,223311,771172,229,150
1747555,223318,771188,229,150
1747605,223324,771209,229,150
1747655,223330,771234,229,150
1747705,223337,771258,229,150
1747755,223343,771282,229,150
1747806,223351,771296,229,150
1747858,223358,771309,229,150
1747911,223365,771338,229,150
1747962,223374,771359,229,150
1748012,223380,771373,229,150
1748062,223389,771392,229,150
1748114,223394,771417,229,150
1748168,223401,771433,229,150
1748225,223405,771460,229,150
1748275,223411,771476,229,150
1748327,223417,771492,229,150
1748379,223423,771518,229,150
1748432,223430,771540,229,150
1748483,223434,771552,229,150
1748535,223444,771571,229,150
1748587,223449,771595,229,150
1748638,223456,771609,229,150
1748689,223463,771632,229,150
1748740,223469,771651,229,150
1748790,223475,771673,229,150
1748842,223481,771696,229,150
1748897,223488,771721,229,150
1748947,223493,771743,229,150
1749001,223499,771761,229,150
1749052,223505,771793,229,150
1749106,223512,771823,229,150
1749158,223520,771836,229,150
1749208,223525,771861,229,150
1749262,223533,771878,229,150
1749314,223540,771901,229,150
1749365,223544,771923,229,150
1749416,223551,771940,229,150
1749466,223555,771965,229,150
1749516,223561,772040,229,150
1749569,223569,772065,229,150
1749619,223574,772098,229,150
1749669,223579,772121,229,150
1749720,223585,772147,229,150
1749770,223591,772175,229,150
1749822,223596,772204,229,150
1749873,223602,772233,229,150
1749923,223607,772260,229,150
1749973,223615,772287,229,150
1750025,223623,772319,229,150
1750075,223627,772342,229,150
1750125,223632,772365,229,150
1750175,223637,772393,229,150
1750225,223645,772417,229,150
1750275,223651,772436,229,150
1750327,223657,772461,229,150
1750379,223665,772485,229,150
1750429,223673,772521,229,150
1750479,223681,772542,229,150
1750529,223686,772564,229,150
1750584,223691,772596,229,150
1750635,223697,772616,229,150
1750686,223704,772634,229,150
1750736,223710,772660,229,150
1750786,223714,772684,229,150
1750836,223721,772706,229,150
1750887,223728,772725,229,150
1750941,223734,772754,229,150
1750993,223743,772783,229,150
1751043,223751,772800,229,150
1751094,223759,772826,229,150
1751148,223768,772854,229,150
1751201,223774,772875,229,150
1751255,223781,772896,229,150
1751308,223788,772924,229,150
1751359,223794,772950,229,150
1751410,223798,772971,229,150
1751462,223804,772997,229,150
1751512,223811,773025,229,150
1751566,223817,773052,229,150
1751617,223821,773071,229,150
1751669,223825,773097,229,150
1751719,223831,773114,229,150
1751769,223841,773127,229,150
1751820,223846,773147,229,150
1751870,223855,773160,229,150
1751920,223860,773182,229,150
1751972,223867,773201,229,150
1752022,223872,773227,229,150
1752078,223879,773248,229,150
1752129,223887,773268,229,150
1752180,223895,773292,229,150
1752234,223904,773311,229,150
1752286,223909,773342,229,150
1752337,223915,773361,229,150
1752388,223923,773382,229,150
1752440,223929,773403,229,150
1752491,223937,773432,229,150
1752545,223944,773458,229,150
1752595,223949,773486,229,150
1752651,223953,773507,229,150
1752707,223960,773527,229,150
1752757,223966,773553,229,150
1752808,223973,773571,229,150
1752860,223978,773593,229,150
1752914,223984,773619,229,150
1752965,223989,773638,229,150
1753017,223998,773653,229,150
1753067,224007,773676,229,150
1753117,224012,773692,229,150
1753168,224017,773719,229,150
1753219,224024,773747,229,150
1753270,224033,773770,229,150
1753321,224040,773836,229,150
1753371,224045,773863,229,150
1753421,224052,773884,229,150
1753471,224059,773903,229,150
1753524,224065,773930,229,150
1753574,224071,773951,229,150
1753624,224078,773961,229,150
1753674,224086,773977,229,150
1753725,224092,774008,229,150
1753778,224099,774042,229,150
1753829,224106,774062,229,150
1753879,224112,774076,229,150
1753930,224116,774106,229,148
1753983,224123,774137,229,150
1754033,224129,774164,229,150
1754083,224135,774191,229,150
1754134,224142,774210,229,150
1754184,224147,774237,229,150
1754237,224153,774256,229,150
1754287,224162,774283,229,150
1754340,224169,774307,229,150
1754392,224175,774332,229,150
1754443,224183,774366,229,150
1754500,224189,774383,229,150
1754550,224196,774399,229,150
1754600,224202,774418,229,150
1754656,224209,774438,229,150
1754709,224215,774455,229,150
1754759,224220,774474,229,150
1754813,224228,774497,229,150
1754863,224235,774521,229,150
1754914,224242,774543,229,150
1754965,224246,774564,229,150
1755018,224253,774591,229,150
1755068,224259,774611,229,150
1755120,224264,774629,229,150
1755170,224271,774647,229,150
1755221,224279,774670,229,150
1755276,224286,774684,229,150
1755326,224293,774692,229,150
1755377,224298,774712,229,150
1755430,224307,774732,229,150
1755480,224312,774758,229,150
1755531,224320,774764,229,150
1755582,224325,774785,229,150
1755632,224331,774813,229,150
1755683,224336,774838,229,150
1755735,224345,774865,229,150
1755785,224353,774882,229,150
1755836,224359,774904,229,150
1755888,224364,774926,229,150
1755942,224371,774954,229,150
1755992,224378,774976,229,150
1756047,224382,774998,229,150
1756098,224388,775017,229,150
1756148,224394,775043,229,150
1756200,224400,775067,229,150
1756250,224405,775089,229,150
1756303,224414,775104,229,150
1756353,224421,775122,229,150
1756405,224429,775197,229,150
1756458,224435,775216,229,150
1756508,224440,775232,229,150
1756562,224446,775252,229,150
1756612,224453,775278,229,150
1756664,224460,775298,229,150
